[2026-04-25T17:02:11.697+0000] {manager.py:470} INFO - Processing files using up to 2 processes at a time 
[2026-04-25T17:02:11.698+0000] {manager.py:471} INFO - Process each file at most once every 30 seconds
[2026-04-25T17:02:11.698+0000] {manager.py:472} INFO - Checking for new files in /opt/airflow/dags every 300 seconds
[2026-04-25T17:02:11.699+0000] {manager.py:737} INFO - Searching for files in /opt/airflow/dags
[2026-04-25T17:02:11.700+0000] {manager.py:740} INFO - There are 3 files in /opt/airflow/dags
[2026-04-25T17:02:11.782+0000] {manager.py:878} INFO - 
================================================================================
DAG File Processing Stats

File Path                                       PID  Runtime      # DAGs    # Errors  Last Runtime    Last Run
--------------------------------------------  -----  ---------  --------  ----------  --------------  ----------
/opt/airflow/dags/monitoring_pipeline_dag.py    178  0.03s             0           0
/opt/airflow/dags/backfill_pipeline_dag.py      175  0.04s             0           0
/opt/airflow/dags/training_pipeline_dag.py                             0           0
================================================================================
[2026-04-25T17:02:42.141+0000] {manager.py:878} INFO - 
================================================================================
DAG File Processing Stats

File Path                                       PID  Runtime      # DAGs    # Errors  Last Runtime    Last Run
--------------------------------------------  -----  ---------  --------  ----------  --------------  -------------------
/opt/airflow/dags/monitoring_pipeline_dag.py    194  0.00s             1           0  0.32s           2026-04-25T17:02:12
/opt/airflow/dags/backfill_pipeline_dag.py      191  0.01s             1           0  0.32s           2026-04-25T17:02:12
/opt/airflow/dags/training_pipeline_dag.py                             1           0  0.24s           2026-04-25T17:02:12
================================================================================
[2026-04-25T17:03:12.316+0000] {manager.py:878} INFO - 
================================================================================
DAG File Processing Stats

File Path                                       PID  Runtime      # DAGs    # Errors  Last Runtime    Last Run
--------------------------------------------  -----  ---------  --------  ----------  --------------  -------------------
/opt/airflow/dags/training_pipeline_dag.py                             1           0  0.10s           2026-04-25T17:02:43
/opt/airflow/dags/monitoring_pipeline_dag.py    209  0.00s             1           0  0.09s           2026-04-25T17:02:42
/opt/airflow/dags/backfill_pipeline_dag.py      206  0.01s             1           0  0.09s           2026-04-25T17:02:42
================================================================================
[2026-04-25T17:03:42.492+0000] {manager.py:878} INFO - 
================================================================================
DAG File Processing Stats

File Path                                       PID  Runtime      # DAGs    # Errors  Last Runtime    Last Run
--------------------------------------------  -----  ---------  --------  ----------  --------------  -------------------
/opt/airflow/dags/monitoring_pipeline_dag.py    224  0.00s             1           0  0.09s           2026-04-25T17:03:12
/opt/airflow/dags/backfill_pipeline_dag.py      221  0.01s             1           0  0.09s           2026-04-25T17:03:12
/opt/airflow/dags/training_pipeline_dag.py                             1           0  0.08s           2026-04-25T17:03:13
================================================================================
[2026-04-25T17:04:12.682+0000] {manager.py:878} INFO - 
================================================================================
DAG File Processing Stats

File Path                                       PID  Runtime      # DAGs    # Errors  Last Runtime    Last Run
--------------------------------------------  -----  ---------  --------  ----------  --------------  -------------------
/opt/airflow/dags/training_pipeline_dag.py                             1           0  0.10s           2026-04-25T17:03:43
/opt/airflow/dags/monitoring_pipeline_dag.py    239  0.00s             1           0  0.09s           2026-04-25T17:03:42
/opt/airflow/dags/backfill_pipeline_dag.py      236  0.01s             1           0  0.08s           2026-04-25T17:03:42
================================================================================
[2026-04-25T17:04:42.903+0000] {manager.py:878} INFO - 
================================================================================
DAG File Processing Stats

File Path                                       PID  Runtime      # DAGs    # Errors  Last Runtime    Last Run
--------------------------------------------  -----  ---------  --------  ----------  --------------  -------------------
/opt/airflow/dags/training_pipeline_dag.py                             1           0  0.13s           2026-04-25T17:04:13
/opt/airflow/dags/monitoring_pipeline_dag.py    256  0.00s             1           0  0.11s           2026-04-25T17:04:12
/opt/airflow/dags/backfill_pipeline_dag.py      253  0.01s             1           0  0.11s           2026-04-25T17:04:12
================================================================================
[2026-04-25T17:05:13.093+0000] {manager.py:878} INFO - 
================================================================================
DAG File Processing Stats

File Path                                       PID  Runtime      # DAGs    # Errors  Last Runtime    Last Run
--------------------------------------------  -----  ---------  --------  ----------  --------------  -------------------
/opt/airflow/dags/training_pipeline_dag.py                             1           0  0.10s           2026-04-25T17:04:44
/opt/airflow/dags/monitoring_pipeline_dag.py    271  0.00s             1           0  0.10s           2026-04-25T17:04:42
/opt/airflow/dags/backfill_pipeline_dag.py      268  0.01s             1           0  0.09s           2026-04-25T17:04:42
================================================================================
[2026-04-25T17:05:43.286+0000] {manager.py:878} INFO - 
================================================================================
DAG File Processing Stats

File Path                                       PID  Runtime      # DAGs    # Errors  Last Runtime    Last Run
--------------------------------------------  -----  ---------  --------  ----------  --------------  -------------------
/opt/airflow/dags/monitoring_pipeline_dag.py    286  0.00s             1           0  0.10s           2026-04-25T17:05:13
/opt/airflow/dags/backfill_pipeline_dag.py      283  0.01s             1           0  0.10s           2026-04-25T17:05:13
/opt/airflow/dags/training_pipeline_dag.py                             1           0  0.10s           2026-04-25T17:05:14
================================================================================
[2026-04-25T17:06:13.481+0000] {manager.py:878} INFO - 
================================================================================
DAG File Processing Stats

File Path                                       PID  Runtime      # DAGs    # Errors  Last Runtime    Last Run
--------------------------------------------  -----  ---------  --------  ----------  --------------  -------------------
/opt/airflow/dags/monitoring_pipeline_dag.py    301  0.00s             1           0  0.10s           2026-04-25T17:05:43
/opt/airflow/dags/training_pipeline_dag.py                             1           0  0.10s           2026-04-25T17:05:44
/opt/airflow/dags/backfill_pipeline_dag.py      298  0.01s             1           0  0.10s           2026-04-25T17:05:43
================================================================================
[2026-04-25T17:06:43.680+0000] {manager.py:878} INFO - 
================================================================================
DAG File Processing Stats

File Path                                       PID  Runtime      # DAGs    # Errors  Last Runtime    Last Run
--------------------------------------------  -----  ---------  --------  ----------  --------------  -------------------
/opt/airflow/dags/monitoring_pipeline_dag.py    316  0.00s             1           0  0.11s           2026-04-25T17:06:13
/opt/airflow/dags/backfill_pipeline_dag.py      313  0.01s             1           0  0.11s           2026-04-25T17:06:13
/opt/airflow/dags/training_pipeline_dag.py                             1           0  0.10s           2026-04-25T17:06:14
================================================================================
[2026-04-25T17:07:11.889+0000] {manager.py:737} INFO - Searching for files in /opt/airflow/dags
[2026-04-25T17:07:11.890+0000] {manager.py:740} INFO - There are 3 files in /opt/airflow/dags
[2026-04-25T17:07:13.915+0000] {manager.py:878} INFO - 
================================================================================
DAG File Processing Stats

File Path                                       PID  Runtime      # DAGs    # Errors  Last Runtime    Last Run
--------------------------------------------  -----  ---------  --------  ----------  --------------  -------------------
/opt/airflow/dags/monitoring_pipeline_dag.py    331  0.00s             1           0  0.11s           2026-04-25T17:06:43
/opt/airflow/dags/backfill_pipeline_dag.py      328  0.01s             1           0  0.11s           2026-04-25T17:06:43
/opt/airflow/dags/training_pipeline_dag.py                             1           0  0.10s           2026-04-25T17:06:44
================================================================================
[2026-04-25T17:07:44.108+0000] {manager.py:878} INFO - 
================================================================================
DAG File Processing Stats

File Path                                       PID  Runtime      # DAGs    # Errors  Last Runtime    Last Run
--------------------------------------------  -----  ---------  --------  ----------  --------------  -------------------
/opt/airflow/dags/training_pipeline_dag.py                             1           0  0.10s           2026-04-25T17:07:15
/opt/airflow/dags/monitoring_pipeline_dag.py    346  0.00s             1           0  0.10s           2026-04-25T17:07:14
/opt/airflow/dags/backfill_pipeline_dag.py      343  0.01s             1           0  0.10s           2026-04-25T17:07:14
================================================================================
[2026-04-25T17:08:14.315+0000] {manager.py:878} INFO - 
================================================================================
DAG File Processing Stats

File Path                                       PID  Runtime      # DAGs    # Errors  Last Runtime    Last Run
--------------------------------------------  -----  ---------  --------  ----------  --------------  -------------------
/opt/airflow/dags/monitoring_pipeline_dag.py    361  0.00s             1           0  0.11s           2026-04-25T17:07:44
/opt/airflow/dags/backfill_pipeline_dag.py      358  0.01s             1           0  0.10s           2026-04-25T17:07:44
/opt/airflow/dags/training_pipeline_dag.py                             1           0  0.10s           2026-04-25T17:07:45
================================================================================
[2026-04-25T17:08:44.516+0000] {manager.py:878} INFO - 
================================================================================
DAG File Processing Stats

File Path                                       PID  Runtime      # DAGs    # Errors  Last Runtime    Last Run
--------------------------------------------  -----  ---------  --------  ----------  --------------  -------------------
/opt/airflow/dags/monitoring_pipeline_dag.py    376  0.01s             1           0  0.10s           2026-04-25T17:08:14
/opt/airflow/dags/backfill_pipeline_dag.py      373  0.01s             1           0  0.10s           2026-04-25T17:08:14
/opt/airflow/dags/training_pipeline_dag.py                             1           0  0.10s           2026-04-25T17:08:15
================================================================================
[2026-04-25T17:09:14.733+0000] {manager.py:878} INFO - 
================================================================================
DAG File Processing Stats

File Path                                       PID  Runtime      # DAGs    # Errors  Last Runtime    Last Run
--------------------------------------------  -----  ---------  --------  ----------  --------------  -------------------
/opt/airflow/dags/monitoring_pipeline_dag.py    391  0.00s             1           0  0.13s           2026-04-25T17:08:44
/opt/airflow/dags/backfill_pipeline_dag.py      388  0.01s             1           0  0.12s           2026-04-25T17:08:44
/opt/airflow/dags/training_pipeline_dag.py                             1           0  0.10s           2026-04-25T17:08:45
================================================================================
[2026-04-25T17:09:44.966+0000] {manager.py:878} INFO - 
================================================================================
DAG File Processing Stats

File Path                                       PID  Runtime      # DAGs    # Errors  Last Runtime    Last Run
--------------------------------------------  -----  ---------  --------  ----------  --------------  -------------------
/opt/airflow/dags/monitoring_pipeline_dag.py    406  0.00s             1           0  0.13s           2026-04-25T17:09:14
/opt/airflow/dags/backfill_pipeline_dag.py      403  0.01s             1           0  0.12s           2026-04-25T17:09:14
/opt/airflow/dags/training_pipeline_dag.py                             1           0  0.10s           2026-04-25T17:09:15
================================================================================
[2026-04-25T17:10:15.175+0000] {manager.py:878} INFO - 
================================================================================
DAG File Processing Stats

File Path                                       PID  Runtime      # DAGs    # Errors  Last Runtime    Last Run
--------------------------------------------  -----  ---------  --------  ----------  --------------  -------------------
/opt/airflow/dags/monitoring_pipeline_dag.py    421  0.00s             1           0  0.11s           2026-04-25T17:09:45
/opt/airflow/dags/backfill_pipeline_dag.py      418  0.01s             1           0  0.11s           2026-04-25T17:09:45
/opt/airflow/dags/training_pipeline_dag.py                             1           0  0.10s           2026-04-25T17:09:46
================================================================================
[2026-04-25T17:10:45.367+0000] {manager.py:878} INFO - 
================================================================================
DAG File Processing Stats

File Path                                       PID  Runtime      # DAGs    # Errors  Last Runtime    Last Run
--------------------------------------------  -----  ---------  --------  ----------  --------------  -------------------
/opt/airflow/dags/training_pipeline_dag.py                             1           0  0.10s           2026-04-25T17:10:16
/opt/airflow/dags/monitoring_pipeline_dag.py    436  0.00s             1           0  0.10s           2026-04-25T17:10:15
/opt/airflow/dags/backfill_pipeline_dag.py      433  0.01s             1           0  0.10s           2026-04-25T17:10:15
================================================================================
[2026-04-25T17:11:15.559+0000] {manager.py:878} INFO - 
================================================================================
DAG File Processing Stats

File Path                                       PID  Runtime      # DAGs    # Errors  Last Runtime    Last Run
--------------------------------------------  -----  ---------  --------  ----------  --------------  -------------------
/opt/airflow/dags/monitoring_pipeline_dag.py    451  0.00s             1           0  0.10s           2026-04-25T17:10:45
/opt/airflow/dags/backfill_pipeline_dag.py      448  0.01s             1           0  0.10s           2026-04-25T17:10:45
/opt/airflow/dags/training_pipeline_dag.py                             1           0  0.09s           2026-04-25T17:10:46
================================================================================
[2026-04-25T17:11:45.768+0000] {manager.py:878} INFO - 
================================================================================
DAG File Processing Stats

File Path                                       PID  Runtime      # DAGs    # Errors  Last Runtime    Last Run
--------------------------------------------  -----  ---------  --------  ----------  --------------  -------------------
/opt/airflow/dags/monitoring_pipeline_dag.py    466  0.00s             1           0  0.10s           2026-04-25T17:11:15
/opt/airflow/dags/backfill_pipeline_dag.py      463  0.01s             1           0  0.10s           2026-04-25T17:11:15
/opt/airflow/dags/training_pipeline_dag.py                             1           0  0.10s           2026-04-25T17:11:16
================================================================================
[2026-04-25T17:12:07.027+0000] {manager.py:452} INFO - Exiting gracefully upon receiving signal 15
[2026-04-25T17:36:10.181+0000] {manager.py:470} INFO - Processing files using up to 2 processes at a time 
[2026-04-25T17:36:10.182+0000] {manager.py:471} INFO - Process each file at most once every 30 seconds
[2026-04-25T17:36:10.182+0000] {manager.py:472} INFO - Checking for new files in /opt/airflow/dags every 300 seconds
[2026-04-25T17:36:10.182+0000] {manager.py:737} INFO - Searching for files in /opt/airflow/dags
[2026-04-25T17:36:10.184+0000] {manager.py:740} INFO - There are 3 files in /opt/airflow/dags
[2026-04-25T17:36:10.251+0000] {manager.py:878} INFO - 
================================================================================
DAG File Processing Stats

File Path                                       PID  Runtime      # DAGs    # Errors  Last Runtime    Last Run
--------------------------------------------  -----  ---------  --------  ----------  --------------  ----------
/opt/airflow/dags/monitoring_pipeline_dag.py    175  0.03s             0           0
/opt/airflow/dags/backfill_pipeline_dag.py      178  0.03s             0           0
/opt/airflow/dags/training_pipeline_dag.py                             0           0
================================================================================
[2026-04-25T17:36:40.637+0000] {manager.py:878} INFO - 
================================================================================
DAG File Processing Stats

File Path                                       PID  Runtime      # DAGs    # Errors  Last Runtime    Last Run
--------------------------------------------  -----  ---------  --------  ----------  --------------  -------------------
/opt/airflow/dags/monitoring_pipeline_dag.py    191  0.01s             1           0  0.31s           2026-04-25T17:36:10
/opt/airflow/dags/backfill_pipeline_dag.py      194  0.00s             1           0  0.30s           2026-04-25T17:36:10
/opt/airflow/dags/training_pipeline_dag.py                             1           0  0.19s           2026-04-25T17:36:10
================================================================================
[2026-04-25T17:37:10.833+0000] {manager.py:878} INFO - 
================================================================================
DAG File Processing Stats

File Path                                       PID  Runtime      # DAGs    # Errors  Last Runtime    Last Run
--------------------------------------------  -----  ---------  --------  ----------  --------------  -------------------
/opt/airflow/dags/monitoring_pipeline_dag.py    206  0.01s             1           0  0.09s           2026-04-25T17:36:40
/opt/airflow/dags/backfill_pipeline_dag.py      209  0.00s             1           0  0.08s           2026-04-25T17:36:40
/opt/airflow/dags/training_pipeline_dag.py                             1           0  0.08s           2026-04-25T17:36:40
================================================================================
[2026-04-25T17:37:41.044+0000] {manager.py:878} INFO - 
================================================================================
DAG File Processing Stats

File Path                                       PID  Runtime      # DAGs    # Errors  Last Runtime    Last Run
--------------------------------------------  -----  ---------  --------  ----------  --------------  -------------------
/opt/airflow/dags/monitoring_pipeline_dag.py    221  0.01s             1           0  0.09s           2026-04-25T17:37:10
/opt/airflow/dags/backfill_pipeline_dag.py      224  0.01s             1           0  0.08s           2026-04-25T17:37:10
/opt/airflow/dags/training_pipeline_dag.py                             1           0  0.08s           2026-04-25T17:37:10
================================================================================
[2026-04-25T17:38:11.277+0000] {manager.py:878} INFO - 
================================================================================
DAG File Processing Stats

File Path                                       PID  Runtime      # DAGs    # Errors  Last Runtime    Last Run
--------------------------------------------  -----  ---------  --------  ----------  --------------  -------------------
/opt/airflow/dags/monitoring_pipeline_dag.py    239  0.01s             1           0  0.13s           2026-04-25T17:37:41
/opt/airflow/dags/backfill_pipeline_dag.py      242  0.00s             1           0  0.12s           2026-04-25T17:37:41
/opt/airflow/dags/training_pipeline_dag.py                             1           0  0.10s           2026-04-25T17:37:41
================================================================================
[2026-04-25T17:38:41.476+0000] {manager.py:878} INFO - 
================================================================================
DAG File Processing Stats

File Path                                       PID  Runtime      # DAGs    # Errors  Last Runtime    Last Run
--------------------------------------------  -----  ---------  --------  ----------  --------------  -------------------
/opt/airflow/dags/monitoring_pipeline_dag.py    254  0.01s             1           0  0.09s           2026-04-25T17:38:11
/opt/airflow/dags/training_pipeline_dag.py                             1           0  0.08s           2026-04-25T17:38:11
/opt/airflow/dags/backfill_pipeline_dag.py      257  0.00s             1           0  0.08s           2026-04-25T17:38:11
================================================================================
[2026-04-25T17:39:11.692+0000] {manager.py:878} INFO - 
================================================================================
DAG File Processing Stats

File Path                                       PID  Runtime      # DAGs    # Errors  Last Runtime    Last Run
--------------------------------------------  -----  ---------  --------  ----------  --------------  -------------------
/opt/airflow/dags/monitoring_pipeline_dag.py    269  0.01s             1           0  0.11s           2026-04-25T17:38:41
/opt/airflow/dags/training_pipeline_dag.py                             1           0  0.10s           2026-04-25T17:38:41
/opt/airflow/dags/backfill_pipeline_dag.py      272  0.00s             1           0  0.09s           2026-04-25T17:38:41
================================================================================
[2026-04-25T17:39:41.905+0000] {manager.py:878} INFO - 
================================================================================
DAG File Processing Stats

File Path                                       PID  Runtime      # DAGs    # Errors  Last Runtime    Last Run
--------------------------------------------  -----  ---------  --------  ----------  --------------  -------------------
/opt/airflow/dags/monitoring_pipeline_dag.py    284  0.01s             1           0  0.09s           2026-04-25T17:39:11
/opt/airflow/dags/training_pipeline_dag.py                             1           0  0.08s           2026-04-25T17:39:11
/opt/airflow/dags/backfill_pipeline_dag.py      287  0.01s             1           0  0.08s           2026-04-25T17:39:11
================================================================================
[2026-04-25T17:40:12.126+0000] {manager.py:878} INFO - 
================================================================================
DAG File Processing Stats

File Path                                       PID  Runtime      # DAGs    # Errors  Last Runtime    Last Run
--------------------------------------------  -----  ---------  --------  ----------  --------------  -------------------
/opt/airflow/dags/monitoring_pipeline_dag.py    299  0.01s             1           0  0.11s           2026-04-25T17:39:42
/opt/airflow/dags/backfill_pipeline_dag.py      302  0.00s             1           0  0.10s           2026-04-25T17:39:41
/opt/airflow/dags/training_pipeline_dag.py                             1           0  0.08s           2026-04-25T17:39:42
================================================================================
[2026-04-25T17:40:42.344+0000] {manager.py:878} INFO - 
================================================================================
DAG File Processing Stats

File Path                                       PID  Runtime      # DAGs    # Errors  Last Runtime    Last Run
--------------------------------------------  -----  ---------  --------  ----------  --------------  -------------------
/opt/airflow/dags/monitoring_pipeline_dag.py    314  0.01s             1           0  0.11s           2026-04-25T17:40:12
/opt/airflow/dags/backfill_pipeline_dag.py      317  0.00s             1           0  0.09s           2026-04-25T17:40:12
/opt/airflow/dags/training_pipeline_dag.py                             1           0  0.09s           2026-04-25T17:40:12
================================================================================
[2026-04-25T17:41:10.537+0000] {manager.py:737} INFO - Searching for files in /opt/airflow/dags
[2026-04-25T17:41:10.538+0000] {manager.py:740} INFO - There are 3 files in /opt/airflow/dags
[2026-04-25T17:41:12.566+0000] {manager.py:878} INFO - 
================================================================================
DAG File Processing Stats

File Path                                       PID  Runtime      # DAGs    # Errors  Last Runtime    Last Run
--------------------------------------------  -----  ---------  --------  ----------  --------------  -------------------
/opt/airflow/dags/monitoring_pipeline_dag.py    329  0.01s             1           0  0.10s           2026-04-25T17:40:42
/opt/airflow/dags/training_pipeline_dag.py                             1           0  0.09s           2026-04-25T17:40:42
/opt/airflow/dags/backfill_pipeline_dag.py      331  0.00s             1           0  0.09s           2026-04-25T17:40:42
================================================================================
[2026-04-25T17:41:32.967+0000] {manager.py:452} INFO - Exiting gracefully upon receiving signal 15
[2026-04-25T17:42:19.098+0000] {manager.py:470} INFO - Processing files using up to 2 processes at a time 
[2026-04-25T17:42:19.099+0000] {manager.py:471} INFO - Process each file at most once every 30 seconds
[2026-04-25T17:42:19.099+0000] {manager.py:472} INFO - Checking for new files in /opt/airflow/dags every 300 seconds
[2026-04-25T17:42:19.099+0000] {manager.py:737} INFO - Searching for files in /opt/airflow/dags
[2026-04-25T17:42:19.100+0000] {manager.py:740} INFO - There are 3 files in /opt/airflow/dags
[2026-04-25T17:42:19.169+0000] {manager.py:878} INFO - 
================================================================================
DAG File Processing Stats

File Path                                       PID  Runtime      # DAGs    # Errors  Last Runtime    Last Run
--------------------------------------------  -----  ---------  --------  ----------  --------------  ----------
/opt/airflow/dags/monitoring_pipeline_dag.py    178  0.03s             0           0
/opt/airflow/dags/backfill_pipeline_dag.py      175  0.03s             0           0
/opt/airflow/dags/training_pipeline_dag.py                             0           0
================================================================================
[2026-04-25T17:42:49.518+0000] {manager.py:878} INFO - 
================================================================================
DAG File Processing Stats

File Path                                       PID  Runtime      # DAGs    # Errors  Last Runtime    Last Run
--------------------------------------------  -----  ---------  --------  ----------  --------------  -------------------
/opt/airflow/dags/monitoring_pipeline_dag.py    221  0.00s             1           0  0.27s           2026-04-25T17:42:19
/opt/airflow/dags/backfill_pipeline_dag.py      218  0.01s             1           0  0.26s           2026-04-25T17:42:19
/opt/airflow/dags/training_pipeline_dag.py                             1           0  0.15s           2026-04-25T17:42:19
================================================================================
[2026-04-25T17:43:19.714+0000] {manager.py:878} INFO - 
================================================================================
DAG File Processing Stats

File Path                                       PID  Runtime      # DAGs    # Errors  Last Runtime    Last Run
--------------------------------------------  -----  ---------  --------  ----------  --------------  -------------------
/opt/airflow/dags/monitoring_pipeline_dag.py    236  0.00s             1           0  0.09s           2026-04-25T17:42:49
/opt/airflow/dags/training_pipeline_dag.py                             1           0  0.09s           2026-04-25T17:42:49
/opt/airflow/dags/backfill_pipeline_dag.py      233  0.01s             1           0  0.08s           2026-04-25T17:42:49
================================================================================
[2026-04-25T17:43:49.923+0000] {manager.py:878} INFO - 
================================================================================
DAG File Processing Stats

File Path                                       PID  Runtime      # DAGs    # Errors  Last Runtime    Last Run
--------------------------------------------  -----  ---------  --------  ----------  --------------  -------------------
/opt/airflow/dags/monitoring_pipeline_dag.py    251  0.00s             1           0  0.09s           2026-04-25T17:43:19
/opt/airflow/dags/backfill_pipeline_dag.py      248  0.01s             1           0  0.09s           2026-04-25T17:43:19
/opt/airflow/dags/training_pipeline_dag.py                             1           0  0.08s           2026-04-25T17:43:19
================================================================================
[2026-04-25T17:44:20.219+0000] {manager.py:878} INFO - 
================================================================================
DAG File Processing Stats

File Path                                       PID  Runtime      # DAGs    # Errors  Last Runtime    Last Run
--------------------------------------------  -----  ---------  --------  ----------  --------------  -------------------
/opt/airflow/dags/backfill_pipeline_dag.py                             1           0  0.13s           2026-04-25T17:44:10
/opt/airflow/dags/training_pipeline_dag.py      276  0.00s             1           0  0.09s           2026-04-25T17:43:50
/opt/airflow/dags/monitoring_pipeline_dag.py    273  0.01s             1           0  0.09s           2026-04-25T17:43:50
================================================================================
[2026-04-25T17:44:50.410+0000] {manager.py:878} INFO - 
================================================================================
DAG File Processing Stats

File Path                                       PID  Runtime      # DAGs    # Errors  Last Runtime    Last Run
--------------------------------------------  -----  ---------  --------  ----------  --------------  -------------------
/opt/airflow/dags/monitoring_pipeline_dag.py    291  0.01s             1           0  0.09s           2026-04-25T17:44:20
/opt/airflow/dags/backfill_pipeline_dag.py                             1           0  0.09s           2026-04-25T17:44:40
/opt/airflow/dags/training_pipeline_dag.py      292  0.01s             1           0  0.09s           2026-04-25T17:44:20
================================================================================
[2026-04-25T17:44:50.888+0000] {manager.py:452} INFO - Exiting gracefully upon receiving signal 15
[2026-04-25T17:45:34.667+0000] {manager.py:470} INFO - Processing files using up to 2 processes at a time 
[2026-04-25T17:45:34.667+0000] {manager.py:471} INFO - Process each file at most once every 30 seconds
[2026-04-25T17:45:34.668+0000] {manager.py:472} INFO - Checking for new files in /opt/airflow/dags every 300 seconds
[2026-04-25T17:45:34.668+0000] {manager.py:737} INFO - Searching for files in /opt/airflow/dags
[2026-04-25T17:45:34.669+0000] {manager.py:740} INFO - There are 3 files in /opt/airflow/dags
[2026-04-25T17:45:34.733+0000] {manager.py:878} INFO - 
================================================================================
DAG File Processing Stats

File Path                                       PID  Runtime      # DAGs    # Errors  Last Runtime    Last Run
--------------------------------------------  -----  ---------  --------  ----------  --------------  ----------
/opt/airflow/dags/monitoring_pipeline_dag.py    178  0.03s             0           0
/opt/airflow/dags/backfill_pipeline_dag.py      175  0.03s             0           0
/opt/airflow/dags/training_pipeline_dag.py                             0           0
================================================================================
[2026-04-25T17:46:05.085+0000] {manager.py:878} INFO - 
================================================================================
DAG File Processing Stats

File Path                                       PID  Runtime      # DAGs    # Errors  Last Runtime    Last Run
--------------------------------------------  -----  ---------  --------  ----------  --------------  -------------------
/opt/airflow/dags/monitoring_pipeline_dag.py    224  0.00s             1           0  0.27s           2026-04-25T17:45:34
/opt/airflow/dags/backfill_pipeline_dag.py      221  0.01s             1           0  0.27s           2026-04-25T17:45:34
/opt/airflow/dags/training_pipeline_dag.py                             1           0  0.21s           2026-04-25T17:45:35
================================================================================
[2026-04-25T17:46:35.287+0000] {manager.py:878} INFO - 
================================================================================
DAG File Processing Stats

File Path                                       PID  Runtime      # DAGs    # Errors  Last Runtime    Last Run
--------------------------------------------  -----  ---------  --------  ----------  --------------  -------------------
/opt/airflow/dags/monitoring_pipeline_dag.py    239  0.00s             1           0  0.09s           2026-04-25T17:46:05
/opt/airflow/dags/training_pipeline_dag.py                             1           0  0.09s           2026-04-25T17:46:06
/opt/airflow/dags/backfill_pipeline_dag.py      236  0.01s             1           0  0.09s           2026-04-25T17:46:05
================================================================================
[2026-04-25T17:47:05.498+0000] {manager.py:878} INFO - 
================================================================================
DAG File Processing Stats

File Path                                       PID  Runtime      # DAGs    # Errors  Last Runtime    Last Run
--------------------------------------------  -----  ---------  --------  ----------  --------------  -------------------
/opt/airflow/dags/monitoring_pipeline_dag.py    254  0.00s             1           0  0.10s           2026-04-25T17:46:35
/opt/airflow/dags/training_pipeline_dag.py                             1           0  0.09s           2026-04-25T17:46:36
/opt/airflow/dags/backfill_pipeline_dag.py      251  0.01s             1           0  0.09s           2026-04-25T17:46:35
================================================================================
[2026-04-25T17:47:35.725+0000] {manager.py:878} INFO - 
================================================================================
DAG File Processing Stats

File Path                                       PID  Runtime      # DAGs    # Errors  Last Runtime    Last Run
--------------------------------------------  -----  ---------  --------  ----------  --------------  -------------------
/opt/airflow/dags/monitoring_pipeline_dag.py    269  0.00s             1           0  0.09s           2026-04-25T17:47:05
/opt/airflow/dags/training_pipeline_dag.py                             1           0  0.09s           2026-04-25T17:47:06
/opt/airflow/dags/backfill_pipeline_dag.py      266  0.01s             1           0  0.09s           2026-04-25T17:47:05
================================================================================
[2026-04-25T17:48:05.959+0000] {manager.py:878} INFO - 
================================================================================
DAG File Processing Stats

File Path                                       PID  Runtime      # DAGs    # Errors  Last Runtime    Last Run
--------------------------------------------  -----  ---------  --------  ----------  --------------  -------------------
/opt/airflow/dags/monitoring_pipeline_dag.py    284  0.00s             1           0  0.11s           2026-04-25T17:47:35
/opt/airflow/dags/backfill_pipeline_dag.py      281  0.01s             1           0  0.11s           2026-04-25T17:47:35
/opt/airflow/dags/training_pipeline_dag.py                             1           0  0.10s           2026-04-25T17:47:36
================================================================================
[2026-04-25T17:48:36.180+0000] {manager.py:878} INFO - 
================================================================================
DAG File Processing Stats

File Path                                       PID  Runtime      # DAGs    # Errors  Last Runtime    Last Run
--------------------------------------------  -----  ---------  --------  ----------  --------------  -------------------
/opt/airflow/dags/training_pipeline_dag.py                             1           0  0.10s           2026-04-25T17:48:07
/opt/airflow/dags/monitoring_pipeline_dag.py    299  0.00s             1           0  0.10s           2026-04-25T17:48:06
/opt/airflow/dags/backfill_pipeline_dag.py      296  0.01s             1           0  0.09s           2026-04-25T17:48:06
================================================================================
[2026-04-25T17:49:06.401+0000] {manager.py:878} INFO - 
================================================================================
DAG File Processing Stats

File Path                                       PID  Runtime      # DAGs    # Errors  Last Runtime    Last Run
--------------------------------------------  -----  ---------  --------  ----------  --------------  -------------------
/opt/airflow/dags/monitoring_pipeline_dag.py    314  0.00s             1           0  0.10s           2026-04-25T17:48:36
/opt/airflow/dags/training_pipeline_dag.py                             1           0  0.10s           2026-04-25T17:48:37
/opt/airflow/dags/backfill_pipeline_dag.py      311  0.01s             1           0  0.10s           2026-04-25T17:48:36
================================================================================
[2026-04-25T17:49:36.642+0000] {manager.py:878} INFO - 
================================================================================
DAG File Processing Stats

File Path                                       PID  Runtime      # DAGs    # Errors  Last Runtime    Last Run
--------------------------------------------  -----  ---------  --------  ----------  --------------  -------------------
/opt/airflow/dags/monitoring_pipeline_dag.py    328  0.00s             1           0  0.11s           2026-04-25T17:49:06
/opt/airflow/dags/backfill_pipeline_dag.py      326  0.01s             1           0  0.10s           2026-04-25T17:49:06
/opt/airflow/dags/training_pipeline_dag.py                             1           0  0.10s           2026-04-25T17:49:07
================================================================================
[2026-04-25T17:50:06.846+0000] {manager.py:878} INFO - 
================================================================================
DAG File Processing Stats

File Path                                       PID  Runtime      # DAGs    # Errors  Last Runtime    Last Run
--------------------------------------------  -----  ---------  --------  ----------  --------------  -------------------
/opt/airflow/dags/training_pipeline_dag.py                             1           0  0.10s           2026-04-25T17:49:37
/opt/airflow/dags/monitoring_pipeline_dag.py    344  0.00s             1           0  0.10s           2026-04-25T17:49:36
/opt/airflow/dags/backfill_pipeline_dag.py      341  0.01s             1           0  0.09s           2026-04-25T17:49:36
================================================================================
[2026-04-25T17:50:35.067+0000] {manager.py:737} INFO - Searching for files in /opt/airflow/dags
[2026-04-25T17:50:35.068+0000] {manager.py:740} INFO - There are 3 files in /opt/airflow/dags
[2026-04-25T17:50:37.094+0000] {manager.py:878} INFO - 
================================================================================
DAG File Processing Stats

File Path                                       PID  Runtime      # DAGs    # Errors  Last Runtime    Last Run
--------------------------------------------  -----  ---------  --------  ----------  --------------  -------------------
/opt/airflow/dags/monitoring_pipeline_dag.py    359  0.00s             1           0  0.11s           2026-04-25T17:50:06
/opt/airflow/dags/training_pipeline_dag.py                             1           0  0.10s           2026-04-25T17:50:08
/opt/airflow/dags/backfill_pipeline_dag.py      356  0.01s             1           0  0.10s           2026-04-25T17:50:06
================================================================================
[2026-04-25T17:51:07.334+0000] {manager.py:878} INFO - 
================================================================================
DAG File Processing Stats

File Path                                       PID  Runtime      # DAGs    # Errors  Last Runtime    Last Run
--------------------------------------------  -----  ---------  --------  ----------  --------------  -------------------
/opt/airflow/dags/backfill_pipeline_dag.py      371  0.01s             1           0  0.11s           2026-04-25T17:50:37
/opt/airflow/dags/monitoring_pipeline_dag.py    374  0.00s             1           0  0.11s           2026-04-25T17:50:37
/opt/airflow/dags/training_pipeline_dag.py                             1           0  0.11s           2026-04-25T17:50:38
================================================================================
[2026-04-25T17:51:37.572+0000] {manager.py:878} INFO - 
================================================================================
DAG File Processing Stats

File Path                                       PID  Runtime      # DAGs    # Errors  Last Runtime    Last Run
--------------------------------------------  -----  ---------  --------  ----------  --------------  -------------------
/opt/airflow/dags/monitoring_pipeline_dag.py    389  0.00s             1           0  0.11s           2026-04-25T17:51:07
/opt/airflow/dags/backfill_pipeline_dag.py      386  0.01s             1           0  0.10s           2026-04-25T17:51:07
/opt/airflow/dags/training_pipeline_dag.py                             1           0  0.10s           2026-04-25T17:51:08
================================================================================
[2026-04-25T17:52:07.803+0000] {manager.py:878} INFO - 
================================================================================
DAG File Processing Stats

File Path                                       PID  Runtime      # DAGs    # Errors  Last Runtime    Last Run
--------------------------------------------  -----  ---------  --------  ----------  --------------  -------------------
/opt/airflow/dags/monitoring_pipeline_dag.py    404  0.00s             1           0  0.10s           2026-04-25T17:51:37
/opt/airflow/dags/backfill_pipeline_dag.py      401  0.01s             1           0  0.10s           2026-04-25T17:51:37
/opt/airflow/dags/training_pipeline_dag.py                             1           0  0.09s           2026-04-25T17:51:38
================================================================================
[2026-04-25T17:52:38.044+0000] {manager.py:878} INFO - 
================================================================================
DAG File Processing Stats

File Path                                       PID  Runtime      # DAGs    # Errors  Last Runtime    Last Run
--------------------------------------------  -----  ---------  --------  ----------  --------------  -------------------
/opt/airflow/dags/monitoring_pipeline_dag.py    419  0.00s             1           0  0.11s           2026-04-25T17:52:07
/opt/airflow/dags/training_pipeline_dag.py                             1           0  0.11s           2026-04-25T17:52:09
/opt/airflow/dags/backfill_pipeline_dag.py      416  0.01s             1           0  0.10s           2026-04-25T17:52:07
================================================================================
[2026-04-25T17:52:47.485+0000] {manager.py:452} INFO - Exiting gracefully upon receiving signal 15
[2026-04-25T17:53:37.695+0000] {manager.py:470} INFO - Processing files using up to 2 processes at a time 
[2026-04-25T17:53:37.696+0000] {manager.py:471} INFO - Process each file at most once every 30 seconds
[2026-04-25T17:53:37.697+0000] {manager.py:472} INFO - Checking for new files in /opt/airflow/dags every 300 seconds
[2026-04-25T17:53:37.697+0000] {manager.py:737} INFO - Searching for files in /opt/airflow/dags
[2026-04-25T17:53:37.698+0000] {manager.py:740} INFO - There are 3 files in /opt/airflow/dags
[2026-04-25T17:53:37.772+0000] {manager.py:878} INFO - 
================================================================================
DAG File Processing Stats

File Path                                       PID  Runtime      # DAGs    # Errors  Last Runtime    Last Run
--------------------------------------------  -----  ---------  --------  ----------  --------------  ----------
/opt/airflow/dags/monitoring_pipeline_dag.py    178  0.03s             0           0
/opt/airflow/dags/backfill_pipeline_dag.py      175  0.04s             0           0
/opt/airflow/dags/training_pipeline_dag.py                             0           0
================================================================================
[2026-04-25T17:54:08.161+0000] {manager.py:878} INFO - 
================================================================================
DAG File Processing Stats

File Path                                       PID  Runtime      # DAGs    # Errors  Last Runtime    Last Run
--------------------------------------------  -----  ---------  --------  ----------  --------------  -------------------
/opt/airflow/dags/monitoring_pipeline_dag.py    194  0.00s             1           0  0.30s           2026-04-25T17:53:38
/opt/airflow/dags/backfill_pipeline_dag.py      191  0.01s             1           0  0.29s           2026-04-25T17:53:38
/opt/airflow/dags/training_pipeline_dag.py                             1           0  0.20s           2026-04-25T17:53:38
================================================================================
[2026-04-25T17:54:38.377+0000] {manager.py:878} INFO - 
================================================================================
DAG File Processing Stats

File Path                                       PID  Runtime      # DAGs    # Errors  Last Runtime    Last Run
--------------------------------------------  -----  ---------  --------  ----------  --------------  -------------------
/opt/airflow/dags/monitoring_pipeline_dag.py    209  0.00s             1           0  0.10s           2026-04-25T17:54:08
/opt/airflow/dags/backfill_pipeline_dag.py      206  0.01s             1           0  0.09s           2026-04-25T17:54:08
/opt/airflow/dags/training_pipeline_dag.py                             1           0  0.09s           2026-04-25T17:54:08
================================================================================
[2026-04-25T17:55:08.593+0000] {manager.py:878} INFO - 
================================================================================
DAG File Processing Stats

File Path                                       PID  Runtime      # DAGs    # Errors  Last Runtime    Last Run
--------------------------------------------  -----  ---------  --------  ----------  --------------  -------------------
/opt/airflow/dags/training_pipeline_dag.py                             1           0  0.10s           2026-04-25T17:54:38
/opt/airflow/dags/monitoring_pipeline_dag.py    227  0.00s             1           0  0.10s           2026-04-25T17:54:38
/opt/airflow/dags/backfill_pipeline_dag.py      224  0.01s             1           0  0.09s           2026-04-25T17:54:38
================================================================================
[2026-04-25T17:55:38.838+0000] {manager.py:878} INFO - 
================================================================================
DAG File Processing Stats

File Path                                       PID  Runtime      # DAGs    # Errors  Last Runtime    Last Run
--------------------------------------------  -----  ---------  --------  ----------  --------------  -------------------
/opt/airflow/dags/monitoring_pipeline_dag.py    242  0.01s             1           0  0.11s           2026-04-25T17:55:08
/opt/airflow/dags/training_pipeline_dag.py                             1           0  0.11s           2026-04-25T17:55:08
/opt/airflow/dags/backfill_pipeline_dag.py      239  0.01s             1           0  0.10s           2026-04-25T17:55:08
================================================================================
[2026-04-25T17:56:09.087+0000] {manager.py:878} INFO - 
================================================================================
DAG File Processing Stats

File Path                                       PID  Runtime      # DAGs    # Errors  Last Runtime    Last Run
--------------------------------------------  -----  ---------  --------  ----------  --------------  -------------------
/opt/airflow/dags/monitoring_pipeline_dag.py    256  0.00s             1           0  0.13s           2026-04-25T17:55:38
/opt/airflow/dags/backfill_pipeline_dag.py      254  0.01s             1           0  0.11s           2026-04-25T17:55:38
/opt/airflow/dags/training_pipeline_dag.py                             1           0  0.10s           2026-04-25T17:55:39
================================================================================
[2026-04-25T17:56:39.322+0000] {manager.py:878} INFO - 
================================================================================
DAG File Processing Stats

File Path                                       PID  Runtime      # DAGs    # Errors  Last Runtime    Last Run
--------------------------------------------  -----  ---------  --------  ----------  --------------  -------------------
/opt/airflow/dags/monitoring_pipeline_dag.py    272  0.00s             1           0  0.10s           2026-04-25T17:56:09
/opt/airflow/dags/training_pipeline_dag.py                             1           0  0.10s           2026-04-25T17:56:09
/opt/airflow/dags/backfill_pipeline_dag.py      269  0.01s             1           0  0.09s           2026-04-25T17:56:09
================================================================================
[2026-04-25T17:57:09.555+0000] {manager.py:878} INFO - 
================================================================================
DAG File Processing Stats

File Path                                       PID  Runtime      # DAGs    # Errors  Last Runtime    Last Run
--------------------------------------------  -----  ---------  --------  ----------  --------------  -------------------
/opt/airflow/dags/monitoring_pipeline_dag.py    287  0.00s             1           0  0.11s           2026-04-25T17:56:39
/opt/airflow/dags/training_pipeline_dag.py                             1           0  0.10s           2026-04-25T17:56:39
/opt/airflow/dags/backfill_pipeline_dag.py      284  0.01s             1           0  0.10s           2026-04-25T17:56:39
================================================================================
[2026-04-25T17:57:39.784+0000] {manager.py:878} INFO - 
================================================================================
DAG File Processing Stats

File Path                                       PID  Runtime      # DAGs    # Errors  Last Runtime    Last Run
--------------------------------------------  -----  ---------  --------  ----------  --------------  -------------------
/opt/airflow/dags/monitoring_pipeline_dag.py    302  0.00s             1           0  0.09s           2026-04-25T17:57:09
/opt/airflow/dags/training_pipeline_dag.py                             1           0  0.09s           2026-04-25T17:57:09
/opt/airflow/dags/backfill_pipeline_dag.py      299  0.01s             1           0  0.09s           2026-04-25T17:57:09
================================================================================
[2026-04-25T17:57:44.371+0000] {manager.py:452} INFO - Exiting gracefully upon receiving signal 15
[2026-04-25T17:59:33.367+0000] {manager.py:470} INFO - Processing files using up to 2 processes at a time 
[2026-04-25T17:59:33.368+0000] {manager.py:471} INFO - Process each file at most once every 30 seconds
[2026-04-25T17:59:33.368+0000] {manager.py:472} INFO - Checking for new files in /opt/airflow/dags every 300 seconds
[2026-04-25T17:59:33.368+0000] {manager.py:737} INFO - Searching for files in /opt/airflow/dags
[2026-04-25T17:59:33.369+0000] {manager.py:740} INFO - There are 3 files in /opt/airflow/dags
[2026-04-25T17:59:33.446+0000] {manager.py:878} INFO - 
================================================================================
DAG File Processing Stats

File Path                                       PID  Runtime      # DAGs    # Errors  Last Runtime    Last Run
--------------------------------------------  -----  ---------  --------  ----------  --------------  ----------
/opt/airflow/dags/monitoring_pipeline_dag.py    178  0.03s             0           0
/opt/airflow/dags/backfill_pipeline_dag.py      175  0.04s             0           0
/opt/airflow/dags/training_pipeline_dag.py                             0           0
================================================================================
[2026-04-25T18:00:03.848+0000] {manager.py:878} INFO - 
================================================================================
DAG File Processing Stats

File Path                                       PID  Runtime      # DAGs    # Errors  Last Runtime    Last Run
--------------------------------------------  -----  ---------  --------  ----------  --------------  -------------------
/opt/airflow/dags/monitoring_pipeline_dag.py    194  0.00s             1           0  0.32s           2026-04-25T17:59:33
/opt/airflow/dags/backfill_pipeline_dag.py      191  0.01s             1           0  0.32s           2026-04-25T17:59:33
/opt/airflow/dags/training_pipeline_dag.py                             1           0  0.21s           2026-04-25T17:59:33
================================================================================
[2026-04-25T18:00:34.078+0000] {manager.py:878} INFO - 
================================================================================
DAG File Processing Stats

File Path                                       PID  Runtime      # DAGs    # Errors  Last Runtime    Last Run
--------------------------------------------  -----  ---------  --------  ----------  --------------  -------------------
/opt/airflow/dags/monitoring_pipeline_dag.py    209  0.00s             1           0  0.11s           2026-04-25T18:00:03
/opt/airflow/dags/backfill_pipeline_dag.py      206  0.01s             1           0  0.10s           2026-04-25T18:00:03
/opt/airflow/dags/training_pipeline_dag.py                             1           0  0.09s           2026-04-25T18:00:04
================================================================================
[2026-04-25T18:01:04.301+0000] {manager.py:878} INFO - 
================================================================================
DAG File Processing Stats

File Path                                       PID  Runtime      # DAGs    # Errors  Last Runtime    Last Run
--------------------------------------------  -----  ---------  --------  ----------  --------------  -------------------
/opt/airflow/dags/monitoring_pipeline_dag.py    224  0.00s             1           0  0.10s           2026-04-25T18:00:34
/opt/airflow/dags/training_pipeline_dag.py                             1           0  0.09s           2026-04-25T18:00:34
/opt/airflow/dags/backfill_pipeline_dag.py      221  0.01s             1           0  0.09s           2026-04-25T18:00:34
================================================================================
[2026-04-25T18:01:34.534+0000] {manager.py:878} INFO - 
================================================================================
DAG File Processing Stats

File Path                                       PID  Runtime      # DAGs    # Errors  Last Runtime    Last Run
--------------------------------------------  -----  ---------  --------  ----------  --------------  -------------------
/opt/airflow/dags/training_pipeline_dag.py                             1           0  0.10s           2026-04-25T18:01:04
/opt/airflow/dags/monitoring_pipeline_dag.py    242  0.00s             1           0  0.10s           2026-04-25T18:01:04
/opt/airflow/dags/backfill_pipeline_dag.py      239  0.01s             1           0  0.09s           2026-04-25T18:01:04
================================================================================
[2026-04-25T18:02:04.766+0000] {manager.py:878} INFO - 
================================================================================
DAG File Processing Stats

File Path                                       PID  Runtime      # DAGs    # Errors  Last Runtime    Last Run
--------------------------------------------  -----  ---------  --------  ----------  --------------  -------------------
/opt/airflow/dags/monitoring_pipeline_dag.py    257  0.00s             1           0  0.11s           2026-04-25T18:01:34
/opt/airflow/dags/backfill_pipeline_dag.py      254  0.01s             1           0  0.10s           2026-04-25T18:01:34
/opt/airflow/dags/training_pipeline_dag.py                             1           0  0.09s           2026-04-25T18:01:34
================================================================================
[2026-04-25T18:02:34.988+0000] {manager.py:878} INFO - 
================================================================================
DAG File Processing Stats

File Path                                       PID  Runtime      # DAGs    # Errors  Last Runtime    Last Run
--------------------------------------------  -----  ---------  --------  ----------  --------------  -------------------
/opt/airflow/dags/monitoring_pipeline_dag.py    272  0.00s             1           0  0.10s           2026-04-25T18:02:04
/opt/airflow/dags/backfill_pipeline_dag.py      269  0.01s             1           0  0.09s           2026-04-25T18:02:04
/opt/airflow/dags/training_pipeline_dag.py                             1           0  0.09s           2026-04-25T18:02:04
================================================================================
[2026-04-25T18:03:05.219+0000] {manager.py:878} INFO - 
================================================================================
DAG File Processing Stats

File Path                                       PID  Runtime      # DAGs    # Errors  Last Runtime    Last Run
--------------------------------------------  -----  ---------  --------  ----------  --------------  -------------------
/opt/airflow/dags/monitoring_pipeline_dag.py    287  0.00s             1           0  0.11s           2026-04-25T18:02:35
/opt/airflow/dags/backfill_pipeline_dag.py      284  0.01s             1           0  0.11s           2026-04-25T18:02:35
/opt/airflow/dags/training_pipeline_dag.py                             1           0  0.09s           2026-04-25T18:02:35
================================================================================
[2026-04-25T18:03:35.467+0000] {manager.py:878} INFO - 
================================================================================
DAG File Processing Stats

File Path                                       PID  Runtime      # DAGs    # Errors  Last Runtime    Last Run
--------------------------------------------  -----  ---------  --------  ----------  --------------  -------------------
/opt/airflow/dags/monitoring_pipeline_dag.py    302  0.00s             1           0  0.12s           2026-04-25T18:03:05
/opt/airflow/dags/backfill_pipeline_dag.py      299  0.01s             1           0  0.11s           2026-04-25T18:03:05
/opt/airflow/dags/training_pipeline_dag.py                             1           0  0.10s           2026-04-25T18:03:05
================================================================================
[2026-04-25T18:04:05.690+0000] {manager.py:878} INFO - 
================================================================================
DAG File Processing Stats

File Path                                       PID  Runtime      # DAGs    # Errors  Last Runtime    Last Run
--------------------------------------------  -----  ---------  --------  ----------  --------------  -------------------
/opt/airflow/dags/training_pipeline_dag.py                             1           0  0.10s           2026-04-25T18:03:35
/opt/airflow/dags/monitoring_pipeline_dag.py    317  0.00s             1           0  0.10s           2026-04-25T18:03:35
/opt/airflow/dags/backfill_pipeline_dag.py      314  0.01s             1           0  0.09s           2026-04-25T18:03:35
================================================================================
[2026-04-25T18:04:33.889+0000] {manager.py:737} INFO - Searching for files in /opt/airflow/dags
[2026-04-25T18:04:33.891+0000] {manager.py:740} INFO - There are 3 files in /opt/airflow/dags
[2026-04-25T18:04:35.916+0000] {manager.py:878} INFO - 
================================================================================
DAG File Processing Stats

File Path                                       PID  Runtime      # DAGs    # Errors  Last Runtime    Last Run
--------------------------------------------  -----  ---------  --------  ----------  --------------  -------------------
/opt/airflow/dags/monitoring_pipeline_dag.py    332  0.00s             1           0  0.10s           2026-04-25T18:04:05
/opt/airflow/dags/training_pipeline_dag.py                             1           0  0.09s           2026-04-25T18:04:05
/opt/airflow/dags/backfill_pipeline_dag.py      329  0.01s             1           0  0.09s           2026-04-25T18:04:05
================================================================================
[2026-04-25T18:05:06.143+0000] {manager.py:878} INFO - 
================================================================================
DAG File Processing Stats

File Path                                       PID  Runtime      # DAGs    # Errors  Last Runtime    Last Run
--------------------------------------------  -----  ---------  --------  ----------  --------------  -------------------
/opt/airflow/dags/monitoring_pipeline_dag.py    347  0.00s             1           0  0.10s           2026-04-25T18:04:36
/opt/airflow/dags/training_pipeline_dag.py                             1           0  0.10s           2026-04-25T18:04:36
/opt/airflow/dags/backfill_pipeline_dag.py      344  0.01s             1           0  0.09s           2026-04-25T18:04:36
================================================================================
[2026-04-25T18:05:36.359+0000] {manager.py:878} INFO - 
================================================================================
DAG File Processing Stats

File Path                                       PID  Runtime      # DAGs    # Errors  Last Runtime    Last Run
--------------------------------------------  -----  ---------  --------  ----------  --------------  -------------------
/opt/airflow/dags/monitoring_pipeline_dag.py    362  0.00s             1           0  0.09s           2026-04-25T18:05:06
/opt/airflow/dags/training_pipeline_dag.py                             1           0  0.09s           2026-04-25T18:05:06
/opt/airflow/dags/backfill_pipeline_dag.py      359  0.01s             1           0  0.09s           2026-04-25T18:05:06
================================================================================
[2026-04-25T18:06:06.605+0000] {manager.py:878} INFO - 
================================================================================
DAG File Processing Stats

File Path                                       PID  Runtime      # DAGs    # Errors  Last Runtime    Last Run
--------------------------------------------  -----  ---------  --------  ----------  --------------  -------------------
/opt/airflow/dags/monitoring_pipeline_dag.py    377  0.00s             1           0  0.12s           2026-04-25T18:05:36
/opt/airflow/dags/backfill_pipeline_dag.py      374  0.01s             1           0  0.10s           2026-04-25T18:05:36
/opt/airflow/dags/training_pipeline_dag.py                             1           0  0.10s           2026-04-25T18:05:36
================================================================================
[2026-04-25T18:06:36.831+0000] {manager.py:878} INFO - 
================================================================================
DAG File Processing Stats

File Path                                       PID  Runtime      # DAGs    # Errors  Last Runtime    Last Run
--------------------------------------------  -----  ---------  --------  ----------  --------------  -------------------
/opt/airflow/dags/training_pipeline_dag.py                             1           0  0.10s           2026-04-25T18:06:06
/opt/airflow/dags/monitoring_pipeline_dag.py    392  0.00s             1           0  0.09s           2026-04-25T18:06:06
/opt/airflow/dags/backfill_pipeline_dag.py      389  0.01s             1           0  0.09s           2026-04-25T18:06:06
================================================================================
[2026-04-25T18:07:07.077+0000] {manager.py:878} INFO - 
================================================================================
DAG File Processing Stats

File Path                                       PID  Runtime      # DAGs    # Errors  Last Runtime    Last Run
--------------------------------------------  -----  ---------  --------  ----------  --------------  -------------------
/opt/airflow/dags/monitoring_pipeline_dag.py    407  0.00s             1           0  0.10s           2026-04-25T18:06:36
/opt/airflow/dags/training_pipeline_dag.py                             1           0  0.09s           2026-04-25T18:06:37
/opt/airflow/dags/backfill_pipeline_dag.py      404  0.01s             1           0  0.09s           2026-04-25T18:06:36
================================================================================
[2026-04-25T18:07:37.300+0000] {manager.py:878} INFO - 
================================================================================
DAG File Processing Stats

File Path                                       PID  Runtime      # DAGs    # Errors  Last Runtime    Last Run
--------------------------------------------  -----  ---------  --------  ----------  --------------  -------------------
/opt/airflow/dags/monitoring_pipeline_dag.py    422  0.00s             1           0  0.11s           2026-04-25T18:07:07
/opt/airflow/dags/training_pipeline_dag.py                             1           0  0.10s           2026-04-25T18:07:07
/opt/airflow/dags/backfill_pipeline_dag.py      419  0.01s             1           0  0.10s           2026-04-25T18:07:07
================================================================================
[2026-04-25T18:08:07.520+0000] {manager.py:878} INFO - 
================================================================================
DAG File Processing Stats

File Path                                       PID  Runtime      # DAGs    # Errors  Last Runtime    Last Run
--------------------------------------------  -----  ---------  --------  ----------  --------------  -------------------
/opt/airflow/dags/monitoring_pipeline_dag.py    437  0.00s             1           0  0.10s           2026-04-25T18:07:37
/opt/airflow/dags/backfill_pipeline_dag.py      434  0.01s             1           0  0.09s           2026-04-25T18:07:37
/opt/airflow/dags/training_pipeline_dag.py                             1           0  0.09s           2026-04-25T18:07:37
================================================================================
[2026-04-25T18:08:37.760+0000] {manager.py:878} INFO - 
================================================================================
DAG File Processing Stats

File Path                                       PID  Runtime      # DAGs    # Errors  Last Runtime    Last Run
--------------------------------------------  -----  ---------  --------  ----------  --------------  -------------------
/opt/airflow/dags/monitoring_pipeline_dag.py    452  0.01s             1           0  0.10s           2026-04-25T18:08:07
/opt/airflow/dags/backfill_pipeline_dag.py      449  0.01s             1           0  0.10s           2026-04-25T18:08:07
/opt/airflow/dags/training_pipeline_dag.py                             1           0  0.09s           2026-04-25T18:08:07
================================================================================
[2026-04-25T18:09:07.989+0000] {manager.py:878} INFO - 
================================================================================
DAG File Processing Stats

File Path                                       PID  Runtime      # DAGs    # Errors  Last Runtime    Last Run
--------------------------------------------  -----  ---------  --------  ----------  --------------  -------------------
/opt/airflow/dags/monitoring_pipeline_dag.py    467  0.00s             1           0  0.11s           2026-04-25T18:08:37
/opt/airflow/dags/backfill_pipeline_dag.py      464  0.01s             1           0  0.10s           2026-04-25T18:08:37
/opt/airflow/dags/training_pipeline_dag.py                             1           0  0.09s           2026-04-25T18:08:37
================================================================================
[2026-04-25T18:09:34.197+0000] {manager.py:737} INFO - Searching for files in /opt/airflow/dags
[2026-04-25T18:09:34.198+0000] {manager.py:740} INFO - There are 3 files in /opt/airflow/dags
[2026-04-25T18:09:38.230+0000] {manager.py:878} INFO - 
================================================================================
DAG File Processing Stats

File Path                                       PID  Runtime      # DAGs    # Errors  Last Runtime    Last Run
--------------------------------------------  -----  ---------  --------  ----------  --------------  -------------------
/opt/airflow/dags/monitoring_pipeline_dag.py    482  0.00s             1           0  0.10s           2026-04-25T18:09:08
/opt/airflow/dags/training_pipeline_dag.py                             1           0  0.10s           2026-04-25T18:09:08
/opt/airflow/dags/backfill_pipeline_dag.py      479  0.01s             1           0  0.09s           2026-04-25T18:09:08
================================================================================
[2026-04-25T18:10:08.467+0000] {manager.py:878} INFO - 
================================================================================
DAG File Processing Stats

File Path                                       PID  Runtime      # DAGs    # Errors  Last Runtime    Last Run
--------------------------------------------  -----  ---------  --------  ----------  --------------  -------------------
/opt/airflow/dags/monitoring_pipeline_dag.py    497  0.00s             1           0  0.11s           2026-04-25T18:09:38
/opt/airflow/dags/backfill_pipeline_dag.py      494  0.01s             1           0  0.10s           2026-04-25T18:09:38
/opt/airflow/dags/training_pipeline_dag.py                             1           0  0.10s           2026-04-25T18:09:38
================================================================================
[2026-04-25T18:10:38.725+0000] {manager.py:878} INFO - 
================================================================================
DAG File Processing Stats

File Path                                       PID  Runtime      # DAGs    # Errors  Last Runtime    Last Run
--------------------------------------------  -----  ---------  --------  ----------  --------------  -------------------
/opt/airflow/dags/monitoring_pipeline_dag.py    512  0.00s             1           0  0.13s           2026-04-25T18:10:08
/opt/airflow/dags/backfill_pipeline_dag.py      509  0.01s             1           0  0.12s           2026-04-25T18:10:08
/opt/airflow/dags/training_pipeline_dag.py                             1           0  0.09s           2026-04-25T18:10:08
================================================================================
[2026-04-25T18:11:08.958+0000] {manager.py:878} INFO - 
================================================================================
DAG File Processing Stats

File Path                                       PID  Runtime      # DAGs    # Errors  Last Runtime    Last Run
--------------------------------------------  -----  ---------  --------  ----------  --------------  -------------------
/opt/airflow/dags/monitoring_pipeline_dag.py    527  0.00s             1           0  0.11s           2026-04-25T18:10:38
/opt/airflow/dags/backfill_pipeline_dag.py      524  0.01s             1           0  0.10s           2026-04-25T18:10:38
/opt/airflow/dags/training_pipeline_dag.py                             1           0  0.09s           2026-04-25T18:10:38
================================================================================
[2026-04-25T18:11:39.195+0000] {manager.py:878} INFO - 
================================================================================
DAG File Processing Stats

File Path                                       PID  Runtime      # DAGs    # Errors  Last Runtime    Last Run
--------------------------------------------  -----  ---------  --------  ----------  --------------  -------------------
/opt/airflow/dags/training_pipeline_dag.py                             1           0  0.10s           2026-04-25T18:11:09
/opt/airflow/dags/monitoring_pipeline_dag.py    542  0.00s             1           0  0.09s           2026-04-25T18:11:09
/opt/airflow/dags/backfill_pipeline_dag.py      539  0.01s             1           0  0.09s           2026-04-25T18:11:09
================================================================================
[2026-04-25T18:12:09.415+0000] {manager.py:878} INFO - 
================================================================================
DAG File Processing Stats

File Path                                       PID  Runtime      # DAGs    # Errors  Last Runtime    Last Run
--------------------------------------------  -----  ---------  --------  ----------  --------------  -------------------
/opt/airflow/dags/monitoring_pipeline_dag.py    557  0.00s             1           0  0.10s           2026-04-25T18:11:39
/opt/airflow/dags/training_pipeline_dag.py                             1           0  0.09s           2026-04-25T18:11:39
/opt/airflow/dags/backfill_pipeline_dag.py      554  0.01s             1           0  0.09s           2026-04-25T18:11:39
================================================================================
[2026-04-25T18:12:39.649+0000] {manager.py:878} INFO - 
================================================================================
DAG File Processing Stats

File Path                                       PID  Runtime      # DAGs    # Errors  Last Runtime    Last Run
--------------------------------------------  -----  ---------  --------  ----------  --------------  -------------------
/opt/airflow/dags/monitoring_pipeline_dag.py    572  0.00s             1           0  0.11s           2026-04-25T18:12:09
/opt/airflow/dags/training_pipeline_dag.py                             1           0  0.09s           2026-04-25T18:12:09
/opt/airflow/dags/backfill_pipeline_dag.py      569  0.01s             1           0  0.09s           2026-04-25T18:12:09
================================================================================
[2026-04-25T18:13:09.883+0000] {manager.py:878} INFO - 
================================================================================
DAG File Processing Stats

File Path                                       PID  Runtime      # DAGs    # Errors  Last Runtime    Last Run
--------------------------------------------  -----  ---------  --------  ----------  --------------  -------------------
/opt/airflow/dags/monitoring_pipeline_dag.py    587  0.00s             1           0  0.11s           2026-04-25T18:12:39
/opt/airflow/dags/backfill_pipeline_dag.py      584  0.01s             1           0  0.10s           2026-04-25T18:12:39
/opt/airflow/dags/training_pipeline_dag.py                             1           0  0.10s           2026-04-25T18:12:39
================================================================================
[2026-04-25T18:13:40.120+0000] {manager.py:878} INFO - 
================================================================================
DAG File Processing Stats

File Path                                       PID  Runtime      # DAGs    # Errors  Last Runtime    Last Run
--------------------------------------------  -----  ---------  --------  ----------  --------------  -------------------
/opt/airflow/dags/monitoring_pipeline_dag.py    602  0.00s             1           0  0.11s           2026-04-25T18:13:09
/opt/airflow/dags/backfill_pipeline_dag.py      599  0.01s             1           0  0.10s           2026-04-25T18:13:09
/opt/airflow/dags/training_pipeline_dag.py                             1           0  0.09s           2026-04-25T18:13:10
================================================================================
[2026-04-25T18:14:10.359+0000] {manager.py:878} INFO - 
================================================================================
DAG File Processing Stats

File Path                                       PID  Runtime      # DAGs    # Errors  Last Runtime    Last Run
--------------------------------------------  -----  ---------  --------  ----------  --------------  -------------------
/opt/airflow/dags/monitoring_pipeline_dag.py    617  0.00s             1           0  0.10s           2026-04-25T18:13:40
/opt/airflow/dags/backfill_pipeline_dag.py      614  0.01s             1           0  0.10s           2026-04-25T18:13:40
/opt/airflow/dags/training_pipeline_dag.py                             1           0  0.10s           2026-04-25T18:13:40
================================================================================
[2026-04-25T18:14:34.542+0000] {manager.py:737} INFO - Searching for files in /opt/airflow/dags
[2026-04-25T18:14:34.543+0000] {manager.py:740} INFO - There are 3 files in /opt/airflow/dags
[2026-04-25T18:14:40.587+0000] {manager.py:878} INFO - 
================================================================================
DAG File Processing Stats

File Path                                       PID  Runtime      # DAGs    # Errors  Last Runtime    Last Run
--------------------------------------------  -----  ---------  --------  ----------  --------------  -------------------
/opt/airflow/dags/monitoring_pipeline_dag.py    632  0.00s             1           0  0.10s           2026-04-25T18:14:10
/opt/airflow/dags/training_pipeline_dag.py                             1           0  0.09s           2026-04-25T18:14:10
/opt/airflow/dags/backfill_pipeline_dag.py      629  0.01s             1           0  0.09s           2026-04-25T18:14:10
================================================================================
[2026-04-25T18:15:10.823+0000] {manager.py:878} INFO - 
================================================================================
DAG File Processing Stats

File Path                                       PID  Runtime      # DAGs    # Errors  Last Runtime    Last Run
--------------------------------------------  -----  ---------  --------  ----------  --------------  -------------------
/opt/airflow/dags/monitoring_pipeline_dag.py    647  0.00s             1           0  0.10s           2026-04-25T18:14:40
/opt/airflow/dags/training_pipeline_dag.py                             1           0  0.09s           2026-04-25T18:14:40
/opt/airflow/dags/backfill_pipeline_dag.py      644  0.01s             1           0  0.09s           2026-04-25T18:14:40
================================================================================
[2026-04-25T18:15:41.060+0000] {manager.py:878} INFO - 
================================================================================
DAG File Processing Stats

File Path                                       PID  Runtime      # DAGs    # Errors  Last Runtime    Last Run
--------------------------------------------  -----  ---------  --------  ----------  --------------  -------------------
/opt/airflow/dags/training_pipeline_dag.py                             1           0  0.11s           2026-04-25T18:15:11
/opt/airflow/dags/monitoring_pipeline_dag.py    662  0.00s             1           0  0.10s           2026-04-25T18:15:10
/opt/airflow/dags/backfill_pipeline_dag.py      659  0.01s             1           0  0.10s           2026-04-25T18:15:10
================================================================================
[2026-04-25T18:16:11.299+0000] {manager.py:878} INFO - 
================================================================================
DAG File Processing Stats

File Path                                       PID  Runtime      # DAGs    # Errors  Last Runtime    Last Run
--------------------------------------------  -----  ---------  --------  ----------  --------------  -------------------
/opt/airflow/dags/monitoring_pipeline_dag.py    677  0.00s             1           0  0.11s           2026-04-25T18:15:41
/opt/airflow/dags/training_pipeline_dag.py                             1           0  0.10s           2026-04-25T18:15:41
/opt/airflow/dags/backfill_pipeline_dag.py      674  0.01s             1           0  0.10s           2026-04-25T18:15:41
================================================================================
[2026-04-25T18:16:41.533+0000] {manager.py:878} INFO - 
================================================================================
DAG File Processing Stats

File Path                                       PID  Runtime      # DAGs    # Errors  Last Runtime    Last Run
--------------------------------------------  -----  ---------  --------  ----------  --------------  -------------------
/opt/airflow/dags/monitoring_pipeline_dag.py    692  0.00s             1           0  0.11s           2026-04-25T18:16:11
/opt/airflow/dags/backfill_pipeline_dag.py      689  0.01s             1           0  0.10s           2026-04-25T18:16:11
/opt/airflow/dags/training_pipeline_dag.py                             1           0  0.09s           2026-04-25T18:16:11
================================================================================
[2026-04-25T18:17:11.767+0000] {manager.py:878} INFO - 
================================================================================
DAG File Processing Stats

File Path                                       PID  Runtime      # DAGs    # Errors  Last Runtime    Last Run
--------------------------------------------  -----  ---------  --------  ----------  --------------  -------------------
/opt/airflow/dags/training_pipeline_dag.py                             1           0  0.09s           2026-04-25T18:16:41
/opt/airflow/dags/monitoring_pipeline_dag.py    707  0.00s             1           0  0.09s           2026-04-25T18:16:41
/opt/airflow/dags/backfill_pipeline_dag.py      704  0.01s             1           0  0.09s           2026-04-25T18:16:41
================================================================================
[2026-04-25T18:17:41.985+0000] {manager.py:878} INFO - 
================================================================================
DAG File Processing Stats

File Path                                       PID  Runtime      # DAGs    # Errors  Last Runtime    Last Run
--------------------------------------------  -----  ---------  --------  ----------  --------------  -------------------
/opt/airflow/dags/monitoring_pipeline_dag.py    722  0.00s             1           0  0.11s           2026-04-25T18:17:11
/opt/airflow/dags/training_pipeline_dag.py                             1           0  0.10s           2026-04-25T18:17:11
/opt/airflow/dags/backfill_pipeline_dag.py      719  0.01s             1           0  0.09s           2026-04-25T18:17:11
================================================================================
[2026-04-25T18:18:12.217+0000] {manager.py:878} INFO - 
================================================================================
DAG File Processing Stats

File Path                                       PID  Runtime      # DAGs    # Errors  Last Runtime    Last Run
--------------------------------------------  -----  ---------  --------  ----------  --------------  -------------------
/opt/airflow/dags/monitoring_pipeline_dag.py    737  0.00s             1           0  0.10s           2026-04-25T18:17:42
/opt/airflow/dags/backfill_pipeline_dag.py      734  0.01s             1           0  0.09s           2026-04-25T18:17:42
/opt/airflow/dags/training_pipeline_dag.py                             1           0  0.09s           2026-04-25T18:17:42
================================================================================
[2026-04-25T18:18:42.443+0000] {manager.py:878} INFO - 
================================================================================
DAG File Processing Stats

File Path                                       PID  Runtime      # DAGs    # Errors  Last Runtime    Last Run
--------------------------------------------  -----  ---------  --------  ----------  --------------  -------------------
/opt/airflow/dags/monitoring_pipeline_dag.py    752  0.00s             1           0  0.09s           2026-04-25T18:18:12
/opt/airflow/dags/training_pipeline_dag.py                             1           0  0.09s           2026-04-25T18:18:12
/opt/airflow/dags/backfill_pipeline_dag.py      749  0.01s             1           0  0.09s           2026-04-25T18:18:12
================================================================================
[2026-04-25T18:19:12.678+0000] {manager.py:878} INFO - 
================================================================================
DAG File Processing Stats

File Path                                       PID  Runtime      # DAGs    # Errors  Last Runtime    Last Run
--------------------------------------------  -----  ---------  --------  ----------  --------------  -------------------
/opt/airflow/dags/monitoring_pipeline_dag.py    767  0.00s             1           0  0.10s           2026-04-25T18:18:42
/opt/airflow/dags/training_pipeline_dag.py                             1           0  0.10s           2026-04-25T18:18:42
/opt/airflow/dags/backfill_pipeline_dag.py      764  0.01s             1           0  0.10s           2026-04-25T18:18:42
================================================================================
[2026-04-25T18:19:34.854+0000] {manager.py:737} INFO - Searching for files in /opt/airflow/dags
[2026-04-25T18:19:34.855+0000] {manager.py:740} INFO - There are 3 files in /opt/airflow/dags
[2026-04-25T18:19:42.923+0000] {manager.py:878} INFO - 
================================================================================
DAG File Processing Stats

File Path                                       PID  Runtime      # DAGs    # Errors  Last Runtime    Last Run
--------------------------------------------  -----  ---------  --------  ----------  --------------  -------------------
/opt/airflow/dags/training_pipeline_dag.py                             1           0  0.10s           2026-04-25T18:19:12
/opt/airflow/dags/monitoring_pipeline_dag.py    782  0.00s             1           0  0.10s           2026-04-25T18:19:12
/opt/airflow/dags/backfill_pipeline_dag.py      779  0.01s             1           0  0.10s           2026-04-25T18:19:12
================================================================================
[2026-04-25T18:19:45.060+0000] {manager.py:452} INFO - Exiting gracefully upon receiving signal 15
[2026-04-25T18:20:32.560+0000] {manager.py:470} INFO - Processing files using up to 2 processes at a time 
[2026-04-25T18:20:32.560+0000] {manager.py:471} INFO - Process each file at most once every 30 seconds
[2026-04-25T18:20:32.560+0000] {manager.py:472} INFO - Checking for new files in /opt/airflow/dags every 300 seconds
[2026-04-25T18:20:32.561+0000] {manager.py:737} INFO - Searching for files in /opt/airflow/dags
[2026-04-25T18:20:32.562+0000] {manager.py:740} INFO - There are 3 files in /opt/airflow/dags
[2026-04-25T18:20:32.628+0000] {manager.py:878} INFO - 
================================================================================
DAG File Processing Stats

File Path                                       PID  Runtime      # DAGs    # Errors  Last Runtime    Last Run
--------------------------------------------  -----  ---------  --------  ----------  --------------  ----------
/opt/airflow/dags/monitoring_pipeline_dag.py    196  0.03s             0           0
/opt/airflow/dags/backfill_pipeline_dag.py      193  0.03s             0           0
/opt/airflow/dags/training_pipeline_dag.py                             0           0
================================================================================
[2026-04-25T18:21:03.021+0000] {manager.py:878} INFO - 
================================================================================
DAG File Processing Stats

File Path                                       PID  Runtime      # DAGs    # Errors  Last Runtime    Last Run
--------------------------------------------  -----  ---------  --------  ----------  --------------  -------------------
/opt/airflow/dags/monitoring_pipeline_dag.py    212  0.01s             1           0  0.29s           2026-04-25T18:20:32
/opt/airflow/dags/backfill_pipeline_dag.py      209  0.02s             1           0  0.28s           2026-04-25T18:20:32
/opt/airflow/dags/training_pipeline_dag.py                             1           0  0.25s           2026-04-25T18:20:33
================================================================================
[2026-04-25T18:21:33.290+0000] {manager.py:878} INFO - 
================================================================================
DAG File Processing Stats

File Path                                       PID  Runtime      # DAGs    # Errors  Last Runtime    Last Run
--------------------------------------------  -----  ---------  --------  ----------  --------------  -------------------
/opt/airflow/dags/monitoring_pipeline_dag.py    227  0.00s             1           0  0.14s           2026-04-25T18:21:03
/opt/airflow/dags/backfill_pipeline_dag.py      224  0.01s             1           0  0.13s           2026-04-25T18:21:03
/opt/airflow/dags/training_pipeline_dag.py                             1           0  0.08s           2026-04-25T18:21:03
================================================================================
[2026-04-25T18:22:03.531+0000] {manager.py:878} INFO - 
================================================================================
DAG File Processing Stats

File Path                                       PID  Runtime      # DAGs    # Errors  Last Runtime    Last Run
--------------------------------------------  -----  ---------  --------  ----------  --------------  -------------------
/opt/airflow/dags/monitoring_pipeline_dag.py    242  0.01s             1           0  0.10s           2026-04-25T18:21:33
/opt/airflow/dags/backfill_pipeline_dag.py      239  0.01s             1           0  0.09s           2026-04-25T18:21:33
/opt/airflow/dags/training_pipeline_dag.py                             1           0  0.08s           2026-04-25T18:21:33
================================================================================
[2026-04-25T18:22:20.553+0000] {manager.py:452} INFO - Exiting gracefully upon receiving signal 15
[2026-04-25T18:23:40.730+0000] {manager.py:470} INFO - Processing files using up to 2 processes at a time 
[2026-04-25T18:23:40.731+0000] {manager.py:471} INFO - Process each file at most once every 30 seconds
[2026-04-25T18:23:40.731+0000] {manager.py:472} INFO - Checking for new files in /opt/airflow/dags every 300 seconds
[2026-04-25T18:23:40.732+0000] {manager.py:737} INFO - Searching for files in /opt/airflow/dags
[2026-04-25T18:23:40.734+0000] {manager.py:740} INFO - There are 3 files in /opt/airflow/dags
[2026-04-25T18:23:40.800+0000] {manager.py:878} INFO - 
================================================================================
DAG File Processing Stats

File Path                                       PID  Runtime      # DAGs    # Errors  Last Runtime    Last Run
--------------------------------------------  -----  ---------  --------  ----------  --------------  ----------
/opt/airflow/dags/monitoring_pipeline_dag.py    196  0.03s             0           0
/opt/airflow/dags/backfill_pipeline_dag.py      193  0.03s             0           0
/opt/airflow/dags/training_pipeline_dag.py                             0           0
================================================================================
[2026-04-25T18:24:11.008+0000] {manager.py:878} INFO - 
================================================================================
DAG File Processing Stats

File Path                                       PID  Runtime      # DAGs    # Errors  Last Runtime    Last Run
--------------------------------------------  -----  ---------  --------  ----------  --------------  -------------------
/opt/airflow/dags/monitoring_pipeline_dag.py    211  0.00s             1           0  0.10s           2026-04-25T18:23:40
/opt/airflow/dags/backfill_pipeline_dag.py      209  0.01s             1           0  0.09s           2026-04-25T18:23:40
/opt/airflow/dags/training_pipeline_dag.py                             1           0  0.09s           2026-04-25T18:23:40
================================================================================
[2026-04-25T18:24:41.382+0000] {manager.py:878} INFO - 
================================================================================
DAG File Processing Stats

File Path                                       PID  Runtime      # DAGs    # Errors  Last Runtime    Last Run
--------------------------------------------  -----  ---------  --------  ----------  --------------  -------------------
/opt/airflow/dags/backfill_pipeline_dag.py      227  0.01s             1           0  0.24s           2026-04-25T18:24:11
/opt/airflow/dags/monitoring_pipeline_dag.py    230  0.00s             1           0  0.24s           2026-04-25T18:24:11
/opt/airflow/dags/training_pipeline_dag.py                             1           0  0.14s           2026-04-25T18:24:11
================================================================================
[2026-04-25T18:25:11.600+0000] {manager.py:878} INFO - 
================================================================================
DAG File Processing Stats

File Path                                       PID  Runtime      # DAGs    # Errors  Last Runtime    Last Run
--------------------------------------------  -----  ---------  --------  ----------  --------------  -------------------
/opt/airflow/dags/monitoring_pipeline_dag.py    245  0.00s             1           0  0.09s           2026-04-25T18:24:41
/opt/airflow/dags/training_pipeline_dag.py                             1           0  0.08s           2026-04-25T18:24:41
/opt/airflow/dags/backfill_pipeline_dag.py      242  0.01s             1           0  0.08s           2026-04-25T18:24:41
================================================================================
[2026-04-25T18:25:41.835+0000] {manager.py:878} INFO - 
================================================================================
DAG File Processing Stats

File Path                                       PID  Runtime      # DAGs    # Errors  Last Runtime    Last Run
--------------------------------------------  -----  ---------  --------  ----------  --------------  -------------------
/opt/airflow/dags/training_pipeline_dag.py                             1           0  0.09s           2026-04-25T18:25:11
/opt/airflow/dags/monitoring_pipeline_dag.py    260  0.01s             1           0  0.08s           2026-04-25T18:25:11
/opt/airflow/dags/backfill_pipeline_dag.py      257  0.01s             1           0  0.08s           2026-04-25T18:25:11
================================================================================
[2026-04-25T18:26:12.083+0000] {manager.py:878} INFO - 
================================================================================
DAG File Processing Stats

File Path                                       PID  Runtime      # DAGs    # Errors  Last Runtime    Last Run
--------------------------------------------  -----  ---------  --------  ----------  --------------  -------------------
/opt/airflow/dags/monitoring_pipeline_dag.py    275  0.00s             1           0  0.12s           2026-04-25T18:25:41
/opt/airflow/dags/backfill_pipeline_dag.py      272  0.01s             1           0  0.12s           2026-04-25T18:25:41
/opt/airflow/dags/training_pipeline_dag.py                             1           0  0.11s           2026-04-25T18:25:42
================================================================================
[2026-04-25T18:26:22.629+0000] {manager.py:452} INFO - Exiting gracefully upon receiving signal 15
[2026-04-25T18:26:34.291+0000] {manager.py:470} INFO - Processing files using up to 2 processes at a time 
[2026-04-25T18:26:34.293+0000] {manager.py:471} INFO - Process each file at most once every 30 seconds
[2026-04-25T18:26:34.293+0000] {manager.py:472} INFO - Checking for new files in /opt/airflow/dags every 300 seconds
[2026-04-25T18:26:34.294+0000] {manager.py:737} INFO - Searching for files in /opt/airflow/dags
[2026-04-25T18:26:34.295+0000] {manager.py:740} INFO - There are 3 files in /opt/airflow/dags
[2026-04-25T18:26:34.369+0000] {manager.py:878} INFO - 
================================================================================
DAG File Processing Stats

File Path                                       PID  Runtime      # DAGs    # Errors  Last Runtime    Last Run
--------------------------------------------  -----  ---------  --------  ----------  --------------  ----------
/opt/airflow/dags/monitoring_pipeline_dag.py    195  0.03s             0           0
/opt/airflow/dags/backfill_pipeline_dag.py      192  0.04s             0           0
/opt/airflow/dags/training_pipeline_dag.py                             0           0
================================================================================
[2026-04-25T18:27:04.597+0000] {manager.py:878} INFO - 
================================================================================
DAG File Processing Stats

File Path                                       PID  Runtime      # DAGs    # Errors  Last Runtime    Last Run
--------------------------------------------  -----  ---------  --------  ----------  --------------  -------------------
/opt/airflow/dags/monitoring_pipeline_dag.py    214  0.00s             1           0  0.11s           2026-04-25T18:26:34
/opt/airflow/dags/backfill_pipeline_dag.py      211  0.01s             1           0  0.11s           2026-04-25T18:26:34
/opt/airflow/dags/training_pipeline_dag.py                             1           0  0.10s           2026-04-25T18:26:34
================================================================================
[2026-04-25T18:27:34.828+0000] {manager.py:878} INFO - 
================================================================================
DAG File Processing Stats

File Path                                       PID  Runtime      # DAGs    # Errors  Last Runtime    Last Run
--------------------------------------------  -----  ---------  --------  ----------  --------------  -------------------
/opt/airflow/dags/monitoring_pipeline_dag.py    229  0.00s             1           0  0.10s           2026-04-25T18:27:04
/opt/airflow/dags/backfill_pipeline_dag.py      226  0.01s             1           0  0.10s           2026-04-25T18:27:04
/opt/airflow/dags/training_pipeline_dag.py                             1           0  0.09s           2026-04-25T18:27:04
================================================================================
[2026-04-25T18:28:05.095+0000] {manager.py:878} INFO - 
================================================================================
DAG File Processing Stats

File Path                                       PID  Runtime      # DAGs    # Errors  Last Runtime    Last Run
--------------------------------------------  -----  ---------  --------  ----------  --------------  -------------------
/opt/airflow/dags/training_pipeline_dag.py                             1           0  0.16s           2026-04-25T18:27:35
/opt/airflow/dags/monitoring_pipeline_dag.py    244  0.00s             1           0  0.13s           2026-04-25T18:27:34
/opt/airflow/dags/backfill_pipeline_dag.py      241  0.01s             1           0  0.11s           2026-04-25T18:27:34
================================================================================
[2026-04-25T18:28:35.331+0000] {manager.py:878} INFO - 
================================================================================
DAG File Processing Stats

File Path                                       PID  Runtime      # DAGs    # Errors  Last Runtime    Last Run
--------------------------------------------  -----  ---------  --------  ----------  --------------  -------------------
/opt/airflow/dags/training_pipeline_dag.py                             1           0  0.11s           2026-04-25T18:28:05
/opt/airflow/dags/monitoring_pipeline_dag.py    259  0.00s             1           0  0.10s           2026-04-25T18:28:05
/opt/airflow/dags/backfill_pipeline_dag.py      256  0.01s             1           0  0.09s           2026-04-25T18:28:05
================================================================================
[2026-04-25T18:29:05.574+0000] {manager.py:878} INFO - 
================================================================================
DAG File Processing Stats

File Path                                       PID  Runtime      # DAGs    # Errors  Last Runtime    Last Run
--------------------------------------------  -----  ---------  --------  ----------  --------------  -------------------
/opt/airflow/dags/monitoring_pipeline_dag.py    274  0.00s             1           0  0.11s           2026-04-25T18:28:35
/opt/airflow/dags/training_pipeline_dag.py                             1           0  0.10s           2026-04-25T18:28:35
/opt/airflow/dags/backfill_pipeline_dag.py      271  0.01s             1           0  0.10s           2026-04-25T18:28:35
================================================================================
[2026-04-25T18:29:35.817+0000] {manager.py:878} INFO - 
================================================================================
DAG File Processing Stats

File Path                                       PID  Runtime      # DAGs    # Errors  Last Runtime    Last Run
--------------------------------------------  -----  ---------  --------  ----------  --------------  -------------------
/opt/airflow/dags/monitoring_pipeline_dag.py    289  0.00s             1           0  0.10s           2026-04-25T18:29:05
/opt/airflow/dags/training_pipeline_dag.py                             1           0  0.10s           2026-04-25T18:29:05
/opt/airflow/dags/backfill_pipeline_dag.py      286  0.01s             1           0  0.09s           2026-04-25T18:29:05
================================================================================
[2026-04-25T18:29:48.829+0000] {manager.py:452} INFO - Exiting gracefully upon receiving signal 15
[2026-04-25T18:31:08.519+0000] {manager.py:470} INFO - Processing files using up to 2 processes at a time 
[2026-04-25T18:31:08.520+0000] {manager.py:471} INFO - Process each file at most once every 30 seconds
[2026-04-25T18:31:08.520+0000] {manager.py:472} INFO - Checking for new files in /opt/airflow/dags every 300 seconds
[2026-04-25T18:31:08.520+0000] {manager.py:737} INFO - Searching for files in /opt/airflow/dags
[2026-04-25T18:31:08.522+0000] {manager.py:740} INFO - There are 3 files in /opt/airflow/dags
[2026-04-25T18:31:08.596+0000] {manager.py:878} INFO - 
================================================================================
DAG File Processing Stats

File Path                                       PID  Runtime      # DAGs    # Errors  Last Runtime    Last Run
--------------------------------------------  -----  ---------  --------  ----------  --------------  ----------
/opt/airflow/dags/monitoring_pipeline_dag.py    196  0.03s             0           0
/opt/airflow/dags/backfill_pipeline_dag.py      193  0.04s             0           0
/opt/airflow/dags/training_pipeline_dag.py                             0           0
================================================================================
[2026-04-25T18:31:38.998+0000] {manager.py:878} INFO - 
================================================================================
DAG File Processing Stats

File Path                                       PID  Runtime      # DAGs    # Errors  Last Runtime    Last Run
--------------------------------------------  -----  ---------  --------  ----------  --------------  -------------------
/opt/airflow/dags/monitoring_pipeline_dag.py    238  0.00s             1           0  0.30s           2026-04-25T18:31:08
/opt/airflow/dags/backfill_pipeline_dag.py      235  0.01s             1           0  0.30s           2026-04-25T18:31:08
/opt/airflow/dags/training_pipeline_dag.py                             1           0  0.21s           2026-04-25T18:31:09
================================================================================
[2026-04-25T18:32:09.236+0000] {manager.py:878} INFO - 
================================================================================
DAG File Processing Stats

File Path                                       PID  Runtime      # DAGs    # Errors  Last Runtime    Last Run
--------------------------------------------  -----  ---------  --------  ----------  --------------  -------------------
/opt/airflow/dags/monitoring_pipeline_dag.py    253  0.00s             1           0  0.10s           2026-04-25T18:31:39
/opt/airflow/dags/training_pipeline_dag.py                             1           0  0.10s           2026-04-25T18:31:39
/opt/airflow/dags/backfill_pipeline_dag.py      250  0.01s             1           0  0.09s           2026-04-25T18:31:39
================================================================================
[2026-04-25T18:32:39.466+0000] {manager.py:878} INFO - 
================================================================================
DAG File Processing Stats

File Path                                       PID  Runtime      # DAGs    # Errors  Last Runtime    Last Run
--------------------------------------------  -----  ---------  --------  ----------  --------------  -------------------
/opt/airflow/dags/training_pipeline_dag.py                             1           0  0.10s           2026-04-25T18:32:09
/opt/airflow/dags/monitoring_pipeline_dag.py    268  0.00s             1           0  0.10s           2026-04-25T18:32:09
/opt/airflow/dags/backfill_pipeline_dag.py      265  0.01s             1           0  0.09s           2026-04-25T18:32:09
================================================================================
[2026-04-25T18:33:08.502+0000] {manager.py:452} INFO - Exiting gracefully upon receiving signal 15
[2026-04-25T18:34:11.302+0000] {manager.py:470} INFO - Processing files using up to 2 processes at a time 
[2026-04-25T18:34:11.302+0000] {manager.py:471} INFO - Process each file at most once every 30 seconds
[2026-04-25T18:34:11.302+0000] {manager.py:472} INFO - Checking for new files in /opt/airflow/dags every 300 seconds
[2026-04-25T18:34:11.303+0000] {manager.py:737} INFO - Searching for files in /opt/airflow/dags
[2026-04-25T18:34:11.304+0000] {manager.py:740} INFO - There are 3 files in /opt/airflow/dags
[2026-04-25T18:34:11.381+0000] {manager.py:878} INFO - 
================================================================================
DAG File Processing Stats

File Path                                       PID  Runtime      # DAGs    # Errors  Last Runtime    Last Run
--------------------------------------------  -----  ---------  --------  ----------  --------------  ----------
/opt/airflow/dags/monitoring_pipeline_dag.py    196  0.03s             0           0
/opt/airflow/dags/backfill_pipeline_dag.py      193  0.04s             0           0
/opt/airflow/dags/training_pipeline_dag.py                             0           0
================================================================================
[2026-04-25T18:34:41.783+0000] {manager.py:878} INFO - 
================================================================================
DAG File Processing Stats

File Path                                       PID  Runtime      # DAGs    # Errors  Last Runtime    Last Run
--------------------------------------------  -----  ---------  --------  ----------  --------------  -------------------
/opt/airflow/dags/monitoring_pipeline_dag.py    238  0.00s             1           0  0.30s           2026-04-25T18:34:11
/opt/airflow/dags/backfill_pipeline_dag.py      235  0.01s             1           0  0.30s           2026-04-25T18:34:11
/opt/airflow/dags/training_pipeline_dag.py                             1           0  0.23s           2026-04-25T18:34:11
================================================================================
[2026-04-25T18:35:12.015+0000] {manager.py:878} INFO - 
================================================================================
DAG File Processing Stats

File Path                                       PID  Runtime      # DAGs    # Errors  Last Runtime    Last Run
--------------------------------------------  -----  ---------  --------  ----------  --------------  -------------------
/opt/airflow/dags/training_pipeline_dag.py                             1           0  0.10s           2026-04-25T18:34:42
/opt/airflow/dags/monitoring_pipeline_dag.py    253  0.00s             1           0  0.09s           2026-04-25T18:34:41
/opt/airflow/dags/backfill_pipeline_dag.py      250  0.01s             1           0  0.09s           2026-04-25T18:34:41
================================================================================
[2026-04-25T18:35:42.217+0000] {manager.py:878} INFO - 
================================================================================
DAG File Processing Stats

File Path                                       PID  Runtime      # DAGs    # Errors  Last Runtime    Last Run
--------------------------------------------  -----  ---------  --------  ----------  --------------  -------------------
/opt/airflow/dags/training_pipeline_dag.py                             1           0  0.11s           2026-04-25T18:35:13
/opt/airflow/dags/monitoring_pipeline_dag.py    268  0.00s             1           0  0.09s           2026-04-25T18:35:12
/opt/airflow/dags/backfill_pipeline_dag.py      265  0.01s             1           0  0.09s           2026-04-25T18:35:12
================================================================================
[2026-04-25T18:36:12.455+0000] {manager.py:878} INFO - 
================================================================================
DAG File Processing Stats

File Path                                       PID  Runtime      # DAGs    # Errors  Last Runtime    Last Run
--------------------------------------------  -----  ---------  --------  ----------  --------------  -------------------
/opt/airflow/dags/training_pipeline_dag.py                             1           0  0.11s           2026-04-25T18:35:43
/opt/airflow/dags/monitoring_pipeline_dag.py    283  0.00s             1           0  0.10s           2026-04-25T18:35:42
/opt/airflow/dags/backfill_pipeline_dag.py      280  0.01s             1           0  0.09s           2026-04-25T18:35:42
================================================================================
[2026-04-25T18:36:42.688+0000] {manager.py:878} INFO - 
================================================================================
DAG File Processing Stats

File Path                                       PID  Runtime      # DAGs    # Errors  Last Runtime    Last Run
--------------------------------------------  -----  ---------  --------  ----------  --------------  -------------------
/opt/airflow/dags/monitoring_pipeline_dag.py    298  0.00s             1           0  0.10s           2026-04-25T18:36:12
/opt/airflow/dags/training_pipeline_dag.py                             1           0  0.09s           2026-04-25T18:36:13
/opt/airflow/dags/backfill_pipeline_dag.py      295  0.01s             1           0  0.09s           2026-04-25T18:36:12
================================================================================
[2026-04-25T18:37:12.931+0000] {manager.py:878} INFO - 
================================================================================
DAG File Processing Stats

File Path                                       PID  Runtime      # DAGs    # Errors  Last Runtime    Last Run
--------------------------------------------  -----  ---------  --------  ----------  --------------  -------------------
/opt/airflow/dags/monitoring_pipeline_dag.py    313  0.00s             1           0  0.11s           2026-04-25T18:36:42
/opt/airflow/dags/backfill_pipeline_dag.py      310  0.01s             1           0  0.10s           2026-04-25T18:36:42
/opt/airflow/dags/training_pipeline_dag.py                             1           0  0.09s           2026-04-25T18:36:43
================================================================================
[2026-04-25T18:37:43.175+0000] {manager.py:878} INFO - 
================================================================================
DAG File Processing Stats

File Path                                       PID  Runtime      # DAGs    # Errors  Last Runtime    Last Run
--------------------------------------------  -----  ---------  --------  ----------  --------------  -------------------
/opt/airflow/dags/monitoring_pipeline_dag.py    328  0.00s             1           0  0.10s           2026-04-25T18:37:13
/opt/airflow/dags/backfill_pipeline_dag.py      325  0.01s             1           0  0.09s           2026-04-25T18:37:13
/opt/airflow/dags/training_pipeline_dag.py                             1           0  0.09s           2026-04-25T18:37:14
================================================================================
[2026-04-25T18:38:13.410+0000] {manager.py:878} INFO - 
================================================================================
DAG File Processing Stats

File Path                                       PID  Runtime      # DAGs    # Errors  Last Runtime    Last Run
--------------------------------------------  -----  ---------  --------  ----------  --------------  -------------------
/opt/airflow/dags/training_pipeline_dag.py                             1           0  0.10s           2026-04-25T18:37:44
/opt/airflow/dags/monitoring_pipeline_dag.py    389  0.00s             1           0  0.10s           2026-04-25T18:37:43
/opt/airflow/dags/backfill_pipeline_dag.py      386  0.01s             1           0  0.09s           2026-04-25T18:37:43
================================================================================
[2026-04-25T18:38:43.646+0000] {manager.py:878} INFO - 
================================================================================
DAG File Processing Stats

File Path                                       PID  Runtime      # DAGs    # Errors  Last Runtime    Last Run
--------------------------------------------  -----  ---------  --------  ----------  --------------  -------------------
/opt/airflow/dags/training_pipeline_dag.py                             1           0  0.11s           2026-04-25T18:38:14
/opt/airflow/dags/monitoring_pipeline_dag.py    404  0.00s             1           0  0.10s           2026-04-25T18:38:13
/opt/airflow/dags/backfill_pipeline_dag.py      401  0.01s             1           0  0.09s           2026-04-25T18:38:13
================================================================================
[2026-04-25T18:39:11.867+0000] {manager.py:737} INFO - Searching for files in /opt/airflow/dags
[2026-04-25T18:39:11.869+0000] {manager.py:740} INFO - There are 3 files in /opt/airflow/dags
[2026-04-25T18:39:13.893+0000] {manager.py:878} INFO - 
================================================================================
DAG File Processing Stats

File Path                                       PID  Runtime      # DAGs    # Errors  Last Runtime    Last Run
--------------------------------------------  -----  ---------  --------  ----------  --------------  -------------------
/opt/airflow/dags/training_pipeline_dag.py                             1           0  0.10s           2026-04-25T18:38:44
/opt/airflow/dags/monitoring_pipeline_dag.py    419  0.00s             1           0  0.10s           2026-04-25T18:38:43
/opt/airflow/dags/backfill_pipeline_dag.py      416  0.01s             1           0  0.09s           2026-04-25T18:38:43
================================================================================
[2026-04-25T18:39:44.133+0000] {manager.py:878} INFO - 
================================================================================
DAG File Processing Stats

File Path                                       PID  Runtime      # DAGs    # Errors  Last Runtime    Last Run
--------------------------------------------  -----  ---------  --------  ----------  --------------  -------------------
/opt/airflow/dags/training_pipeline_dag.py                             1           0  0.11s           2026-04-25T18:39:15
/opt/airflow/dags/monitoring_pipeline_dag.py    434  0.00s             1           0  0.10s           2026-04-25T18:39:13
/opt/airflow/dags/backfill_pipeline_dag.py      431  0.01s             1           0  0.10s           2026-04-25T18:39:13
================================================================================
[2026-04-25T18:40:14.389+0000] {manager.py:878} INFO - 
================================================================================
DAG File Processing Stats

File Path                                       PID  Runtime      # DAGs    # Errors  Last Runtime    Last Run
--------------------------------------------  -----  ---------  --------  ----------  --------------  -------------------
/opt/airflow/dags/training_pipeline_dag.py                             1           0  0.12s           2026-04-25T18:39:45
/opt/airflow/dags/monitoring_pipeline_dag.py    448  0.00s             1           0  0.11s           2026-04-25T18:39:44
/opt/airflow/dags/backfill_pipeline_dag.py      446  0.01s             1           0  0.10s           2026-04-25T18:39:44
================================================================================
[2026-04-25T18:40:44.631+0000] {manager.py:878} INFO - 
================================================================================
DAG File Processing Stats

File Path                                       PID  Runtime      # DAGs    # Errors  Last Runtime    Last Run
--------------------------------------------  -----  ---------  --------  ----------  --------------  -------------------
/opt/airflow/dags/training_pipeline_dag.py                             1           0  0.10s           2026-04-25T18:40:15
/opt/airflow/dags/monitoring_pipeline_dag.py    464  0.00s             1           0  0.10s           2026-04-25T18:40:14
/opt/airflow/dags/backfill_pipeline_dag.py      461  0.01s             1           0  0.09s           2026-04-25T18:40:14
================================================================================
[2026-04-25T18:41:14.879+0000] {manager.py:878} INFO - 
================================================================================
DAG File Processing Stats

File Path                                       PID  Runtime      # DAGs    # Errors  Last Runtime    Last Run
--------------------------------------------  -----  ---------  --------  ----------  --------------  -------------------
/opt/airflow/dags/monitoring_pipeline_dag.py    479  0.00s             1           0  0.11s           2026-04-25T18:40:44
/opt/airflow/dags/backfill_pipeline_dag.py      476  0.01s             1           0  0.11s           2026-04-25T18:40:44
/opt/airflow/dags/training_pipeline_dag.py                             1           0  0.10s           2026-04-25T18:40:45
================================================================================
[2026-04-25T18:41:45.114+0000] {manager.py:878} INFO - 
================================================================================
DAG File Processing Stats

File Path                                       PID  Runtime      # DAGs    # Errors  Last Runtime    Last Run
--------------------------------------------  -----  ---------  --------  ----------  --------------  -------------------
/opt/airflow/dags/monitoring_pipeline_dag.py    494  0.00s             1           0  0.10s           2026-04-25T18:41:14
/opt/airflow/dags/training_pipeline_dag.py                             1           0  0.10s           2026-04-25T18:41:16
/opt/airflow/dags/backfill_pipeline_dag.py      491  0.01s             1           0  0.09s           2026-04-25T18:41:14
================================================================================
[2026-04-25T18:42:15.359+0000] {manager.py:878} INFO - 
================================================================================
DAG File Processing Stats

File Path                                       PID  Runtime      # DAGs    # Errors  Last Runtime    Last Run
--------------------------------------------  -----  ---------  --------  ----------  --------------  -------------------
/opt/airflow/dags/monitoring_pipeline_dag.py    509  0.00s             1           0  0.10s           2026-04-25T18:41:45
/opt/airflow/dags/training_pipeline_dag.py                             1           0  0.09s           2026-04-25T18:41:46
/opt/airflow/dags/backfill_pipeline_dag.py      506  0.01s             1           0  0.09s           2026-04-25T18:41:45
================================================================================
[2026-04-25T18:42:45.603+0000] {manager.py:878} INFO - 
================================================================================
DAG File Processing Stats

File Path                                       PID  Runtime      # DAGs    # Errors  Last Runtime    Last Run
--------------------------------------------  -----  ---------  --------  ----------  --------------  -------------------
/opt/airflow/dags/monitoring_pipeline_dag.py    524  0.00s             1           0  0.11s           2026-04-25T18:42:15
/opt/airflow/dags/training_pipeline_dag.py                             1           0  0.10s           2026-04-25T18:42:16
/opt/airflow/dags/backfill_pipeline_dag.py      521  0.01s             1           0  0.10s           2026-04-25T18:42:15
================================================================================
[2026-04-25T18:43:15.855+0000] {manager.py:878} INFO - 
================================================================================
DAG File Processing Stats

File Path                                       PID  Runtime      # DAGs    # Errors  Last Runtime    Last Run
--------------------------------------------  -----  ---------  --------  ----------  --------------  -------------------
/opt/airflow/dags/monitoring_pipeline_dag.py    539  0.00s             1           0  0.10s           2026-04-25T18:42:45
/opt/airflow/dags/backfill_pipeline_dag.py      536  0.01s             1           0  0.10s           2026-04-25T18:42:45
/opt/airflow/dags/training_pipeline_dag.py                             1           0  0.10s           2026-04-25T18:42:46
================================================================================
[2026-04-25T18:43:46.099+0000] {manager.py:878} INFO - 
================================================================================
DAG File Processing Stats

File Path                                       PID  Runtime      # DAGs    # Errors  Last Runtime    Last Run
--------------------------------------------  -----  ---------  --------  ----------  --------------  -------------------
/opt/airflow/dags/monitoring_pipeline_dag.py    553  0.00s             1           0  0.10s           2026-04-25T18:43:15
/opt/airflow/dags/training_pipeline_dag.py                             1           0  0.10s           2026-04-25T18:43:17
/opt/airflow/dags/backfill_pipeline_dag.py      551  0.01s             1           0  0.10s           2026-04-25T18:43:15
================================================================================
[2026-04-25T18:44:12.318+0000] {manager.py:737} INFO - Searching for files in /opt/airflow/dags
[2026-04-25T18:44:12.319+0000] {manager.py:740} INFO - There are 3 files in /opt/airflow/dags
[2026-04-25T18:44:16.353+0000] {manager.py:878} INFO - 
================================================================================
DAG File Processing Stats

File Path                                       PID  Runtime      # DAGs    # Errors  Last Runtime    Last Run
--------------------------------------------  -----  ---------  --------  ----------  --------------  -------------------
/opt/airflow/dags/monitoring_pipeline_dag.py    569  0.00s             1           0  0.11s           2026-04-25T18:43:46
/opt/airflow/dags/backfill_pipeline_dag.py      566  0.01s             1           0  0.10s           2026-04-25T18:43:46
/opt/airflow/dags/training_pipeline_dag.py                             1           0  0.10s           2026-04-25T18:43:47
================================================================================
[2026-04-25T18:44:46.598+0000] {manager.py:878} INFO - 
================================================================================
DAG File Processing Stats

File Path                                       PID  Runtime      # DAGs    # Errors  Last Runtime    Last Run
--------------------------------------------  -----  ---------  --------  ----------  --------------  -------------------
/opt/airflow/dags/monitoring_pipeline_dag.py    584  0.00s             1           0  0.11s           2026-04-25T18:44:16
/opt/airflow/dags/backfill_pipeline_dag.py      581  0.01s             1           0  0.10s           2026-04-25T18:44:16
/opt/airflow/dags/training_pipeline_dag.py                             1           0  0.09s           2026-04-25T18:44:17
================================================================================
[2026-04-25T18:45:16.819+0000] {manager.py:878} INFO - 
================================================================================
DAG File Processing Stats

File Path                                       PID  Runtime      # DAGs    # Errors  Last Runtime    Last Run
--------------------------------------------  -----  ---------  --------  ----------  --------------  -------------------
/opt/airflow/dags/monitoring_pipeline_dag.py    599  0.00s             1           0  0.10s           2026-04-25T18:44:46
/opt/airflow/dags/backfill_pipeline_dag.py      596  0.01s             1           0  0.10s           2026-04-25T18:44:46
/opt/airflow/dags/training_pipeline_dag.py                             1           0  0.09s           2026-04-25T18:44:47
================================================================================
[2026-04-25T18:45:47.063+0000] {manager.py:878} INFO - 
================================================================================
DAG File Processing Stats

File Path                                       PID  Runtime      # DAGs    # Errors  Last Runtime    Last Run
--------------------------------------------  -----  ---------  --------  ----------  --------------  -------------------
/opt/airflow/dags/monitoring_pipeline_dag.py    614  0.00s             1           0  0.11s           2026-04-25T18:45:16
/opt/airflow/dags/backfill_pipeline_dag.py      611  0.01s             1           0  0.10s           2026-04-25T18:45:16
/opt/airflow/dags/training_pipeline_dag.py                             1           0  0.09s           2026-04-25T18:45:18
================================================================================
[2026-04-25T18:46:17.315+0000] {manager.py:878} INFO - 
================================================================================
DAG File Processing Stats

File Path                                       PID  Runtime      # DAGs    # Errors  Last Runtime    Last Run
--------------------------------------------  -----  ---------  --------  ----------  --------------  -------------------
/opt/airflow/dags/monitoring_pipeline_dag.py    629  0.00s             1           0  0.10s           2026-04-25T18:45:47
/opt/airflow/dags/training_pipeline_dag.py                             1           0  0.10s           2026-04-25T18:45:48
/opt/airflow/dags/backfill_pipeline_dag.py      626  0.01s             1           0  0.10s           2026-04-25T18:45:47
================================================================================
[2026-04-25T18:46:47.559+0000] {manager.py:878} INFO - 
================================================================================
DAG File Processing Stats

File Path                                       PID  Runtime      # DAGs    # Errors  Last Runtime    Last Run
--------------------------------------------  -----  ---------  --------  ----------  --------------  -------------------
/opt/airflow/dags/training_pipeline_dag.py                             1           0  0.12s           2026-04-25T18:46:18
/opt/airflow/dags/monitoring_pipeline_dag.py    644  0.00s             1           0  0.10s           2026-04-25T18:46:17
/opt/airflow/dags/backfill_pipeline_dag.py      641  0.01s             1           0  0.09s           2026-04-25T18:46:17
================================================================================
[2026-04-25T18:47:17.800+0000] {manager.py:878} INFO - 
================================================================================
DAG File Processing Stats

File Path                                       PID  Runtime      # DAGs    # Errors  Last Runtime    Last Run
--------------------------------------------  -----  ---------  --------  ----------  --------------  -------------------
/opt/airflow/dags/monitoring_pipeline_dag.py    659  0.00s             1           0  0.09s           2026-04-25T18:46:47
/opt/airflow/dags/training_pipeline_dag.py                             1           0  0.09s           2026-04-25T18:46:48
/opt/airflow/dags/backfill_pipeline_dag.py      656  0.01s             1           0  0.09s           2026-04-25T18:46:47
================================================================================
[2026-04-25T18:47:48.057+0000] {manager.py:878} INFO - 
================================================================================
DAG File Processing Stats

File Path                                       PID  Runtime      # DAGs    # Errors  Last Runtime    Last Run
--------------------------------------------  -----  ---------  --------  ----------  --------------  -------------------
/opt/airflow/dags/training_pipeline_dag.py                             1           0  0.14s           2026-04-25T18:47:19
/opt/airflow/dags/monitoring_pipeline_dag.py    674  0.00s             1           0  0.10s           2026-04-25T18:47:17
/opt/airflow/dags/backfill_pipeline_dag.py      671  0.01s             1           0  0.09s           2026-04-25T18:47:17
================================================================================
[2026-04-25T18:48:18.301+0000] {manager.py:878} INFO - 
================================================================================
DAG File Processing Stats

File Path                                       PID  Runtime      # DAGs    # Errors  Last Runtime    Last Run
--------------------------------------------  -----  ---------  --------  ----------  --------------  -------------------
/opt/airflow/dags/monitoring_pipeline_dag.py    689  0.00s             1           0  0.10s           2026-04-25T18:47:48
/opt/airflow/dags/training_pipeline_dag.py                             1           0  0.10s           2026-04-25T18:47:49
/opt/airflow/dags/backfill_pipeline_dag.py      686  0.01s             1           0  0.09s           2026-04-25T18:47:48
================================================================================
[2026-04-25T18:48:48.573+0000] {manager.py:878} INFO - 
================================================================================
DAG File Processing Stats

File Path                                       PID  Runtime      # DAGs    # Errors  Last Runtime    Last Run
--------------------------------------------  -----  ---------  --------  ----------  --------------  -------------------
/opt/airflow/dags/monitoring_pipeline_dag.py    704  0.00s             1           0  0.12s           2026-04-25T18:48:18
/opt/airflow/dags/backfill_pipeline_dag.py      701  0.01s             1           0  0.11s           2026-04-25T18:48:18
/opt/airflow/dags/training_pipeline_dag.py                             1           0  0.10s           2026-04-25T18:48:19
================================================================================
[2026-04-25T18:49:12.816+0000] {manager.py:737} INFO - Searching for files in /opt/airflow/dags
[2026-04-25T18:49:12.818+0000] {manager.py:740} INFO - There are 3 files in /opt/airflow/dags
[2026-04-25T18:49:18.862+0000] {manager.py:878} INFO - 
================================================================================
DAG File Processing Stats

File Path                                       PID  Runtime      # DAGs    # Errors  Last Runtime    Last Run
--------------------------------------------  -----  ---------  --------  ----------  --------------  -------------------
/opt/airflow/dags/monitoring_pipeline_dag.py    719  0.00s             1           0  0.12s           2026-04-25T18:48:48
/opt/airflow/dags/backfill_pipeline_dag.py      716  0.01s             1           0  0.12s           2026-04-25T18:48:48
/opt/airflow/dags/training_pipeline_dag.py                             1           0  0.09s           2026-04-25T18:48:49
================================================================================
[2026-04-25T18:49:49.127+0000] {manager.py:878} INFO - 
================================================================================
DAG File Processing Stats

File Path                                       PID  Runtime      # DAGs    # Errors  Last Runtime    Last Run
--------------------------------------------  -----  ---------  --------  ----------  --------------  -------------------
/opt/airflow/dags/monitoring_pipeline_dag.py    734  0.00s             1           0  0.11s           2026-04-25T18:49:18
/opt/airflow/dags/training_pipeline_dag.py                             1           0  0.10s           2026-04-25T18:49:20
/opt/airflow/dags/backfill_pipeline_dag.py      731  0.01s             1           0  0.10s           2026-04-25T18:49:18
================================================================================
[2026-04-25T18:50:19.375+0000] {manager.py:878} INFO - 
================================================================================
DAG File Processing Stats

File Path                                       PID  Runtime      # DAGs    # Errors  Last Runtime    Last Run
--------------------------------------------  -----  ---------  --------  ----------  --------------  -------------------
/opt/airflow/dags/monitoring_pipeline_dag.py    749  0.00s             1           0  0.10s           2026-04-25T18:49:49
/opt/airflow/dags/training_pipeline_dag.py                             1           0  0.10s           2026-04-25T18:49:50
/opt/airflow/dags/backfill_pipeline_dag.py      746  0.01s             1           0  0.09s           2026-04-25T18:49:49
================================================================================
[2026-04-25T18:50:49.629+0000] {manager.py:878} INFO - 
================================================================================
DAG File Processing Stats

File Path                                       PID  Runtime      # DAGs    # Errors  Last Runtime    Last Run
--------------------------------------------  -----  ---------  --------  ----------  --------------  -------------------
/opt/airflow/dags/monitoring_pipeline_dag.py    764  0.00s             1           0  0.11s           2026-04-25T18:50:19
/opt/airflow/dags/training_pipeline_dag.py                             1           0  0.10s           2026-04-25T18:50:20
/opt/airflow/dags/backfill_pipeline_dag.py      761  0.01s             1           0  0.10s           2026-04-25T18:50:19
================================================================================
[2026-04-25T18:51:19.888+0000] {manager.py:878} INFO - 
================================================================================
DAG File Processing Stats

File Path                                       PID  Runtime      # DAGs    # Errors  Last Runtime    Last Run
--------------------------------------------  -----  ---------  --------  ----------  --------------  -------------------
/opt/airflow/dags/monitoring_pipeline_dag.py    779  0.00s             1           0  0.11s           2026-04-25T18:50:49
/opt/airflow/dags/backfill_pipeline_dag.py      776  0.01s             1           0  0.10s           2026-04-25T18:50:49
/opt/airflow/dags/training_pipeline_dag.py                             1           0  0.09s           2026-04-25T18:50:50
================================================================================
[2026-04-25T18:51:50.143+0000] {manager.py:878} INFO - 
================================================================================
DAG File Processing Stats

File Path                                       PID  Runtime      # DAGs    # Errors  Last Runtime    Last Run
--------------------------------------------  -----  ---------  --------  ----------  --------------  -------------------
/opt/airflow/dags/monitoring_pipeline_dag.py    794  0.00s             1           0  0.11s           2026-04-25T18:51:19
/opt/airflow/dags/backfill_pipeline_dag.py      791  0.01s             1           0  0.10s           2026-04-25T18:51:19
/opt/airflow/dags/training_pipeline_dag.py                             1           0  0.10s           2026-04-25T18:51:21
================================================================================
[2026-04-25T18:52:20.393+0000] {manager.py:878} INFO - 
================================================================================
DAG File Processing Stats

File Path                                       PID  Runtime      # DAGs    # Errors  Last Runtime    Last Run
--------------------------------------------  -----  ---------  --------  ----------  --------------  -------------------
/opt/airflow/dags/training_pipeline_dag.py                             1           0  0.10s           2026-04-25T18:51:51
/opt/airflow/dags/monitoring_pipeline_dag.py    809  0.00s             1           0  0.10s           2026-04-25T18:51:50
/opt/airflow/dags/backfill_pipeline_dag.py      806  0.01s             1           0  0.10s           2026-04-25T18:51:50
================================================================================
[2026-04-25T18:52:50.650+0000] {manager.py:878} INFO - 
================================================================================
DAG File Processing Stats

File Path                                       PID  Runtime      # DAGs    # Errors  Last Runtime    Last Run
--------------------------------------------  -----  ---------  --------  ----------  --------------  -------------------
/opt/airflow/dags/monitoring_pipeline_dag.py    824  0.00s             1           0  0.12s           2026-04-25T18:52:20
/opt/airflow/dags/backfill_pipeline_dag.py      821  0.01s             1           0  0.10s           2026-04-25T18:52:20
/opt/airflow/dags/training_pipeline_dag.py                             1           0  0.09s           2026-04-25T18:52:21
================================================================================
[2026-04-25T18:53:20.907+0000] {manager.py:878} INFO - 
================================================================================
DAG File Processing Stats

File Path                                       PID  Runtime      # DAGs    # Errors  Last Runtime    Last Run
--------------------------------------------  -----  ---------  --------  ----------  --------------  -------------------
/opt/airflow/dags/monitoring_pipeline_dag.py    839  0.00s             1           0  0.11s           2026-04-25T18:52:50
/opt/airflow/dags/backfill_pipeline_dag.py      836  0.01s             1           0  0.10s           2026-04-25T18:52:50
/opt/airflow/dags/training_pipeline_dag.py                             1           0  0.09s           2026-04-25T18:52:51
================================================================================
[2026-04-25T18:53:51.167+0000] {manager.py:878} INFO - 
================================================================================
DAG File Processing Stats

File Path                                       PID  Runtime      # DAGs    # Errors  Last Runtime    Last Run
--------------------------------------------  -----  ---------  --------  ----------  --------------  -------------------
/opt/airflow/dags/monitoring_pipeline_dag.py    854  0.00s             1           0  0.11s           2026-04-25T18:53:21
/opt/airflow/dags/backfill_pipeline_dag.py      851  0.01s             1           0  0.10s           2026-04-25T18:53:21
/opt/airflow/dags/training_pipeline_dag.py                             1           0  0.10s           2026-04-25T18:53:22
================================================================================
[2026-04-25T18:54:13.376+0000] {manager.py:737} INFO - Searching for files in /opt/airflow/dags
[2026-04-25T18:54:13.377+0000] {manager.py:740} INFO - There are 3 files in /opt/airflow/dags
[2026-04-25T18:54:21.421+0000] {manager.py:878} INFO - 
================================================================================
DAG File Processing Stats

File Path                                       PID  Runtime      # DAGs    # Errors  Last Runtime    Last Run
--------------------------------------------  -----  ---------  --------  ----------  --------------  -------------------
/opt/airflow/dags/monitoring_pipeline_dag.py    869  0.00s             1           0  0.11s           2026-04-25T18:53:51
/opt/airflow/dags/backfill_pipeline_dag.py      866  0.01s             1           0  0.11s           2026-04-25T18:53:51
/opt/airflow/dags/training_pipeline_dag.py                             1           0  0.09s           2026-04-25T18:53:52
================================================================================
[2026-04-25T18:54:51.648+0000] {manager.py:878} INFO - 
================================================================================
DAG File Processing Stats

File Path                                       PID  Runtime      # DAGs    # Errors  Last Runtime    Last Run
--------------------------------------------  -----  ---------  --------  ----------  --------------  -------------------
/opt/airflow/dags/monitoring_pipeline_dag.py    884  0.00s             1           0  0.09s           2026-04-25T18:54:21
/opt/airflow/dags/backfill_pipeline_dag.py      881  0.01s             1           0  0.08s           2026-04-25T18:54:21
/opt/airflow/dags/training_pipeline_dag.py                             1           0  0.08s           2026-04-25T18:54:22
================================================================================
[2026-04-25T18:55:21.859+0000] {manager.py:878} INFO - 
================================================================================
DAG File Processing Stats

File Path                                       PID  Runtime      # DAGs    # Errors  Last Runtime    Last Run
--------------------------------------------  -----  ---------  --------  ----------  --------------  -------------------
/opt/airflow/dags/monitoring_pipeline_dag.py    899  0.00s             1           0  0.09s           2026-04-25T18:54:51
/opt/airflow/dags/backfill_pipeline_dag.py      896  0.01s             1           0  0.09s           2026-04-25T18:54:51
/opt/airflow/dags/training_pipeline_dag.py                             1           0  0.08s           2026-04-25T18:54:52
================================================================================
[2026-04-25T18:55:52.086+0000] {manager.py:878} INFO - 
================================================================================
DAG File Processing Stats

File Path                                       PID  Runtime      # DAGs    # Errors  Last Runtime    Last Run
--------------------------------------------  -----  ---------  --------  ----------  --------------  -------------------
/opt/airflow/dags/monitoring_pipeline_dag.py    914  0.00s             1           0  0.09s           2026-04-25T18:55:21
/opt/airflow/dags/backfill_pipeline_dag.py      911  0.01s             1           0  0.08s           2026-04-25T18:55:21
/opt/airflow/dags/training_pipeline_dag.py                             1           0  0.08s           2026-04-25T18:55:23
================================================================================
[2026-04-25T18:56:22.400+0000] {manager.py:878} INFO - 
================================================================================
DAG File Processing Stats

File Path                                       PID  Runtime      # DAGs    # Errors  Last Runtime    Last Run
--------------------------------------------  -----  ---------  --------  ----------  --------------  -------------------
/opt/airflow/dags/monitoring_pipeline_dag.py                           1           0  0.16s           2026-04-25T18:56:13
/opt/airflow/dags/training_pipeline_dag.py                             1           0  0.10s           2026-04-25T18:55:53
/opt/airflow/dags/backfill_pipeline_dag.py      931  0.00s             1           0  0.09s           2026-04-25T18:55:52
================================================================================
[2026-04-25T18:56:39.288+0000] {manager.py:452} INFO - Exiting gracefully upon receiving signal 15
[2026-04-25T19:00:02.556+0000] {manager.py:470} INFO - Processing files using up to 2 processes at a time 
[2026-04-25T19:00:02.557+0000] {manager.py:471} INFO - Process each file at most once every 30 seconds
[2026-04-25T19:00:02.557+0000] {manager.py:472} INFO - Checking for new files in /opt/airflow/dags every 300 seconds
[2026-04-25T19:00:02.557+0000] {manager.py:737} INFO - Searching for files in /opt/airflow/dags
[2026-04-25T19:00:02.558+0000] {manager.py:740} INFO - There are 3 files in /opt/airflow/dags
[2026-04-25T19:00:02.621+0000] {manager.py:878} INFO - 
================================================================================
DAG File Processing Stats

File Path                                       PID  Runtime      # DAGs    # Errors  Last Runtime    Last Run
--------------------------------------------  -----  ---------  --------  ----------  --------------  ----------
/opt/airflow/dags/monitoring_pipeline_dag.py    193  0.03s             0           0
/opt/airflow/dags/backfill_pipeline_dag.py      196  0.03s             0           0
/opt/airflow/dags/training_pipeline_dag.py                             0           0
================================================================================
[2026-04-25T19:00:32.998+0000] {manager.py:878} INFO - 
================================================================================
DAG File Processing Stats

File Path                                       PID  Runtime      # DAGs    # Errors  Last Runtime    Last Run
--------------------------------------------  -----  ---------  --------  ----------  --------------  -------------------
/opt/airflow/dags/monitoring_pipeline_dag.py    235  0.01s             1           0  0.27s           2026-04-25T19:00:02
/opt/airflow/dags/backfill_pipeline_dag.py      238  0.00s             1           0  0.25s           2026-04-25T19:00:02
/opt/airflow/dags/training_pipeline_dag.py                             1           0  0.15s           2026-04-25T19:00:02
================================================================================
[2026-04-25T19:01:03.238+0000] {manager.py:878} INFO - 
================================================================================
DAG File Processing Stats

File Path                                       PID  Runtime      # DAGs    # Errors  Last Runtime    Last Run
--------------------------------------------  -----  ---------  --------  ----------  --------------  -------------------
/opt/airflow/dags/monitoring_pipeline_dag.py    296  0.01s             1           0  0.09s           2026-04-25T19:00:33
/opt/airflow/dags/training_pipeline_dag.py                             1           0  0.09s           2026-04-25T19:00:33
/opt/airflow/dags/backfill_pipeline_dag.py      299  0.00s             1           0  0.08s           2026-04-25T19:00:33
================================================================================
[2026-04-25T19:01:33.471+0000] {manager.py:878} INFO - 
================================================================================
DAG File Processing Stats

File Path                                       PID  Runtime      # DAGs    # Errors  Last Runtime    Last Run
--------------------------------------------  -----  ---------  --------  ----------  --------------  -------------------
/opt/airflow/dags/monitoring_pipeline_dag.py    311  0.01s             1           0  0.09s           2026-04-25T19:01:03
/opt/airflow/dags/training_pipeline_dag.py                             1           0  0.09s           2026-04-25T19:01:03
/opt/airflow/dags/backfill_pipeline_dag.py      314  0.00s             1           0  0.08s           2026-04-25T19:01:03
================================================================================
[2026-04-25T19:02:03.674+0000] {manager.py:878} INFO - 
================================================================================
DAG File Processing Stats

File Path                                       PID  Runtime      # DAGs    # Errors  Last Runtime    Last Run
--------------------------------------------  -----  ---------  --------  ----------  --------------  -------------------
/opt/airflow/dags/monitoring_pipeline_dag.py    326  0.01s             1           0  0.11s           2026-04-25T19:01:33
/opt/airflow/dags/training_pipeline_dag.py                             1           0  0.10s           2026-04-25T19:01:33
/opt/airflow/dags/backfill_pipeline_dag.py      329  0.00s             1           0  0.09s           2026-04-25T19:01:33
================================================================================
[2026-04-25T19:02:33.915+0000] {manager.py:878} INFO - 
================================================================================
DAG File Processing Stats

File Path                                       PID  Runtime      # DAGs    # Errors  Last Runtime    Last Run
--------------------------------------------  -----  ---------  --------  ----------  --------------  -------------------
/opt/airflow/dags/monitoring_pipeline_dag.py    341  0.01s             1           0  0.09s           2026-04-25T19:02:03
/opt/airflow/dags/training_pipeline_dag.py                             1           0  0.08s           2026-04-25T19:02:03
/opt/airflow/dags/backfill_pipeline_dag.py      344  0.00s             1           0  0.08s           2026-04-25T19:02:03
================================================================================
[2026-04-25T19:03:04.159+0000] {manager.py:878} INFO - 
================================================================================
DAG File Processing Stats

File Path                                       PID  Runtime      # DAGs    # Errors  Last Runtime    Last Run
--------------------------------------------  -----  ---------  --------  ----------  --------------  -------------------
/opt/airflow/dags/monitoring_pipeline_dag.py    356  0.01s             1           0  0.10s           2026-04-25T19:02:34
/opt/airflow/dags/training_pipeline_dag.py                             1           0  0.09s           2026-04-25T19:02:34
/opt/airflow/dags/backfill_pipeline_dag.py      359  0.00s             1           0  0.09s           2026-04-25T19:02:33
================================================================================
[2026-04-25T19:03:34.408+0000] {manager.py:878} INFO - 
================================================================================
DAG File Processing Stats

File Path                                       PID  Runtime      # DAGs    # Errors  Last Runtime    Last Run
--------------------------------------------  -----  ---------  --------  ----------  --------------  -------------------
/opt/airflow/dags/monitoring_pipeline_dag.py    371  0.01s             1           0  0.09s           2026-04-25T19:03:04
/opt/airflow/dags/training_pipeline_dag.py                             1           0  0.09s           2026-04-25T19:03:04
/opt/airflow/dags/backfill_pipeline_dag.py      374  0.00s             1           0  0.08s           2026-04-25T19:03:04
================================================================================
[2026-04-25T19:04:03.540+0000] {manager.py:452} INFO - Exiting gracefully upon receiving signal 15
[2026-04-25T19:07:58.420+0000] {manager.py:470} INFO - Processing files using up to 2 processes at a time 
[2026-04-25T19:07:58.421+0000] {manager.py:471} INFO - Process each file at most once every 30 seconds
[2026-04-25T19:07:58.422+0000] {manager.py:472} INFO - Checking for new files in /opt/airflow/dags every 300 seconds
[2026-04-25T19:07:58.422+0000] {manager.py:737} INFO - Searching for files in /opt/airflow/dags
[2026-04-25T19:07:58.424+0000] {manager.py:740} INFO - There are 3 files in /opt/airflow/dags
[2026-04-25T19:07:58.516+0000] {manager.py:878} INFO - 
================================================================================
DAG File Processing Stats

File Path                                       PID  Runtime      # DAGs    # Errors  Last Runtime    Last Run
--------------------------------------------  -----  ---------  --------  ----------  --------------  ----------
/opt/airflow/dags/monitoring_pipeline_dag.py    193  0.04s             0           0
/opt/airflow/dags/backfill_pipeline_dag.py      196  0.04s             0           0
/opt/airflow/dags/training_pipeline_dag.py                             0           0
================================================================================
[2026-04-25T19:08:28.990+0000] {manager.py:878} INFO - 
================================================================================
DAG File Processing Stats

File Path                                       PID  Runtime      # DAGs    # Errors  Last Runtime    Last Run
--------------------------------------------  -----  ---------  --------  ----------  --------------  -------------------
/opt/airflow/dags/monitoring_pipeline_dag.py    209  0.01s             1           0  0.36s           2026-04-25T19:07:58
/opt/airflow/dags/backfill_pipeline_dag.py      212  0.00s             1           0  0.35s           2026-04-25T19:07:58
/opt/airflow/dags/training_pipeline_dag.py                             1           0  0.20s           2026-04-25T19:07:59
================================================================================
[2026-04-25T19:08:59.332+0000] {manager.py:878} INFO - 
================================================================================
DAG File Processing Stats

File Path                                       PID  Runtime      # DAGs    # Errors  Last Runtime    Last Run
--------------------------------------------  -----  ---------  --------  ----------  --------------  -------------------
/opt/airflow/dags/monitoring_pipeline_dag.py    224  0.02s             1           0  0.12s           2026-04-25T19:08:29
/opt/airflow/dags/backfill_pipeline_dag.py      227  0.01s             1           0  0.11s           2026-04-25T19:08:29
/opt/airflow/dags/training_pipeline_dag.py                             1           0  0.11s           2026-04-25T19:08:29
================================================================================
[2026-04-25T19:09:29.766+0000] {manager.py:878} INFO - 
================================================================================
DAG File Processing Stats

File Path                                       PID  Runtime      # DAGs    # Errors  Last Runtime    Last Run
--------------------------------------------  -----  ---------  --------  ----------  --------------  -------------------
/opt/airflow/dags/training_pipeline_dag.py                             1           0  0.37s           2026-04-25T19:08:59
/opt/airflow/dags/monitoring_pipeline_dag.py    239  0.01s             1           0  0.26s           2026-04-25T19:08:59
/opt/airflow/dags/backfill_pipeline_dag.py      242  0.00s             1           0  0.20s           2026-04-25T19:08:59
================================================================================
[2026-04-25T19:10:00.008+0000] {manager.py:878} INFO - 
================================================================================
DAG File Processing Stats

File Path                                       PID  Runtime      # DAGs    # Errors  Last Runtime    Last Run
--------------------------------------------  -----  ---------  --------  ----------  --------------  -------------------
/opt/airflow/dags/monitoring_pipeline_dag.py    254  0.01s             1           0  0.11s           2026-04-25T19:09:29
/opt/airflow/dags/training_pipeline_dag.py                             1           0  0.10s           2026-04-25T19:09:30
/opt/airflow/dags/backfill_pipeline_dag.py      257  0.00s             1           0  0.09s           2026-04-25T19:09:29
================================================================================
[2026-04-25T19:10:30.259+0000] {manager.py:878} INFO - 
================================================================================
DAG File Processing Stats

File Path                                       PID  Runtime      # DAGs    # Errors  Last Runtime    Last Run
--------------------------------------------  -----  ---------  --------  ----------  --------------  -------------------
/opt/airflow/dags/monitoring_pipeline_dag.py    269  0.01s             1           0  0.10s           2026-04-25T19:10:00
/opt/airflow/dags/training_pipeline_dag.py                             1           0  0.09s           2026-04-25T19:10:01
/opt/airflow/dags/backfill_pipeline_dag.py      272  0.00s             1           0  0.09s           2026-04-25T19:10:00
================================================================================
[2026-04-25T19:11:00.521+0000] {manager.py:878} INFO - 
================================================================================
DAG File Processing Stats

File Path                                       PID  Runtime      # DAGs    # Errors  Last Runtime    Last Run
--------------------------------------------  -----  ---------  --------  ----------  --------------  -------------------
/opt/airflow/dags/monitoring_pipeline_dag.py    284  0.01s             1           0  0.11s           2026-04-25T19:10:30
/opt/airflow/dags/training_pipeline_dag.py                             1           0  0.10s           2026-04-25T19:10:31
/opt/airflow/dags/backfill_pipeline_dag.py      287  0.00s             1           0  0.09s           2026-04-25T19:10:30
================================================================================
[2026-04-25T19:11:30.756+0000] {manager.py:878} INFO - 
================================================================================
DAG File Processing Stats

File Path                                       PID  Runtime      # DAGs    # Errors  Last Runtime    Last Run
--------------------------------------------  -----  ---------  --------  ----------  --------------  -------------------
/opt/airflow/dags/training_pipeline_dag.py                             1           0  0.11s           2026-04-25T19:11:01
/opt/airflow/dags/monitoring_pipeline_dag.py    299  0.01s             1           0  0.10s           2026-04-25T19:11:00
/opt/airflow/dags/backfill_pipeline_dag.py      302  0.00s             1           0  0.09s           2026-04-25T19:11:00
================================================================================
[2026-04-25T19:12:01.006+0000] {manager.py:878} INFO - 
================================================================================
DAG File Processing Stats

File Path                                       PID  Runtime      # DAGs    # Errors  Last Runtime    Last Run
--------------------------------------------  -----  ---------  --------  ----------  --------------  -------------------
/opt/airflow/dags/monitoring_pipeline_dag.py    340  0.01s             1           0  0.11s           2026-04-25T19:11:30
/opt/airflow/dags/training_pipeline_dag.py                             1           0  0.10s           2026-04-25T19:11:31
/opt/airflow/dags/backfill_pipeline_dag.py      343  0.00s             1           0  0.09s           2026-04-25T19:11:30
================================================================================
[2026-04-25T19:12:31.252+0000] {manager.py:878} INFO - 
================================================================================
DAG File Processing Stats

File Path                                       PID  Runtime      # DAGs    # Errors  Last Runtime    Last Run
--------------------------------------------  -----  ---------  --------  ----------  --------------  -------------------
/opt/airflow/dags/monitoring_pipeline_dag.py    355  0.01s             1           0  0.10s           2026-04-25T19:12:01
/opt/airflow/dags/training_pipeline_dag.py                             1           0  0.10s           2026-04-25T19:12:02
/opt/airflow/dags/backfill_pipeline_dag.py      358  0.00s             1           0  0.09s           2026-04-25T19:12:01
================================================================================
[2026-04-25T19:12:58.479+0000] {manager.py:737} INFO - Searching for files in /opt/airflow/dags
[2026-04-25T19:12:58.482+0000] {manager.py:740} INFO - There are 3 files in /opt/airflow/dags
[2026-04-25T19:13:01.517+0000] {manager.py:878} INFO - 
================================================================================
DAG File Processing Stats

File Path                                       PID  Runtime      # DAGs    # Errors  Last Runtime    Last Run
--------------------------------------------  -----  ---------  --------  ----------  --------------  -------------------
/opt/airflow/dags/monitoring_pipeline_dag.py    508  0.01s             1           0  0.10s           2026-04-25T19:12:31
/opt/airflow/dags/training_pipeline_dag.py                             1           0  0.10s           2026-04-25T19:12:32
/opt/airflow/dags/backfill_pipeline_dag.py      511  0.00s             1           0  0.09s           2026-04-25T19:12:31
================================================================================
[2026-04-25T19:13:31.770+0000] {manager.py:878} INFO - 
================================================================================
DAG File Processing Stats

File Path                                       PID  Runtime      # DAGs    # Errors  Last Runtime    Last Run
--------------------------------------------  -----  ---------  --------  ----------  --------------  -------------------
/opt/airflow/dags/monitoring_pipeline_dag.py    523  0.01s             1           0  0.11s           2026-04-25T19:13:01
/opt/airflow/dags/training_pipeline_dag.py                             1           0  0.10s           2026-04-25T19:13:02
/opt/airflow/dags/backfill_pipeline_dag.py      526  0.01s             1           0  0.09s           2026-04-25T19:13:01
================================================================================
[2026-04-25T19:14:02.025+0000] {manager.py:878} INFO - 
================================================================================
DAG File Processing Stats

File Path                                       PID  Runtime      # DAGs    # Errors  Last Runtime    Last Run
--------------------------------------------  -----  ---------  --------  ----------  --------------  -------------------
/opt/airflow/dags/monitoring_pipeline_dag.py    538  0.01s             1           0  0.12s           2026-04-25T19:13:31
/opt/airflow/dags/training_pipeline_dag.py                             1           0  0.10s           2026-04-25T19:13:32
/opt/airflow/dags/backfill_pipeline_dag.py      541  0.00s             1           0  0.10s           2026-04-25T19:13:31
================================================================================
[2026-04-25T19:14:32.287+0000] {manager.py:878} INFO - 
================================================================================
DAG File Processing Stats

File Path                                       PID  Runtime      # DAGs    # Errors  Last Runtime    Last Run
--------------------------------------------  -----  ---------  --------  ----------  --------------  -------------------
/opt/airflow/dags/monitoring_pipeline_dag.py    553  0.01s             1           0  0.11s           2026-04-25T19:14:02
/opt/airflow/dags/training_pipeline_dag.py                             1           0  0.11s           2026-04-25T19:14:03
/opt/airflow/dags/backfill_pipeline_dag.py      556  0.00s             1           0  0.09s           2026-04-25T19:14:02
================================================================================
[2026-04-25T19:15:02.553+0000] {manager.py:878} INFO - 
================================================================================
DAG File Processing Stats

File Path                                       PID  Runtime      # DAGs    # Errors  Last Runtime    Last Run
--------------------------------------------  -----  ---------  --------  ----------  --------------  -------------------
/opt/airflow/dags/monitoring_pipeline_dag.py    568  0.01s             1           0  0.11s           2026-04-25T19:14:32
/opt/airflow/dags/training_pipeline_dag.py                             1           0  0.09s           2026-04-25T19:14:33
/opt/airflow/dags/backfill_pipeline_dag.py      571  0.00s             1           0  0.09s           2026-04-25T19:14:32
================================================================================
[2026-04-25T19:15:32.820+0000] {manager.py:878} INFO - 
================================================================================
DAG File Processing Stats

File Path                                       PID  Runtime      # DAGs    # Errors  Last Runtime    Last Run
--------------------------------------------  -----  ---------  --------  ----------  --------------  -------------------
/opt/airflow/dags/monitoring_pipeline_dag.py    583  0.01s             1           0  0.11s           2026-04-25T19:15:02
/opt/airflow/dags/training_pipeline_dag.py                             1           0  0.11s           2026-04-25T19:15:03
/opt/airflow/dags/backfill_pipeline_dag.py      586  0.00s             1           0  0.09s           2026-04-25T19:15:02
================================================================================
[2026-04-25T19:15:57.636+0000] {manager.py:452} INFO - Exiting gracefully upon receiving signal 15
[2026-04-25T19:18:15.233+0000] {manager.py:470} INFO - Processing files using up to 2 processes at a time 
[2026-04-25T19:18:15.234+0000] {manager.py:471} INFO - Process each file at most once every 30 seconds
[2026-04-25T19:18:15.234+0000] {manager.py:472} INFO - Checking for new files in /opt/airflow/dags every 300 seconds
[2026-04-25T19:18:15.234+0000] {manager.py:737} INFO - Searching for files in /opt/airflow/dags
[2026-04-25T19:18:15.236+0000] {manager.py:740} INFO - There are 3 files in /opt/airflow/dags
[2026-04-25T19:18:15.310+0000] {manager.py:878} INFO - 
================================================================================
DAG File Processing Stats

File Path                                       PID  Runtime      # DAGs    # Errors  Last Runtime    Last Run
--------------------------------------------  -----  ---------  --------  ----------  --------------  ----------
/opt/airflow/dags/monitoring_pipeline_dag.py    175  0.04s             0           0
/opt/airflow/dags/backfill_pipeline_dag.py      178  0.03s             0           0
/opt/airflow/dags/training_pipeline_dag.py                             0           0
================================================================================
[2026-04-25T19:18:45.734+0000] {manager.py:878} INFO - 
================================================================================
DAG File Processing Stats

File Path                                       PID  Runtime      # DAGs    # Errors  Last Runtime    Last Run
--------------------------------------------  -----  ---------  --------  ----------  --------------  -------------------
/opt/airflow/dags/monitoring_pipeline_dag.py    191  0.01s             1           0  0.31s           2026-04-25T19:18:15
/opt/airflow/dags/backfill_pipeline_dag.py      194  0.00s             1           0  0.29s           2026-04-25T19:18:15
/opt/airflow/dags/training_pipeline_dag.py                             1           0  0.23s           2026-04-25T19:18:15
================================================================================
[2026-04-25T19:19:15.983+0000] {manager.py:878} INFO - 
================================================================================
DAG File Processing Stats

File Path                                       PID  Runtime      # DAGs    # Errors  Last Runtime    Last Run
--------------------------------------------  -----  ---------  --------  ----------  --------------  -------------------
/opt/airflow/dags/monitoring_pipeline_dag.py    206  0.01s             1           0  0.11s           2026-04-25T19:18:45
/opt/airflow/dags/backfill_pipeline_dag.py      209  0.00s             1           0  0.10s           2026-04-25T19:18:45
/opt/airflow/dags/training_pipeline_dag.py                             1           0  0.10s           2026-04-25T19:18:45
================================================================================
[2026-04-25T19:19:46.246+0000] {manager.py:878} INFO - 
================================================================================
DAG File Processing Stats

File Path                                       PID  Runtime      # DAGs    # Errors  Last Runtime    Last Run
--------------------------------------------  -----  ---------  --------  ----------  --------------  -------------------
/opt/airflow/dags/monitoring_pipeline_dag.py    221  0.01s             1           0  0.11s           2026-04-25T19:19:16
/opt/airflow/dags/backfill_pipeline_dag.py      224  0.00s             1           0  0.09s           2026-04-25T19:19:16
/opt/airflow/dags/training_pipeline_dag.py                             1           0  0.09s           2026-04-25T19:19:16
================================================================================
[2026-04-25T19:20:16.502+0000] {manager.py:878} INFO - 
================================================================================
DAG File Processing Stats

File Path                                       PID  Runtime      # DAGs    # Errors  Last Runtime    Last Run
--------------------------------------------  -----  ---------  --------  ----------  --------------  -------------------
/opt/airflow/dags/monitoring_pipeline_dag.py    417  0.01s             1           0  0.11s           2026-04-25T19:19:46
/opt/airflow/dags/training_pipeline_dag.py                             1           0  0.10s           2026-04-25T19:19:46
/opt/airflow/dags/backfill_pipeline_dag.py      420  0.00s             1           0  0.09s           2026-04-25T19:19:46
================================================================================
[2026-04-25T19:20:46.758+0000] {manager.py:878} INFO - 
================================================================================
DAG File Processing Stats

File Path                                       PID  Runtime      # DAGs    # Errors  Last Runtime    Last Run
--------------------------------------------  -----  ---------  --------  ----------  --------------  -------------------
/opt/airflow/dags/monitoring_pipeline_dag.py    455  0.01s             1           0  0.12s           2026-04-25T19:20:16
/opt/airflow/dags/backfill_pipeline_dag.py      458  0.00s             1           0  0.10s           2026-04-25T19:20:16
/opt/airflow/dags/training_pipeline_dag.py                             1           0  0.10s           2026-04-25T19:20:16
================================================================================
[2026-04-25T19:21:17.013+0000] {manager.py:878} INFO - 
================================================================================
DAG File Processing Stats

File Path                                       PID  Runtime      # DAGs    # Errors  Last Runtime    Last Run
--------------------------------------------  -----  ---------  --------  ----------  --------------  -------------------
/opt/airflow/dags/monitoring_pipeline_dag.py    470  0.01s             1           0  0.10s           2026-04-25T19:20:46
/opt/airflow/dags/training_pipeline_dag.py                             1           0  0.09s           2026-04-25T19:20:46
/opt/airflow/dags/backfill_pipeline_dag.py      473  0.00s             1           0  0.09s           2026-04-25T19:20:46
================================================================================
[2026-04-25T19:21:47.278+0000] {manager.py:878} INFO - 
================================================================================
DAG File Processing Stats

File Path                                       PID  Runtime      # DAGs    # Errors  Last Runtime    Last Run
--------------------------------------------  -----  ---------  --------  ----------  --------------  -------------------
/opt/airflow/dags/monitoring_pipeline_dag.py    485  0.01s             1           0  0.11s           2026-04-25T19:21:17
/opt/airflow/dags/training_pipeline_dag.py                             1           0  0.10s           2026-04-25T19:21:17
/opt/airflow/dags/backfill_pipeline_dag.py      488  0.00s             1           0  0.09s           2026-04-25T19:21:17
================================================================================
[2026-04-25T19:22:17.532+0000] {manager.py:878} INFO - 
================================================================================
DAG File Processing Stats

File Path                                       PID  Runtime      # DAGs    # Errors  Last Runtime    Last Run
--------------------------------------------  -----  ---------  --------  ----------  --------------  -------------------
/opt/airflow/dags/monitoring_pipeline_dag.py    500  0.01s             1           0  0.10s           2026-04-25T19:21:47
/opt/airflow/dags/training_pipeline_dag.py                             1           0  0.10s           2026-04-25T19:21:47
/opt/airflow/dags/backfill_pipeline_dag.py      503  0.00s             1           0  0.09s           2026-04-25T19:21:47
================================================================================
[2026-04-25T19:22:47.781+0000] {manager.py:878} INFO - 
================================================================================
DAG File Processing Stats

File Path                                       PID  Runtime      # DAGs    # Errors  Last Runtime    Last Run
--------------------------------------------  -----  ---------  --------  ----------  --------------  -------------------
/opt/airflow/dags/monitoring_pipeline_dag.py    515  0.01s             1           0  0.10s           2026-04-25T19:22:17
/opt/airflow/dags/training_pipeline_dag.py                             1           0  0.09s           2026-04-25T19:22:17
/opt/airflow/dags/backfill_pipeline_dag.py      518  0.00s             1           0  0.09s           2026-04-25T19:22:17
================================================================================
[2026-04-25T19:23:16.014+0000] {manager.py:737} INFO - Searching for files in /opt/airflow/dags
[2026-04-25T19:23:16.015+0000] {manager.py:740} INFO - There are 3 files in /opt/airflow/dags
[2026-04-25T19:23:18.042+0000] {manager.py:878} INFO - 
================================================================================
DAG File Processing Stats

File Path                                       PID  Runtime      # DAGs    # Errors  Last Runtime    Last Run
--------------------------------------------  -----  ---------  --------  ----------  --------------  -------------------
/opt/airflow/dags/training_pipeline_dag.py                             1           0  0.10s           2026-04-25T19:22:47
/opt/airflow/dags/monitoring_pipeline_dag.py    530  0.01s             1           0  0.10s           2026-04-25T19:22:47
/opt/airflow/dags/backfill_pipeline_dag.py      533  0.00s             1           0  0.09s           2026-04-25T19:22:47
================================================================================
[2026-04-25T19:23:48.303+0000] {manager.py:878} INFO - 
================================================================================
DAG File Processing Stats

File Path                                       PID  Runtime      # DAGs    # Errors  Last Runtime    Last Run
--------------------------------------------  -----  ---------  --------  ----------  --------------  -------------------
/opt/airflow/dags/monitoring_pipeline_dag.py    545  0.01s             1           0  0.11s           2026-04-25T19:23:18
/opt/airflow/dags/training_pipeline_dag.py                             1           0  0.10s           2026-04-25T19:23:18
/opt/airflow/dags/backfill_pipeline_dag.py      548  0.00s             1           0  0.09s           2026-04-25T19:23:18
================================================================================
[2026-04-25T19:24:18.554+0000] {manager.py:878} INFO - 
================================================================================
DAG File Processing Stats

File Path                                       PID  Runtime      # DAGs    # Errors  Last Runtime    Last Run
--------------------------------------------  -----  ---------  --------  ----------  --------------  -------------------
/opt/airflow/dags/monitoring_pipeline_dag.py    560  0.01s             1           0  0.10s           2026-04-25T19:23:48
/opt/airflow/dags/training_pipeline_dag.py                             1           0  0.09s           2026-04-25T19:23:48
/opt/airflow/dags/backfill_pipeline_dag.py      563  0.00s             1           0  0.09s           2026-04-25T19:23:48
================================================================================
[2026-04-25T19:24:48.800+0000] {manager.py:878} INFO - 
================================================================================
DAG File Processing Stats

File Path                                       PID  Runtime      # DAGs    # Errors  Last Runtime    Last Run
--------------------------------------------  -----  ---------  --------  ----------  --------------  -------------------
/opt/airflow/dags/training_pipeline_dag.py                             1           0  0.10s           2026-04-25T19:24:18
/opt/airflow/dags/monitoring_pipeline_dag.py    575  0.01s             1           0  0.10s           2026-04-25T19:24:18
/opt/airflow/dags/backfill_pipeline_dag.py      578  0.00s             1           0  0.09s           2026-04-25T19:24:18
================================================================================
[2026-04-25T19:25:19.057+0000] {manager.py:878} INFO - 
================================================================================
DAG File Processing Stats

File Path                                       PID  Runtime      # DAGs    # Errors  Last Runtime    Last Run
--------------------------------------------  -----  ---------  --------  ----------  --------------  -------------------
/opt/airflow/dags/training_pipeline_dag.py                             1           0  0.11s           2026-04-25T19:24:48
/opt/airflow/dags/monitoring_pipeline_dag.py    590  0.01s             1           0  0.11s           2026-04-25T19:24:48
/opt/airflow/dags/backfill_pipeline_dag.py      593  0.00s             1           0  0.09s           2026-04-25T19:24:48
================================================================================
[2026-04-25T19:25:29.119+0000] {manager.py:452} INFO - Exiting gracefully upon receiving signal 15
[2026-04-27T11:29:46.471+0000] {manager.py:470} INFO - Processing files using up to 2 processes at a time 
[2026-04-27T11:29:46.472+0000] {manager.py:471} INFO - Process each file at most once every 30 seconds
[2026-04-27T11:29:46.473+0000] {manager.py:472} INFO - Checking for new files in /opt/airflow/dags every 300 seconds
[2026-04-27T11:29:46.473+0000] {manager.py:737} INFO - Searching for files in /opt/airflow/dags
[2026-04-27T11:29:46.476+0000] {manager.py:740} INFO - There are 3 files in /opt/airflow/dags
[2026-04-27T11:29:46.542+0000] {manager.py:878} INFO - 
================================================================================
DAG File Processing Stats

File Path                                       PID  Runtime      # DAGs    # Errors  Last Runtime    Last Run
--------------------------------------------  -----  ---------  --------  ----------  --------------  ----------
/opt/airflow/dags/monitoring_pipeline_dag.py    175  0.03s             0           0
/opt/airflow/dags/backfill_pipeline_dag.py      178  0.03s             0           0
/opt/airflow/dags/training_pipeline_dag.py                             0           0
================================================================================
[2026-04-27T11:30:15.846+0000] {manager.py:878} INFO - 
================================================================================
DAG File Processing Stats

File Path                                     PID    Runtime      # DAGs    # Errors  Last Runtime    Last Run
--------------------------------------------  -----  ---------  --------  ----------  --------------  -------------------
/opt/airflow/dags/monitoring_pipeline_dag.py                           1           0  0.26s           2026-04-27T11:29:46
/opt/airflow/dags/backfill_pipeline_dag.py                             1           0  0.25s           2026-04-27T11:29:46
/opt/airflow/dags/training_pipeline_dag.py                             1           0  0.16s           2026-04-27T11:29:46
================================================================================
[2026-04-27T11:30:45.185+0000] {manager.py:878} INFO - 
================================================================================
DAG File Processing Stats

File Path                                     PID    Runtime      # DAGs    # Errors  Last Runtime    Last Run
--------------------------------------------  -----  ---------  --------  ----------  --------------  -------------------
/opt/airflow/dags/monitoring_pipeline_dag.py                           1           0  0.09s           2026-04-27T11:30:16
/opt/airflow/dags/backfill_pipeline_dag.py                             1           0  0.08s           2026-04-27T11:30:16
/opt/airflow/dags/training_pipeline_dag.py                             1           0  0.08s           2026-04-27T11:30:17
================================================================================
[2026-04-27T11:31:14.484+0000] {manager.py:878} INFO - 
================================================================================
DAG File Processing Stats

File Path                                     PID    Runtime      # DAGs    # Errors  Last Runtime    Last Run
--------------------------------------------  -----  ---------  --------  ----------  --------------  -------------------
/opt/airflow/dags/monitoring_pipeline_dag.py                           1           0  0.08s           2026-04-27T11:30:47
/opt/airflow/dags/training_pipeline_dag.py                             1           0  0.07s           2026-04-27T11:30:47
/opt/airflow/dags/backfill_pipeline_dag.py                             1           0  0.07s           2026-04-27T11:30:47
================================================================================
[2026-04-27T11:31:43.760+0000] {manager.py:878} INFO - 
================================================================================
DAG File Processing Stats

File Path                                     PID    Runtime      # DAGs    # Errors  Last Runtime    Last Run
--------------------------------------------  -----  ---------  --------  ----------  --------------  -------------------
/opt/airflow/dags/monitoring_pipeline_dag.py                           1           0  0.10s           2026-04-27T11:31:17
/opt/airflow/dags/backfill_pipeline_dag.py                             1           0  0.08s           2026-04-27T11:31:17
/opt/airflow/dags/training_pipeline_dag.py                             1           0  0.08s           2026-04-27T11:31:17
================================================================================
[2026-04-27T11:32:13.128+0000] {manager.py:878} INFO - 
================================================================================
DAG File Processing Stats

File Path                                     PID    Runtime      # DAGs    # Errors  Last Runtime    Last Run
--------------------------------------------  -----  ---------  --------  ----------  --------------  -------------------
/opt/airflow/dags/training_pipeline_dag.py                             1           0  0.08s           2026-04-27T11:31:47
/opt/airflow/dags/monitoring_pipeline_dag.py                           1           0  0.08s           2026-04-27T11:31:47
/opt/airflow/dags/backfill_pipeline_dag.py                             1           0  0.07s           2026-04-27T11:31:47
================================================================================
[2026-04-27T11:32:42.468+0000] {manager.py:878} INFO - 
================================================================================
DAG File Processing Stats

File Path                                     PID    Runtime      # DAGs    # Errors  Last Runtime    Last Run
--------------------------------------------  -----  ---------  --------  ----------  --------------  -------------------
/opt/airflow/dags/training_pipeline_dag.py                             1           0  0.08s           2026-04-27T11:32:18
/opt/airflow/dags/monitoring_pipeline_dag.py                           1           0  0.08s           2026-04-27T11:32:18
/opt/airflow/dags/backfill_pipeline_dag.py                             1           0  0.08s           2026-04-27T11:32:18
================================================================================
[2026-04-27T11:33:11.735+0000] {manager.py:878} INFO - 
================================================================================
DAG File Processing Stats

File Path                                     PID    Runtime      # DAGs    # Errors  Last Runtime    Last Run
--------------------------------------------  -----  ---------  --------  ----------  --------------  -------------------
/opt/airflow/dags/monitoring_pipeline_dag.py                           1           0  0.08s           2026-04-27T11:32:48
/opt/airflow/dags/training_pipeline_dag.py                             1           0  0.08s           2026-04-27T11:32:48
/opt/airflow/dags/backfill_pipeline_dag.py                             1           0  0.07s           2026-04-27T11:32:48
================================================================================
[2026-04-27T11:33:41.121+0000] {manager.py:878} INFO - 
================================================================================
DAG File Processing Stats

File Path                                     PID    Runtime      # DAGs    # Errors  Last Runtime    Last Run
--------------------------------------------  -----  ---------  --------  ----------  --------------  -------------------
/opt/airflow/dags/monitoring_pipeline_dag.py                           1           0  0.09s           2026-04-27T11:33:18
/opt/airflow/dags/training_pipeline_dag.py                             1           0  0.09s           2026-04-27T11:33:18
/opt/airflow/dags/backfill_pipeline_dag.py                             1           0  0.08s           2026-04-27T11:33:18
================================================================================
[2026-04-27T11:34:10.472+0000] {manager.py:878} INFO - 
================================================================================
DAG File Processing Stats

File Path                                     PID    Runtime      # DAGs    # Errors  Last Runtime    Last Run
--------------------------------------------  -----  ---------  --------  ----------  --------------  -------------------
/opt/airflow/dags/monitoring_pipeline_dag.py                           1           0  0.08s           2026-04-27T11:33:49
/opt/airflow/dags/training_pipeline_dag.py                             1           0  0.07s           2026-04-27T11:33:49
/opt/airflow/dags/backfill_pipeline_dag.py                             1           0  0.07s           2026-04-27T11:33:49
================================================================================
[2026-04-27T11:34:39.744+0000] {manager.py:878} INFO - 
================================================================================
DAG File Processing Stats

File Path                                     PID    Runtime      # DAGs    # Errors  Last Runtime    Last Run
--------------------------------------------  -----  ---------  --------  ----------  --------------  -------------------
/opt/airflow/dags/training_pipeline_dag.py                             1           0  0.08s           2026-04-27T11:34:19
/opt/airflow/dags/monitoring_pipeline_dag.py                           1           0  0.08s           2026-04-27T11:34:19
/opt/airflow/dags/backfill_pipeline_dag.py                             1           0  0.07s           2026-04-27T11:34:19
================================================================================
[2026-04-27T11:34:46.810+0000] {manager.py:737} INFO - Searching for files in /opt/airflow/dags
[2026-04-27T11:34:46.813+0000] {manager.py:740} INFO - There are 3 files in /opt/airflow/dags
[2026-04-27T11:35:09.023+0000] {manager.py:878} INFO - 
================================================================================
DAG File Processing Stats

File Path                                     PID    Runtime      # DAGs    # Errors  Last Runtime    Last Run
--------------------------------------------  -----  ---------  --------  ----------  --------------  -------------------
/opt/airflow/dags/training_pipeline_dag.py                             1           0  0.08s           2026-04-27T11:34:50
/opt/airflow/dags/monitoring_pipeline_dag.py                           1           0  0.08s           2026-04-27T11:34:49
/opt/airflow/dags/backfill_pipeline_dag.py                             1           0  0.07s           2026-04-27T11:34:49
================================================================================
[2026-04-27T11:35:38.237+0000] {manager.py:452} INFO - Exiting gracefully upon receiving signal 15
[2026-04-27T11:37:10.197+0000] {manager.py:470} INFO - Processing files using up to 2 processes at a time 
[2026-04-27T11:37:10.198+0000] {manager.py:471} INFO - Process each file at most once every 30 seconds
[2026-04-27T11:37:10.198+0000] {manager.py:472} INFO - Checking for new files in /opt/airflow/dags every 300 seconds
[2026-04-27T11:37:10.198+0000] {manager.py:737} INFO - Searching for files in /opt/airflow/dags
[2026-04-27T11:37:10.199+0000] {manager.py:740} INFO - There are 3 files in /opt/airflow/dags
[2026-04-27T11:37:10.263+0000] {manager.py:878} INFO - 
================================================================================
DAG File Processing Stats

File Path                                       PID  Runtime      # DAGs    # Errors  Last Runtime    Last Run
--------------------------------------------  -----  ---------  --------  ----------  --------------  ----------
/opt/airflow/dags/monitoring_pipeline_dag.py    175  0.03s             0           0
/opt/airflow/dags/backfill_pipeline_dag.py      178  0.03s             0           0
/opt/airflow/dags/training_pipeline_dag.py                             0           0
================================================================================
[2026-04-27T11:37:39.575+0000] {manager.py:878} INFO - 
================================================================================
DAG File Processing Stats

File Path                                     PID    Runtime      # DAGs    # Errors  Last Runtime    Last Run
--------------------------------------------  -----  ---------  --------  ----------  --------------  -------------------
/opt/airflow/dags/monitoring_pipeline_dag.py                           1           0  0.26s           2026-04-27T11:37:10
/opt/airflow/dags/backfill_pipeline_dag.py                             1           0  0.25s           2026-04-27T11:37:10
/opt/airflow/dags/training_pipeline_dag.py                             1           0  0.17s           2026-04-27T11:37:10
================================================================================
[2026-04-27T11:38:08.740+0000] {manager.py:878} INFO - 
================================================================================
DAG File Processing Stats

File Path                                     PID    Runtime      # DAGs    # Errors  Last Runtime    Last Run
--------------------------------------------  -----  ---------  --------  ----------  --------------  -------------------
/opt/airflow/dags/monitoring_pipeline_dag.py                           1           0  0.09s           2026-04-27T11:37:40
/opt/airflow/dags/backfill_pipeline_dag.py                             1           0  0.08s           2026-04-27T11:37:40
/opt/airflow/dags/training_pipeline_dag.py                             1           0  0.08s           2026-04-27T11:37:40
================================================================================
[2026-04-27T11:38:37.987+0000] {manager.py:878} INFO - 
================================================================================
DAG File Processing Stats

File Path                                     PID    Runtime      # DAGs    # Errors  Last Runtime    Last Run
--------------------------------------------  -----  ---------  --------  ----------  --------------  -------------------
/opt/airflow/dags/monitoring_pipeline_dag.py                           1           0  0.09s           2026-04-27T11:38:10
/opt/airflow/dags/training_pipeline_dag.py                             1           0  0.08s           2026-04-27T11:38:10
/opt/airflow/dags/backfill_pipeline_dag.py                             1           0  0.08s           2026-04-27T11:38:10
================================================================================
[2026-04-27T11:39:07.225+0000] {manager.py:878} INFO - 
================================================================================
DAG File Processing Stats

File Path                                     PID    Runtime      # DAGs    # Errors  Last Runtime    Last Run
--------------------------------------------  -----  ---------  --------  ----------  --------------  -------------------
/opt/airflow/dags/monitoring_pipeline_dag.py                           1           0  0.08s           2026-04-27T11:38:41
/opt/airflow/dags/training_pipeline_dag.py                             1           0  0.07s           2026-04-27T11:38:41
/opt/airflow/dags/backfill_pipeline_dag.py                             1           0  0.07s           2026-04-27T11:38:41
================================================================================
[2026-04-27T11:39:36.454+0000] {manager.py:878} INFO - 
================================================================================
DAG File Processing Stats

File Path                                     PID    Runtime      # DAGs    # Errors  Last Runtime    Last Run
--------------------------------------------  -----  ---------  --------  ----------  --------------  -------------------
/opt/airflow/dags/monitoring_pipeline_dag.py                           1           0  0.08s           2026-04-27T11:39:11
/opt/airflow/dags/backfill_pipeline_dag.py                             1           0  0.07s           2026-04-27T11:39:11
/opt/airflow/dags/training_pipeline_dag.py                             1           0  0.07s           2026-04-27T11:39:11
================================================================================
[2026-04-27T11:40:05.657+0000] {manager.py:878} INFO - 
================================================================================
DAG File Processing Stats

File Path                                     PID    Runtime      # DAGs    # Errors  Last Runtime    Last Run
--------------------------------------------  -----  ---------  --------  ----------  --------------  -------------------
/opt/airflow/dags/monitoring_pipeline_dag.py                           1           0  0.08s           2026-04-27T11:39:41
/opt/airflow/dags/training_pipeline_dag.py                             1           0  0.07s           2026-04-27T11:39:41
/opt/airflow/dags/backfill_pipeline_dag.py                             1           0  0.07s           2026-04-27T11:39:41
================================================================================
[2026-04-27T11:40:35.082+0000] {manager.py:878} INFO - 
================================================================================
DAG File Processing Stats

File Path                                     PID    Runtime      # DAGs    # Errors  Last Runtime    Last Run
--------------------------------------------  -----  ---------  --------  ----------  --------------  -------------------
/opt/airflow/dags/monitoring_pipeline_dag.py                           1           0  0.08s           2026-04-27T11:40:11
/opt/airflow/dags/training_pipeline_dag.py                             1           0  0.07s           2026-04-27T11:40:11
/opt/airflow/dags/backfill_pipeline_dag.py                             1           0  0.07s           2026-04-27T11:40:11
================================================================================
[2026-04-27T11:41:04.304+0000] {manager.py:878} INFO - 
================================================================================
DAG File Processing Stats

File Path                                     PID    Runtime      # DAGs    # Errors  Last Runtime    Last Run
--------------------------------------------  -----  ---------  --------  ----------  --------------  -------------------
/opt/airflow/dags/monitoring_pipeline_dag.py                           1           0  0.08s           2026-04-27T11:40:42
/opt/airflow/dags/training_pipeline_dag.py                             1           0  0.08s           2026-04-27T11:40:42
/opt/airflow/dags/backfill_pipeline_dag.py                             1           0  0.08s           2026-04-27T11:40:42
================================================================================
[2026-04-27T11:41:33.494+0000] {manager.py:878} INFO - 
================================================================================
DAG File Processing Stats

File Path                                     PID    Runtime      # DAGs    # Errors  Last Runtime    Last Run
--------------------------------------------  -----  ---------  --------  ----------  --------------  -------------------
/opt/airflow/dags/monitoring_pipeline_dag.py                           1           0  0.09s           2026-04-27T11:41:12
/opt/airflow/dags/training_pipeline_dag.py                             1           0  0.09s           2026-04-27T11:41:12
/opt/airflow/dags/backfill_pipeline_dag.py                             1           0  0.08s           2026-04-27T11:41:12
================================================================================
[2026-04-27T11:42:02.696+0000] {manager.py:878} INFO - 
================================================================================
DAG File Processing Stats

File Path                                     PID    Runtime      # DAGs    # Errors  Last Runtime    Last Run
--------------------------------------------  -----  ---------  --------  ----------  --------------  -------------------
/opt/airflow/dags/monitoring_pipeline_dag.py                           1           0  0.09s           2026-04-27T11:41:42
/opt/airflow/dags/backfill_pipeline_dag.py                             1           0  0.08s           2026-04-27T11:41:42
/opt/airflow/dags/training_pipeline_dag.py                             1           0  0.08s           2026-04-27T11:41:42
================================================================================
[2026-04-27T11:42:10.764+0000] {manager.py:737} INFO - Searching for files in /opt/airflow/dags
[2026-04-27T11:42:10.765+0000] {manager.py:740} INFO - There are 3 files in /opt/airflow/dags
[2026-04-27T11:42:31.937+0000] {manager.py:878} INFO - 
================================================================================
DAG File Processing Stats

File Path                                     PID    Runtime      # DAGs    # Errors  Last Runtime    Last Run
--------------------------------------------  -----  ---------  --------  ----------  --------------  -------------------
/opt/airflow/dags/monitoring_pipeline_dag.py                           1           0  0.09s           2026-04-27T11:42:12
/opt/airflow/dags/backfill_pipeline_dag.py                             1           0  0.08s           2026-04-27T11:42:12
/opt/airflow/dags/training_pipeline_dag.py                             1           0  0.08s           2026-04-27T11:42:12
================================================================================
[2026-04-27T11:43:01.107+0000] {manager.py:878} INFO - 
================================================================================
DAG File Processing Stats

File Path                                     PID    Runtime      # DAGs    # Errors  Last Runtime    Last Run
--------------------------------------------  -----  ---------  --------  ----------  --------------  -------------------
/opt/airflow/dags/monitoring_pipeline_dag.py                           1           0  0.08s           2026-04-27T11:42:43
/opt/airflow/dags/training_pipeline_dag.py                             1           0  0.08s           2026-04-27T11:42:43
/opt/airflow/dags/backfill_pipeline_dag.py                             1           0  0.07s           2026-04-27T11:42:43
================================================================================
[2026-04-27T11:43:30.273+0000] {manager.py:878} INFO - 
================================================================================
DAG File Processing Stats

File Path                                     PID    Runtime      # DAGs    # Errors  Last Runtime    Last Run
--------------------------------------------  -----  ---------  --------  ----------  --------------  -------------------
/opt/airflow/dags/monitoring_pipeline_dag.py                           1           0  0.09s           2026-04-27T11:43:13
/opt/airflow/dags/training_pipeline_dag.py                             1           0  0.08s           2026-04-27T11:43:13
/opt/airflow/dags/backfill_pipeline_dag.py                             1           0  0.08s           2026-04-27T11:43:13
================================================================================
[2026-04-27T11:43:42.228+0000] {manager.py:452} INFO - Exiting gracefully upon receiving signal 15
[2026-04-27T11:44:16.242+0000] {manager.py:470} INFO - Processing files using up to 2 processes at a time 
[2026-04-27T11:44:16.243+0000] {manager.py:471} INFO - Process each file at most once every 30 seconds
[2026-04-27T11:44:16.243+0000] {manager.py:472} INFO - Checking for new files in /opt/airflow/dags every 300 seconds
[2026-04-27T11:44:16.243+0000] {manager.py:737} INFO - Searching for files in /opt/airflow/dags
[2026-04-27T11:44:16.244+0000] {manager.py:740} INFO - There are 3 files in /opt/airflow/dags
[2026-04-27T11:44:16.307+0000] {manager.py:878} INFO - 
================================================================================
DAG File Processing Stats

File Path                                       PID  Runtime      # DAGs    # Errors  Last Runtime    Last Run
--------------------------------------------  -----  ---------  --------  ----------  --------------  ----------
/opt/airflow/dags/monitoring_pipeline_dag.py    175  0.03s             0           0
/opt/airflow/dags/backfill_pipeline_dag.py      178  0.03s             0           0
/opt/airflow/dags/training_pipeline_dag.py                             0           0
================================================================================
[2026-04-27T11:44:45.834+0000] {manager.py:878} INFO - 
================================================================================
DAG File Processing Stats

File Path                                     PID    Runtime      # DAGs    # Errors  Last Runtime    Last Run
--------------------------------------------  -----  ---------  --------  ----------  --------------  -------------------
/opt/airflow/dags/monitoring_pipeline_dag.py                           1           0  0.25s           2026-04-27T11:44:16
/opt/airflow/dags/backfill_pipeline_dag.py                             1           0  0.24s           2026-04-27T11:44:16
/opt/airflow/dags/training_pipeline_dag.py                             1           0  0.17s           2026-04-27T11:44:16
================================================================================
[2026-04-27T11:45:16.087+0000] {manager.py:878} INFO - 
================================================================================
DAG File Processing Stats

File Path                                     PID    Runtime      # DAGs    # Errors  Last Runtime    Last Run
--------------------------------------------  -----  ---------  --------  ----------  --------------  -------------------
/opt/airflow/dags/monitoring_pipeline_dag.py                           1           0  0.09s           2026-04-27T11:44:46
/opt/airflow/dags/training_pipeline_dag.py                             1           0  0.08s           2026-04-27T11:44:47
/opt/airflow/dags/backfill_pipeline_dag.py                             1           0  0.08s           2026-04-27T11:44:46
================================================================================
[2026-04-27T11:45:44.756+0000] {manager.py:878} INFO - 
================================================================================
DAG File Processing Stats

File Path                                     PID    Runtime      # DAGs    # Errors  Last Runtime    Last Run
--------------------------------------------  -----  ---------  --------  ----------  --------------  -------------------
/opt/airflow/dags/monitoring_pipeline_dag.py                           1           0  0.08s           2026-04-27T11:45:17
/opt/airflow/dags/training_pipeline_dag.py                             1           0  0.08s           2026-04-27T11:45:17
/opt/airflow/dags/backfill_pipeline_dag.py                             1           0  0.07s           2026-04-27T11:45:17
================================================================================
[2026-04-27T11:46:13.637+0000] {manager.py:878} INFO - 
================================================================================
DAG File Processing Stats

File Path                                     PID    Runtime      # DAGs    # Errors  Last Runtime    Last Run
--------------------------------------------  -----  ---------  --------  ----------  --------------  -------------------
/opt/airflow/dags/monitoring_pipeline_dag.py                           1           0  0.09s           2026-04-27T11:45:47
/opt/airflow/dags/training_pipeline_dag.py                             1           0  0.08s           2026-04-27T11:45:47
/opt/airflow/dags/backfill_pipeline_dag.py                             1           0  0.07s           2026-04-27T11:45:47
================================================================================
[2026-04-27T11:46:42.974+0000] {manager.py:878} INFO - 
================================================================================
DAG File Processing Stats

File Path                                     PID    Runtime      # DAGs    # Errors  Last Runtime    Last Run
--------------------------------------------  -----  ---------  --------  ----------  --------------  -------------------
/opt/airflow/dags/monitoring_pipeline_dag.py                           1           0  0.08s           2026-04-27T11:46:18
/opt/airflow/dags/backfill_pipeline_dag.py                             1           0  0.07s           2026-04-27T11:46:18
/opt/airflow/dags/training_pipeline_dag.py                             1           0  0.07s           2026-04-27T11:46:18
================================================================================
[2026-04-27T11:47:12.181+0000] {manager.py:878} INFO - 
================================================================================
DAG File Processing Stats

File Path                                     PID    Runtime      # DAGs    # Errors  Last Runtime    Last Run
--------------------------------------------  -----  ---------  --------  ----------  --------------  -------------------
/opt/airflow/dags/monitoring_pipeline_dag.py                           1           0  0.08s           2026-04-27T11:46:49
/opt/airflow/dags/training_pipeline_dag.py                             1           0  0.08s           2026-04-27T11:46:49
/opt/airflow/dags/backfill_pipeline_dag.py                             1           0  0.07s           2026-04-27T11:46:49
================================================================================
[2026-04-27T11:47:41.382+0000] {manager.py:878} INFO - 
================================================================================
DAG File Processing Stats

File Path                                     PID    Runtime      # DAGs    # Errors  Last Runtime    Last Run
--------------------------------------------  -----  ---------  --------  ----------  --------------  -------------------
/opt/airflow/dags/monitoring_pipeline_dag.py                           1           0  0.09s           2026-04-27T11:47:19
/opt/airflow/dags/training_pipeline_dag.py                             1           0  0.08s           2026-04-27T11:47:19
/opt/airflow/dags/backfill_pipeline_dag.py                             1           0  0.07s           2026-04-27T11:47:19
================================================================================
[2026-04-27T11:48:10.625+0000] {manager.py:878} INFO - 
================================================================================
DAG File Processing Stats

File Path                                     PID    Runtime      # DAGs    # Errors  Last Runtime    Last Run
--------------------------------------------  -----  ---------  --------  ----------  --------------  -------------------
/opt/airflow/dags/monitoring_pipeline_dag.py                           1           0  0.08s           2026-04-27T11:47:49
/opt/airflow/dags/training_pipeline_dag.py                             1           0  0.08s           2026-04-27T11:47:49
/opt/airflow/dags/backfill_pipeline_dag.py                             1           0  0.07s           2026-04-27T11:47:49
================================================================================
[2026-04-27T11:48:39.831+0000] {manager.py:878} INFO - 
================================================================================
DAG File Processing Stats

File Path                                     PID    Runtime      # DAGs    # Errors  Last Runtime    Last Run
--------------------------------------------  -----  ---------  --------  ----------  --------------  -------------------
/opt/airflow/dags/monitoring_pipeline_dag.py                           1           0  0.09s           2026-04-27T11:48:19
/opt/airflow/dags/backfill_pipeline_dag.py                             1           0  0.08s           2026-04-27T11:48:19
/opt/airflow/dags/training_pipeline_dag.py                             1           0  0.08s           2026-04-27T11:48:19
================================================================================
[2026-04-27T11:49:10.094+0000] {manager.py:878} INFO - 
================================================================================
DAG File Processing Stats

File Path                                     PID    Runtime      # DAGs    # Errors  Last Runtime    Last Run
--------------------------------------------  -----  ---------  --------  ----------  --------------  -------------------
/opt/airflow/dags/training_pipeline_dag.py                             1           0  0.08s           2026-04-27T11:48:50
/opt/airflow/dags/monitoring_pipeline_dag.py                           1           0  0.08s           2026-04-27T11:48:49
/opt/airflow/dags/backfill_pipeline_dag.py                             1           0  0.07s           2026-04-27T11:48:49
================================================================================
[2026-04-27T11:49:15.998+0000] {manager.py:452} INFO - Exiting gracefully upon receiving signal 15
[2026-04-27T11:49:51.802+0000] {manager.py:470} INFO - Processing files using up to 2 processes at a time 
[2026-04-27T11:49:51.803+0000] {manager.py:471} INFO - Process each file at most once every 30 seconds
[2026-04-27T11:49:51.803+0000] {manager.py:472} INFO - Checking for new files in /opt/airflow/dags every 300 seconds
[2026-04-27T11:49:51.803+0000] {manager.py:737} INFO - Searching for files in /opt/airflow/dags
[2026-04-27T11:49:51.804+0000] {manager.py:740} INFO - There are 3 files in /opt/airflow/dags
[2026-04-27T11:49:51.867+0000] {manager.py:878} INFO - 
================================================================================
DAG File Processing Stats

File Path                                       PID  Runtime      # DAGs    # Errors  Last Runtime    Last Run
--------------------------------------------  -----  ---------  --------  ----------  --------------  ----------
/opt/airflow/dags/monitoring_pipeline_dag.py    175  0.03s             0           0
/opt/airflow/dags/backfill_pipeline_dag.py      178  0.03s             0           0
/opt/airflow/dags/training_pipeline_dag.py                             0           0
================================================================================
[2026-04-27T11:50:21.189+0000] {manager.py:878} INFO - 
================================================================================
DAG File Processing Stats

File Path                                     PID    Runtime      # DAGs    # Errors  Last Runtime    Last Run
--------------------------------------------  -----  ---------  --------  ----------  --------------  -------------------
/opt/airflow/dags/monitoring_pipeline_dag.py                           1           0  0.25s           2026-04-27T11:49:52
/opt/airflow/dags/backfill_pipeline_dag.py                             1           0  0.25s           2026-04-27T11:49:52
/opt/airflow/dags/training_pipeline_dag.py                             1           0  0.14s           2026-04-27T11:49:52
================================================================================
[2026-04-27T11:50:50.412+0000] {manager.py:878} INFO - 
================================================================================
DAG File Processing Stats

File Path                                     PID    Runtime      # DAGs    # Errors  Last Runtime    Last Run
--------------------------------------------  -----  ---------  --------  ----------  --------------  -------------------
/opt/airflow/dags/monitoring_pipeline_dag.py                           1           0  0.08s           2026-04-27T11:50:22
/opt/airflow/dags/training_pipeline_dag.py                             1           0  0.08s           2026-04-27T11:50:22
/opt/airflow/dags/backfill_pipeline_dag.py                             1           0  0.07s           2026-04-27T11:50:22
================================================================================
[2026-04-27T11:51:19.627+0000] {manager.py:878} INFO - 
================================================================================
DAG File Processing Stats

File Path                                     PID    Runtime      # DAGs    # Errors  Last Runtime    Last Run
--------------------------------------------  -----  ---------  --------  ----------  --------------  -------------------
/opt/airflow/dags/monitoring_pipeline_dag.py                           1           0  0.08s           2026-04-27T11:50:52
/opt/airflow/dags/training_pipeline_dag.py                             1           0  0.08s           2026-04-27T11:50:52
/opt/airflow/dags/backfill_pipeline_dag.py                             1           0  0.07s           2026-04-27T11:50:52
================================================================================
[2026-04-27T11:51:48.857+0000] {manager.py:878} INFO - 
================================================================================
DAG File Processing Stats

File Path                                     PID    Runtime      # DAGs    # Errors  Last Runtime    Last Run
--------------------------------------------  -----  ---------  --------  ----------  --------------  -------------------
/opt/airflow/dags/training_pipeline_dag.py                             1           0  0.12s           2026-04-27T11:51:22
/opt/airflow/dags/monitoring_pipeline_dag.py                           1           0  0.09s           2026-04-27T11:51:22
/opt/airflow/dags/backfill_pipeline_dag.py                             1           0  0.08s           2026-04-27T11:51:22
================================================================================
[2026-04-27T11:52:18.080+0000] {manager.py:878} INFO - 
================================================================================
DAG File Processing Stats

File Path                                     PID    Runtime      # DAGs    # Errors  Last Runtime    Last Run
--------------------------------------------  -----  ---------  --------  ----------  --------------  -------------------
/opt/airflow/dags/monitoring_pipeline_dag.py                           1           0  0.08s           2026-04-27T11:51:52
/opt/airflow/dags/training_pipeline_dag.py                             1           0  0.08s           2026-04-27T11:51:53
/opt/airflow/dags/backfill_pipeline_dag.py                             1           0  0.07s           2026-04-27T11:51:52
================================================================================
[2026-04-27T11:52:48.410+0000] {manager.py:878} INFO - 
================================================================================
DAG File Processing Stats

File Path                                     PID    Runtime      # DAGs    # Errors  Last Runtime    Last Run
--------------------------------------------  -----  ---------  --------  ----------  --------------  -------------------
/opt/airflow/dags/monitoring_pipeline_dag.py                           1           0  0.08s           2026-04-27T11:52:23
/opt/airflow/dags/training_pipeline_dag.py                             1           0  0.08s           2026-04-27T11:52:23
/opt/airflow/dags/backfill_pipeline_dag.py                             1           0  0.08s           2026-04-27T11:52:23
================================================================================
[2026-04-27T11:53:17.670+0000] {manager.py:878} INFO - 
================================================================================
DAG File Processing Stats

File Path                                     PID    Runtime      # DAGs    # Errors  Last Runtime    Last Run
--------------------------------------------  -----  ---------  --------  ----------  --------------  -------------------
/opt/airflow/dags/training_pipeline_dag.py                             1           0  0.07s           2026-04-27T11:52:53
/opt/airflow/dags/backfill_pipeline_dag.py                             1           0  0.07s           2026-04-27T11:52:53
/opt/airflow/dags/monitoring_pipeline_dag.py                           1           0  0.07s           2026-04-27T11:53:06
================================================================================
[2026-04-27T11:53:46.882+0000] {manager.py:878} INFO - 
================================================================================
DAG File Processing Stats

File Path                                     PID    Runtime      # DAGs    # Errors  Last Runtime    Last Run
--------------------------------------------  -----  ---------  --------  ----------  --------------  -------------------
/opt/airflow/dags/training_pipeline_dag.py                             1           0  0.09s           2026-04-27T11:53:23
/opt/airflow/dags/backfill_pipeline_dag.py                             1           0  0.09s           2026-04-27T11:53:23
/opt/airflow/dags/monitoring_pipeline_dag.py                           1           0  0.09s           2026-04-27T11:53:36
================================================================================
[2026-04-27T11:53:54.733+0000] {manager.py:452} INFO - Exiting gracefully upon receiving signal 15
[2026-04-27T11:54:33.581+0000] {manager.py:470} INFO - Processing files using up to 2 processes at a time 
[2026-04-27T11:54:33.581+0000] {manager.py:471} INFO - Process each file at most once every 30 seconds
[2026-04-27T11:54:33.581+0000] {manager.py:472} INFO - Checking for new files in /opt/airflow/dags every 300 seconds
[2026-04-27T11:54:33.582+0000] {manager.py:737} INFO - Searching for files in /opt/airflow/dags
[2026-04-27T11:54:33.583+0000] {manager.py:740} INFO - There are 3 files in /opt/airflow/dags
[2026-04-27T11:54:33.640+0000] {manager.py:878} INFO - 
================================================================================
DAG File Processing Stats

File Path                                       PID  Runtime      # DAGs    # Errors  Last Runtime    Last Run
--------------------------------------------  -----  ---------  --------  ----------  --------------  ----------
/opt/airflow/dags/monitoring_pipeline_dag.py    175  0.03s             0           0
/opt/airflow/dags/backfill_pipeline_dag.py      178  0.02s             0           0
/opt/airflow/dags/training_pipeline_dag.py                             0           0
================================================================================
[2026-04-27T11:55:02.935+0000] {manager.py:878} INFO - 
================================================================================
DAG File Processing Stats

File Path                                     PID    Runtime      # DAGs    # Errors  Last Runtime    Last Run
--------------------------------------------  -----  ---------  --------  ----------  --------------  -------------------
/opt/airflow/dags/monitoring_pipeline_dag.py                           1           0  0.25s           2026-04-27T11:54:33
/opt/airflow/dags/backfill_pipeline_dag.py                             1           0  0.24s           2026-04-27T11:54:33
/opt/airflow/dags/training_pipeline_dag.py                             1           0  0.14s           2026-04-27T11:54:33
================================================================================
[2026-04-27T11:55:32.119+0000] {manager.py:878} INFO - 
================================================================================
DAG File Processing Stats

File Path                                     PID    Runtime      # DAGs    # Errors  Last Runtime    Last Run
--------------------------------------------  -----  ---------  --------  ----------  --------------  -------------------
/opt/airflow/dags/monitoring_pipeline_dag.py                           1           0  0.08s           2026-04-27T11:55:04
/opt/airflow/dags/training_pipeline_dag.py                             1           0  0.07s           2026-04-27T11:55:04
/opt/airflow/dags/backfill_pipeline_dag.py                             1           0  0.07s           2026-04-27T11:55:04
================================================================================
[2026-04-27T11:56:01.568+0000] {manager.py:878} INFO - 
================================================================================
DAG File Processing Stats

File Path                                     PID    Runtime      # DAGs    # Errors  Last Runtime    Last Run
--------------------------------------------  -----  ---------  --------  ----------  --------------  -------------------
/opt/airflow/dags/training_pipeline_dag.py                             1           0  0.07s           2026-04-27T11:55:34
/opt/airflow/dags/backfill_pipeline_dag.py                             1           0  0.07s           2026-04-27T11:55:34
/opt/airflow/dags/monitoring_pipeline_dag.py                           1           0  0.07s           2026-04-27T11:55:55
================================================================================
[2026-04-27T11:56:13.446+0000] {manager.py:452} INFO - Exiting gracefully upon receiving signal 15
[2026-04-27T11:56:48.775+0000] {manager.py:470} INFO - Processing files using up to 2 processes at a time 
[2026-04-27T11:56:48.778+0000] {manager.py:471} INFO - Process each file at most once every 30 seconds
[2026-04-27T11:56:48.778+0000] {manager.py:472} INFO - Checking for new files in /opt/airflow/dags every 300 seconds
[2026-04-27T11:56:48.778+0000] {manager.py:737} INFO - Searching for files in /opt/airflow/dags
[2026-04-27T11:56:48.779+0000] {manager.py:740} INFO - There are 3 files in /opt/airflow/dags
[2026-04-27T11:56:48.839+0000] {manager.py:878} INFO - 
================================================================================
DAG File Processing Stats

File Path                                       PID  Runtime      # DAGs    # Errors  Last Runtime    Last Run
--------------------------------------------  -----  ---------  --------  ----------  --------------  ----------
/opt/airflow/dags/monitoring_pipeline_dag.py    175  0.03s             0           0
/opt/airflow/dags/backfill_pipeline_dag.py      178  0.03s             0           0
/opt/airflow/dags/training_pipeline_dag.py                             0           0
================================================================================
[2026-04-27T11:57:18.196+0000] {manager.py:878} INFO - 
================================================================================
DAG File Processing Stats

File Path                                     PID    Runtime      # DAGs    # Errors  Last Runtime    Last Run
--------------------------------------------  -----  ---------  --------  ----------  --------------  -------------------
/opt/airflow/dags/monitoring_pipeline_dag.py                           1           0  0.25s           2026-04-27T11:56:49
/opt/airflow/dags/backfill_pipeline_dag.py                             1           0  0.24s           2026-04-27T11:56:49
/opt/airflow/dags/training_pipeline_dag.py                             1           0  0.14s           2026-04-27T11:56:49
================================================================================
[2026-04-27T11:57:47.477+0000] {manager.py:878} INFO - 
================================================================================
DAG File Processing Stats

File Path                                     PID    Runtime      # DAGs    # Errors  Last Runtime    Last Run
--------------------------------------------  -----  ---------  --------  ----------  --------------  -------------------
/opt/airflow/dags/monitoring_pipeline_dag.py                           1           0  0.09s           2026-04-27T11:57:19
/opt/airflow/dags/backfill_pipeline_dag.py                             1           0  0.08s           2026-04-27T11:57:19
/opt/airflow/dags/training_pipeline_dag.py                             1           0  0.07s           2026-04-27T11:57:19
================================================================================
[2026-04-27T11:58:16.699+0000] {manager.py:878} INFO - 
================================================================================
DAG File Processing Stats

File Path                                     PID    Runtime      # DAGs    # Errors  Last Runtime    Last Run
--------------------------------------------  -----  ---------  --------  ----------  --------------  -------------------
/opt/airflow/dags/monitoring_pipeline_dag.py                           1           0  0.08s           2026-04-27T11:57:49
/opt/airflow/dags/training_pipeline_dag.py                             1           0  0.07s           2026-04-27T11:57:49
/opt/airflow/dags/backfill_pipeline_dag.py                             1           0  0.07s           2026-04-27T11:57:49
================================================================================
[2026-04-27T11:58:45.888+0000] {manager.py:878} INFO - 
================================================================================
DAG File Processing Stats

File Path                                     PID    Runtime      # DAGs    # Errors  Last Runtime    Last Run
--------------------------------------------  -----  ---------  --------  ----------  --------------  -------------------
/opt/airflow/dags/monitoring_pipeline_dag.py                           1           0  0.08s           2026-04-27T11:58:19
/opt/airflow/dags/training_pipeline_dag.py                             1           0  0.08s           2026-04-27T11:58:19
/opt/airflow/dags/backfill_pipeline_dag.py                             1           0  0.07s           2026-04-27T11:58:19
================================================================================
[2026-04-27T11:59:15.104+0000] {manager.py:878} INFO - 
================================================================================
DAG File Processing Stats

File Path                                     PID    Runtime      # DAGs    # Errors  Last Runtime    Last Run
--------------------------------------------  -----  ---------  --------  ----------  --------------  -------------------
/opt/airflow/dags/monitoring_pipeline_dag.py                           1           0  0.08s           2026-04-27T11:58:50
/opt/airflow/dags/training_pipeline_dag.py                             1           0  0.08s           2026-04-27T11:58:50
/opt/airflow/dags/backfill_pipeline_dag.py                             1           0  0.07s           2026-04-27T11:58:49
================================================================================
[2026-04-27T11:59:44.362+0000] {manager.py:878} INFO - 
================================================================================
DAG File Processing Stats

File Path                                     PID    Runtime      # DAGs    # Errors  Last Runtime    Last Run
--------------------------------------------  -----  ---------  --------  ----------  --------------  -------------------
/opt/airflow/dags/monitoring_pipeline_dag.py                           1           0  0.08s           2026-04-27T11:59:20
/opt/airflow/dags/backfill_pipeline_dag.py                             1           0  0.08s           2026-04-27T11:59:20
/opt/airflow/dags/training_pipeline_dag.py                             1           0  0.07s           2026-04-27T11:59:20
================================================================================
[2026-04-27T12:00:13.607+0000] {manager.py:878} INFO - 
================================================================================
DAG File Processing Stats

File Path                                     PID    Runtime      # DAGs    # Errors  Last Runtime    Last Run
--------------------------------------------  -----  ---------  --------  ----------  --------------  -------------------
/opt/airflow/dags/monitoring_pipeline_dag.py                           1           0  0.08s           2026-04-27T11:59:50
/opt/airflow/dags/backfill_pipeline_dag.py                             1           0  0.08s           2026-04-27T11:59:50
/opt/airflow/dags/training_pipeline_dag.py                             1           0  0.07s           2026-04-27T11:59:50
================================================================================
[2026-04-27T12:00:42.842+0000] {manager.py:878} INFO - 
================================================================================
DAG File Processing Stats

File Path                                     PID    Runtime      # DAGs    # Errors  Last Runtime    Last Run
--------------------------------------------  -----  ---------  --------  ----------  --------------  -------------------
/opt/airflow/dags/monitoring_pipeline_dag.py                           1           0  0.09s           2026-04-27T12:00:20
/opt/airflow/dags/backfill_pipeline_dag.py                             1           0  0.08s           2026-04-27T12:00:20
/opt/airflow/dags/training_pipeline_dag.py                             1           0  0.07s           2026-04-27T12:00:20
================================================================================
[2026-04-27T12:01:12.105+0000] {manager.py:878} INFO - 
================================================================================
DAG File Processing Stats

File Path                                     PID    Runtime      # DAGs    # Errors  Last Runtime    Last Run
--------------------------------------------  -----  ---------  --------  ----------  --------------  -------------------
/opt/airflow/dags/monitoring_pipeline_dag.py                           1           0  0.09s           2026-04-27T12:00:50
/opt/airflow/dags/backfill_pipeline_dag.py                             1           0  0.08s           2026-04-27T12:00:50
/opt/airflow/dags/training_pipeline_dag.py                             1           0  0.07s           2026-04-27T12:00:51
================================================================================
[2026-04-27T12:01:41.352+0000] {manager.py:878} INFO - 
================================================================================
DAG File Processing Stats

File Path                                     PID    Runtime      # DAGs    # Errors  Last Runtime    Last Run
--------------------------------------------  -----  ---------  --------  ----------  --------------  -------------------
/opt/airflow/dags/monitoring_pipeline_dag.py                           1           0  0.09s           2026-04-27T12:01:21
/opt/airflow/dags/training_pipeline_dag.py                             1           0  0.08s           2026-04-27T12:01:21
/opt/airflow/dags/backfill_pipeline_dag.py                             1           0  0.08s           2026-04-27T12:01:21
================================================================================
[2026-04-27T12:01:49.401+0000] {manager.py:737} INFO - Searching for files in /opt/airflow/dags
[2026-04-27T12:01:49.402+0000] {manager.py:740} INFO - There are 3 files in /opt/airflow/dags
[2026-04-27T12:02:10.607+0000] {manager.py:878} INFO - 
================================================================================
DAG File Processing Stats

File Path                                     PID    Runtime      # DAGs    # Errors  Last Runtime    Last Run
--------------------------------------------  -----  ---------  --------  ----------  --------------  -------------------
/opt/airflow/dags/monitoring_pipeline_dag.py                           1           0  0.08s           2026-04-27T12:01:51
/opt/airflow/dags/training_pipeline_dag.py                             1           0  0.08s           2026-04-27T12:01:51
/opt/airflow/dags/backfill_pipeline_dag.py                             1           0  0.07s           2026-04-27T12:01:51
================================================================================
[2026-04-27T12:02:40.916+0000] {manager.py:878} INFO - 
================================================================================
DAG File Processing Stats

File Path                                     PID    Runtime      # DAGs    # Errors  Last Runtime    Last Run
--------------------------------------------  -----  ---------  --------  ----------  --------------  -------------------
/opt/airflow/dags/training_pipeline_dag.py                             1           0  0.08s           2026-04-27T12:02:21
/opt/airflow/dags/monitoring_pipeline_dag.py                           1           0  0.08s           2026-04-27T12:02:21
/opt/airflow/dags/backfill_pipeline_dag.py                             1           0  0.07s           2026-04-27T12:02:21
================================================================================
[2026-04-27T12:03:10.132+0000] {manager.py:878} INFO - 
================================================================================
DAG File Processing Stats

File Path                                     PID    Runtime      # DAGs    # Errors  Last Runtime    Last Run
--------------------------------------------  -----  ---------  --------  ----------  --------------  -------------------
/opt/airflow/dags/monitoring_pipeline_dag.py                           1           0  0.08s           2026-04-27T12:02:52
/opt/airflow/dags/training_pipeline_dag.py                             1           0  0.07s           2026-04-27T12:02:52
/opt/airflow/dags/backfill_pipeline_dag.py                             1           0  0.07s           2026-04-27T12:02:52
================================================================================
[2026-04-27T12:03:39.391+0000] {manager.py:878} INFO - 
================================================================================
DAG File Processing Stats

File Path                                     PID    Runtime      # DAGs    # Errors  Last Runtime    Last Run
--------------------------------------------  -----  ---------  --------  ----------  --------------  -------------------
/opt/airflow/dags/monitoring_pipeline_dag.py                           1           0  0.08s           2026-04-27T12:03:22
/opt/airflow/dags/training_pipeline_dag.py                             1           0  0.07s           2026-04-27T12:03:22
/opt/airflow/dags/backfill_pipeline_dag.py                             1           0  0.07s           2026-04-27T12:03:22
================================================================================
[2026-04-27T12:04:08.641+0000] {manager.py:878} INFO - 
================================================================================
DAG File Processing Stats

File Path                                     PID    Runtime      # DAGs    # Errors  Last Runtime    Last Run
--------------------------------------------  -----  ---------  --------  ----------  --------------  -------------------
/opt/airflow/dags/monitoring_pipeline_dag.py                           1           0  0.09s           2026-04-27T12:03:52
/opt/airflow/dags/backfill_pipeline_dag.py                             1           0  0.08s           2026-04-27T12:03:52
/opt/airflow/dags/training_pipeline_dag.py                             1           0  0.08s           2026-04-27T12:03:52
================================================================================
[2026-04-27T12:04:37.861+0000] {manager.py:878} INFO - 
================================================================================
DAG File Processing Stats

File Path                                     PID    Runtime      # DAGs    # Errors  Last Runtime    Last Run
--------------------------------------------  -----  ---------  --------  ----------  --------------  -------------------
/opt/airflow/dags/monitoring_pipeline_dag.py                           1           0  0.09s           2026-04-27T12:04:22
/opt/airflow/dags/training_pipeline_dag.py                             1           0  0.08s           2026-04-27T12:04:22
/opt/airflow/dags/backfill_pipeline_dag.py                             1           0  0.07s           2026-04-27T12:04:22
================================================================================
[2026-04-27T12:05:07.163+0000] {manager.py:878} INFO - 
================================================================================
DAG File Processing Stats

File Path                                     PID    Runtime      # DAGs    # Errors  Last Runtime    Last Run
--------------------------------------------  -----  ---------  --------  ----------  --------------  -------------------
/opt/airflow/dags/monitoring_pipeline_dag.py                           1           0  0.09s           2026-04-27T12:04:53
/opt/airflow/dags/training_pipeline_dag.py                             1           0  0.08s           2026-04-27T12:04:53
/opt/airflow/dags/backfill_pipeline_dag.py                             1           0  0.08s           2026-04-27T12:04:53
================================================================================
[2026-04-27T12:05:36.374+0000] {manager.py:878} INFO - 
================================================================================
DAG File Processing Stats

File Path                                     PID    Runtime      # DAGs    # Errors  Last Runtime    Last Run
--------------------------------------------  -----  ---------  --------  ----------  --------------  -------------------
/opt/airflow/dags/monitoring_pipeline_dag.py                           1           0  0.08s           2026-04-27T12:05:23
/opt/airflow/dags/training_pipeline_dag.py                             1           0  0.07s           2026-04-27T12:05:23
/opt/airflow/dags/backfill_pipeline_dag.py                             1           0  0.07s           2026-04-27T12:05:23
================================================================================
[2026-04-27T12:06:05.599+0000] {manager.py:878} INFO - 
================================================================================
DAG File Processing Stats

File Path                                     PID    Runtime      # DAGs    # Errors  Last Runtime    Last Run
--------------------------------------------  -----  ---------  --------  ----------  --------------  -------------------
/opt/airflow/dags/monitoring_pipeline_dag.py                           1           0  0.08s           2026-04-27T12:05:53
/opt/airflow/dags/backfill_pipeline_dag.py                             1           0  0.07s           2026-04-27T12:05:53
/opt/airflow/dags/training_pipeline_dag.py                             1           0  0.07s           2026-04-27T12:05:53
================================================================================
[2026-04-27T12:06:34.808+0000] {manager.py:878} INFO - 
================================================================================
DAG File Processing Stats

File Path                                     PID    Runtime      # DAGs    # Errors  Last Runtime    Last Run
--------------------------------------------  -----  ---------  --------  ----------  --------------  -------------------
/opt/airflow/dags/monitoring_pipeline_dag.py                           1           0  0.08s           2026-04-27T12:06:23
/opt/airflow/dags/training_pipeline_dag.py                             1           0  0.07s           2026-04-27T12:06:23
/opt/airflow/dags/backfill_pipeline_dag.py                             1           0  0.07s           2026-04-27T12:06:23
================================================================================
[2026-04-27T12:06:49.896+0000] {manager.py:737} INFO - Searching for files in /opt/airflow/dags
[2026-04-27T12:06:49.897+0000] {manager.py:740} INFO - There are 3 files in /opt/airflow/dags
[2026-04-27T12:07:04.034+0000] {manager.py:878} INFO - 
================================================================================
DAG File Processing Stats

File Path                                     PID    Runtime      # DAGs    # Errors  Last Runtime    Last Run
--------------------------------------------  -----  ---------  --------  ----------  --------------  -------------------
/opt/airflow/dags/monitoring_pipeline_dag.py                           1           0  0.08s           2026-04-27T12:06:53
/opt/airflow/dags/backfill_pipeline_dag.py                             1           0  0.07s           2026-04-27T12:06:53
/opt/airflow/dags/training_pipeline_dag.py                             1           0  0.07s           2026-04-27T12:06:54
================================================================================
[2026-04-27T12:07:33.255+0000] {manager.py:878} INFO - 
================================================================================
DAG File Processing Stats

File Path                                     PID    Runtime      # DAGs    # Errors  Last Runtime    Last Run
--------------------------------------------  -----  ---------  --------  ----------  --------------  -------------------
/opt/airflow/dags/monitoring_pipeline_dag.py                           1           0  0.08s           2026-04-27T12:07:24
/opt/airflow/dags/backfill_pipeline_dag.py                             1           0  0.07s           2026-04-27T12:07:24
/opt/airflow/dags/training_pipeline_dag.py                             1           0  0.07s           2026-04-27T12:07:24
================================================================================
[2026-04-27T12:08:02.485+0000] {manager.py:878} INFO - 
================================================================================
DAG File Processing Stats

File Path                                     PID    Runtime      # DAGs    # Errors  Last Runtime    Last Run
--------------------------------------------  -----  ---------  --------  ----------  --------------  -------------------
/opt/airflow/dags/monitoring_pipeline_dag.py                           1           0  0.08s           2026-04-27T12:07:54
/opt/airflow/dags/backfill_pipeline_dag.py                             1           0  0.07s           2026-04-27T12:07:54
/opt/airflow/dags/training_pipeline_dag.py                             1           0  0.07s           2026-04-27T12:07:54
================================================================================
[2026-04-27T12:08:31.765+0000] {manager.py:878} INFO - 
================================================================================
DAG File Processing Stats

File Path                                     PID    Runtime      # DAGs    # Errors  Last Runtime    Last Run
--------------------------------------------  -----  ---------  --------  ----------  --------------  -------------------
/opt/airflow/dags/training_pipeline_dag.py                             1           0  0.07s           2026-04-27T12:08:23
/opt/airflow/dags/monitoring_pipeline_dag.py                           1           0  -0.97s          2026-04-27T12:08:23
/opt/airflow/dags/backfill_pipeline_dag.py                             1           0  -0.98s          2026-04-27T12:08:23
================================================================================
[2026-04-27T12:09:01.001+0000] {manager.py:878} INFO - 
================================================================================
DAG File Processing Stats

File Path                                     PID    Runtime      # DAGs    # Errors  Last Runtime    Last Run
--------------------------------------------  -----  ---------  --------  ----------  --------------  -------------------
/opt/airflow/dags/monitoring_pipeline_dag.py                           1           0  0.08s           2026-04-27T12:08:54
/opt/airflow/dags/training_pipeline_dag.py                             1           0  0.07s           2026-04-27T12:08:54
/opt/airflow/dags/backfill_pipeline_dag.py                             1           0  0.07s           2026-04-27T12:08:53
================================================================================
[2026-04-27T12:09:30.278+0000] {manager.py:878} INFO - 
================================================================================
DAG File Processing Stats

File Path                                     PID    Runtime      # DAGs    # Errors  Last Runtime    Last Run
--------------------------------------------  -----  ---------  --------  ----------  --------------  -------------------
/opt/airflow/dags/monitoring_pipeline_dag.py                           1           0  0.08s           2026-04-27T12:09:24
/opt/airflow/dags/training_pipeline_dag.py                             1           0  0.08s           2026-04-27T12:09:24
/opt/airflow/dags/backfill_pipeline_dag.py                             1           0  0.07s           2026-04-27T12:09:24
================================================================================
[2026-04-27T12:09:59.617+0000] {manager.py:878} INFO - 
================================================================================
DAG File Processing Stats

File Path                                     PID    Runtime      # DAGs    # Errors  Last Runtime    Last Run
--------------------------------------------  -----  ---------  --------  ----------  --------------  -------------------
/opt/airflow/dags/monitoring_pipeline_dag.py                           1           0  0.08s           2026-04-27T12:09:54
/opt/airflow/dags/training_pipeline_dag.py                             1           0  0.08s           2026-04-27T12:09:54
/opt/airflow/dags/backfill_pipeline_dag.py                             1           0  0.08s           2026-04-27T12:09:54
================================================================================
[2026-04-27T12:10:28.877+0000] {manager.py:878} INFO - 
================================================================================
DAG File Processing Stats

File Path                                     PID    Runtime      # DAGs    # Errors  Last Runtime    Last Run
--------------------------------------------  -----  ---------  --------  ----------  --------------  -------------------
/opt/airflow/dags/monitoring_pipeline_dag.py                           1           0  0.08s           2026-04-27T12:10:24
/opt/airflow/dags/training_pipeline_dag.py                             1           0  0.07s           2026-04-27T12:10:24
/opt/airflow/dags/backfill_pipeline_dag.py                             1           0  0.07s           2026-04-27T12:10:24
================================================================================
[2026-04-27T12:10:59.234+0000] {manager.py:878} INFO - 
================================================================================
DAG File Processing Stats

File Path                                     PID    Runtime      # DAGs    # Errors  Last Runtime    Last Run
--------------------------------------------  -----  ---------  --------  ----------  --------------  -------------------
/opt/airflow/dags/monitoring_pipeline_dag.py                           1           0  0.08s           2026-04-27T12:10:55
/opt/airflow/dags/training_pipeline_dag.py                             1           0  0.08s           2026-04-27T12:10:55
/opt/airflow/dags/backfill_pipeline_dag.py                             1           0  0.08s           2026-04-27T12:10:55
================================================================================
[2026-04-27T12:11:28.510+0000] {manager.py:878} INFO - 
================================================================================
DAG File Processing Stats

File Path                                     PID    Runtime      # DAGs    # Errors  Last Runtime    Last Run
--------------------------------------------  -----  ---------  --------  ----------  --------------  -------------------
/opt/airflow/dags/monitoring_pipeline_dag.py                           1           0  0.11s           2026-04-27T12:11:25
/opt/airflow/dags/backfill_pipeline_dag.py                             1           0  0.10s           2026-04-27T12:11:25
/opt/airflow/dags/training_pipeline_dag.py                             1           0  0.09s           2026-04-27T12:11:25
================================================================================
[2026-04-27T12:11:50.630+0000] {manager.py:737} INFO - Searching for files in /opt/airflow/dags
[2026-04-27T12:11:50.634+0000] {manager.py:740} INFO - There are 3 files in /opt/airflow/dags
[2026-04-27T12:11:57.818+0000] {manager.py:878} INFO - 
================================================================================
DAG File Processing Stats

File Path                                     PID    Runtime      # DAGs    # Errors  Last Runtime    Last Run
--------------------------------------------  -----  ---------  --------  ----------  --------------  -------------------
/opt/airflow/dags/monitoring_pipeline_dag.py                           1           0  0.11s           2026-04-27T12:11:55
/opt/airflow/dags/backfill_pipeline_dag.py                             1           0  0.10s           2026-04-27T12:11:55
/opt/airflow/dags/training_pipeline_dag.py                             1           0  0.09s           2026-04-27T12:11:55
================================================================================
[2026-04-27T12:12:27.067+0000] {manager.py:878} INFO - 
================================================================================
DAG File Processing Stats

File Path                                     PID    Runtime      # DAGs    # Errors  Last Runtime    Last Run
--------------------------------------------  -----  ---------  --------  ----------  --------------  -------------------
/opt/airflow/dags/monitoring_pipeline_dag.py                           1           0  0.09s           2026-04-27T12:12:26
/opt/airflow/dags/backfill_pipeline_dag.py                             1           0  0.08s           2026-04-27T12:12:26
/opt/airflow/dags/training_pipeline_dag.py                             1           0  0.08s           2026-04-27T12:12:26
================================================================================
[2026-04-27T12:12:56.309+0000] {manager.py:878} INFO - 
================================================================================
DAG File Processing Stats

File Path                                       PID  Runtime      # DAGs    # Errors  Last Runtime    Last Run
--------------------------------------------  -----  ---------  --------  ----------  --------------  -------------------
/opt/airflow/dags/monitoring_pipeline_dag.py    992  0.01s             1           0  0.09s           2026-04-27T12:12:26
/opt/airflow/dags/backfill_pipeline_dag.py      995  0.00s             1           0  0.08s           2026-04-27T12:12:26
/opt/airflow/dags/training_pipeline_dag.py                             1           0  0.08s           2026-04-27T12:12:26
================================================================================
[2026-04-27T12:13:25.565+0000] {manager.py:878} INFO - 
================================================================================
DAG File Processing Stats

File Path                                     PID    Runtime      # DAGs    # Errors  Last Runtime    Last Run
--------------------------------------------  -----  ---------  --------  ----------  --------------  -------------------
/opt/airflow/dags/training_pipeline_dag.py                             1           0  0.09s           2026-04-27T12:12:56
/opt/airflow/dags/monitoring_pipeline_dag.py                           1           0  0.09s           2026-04-27T12:12:56
/opt/airflow/dags/backfill_pipeline_dag.py                             1           0  0.07s           2026-04-27T12:12:56
================================================================================
[2026-04-27T12:13:54.784+0000] {manager.py:878} INFO - 
================================================================================
DAG File Processing Stats

File Path                                     PID    Runtime      # DAGs    # Errors  Last Runtime    Last Run
--------------------------------------------  -----  ---------  --------  ----------  --------------  -------------------
/opt/airflow/dags/monitoring_pipeline_dag.py                           1           0  0.08s           2026-04-27T12:13:26
/opt/airflow/dags/training_pipeline_dag.py                             1           0  0.08s           2026-04-27T12:13:26
/opt/airflow/dags/backfill_pipeline_dag.py                             1           0  0.07s           2026-04-27T12:13:26
================================================================================
[2026-04-27T12:14:24.031+0000] {manager.py:878} INFO - 
================================================================================
DAG File Processing Stats

File Path                                     PID    Runtime      # DAGs    # Errors  Last Runtime    Last Run
--------------------------------------------  -----  ---------  --------  ----------  --------------  -------------------
/opt/airflow/dags/monitoring_pipeline_dag.py                           1           0  0.08s           2026-04-27T12:13:56
/opt/airflow/dags/training_pipeline_dag.py                             1           0  0.08s           2026-04-27T12:13:56
/opt/airflow/dags/backfill_pipeline_dag.py                             1           0  0.07s           2026-04-27T12:13:56
================================================================================
[2026-04-27T12:14:53.275+0000] {manager.py:878} INFO - 
================================================================================
DAG File Processing Stats

File Path                                     PID    Runtime      # DAGs    # Errors  Last Runtime    Last Run
--------------------------------------------  -----  ---------  --------  ----------  --------------  -------------------
/opt/airflow/dags/training_pipeline_dag.py                             1           0  0.08s           2026-04-27T12:14:27
/opt/airflow/dags/monitoring_pipeline_dag.py                           1           0  0.08s           2026-04-27T12:14:27
/opt/airflow/dags/backfill_pipeline_dag.py                             1           0  0.07s           2026-04-27T12:14:27
================================================================================
[2026-04-27T12:15:22.560+0000] {manager.py:878} INFO - 
================================================================================
DAG File Processing Stats

File Path                                     PID    Runtime      # DAGs    # Errors  Last Runtime    Last Run
--------------------------------------------  -----  ---------  --------  ----------  --------------  -------------------
/opt/airflow/dags/monitoring_pipeline_dag.py                           1           0  0.08s           2026-04-27T12:14:57
/opt/airflow/dags/training_pipeline_dag.py                             1           0  0.08s           2026-04-27T12:14:57
/opt/airflow/dags/backfill_pipeline_dag.py                             1           0  0.07s           2026-04-27T12:14:57
================================================================================
[2026-04-27T12:15:51.808+0000] {manager.py:878} INFO - 
================================================================================
DAG File Processing Stats

File Path                                     PID    Runtime      # DAGs    # Errors  Last Runtime    Last Run
--------------------------------------------  -----  ---------  --------  ----------  --------------  -------------------
/opt/airflow/dags/monitoring_pipeline_dag.py                           1           0  0.08s           2026-04-27T12:15:27
/opt/airflow/dags/training_pipeline_dag.py                             1           0  0.07s           2026-04-27T12:15:27
/opt/airflow/dags/backfill_pipeline_dag.py                             1           0  0.07s           2026-04-27T12:15:27
================================================================================
[2026-04-27T12:16:21.027+0000] {manager.py:878} INFO - 
================================================================================
DAG File Processing Stats

File Path                                     PID    Runtime      # DAGs    # Errors  Last Runtime    Last Run
--------------------------------------------  -----  ---------  --------  ----------  --------------  -------------------
/opt/airflow/dags/monitoring_pipeline_dag.py                           1           0  0.08s           2026-04-27T12:15:57
/opt/airflow/dags/training_pipeline_dag.py                             1           0  0.08s           2026-04-27T12:15:58
/opt/airflow/dags/backfill_pipeline_dag.py                             1           0  0.08s           2026-04-27T12:15:57
================================================================================
[2026-04-27T12:16:50.303+0000] {manager.py:878} INFO - 
================================================================================
DAG File Processing Stats

File Path                                     PID    Runtime      # DAGs    # Errors  Last Runtime    Last Run
--------------------------------------------  -----  ---------  --------  ----------  --------------  -------------------
/opt/airflow/dags/monitoring_pipeline_dag.py                           1           0  0.08s           2026-04-27T12:16:28
/opt/airflow/dags/training_pipeline_dag.py                             1           0  0.08s           2026-04-27T12:16:28
/opt/airflow/dags/backfill_pipeline_dag.py                             1           0  0.07s           2026-04-27T12:16:28
================================================================================
[2026-04-27T12:16:51.309+0000] {manager.py:737} INFO - Searching for files in /opt/airflow/dags
[2026-04-27T12:16:51.310+0000] {manager.py:740} INFO - There are 3 files in /opt/airflow/dags
[2026-04-27T12:17:19.529+0000] {manager.py:878} INFO - 
================================================================================
DAG File Processing Stats

File Path                                     PID    Runtime      # DAGs    # Errors  Last Runtime    Last Run
--------------------------------------------  -----  ---------  --------  ----------  --------------  -------------------
/opt/airflow/dags/monitoring_pipeline_dag.py                           1           0  0.08s           2026-04-27T12:16:58
/opt/airflow/dags/training_pipeline_dag.py                             1           0  0.07s           2026-04-27T12:16:58
/opt/airflow/dags/backfill_pipeline_dag.py                             1           0  0.07s           2026-04-27T12:16:58
================================================================================
[2026-04-27T12:17:48.752+0000] {manager.py:878} INFO - 
================================================================================
DAG File Processing Stats

File Path                                     PID    Runtime      # DAGs    # Errors  Last Runtime    Last Run
--------------------------------------------  -----  ---------  --------  ----------  --------------  -------------------
/opt/airflow/dags/monitoring_pipeline_dag.py                           1           0  0.08s           2026-04-27T12:17:28
/opt/airflow/dags/training_pipeline_dag.py                             1           0  0.08s           2026-04-27T12:17:28
/opt/airflow/dags/backfill_pipeline_dag.py                             1           0  0.07s           2026-04-27T12:17:28
================================================================================
[2026-04-27T12:18:17.963+0000] {manager.py:878} INFO - 
================================================================================
DAG File Processing Stats

File Path                                     PID    Runtime      # DAGs    # Errors  Last Runtime    Last Run
--------------------------------------------  -----  ---------  --------  ----------  --------------  -------------------
/opt/airflow/dags/monitoring_pipeline_dag.py                           1           0  0.08s           2026-04-27T12:17:58
/opt/airflow/dags/training_pipeline_dag.py                             1           0  0.07s           2026-04-27T12:17:58
/opt/airflow/dags/backfill_pipeline_dag.py                             1           0  0.07s           2026-04-27T12:17:58
================================================================================
[2026-04-27T12:18:48.245+0000] {manager.py:878} INFO - 
================================================================================
DAG File Processing Stats

File Path                                     PID    Runtime      # DAGs    # Errors  Last Runtime    Last Run
--------------------------------------------  -----  ---------  --------  ----------  --------------  -------------------
/opt/airflow/dags/monitoring_pipeline_dag.py                           1           0  0.08s           2026-04-27T12:18:29
/opt/airflow/dags/training_pipeline_dag.py                             1           0  0.07s           2026-04-27T12:18:29
/opt/airflow/dags/backfill_pipeline_dag.py                             1           0  0.07s           2026-04-27T12:18:29
================================================================================
[2026-04-27T12:19:17.515+0000] {manager.py:878} INFO - 
================================================================================
DAG File Processing Stats

File Path                                     PID    Runtime      # DAGs    # Errors  Last Runtime    Last Run
--------------------------------------------  -----  ---------  --------  ----------  --------------  -------------------
/opt/airflow/dags/monitoring_pipeline_dag.py                           1           0  0.08s           2026-04-27T12:18:59
/opt/airflow/dags/training_pipeline_dag.py                             1           0  0.07s           2026-04-27T12:18:59
/opt/airflow/dags/backfill_pipeline_dag.py                             1           0  0.07s           2026-04-27T12:18:59
================================================================================
[2026-04-27T12:19:46.743+0000] {manager.py:878} INFO - 
================================================================================
DAG File Processing Stats

File Path                                     PID    Runtime      # DAGs    # Errors  Last Runtime    Last Run
--------------------------------------------  -----  ---------  --------  ----------  --------------  -------------------
/opt/airflow/dags/monitoring_pipeline_dag.py                           1           0  0.08s           2026-04-27T12:19:29
/opt/airflow/dags/training_pipeline_dag.py                             1           0  0.07s           2026-04-27T12:19:29
/opt/airflow/dags/backfill_pipeline_dag.py                             1           0  0.07s           2026-04-27T12:19:29
================================================================================
[2026-04-27T12:20:15.983+0000] {manager.py:878} INFO - 
================================================================================
DAG File Processing Stats

File Path                                     PID    Runtime      # DAGs    # Errors  Last Runtime    Last Run
--------------------------------------------  -----  ---------  --------  ----------  --------------  -------------------
/opt/airflow/dags/monitoring_pipeline_dag.py                           1           0  0.08s           2026-04-27T12:19:59
/opt/airflow/dags/backfill_pipeline_dag.py                             1           0  0.07s           2026-04-27T12:19:59
/opt/airflow/dags/training_pipeline_dag.py                             1           0  0.07s           2026-04-27T12:19:59
================================================================================
[2026-04-27T12:20:45.230+0000] {manager.py:878} INFO - 
================================================================================
DAG File Processing Stats

File Path                                     PID    Runtime      # DAGs    # Errors  Last Runtime    Last Run
--------------------------------------------  -----  ---------  --------  ----------  --------------  -------------------
/opt/airflow/dags/monitoring_pipeline_dag.py                           1           0  0.13s           2026-04-27T12:20:30
/opt/airflow/dags/backfill_pipeline_dag.py                             1           0  0.12s           2026-04-27T12:20:30
/opt/airflow/dags/training_pipeline_dag.py                             1           0  0.09s           2026-04-27T12:20:30
================================================================================
[2026-04-27T12:21:14.469+0000] {manager.py:878} INFO - 
================================================================================
DAG File Processing Stats

File Path                                     PID    Runtime      # DAGs    # Errors  Last Runtime    Last Run
--------------------------------------------  -----  ---------  --------  ----------  --------------  -------------------
/opt/airflow/dags/training_pipeline_dag.py                             1           0  0.08s           2026-04-27T12:21:00
/opt/airflow/dags/monitoring_pipeline_dag.py                           1           0  0.08s           2026-04-27T12:21:00
/opt/airflow/dags/backfill_pipeline_dag.py                             1           0  0.07s           2026-04-27T12:21:00
================================================================================
[2026-04-27T12:21:43.653+0000] {manager.py:878} INFO - 
================================================================================
DAG File Processing Stats

File Path                                     PID    Runtime      # DAGs    # Errors  Last Runtime    Last Run
--------------------------------------------  -----  ---------  --------  ----------  --------------  -------------------
/opt/airflow/dags/monitoring_pipeline_dag.py                           1           0  0.08s           2026-04-27T12:21:30
/opt/airflow/dags/training_pipeline_dag.py                             1           0  0.08s           2026-04-27T12:21:30
/opt/airflow/dags/backfill_pipeline_dag.py                             1           0  0.07s           2026-04-27T12:21:30
================================================================================
[2026-04-27T12:21:51.693+0000] {manager.py:737} INFO - Searching for files in /opt/airflow/dags
[2026-04-27T12:21:51.694+0000] {manager.py:740} INFO - There are 3 files in /opt/airflow/dags
[2026-04-27T12:22:12.853+0000] {manager.py:878} INFO - 
================================================================================
DAG File Processing Stats

File Path                                     PID    Runtime      # DAGs    # Errors  Last Runtime    Last Run
--------------------------------------------  -----  ---------  --------  ----------  --------------  -------------------
/opt/airflow/dags/training_pipeline_dag.py                             1           0  0.08s           2026-04-27T12:22:00
/opt/airflow/dags/monitoring_pipeline_dag.py                           1           0  0.08s           2026-04-27T12:22:00
/opt/airflow/dags/backfill_pipeline_dag.py                             1           0  0.07s           2026-04-27T12:22:00
================================================================================
[2026-04-27T12:22:42.111+0000] {manager.py:878} INFO - 
================================================================================
DAG File Processing Stats

File Path                                     PID    Runtime      # DAGs    # Errors  Last Runtime    Last Run
--------------------------------------------  -----  ---------  --------  ----------  --------------  -------------------
/opt/airflow/dags/monitoring_pipeline_dag.py                           1           0  0.08s           2026-04-27T12:22:31
/opt/airflow/dags/training_pipeline_dag.py                             1           0  0.08s           2026-04-27T12:22:31
/opt/airflow/dags/backfill_pipeline_dag.py                             1           0  0.07s           2026-04-27T12:22:31
================================================================================
[2026-04-27T12:23:11.365+0000] {manager.py:878} INFO - 
================================================================================
DAG File Processing Stats

File Path                                     PID    Runtime      # DAGs    # Errors  Last Runtime    Last Run
--------------------------------------------  -----  ---------  --------  ----------  --------------  -------------------
/opt/airflow/dags/training_pipeline_dag.py                             1           0  0.09s           2026-04-27T12:23:01
/opt/airflow/dags/monitoring_pipeline_dag.py                           1           0  0.08s           2026-04-27T12:23:01
/opt/airflow/dags/backfill_pipeline_dag.py                             1           0  0.07s           2026-04-27T12:23:01
================================================================================
[2026-04-27T12:23:40.615+0000] {manager.py:878} INFO - 
================================================================================
DAG File Processing Stats

File Path                                     PID    Runtime      # DAGs    # Errors  Last Runtime    Last Run
--------------------------------------------  -----  ---------  --------  ----------  --------------  -------------------
/opt/airflow/dags/monitoring_pipeline_dag.py                           1           0  0.08s           2026-04-27T12:23:31
/opt/airflow/dags/training_pipeline_dag.py                             1           0  0.08s           2026-04-27T12:23:31
/opt/airflow/dags/backfill_pipeline_dag.py                             1           0  0.07s           2026-04-27T12:23:31
================================================================================
[2026-04-27T12:24:09.829+0000] {manager.py:878} INFO - 
================================================================================
DAG File Processing Stats

File Path                                     PID    Runtime      # DAGs    # Errors  Last Runtime    Last Run
--------------------------------------------  -----  ---------  --------  ----------  --------------  -------------------
/opt/airflow/dags/monitoring_pipeline_dag.py                           1           0  0.08s           2026-04-27T12:24:01
/opt/airflow/dags/training_pipeline_dag.py                             1           0  0.07s           2026-04-27T12:24:01
/opt/airflow/dags/backfill_pipeline_dag.py                             1           0  0.07s           2026-04-27T12:24:01
================================================================================
[2026-04-27T12:24:39.050+0000] {manager.py:878} INFO - 
================================================================================
DAG File Processing Stats

File Path                                     PID    Runtime      # DAGs    # Errors  Last Runtime    Last Run
--------------------------------------------  -----  ---------  --------  ----------  --------------  -------------------
/opt/airflow/dags/monitoring_pipeline_dag.py                           1           0  0.08s           2026-04-27T12:24:32
/opt/airflow/dags/backfill_pipeline_dag.py                             1           0  0.08s           2026-04-27T12:24:32
/opt/airflow/dags/training_pipeline_dag.py                             1           0  -0.97s          2026-04-27T12:24:31
================================================================================
[2026-04-27T12:25:08.272+0000] {manager.py:878} INFO - 
================================================================================
DAG File Processing Stats

File Path                                     PID    Runtime      # DAGs    # Errors  Last Runtime    Last Run
--------------------------------------------  -----  ---------  --------  ----------  --------------  -------------------
/opt/airflow/dags/training_pipeline_dag.py                             1           0  0.08s           2026-04-27T12:25:01
/opt/airflow/dags/monitoring_pipeline_dag.py                           1           0  0.08s           2026-04-27T12:25:02
/opt/airflow/dags/backfill_pipeline_dag.py                             1           0  0.07s           2026-04-27T12:25:02
================================================================================
[2026-04-27T12:25:37.458+0000] {manager.py:878} INFO - 
================================================================================
DAG File Processing Stats

File Path                                     PID    Runtime      # DAGs    # Errors  Last Runtime    Last Run
--------------------------------------------  -----  ---------  --------  ----------  --------------  -------------------
/opt/airflow/dags/monitoring_pipeline_dag.py                           1           0  0.08s           2026-04-27T12:25:32
/opt/airflow/dags/training_pipeline_dag.py                             1           0  0.08s           2026-04-27T12:25:31
/opt/airflow/dags/backfill_pipeline_dag.py                             1           0  0.07s           2026-04-27T12:25:32
================================================================================
[2026-04-27T12:26:06.682+0000] {manager.py:878} INFO - 
================================================================================
DAG File Processing Stats

File Path                                     PID    Runtime      # DAGs    # Errors  Last Runtime    Last Run
--------------------------------------------  -----  ---------  --------  ----------  --------------  -------------------
/opt/airflow/dags/monitoring_pipeline_dag.py                           1           0  0.08s           2026-04-27T12:26:02
/opt/airflow/dags/training_pipeline_dag.py                             1           0  0.08s           2026-04-27T12:26:01
/opt/airflow/dags/backfill_pipeline_dag.py                             1           0  0.07s           2026-04-27T12:26:02
================================================================================
[2026-04-27T12:26:35.935+0000] {manager.py:878} INFO - 
================================================================================
DAG File Processing Stats

File Path                                     PID    Runtime      # DAGs    # Errors  Last Runtime    Last Run
--------------------------------------------  -----  ---------  --------  ----------  --------------  -------------------
/opt/airflow/dags/monitoring_pipeline_dag.py                           1           0  0.08s           2026-04-27T12:26:32
/opt/airflow/dags/training_pipeline_dag.py                             1           0  0.08s           2026-04-27T12:26:31
/opt/airflow/dags/backfill_pipeline_dag.py                             1           0  0.07s           2026-04-27T12:26:32
================================================================================
[2026-04-27T12:26:52.034+0000] {manager.py:737} INFO - Searching for files in /opt/airflow/dags
[2026-04-27T12:26:52.036+0000] {manager.py:740} INFO - There are 3 files in /opt/airflow/dags
[2026-04-27T12:27:06.233+0000] {manager.py:878} INFO - 
================================================================================
DAG File Processing Stats

File Path                                     PID    Runtime      # DAGs    # Errors  Last Runtime    Last Run
--------------------------------------------  -----  ---------  --------  ----------  --------------  -------------------
/opt/airflow/dags/monitoring_pipeline_dag.py                           1           0  0.08s           2026-04-27T12:27:03
/opt/airflow/dags/training_pipeline_dag.py                             1           0  0.08s           2026-04-27T12:27:02
/opt/airflow/dags/backfill_pipeline_dag.py                             1           0  0.07s           2026-04-27T12:27:03
================================================================================
[2026-04-27T12:27:35.467+0000] {manager.py:878} INFO - 
================================================================================
DAG File Processing Stats

File Path                                     PID    Runtime      # DAGs    # Errors  Last Runtime    Last Run
--------------------------------------------  -----  ---------  --------  ----------  --------------  -------------------
/opt/airflow/dags/monitoring_pipeline_dag.py                           1           0  0.08s           2026-04-27T12:27:33
/opt/airflow/dags/training_pipeline_dag.py                             1           0  0.08s           2026-04-27T12:27:32
/opt/airflow/dags/backfill_pipeline_dag.py                             1           0  0.07s           2026-04-27T12:27:33
================================================================================
[2026-04-27T12:28:04.679+0000] {manager.py:878} INFO - 
================================================================================
DAG File Processing Stats

File Path                                     PID    Runtime      # DAGs    # Errors  Last Runtime    Last Run
--------------------------------------------  -----  ---------  --------  ----------  --------------  -------------------
/opt/airflow/dags/monitoring_pipeline_dag.py                           1           0  0.08s           2026-04-27T12:28:03
/opt/airflow/dags/training_pipeline_dag.py                             1           0  0.08s           2026-04-27T12:28:02
/opt/airflow/dags/backfill_pipeline_dag.py                             1           0  0.07s           2026-04-27T12:28:03
================================================================================
[2026-04-27T12:28:33.824+0000] {manager.py:878} INFO - 
================================================================================
DAG File Processing Stats

File Path                                       PID  Runtime      # DAGs    # Errors  Last Runtime    Last Run
--------------------------------------------  -----  ---------  --------  ----------  --------------  -------------------
/opt/airflow/dags/monitoring_pipeline_dag.py   1462  0.01s             1           0  0.08s           2026-04-27T12:28:03
/opt/airflow/dags/training_pipeline_dag.py                             1           0  0.08s           2026-04-27T12:28:32
/opt/airflow/dags/backfill_pipeline_dag.py     1465  0.00s             1           0  0.07s           2026-04-27T12:28:03
================================================================================
[2026-04-27T12:29:03.039+0000] {manager.py:878} INFO - 
================================================================================
DAG File Processing Stats

File Path                                       PID  Runtime      # DAGs    # Errors  Last Runtime    Last Run
--------------------------------------------  -----  ---------  --------  ----------  --------------  -------------------
/opt/airflow/dags/monitoring_pipeline_dag.py                           1           0  0.09s           2026-04-27T12:28:33
/opt/airflow/dags/training_pipeline_dag.py     1472  0.00s             1           0  0.08s           2026-04-27T12:28:32
/opt/airflow/dags/backfill_pipeline_dag.py                             1           0  0.08s           2026-04-27T12:28:33
================================================================================
[2026-04-27T12:29:32.248+0000] {manager.py:878} INFO - 
================================================================================
DAG File Processing Stats

File Path                                     PID    Runtime      # DAGs    # Errors  Last Runtime    Last Run
--------------------------------------------  -----  ---------  --------  ----------  --------------  -------------------
/opt/airflow/dags/monitoring_pipeline_dag.py                           1           0  0.08s           2026-04-27T12:29:04
/opt/airflow/dags/training_pipeline_dag.py                             1           0  0.08s           2026-04-27T12:29:03
/opt/airflow/dags/backfill_pipeline_dag.py                             1           0  0.07s           2026-04-27T12:29:04
================================================================================
[2026-04-27T12:30:01.466+0000] {manager.py:878} INFO - 
================================================================================
DAG File Processing Stats

File Path                                     PID    Runtime      # DAGs    # Errors  Last Runtime    Last Run
--------------------------------------------  -----  ---------  --------  ----------  --------------  -------------------
/opt/airflow/dags/monitoring_pipeline_dag.py                           1           0  0.09s           2026-04-27T12:29:34
/opt/airflow/dags/backfill_pipeline_dag.py                             1           0  0.08s           2026-04-27T12:29:34
/opt/airflow/dags/training_pipeline_dag.py                             1           0  0.08s           2026-04-27T12:29:33
================================================================================
[2026-04-27T12:30:30.665+0000] {manager.py:878} INFO - 
================================================================================
DAG File Processing Stats

File Path                                     PID    Runtime      # DAGs    # Errors  Last Runtime    Last Run
--------------------------------------------  -----  ---------  --------  ----------  --------------  -------------------
/opt/airflow/dags/monitoring_pipeline_dag.py                           1           0  0.08s           2026-04-27T12:30:04
/opt/airflow/dags/training_pipeline_dag.py                             1           0  0.08s           2026-04-27T12:30:03
/opt/airflow/dags/backfill_pipeline_dag.py                             1           0  0.07s           2026-04-27T12:30:04
================================================================================
[2026-04-27T12:30:59.916+0000] {manager.py:878} INFO - 
================================================================================
DAG File Processing Stats

File Path                                     PID    Runtime      # DAGs    # Errors  Last Runtime    Last Run
--------------------------------------------  -----  ---------  --------  ----------  --------------  -------------------
/opt/airflow/dags/monitoring_pipeline_dag.py                           1           0  0.08s           2026-04-27T12:30:34
/opt/airflow/dags/training_pipeline_dag.py                             1           0  0.08s           2026-04-27T12:30:33
/opt/airflow/dags/backfill_pipeline_dag.py                             1           0  0.07s           2026-04-27T12:30:34
================================================================================
[2026-04-27T12:31:29.140+0000] {manager.py:878} INFO - 
================================================================================
DAG File Processing Stats

File Path                                     PID    Runtime      # DAGs    # Errors  Last Runtime    Last Run
--------------------------------------------  -----  ---------  --------  ----------  --------------  -------------------
/opt/airflow/dags/monitoring_pipeline_dag.py                           1           0  0.09s           2026-04-27T12:31:05
/opt/airflow/dags/training_pipeline_dag.py                             1           0  0.08s           2026-04-27T12:31:04
/opt/airflow/dags/backfill_pipeline_dag.py                             1           0  0.08s           2026-04-27T12:31:05
================================================================================
[2026-04-27T12:31:52.364+0000] {manager.py:737} INFO - Searching for files in /opt/airflow/dags
[2026-04-27T12:31:52.366+0000] {manager.py:740} INFO - There are 3 files in /opt/airflow/dags
[2026-04-27T12:31:58.404+0000] {manager.py:878} INFO - 
================================================================================
DAG File Processing Stats

File Path                                     PID    Runtime      # DAGs    # Errors  Last Runtime    Last Run
--------------------------------------------  -----  ---------  --------  ----------  --------------  -------------------
/opt/airflow/dags/monitoring_pipeline_dag.py                           1           0  0.08s           2026-04-27T12:31:35
/opt/airflow/dags/training_pipeline_dag.py                             1           0  0.08s           2026-04-27T12:31:34
/opt/airflow/dags/backfill_pipeline_dag.py                             1           0  0.07s           2026-04-27T12:31:35
================================================================================
[2026-04-27T12:32:27.683+0000] {manager.py:878} INFO - 
================================================================================
DAG File Processing Stats

File Path                                     PID    Runtime      # DAGs    # Errors  Last Runtime    Last Run
--------------------------------------------  -----  ---------  --------  ----------  --------------  -------------------
/opt/airflow/dags/monitoring_pipeline_dag.py                           1           0  0.08s           2026-04-27T12:32:05
/opt/airflow/dags/training_pipeline_dag.py                             1           0  0.08s           2026-04-27T12:32:04
/opt/airflow/dags/backfill_pipeline_dag.py                             1           0  0.07s           2026-04-27T12:32:05
================================================================================
[2026-04-27T12:32:56.917+0000] {manager.py:878} INFO - 
================================================================================
DAG File Processing Stats

File Path                                     PID    Runtime      # DAGs    # Errors  Last Runtime    Last Run
--------------------------------------------  -----  ---------  --------  ----------  --------------  -------------------
/opt/airflow/dags/monitoring_pipeline_dag.py                           1           0  0.09s           2026-04-27T12:32:35
/opt/airflow/dags/training_pipeline_dag.py                             1           0  0.08s           2026-04-27T12:32:34
/opt/airflow/dags/backfill_pipeline_dag.py                             1           0  0.08s           2026-04-27T12:32:35
================================================================================
[2026-04-27T12:33:26.213+0000] {manager.py:878} INFO - 
================================================================================
DAG File Processing Stats

File Path                                     PID    Runtime      # DAGs    # Errors  Last Runtime    Last Run
--------------------------------------------  -----  ---------  --------  ----------  --------------  -------------------
/opt/airflow/dags/monitoring_pipeline_dag.py                           1           0  0.08s           2026-04-27T12:33:06
/opt/airflow/dags/training_pipeline_dag.py                             1           0  0.08s           2026-04-27T12:33:05
/opt/airflow/dags/backfill_pipeline_dag.py                             1           0  0.08s           2026-04-27T12:33:06
================================================================================
[2026-04-27T12:33:55.500+0000] {manager.py:878} INFO - 
================================================================================
DAG File Processing Stats

File Path                                     PID    Runtime      # DAGs    # Errors  Last Runtime    Last Run
--------------------------------------------  -----  ---------  --------  ----------  --------------  -------------------
/opt/airflow/dags/monitoring_pipeline_dag.py                           1           0  0.08s           2026-04-27T12:33:36
/opt/airflow/dags/training_pipeline_dag.py                             1           0  0.08s           2026-04-27T12:33:35
/opt/airflow/dags/backfill_pipeline_dag.py                             1           0  0.07s           2026-04-27T12:33:36
================================================================================
[2026-04-27T12:34:24.797+0000] {manager.py:878} INFO - 
================================================================================
DAG File Processing Stats

File Path                                     PID    Runtime      # DAGs    # Errors  Last Runtime    Last Run
--------------------------------------------  -----  ---------  --------  ----------  --------------  -------------------
/opt/airflow/dags/monitoring_pipeline_dag.py                           1           0  0.08s           2026-04-27T12:34:06
/opt/airflow/dags/training_pipeline_dag.py                             1           0  0.08s           2026-04-27T12:34:05
/opt/airflow/dags/backfill_pipeline_dag.py                             1           0  0.07s           2026-04-27T12:34:06
================================================================================
[2026-04-27T12:34:55.102+0000] {manager.py:878} INFO - 
================================================================================
DAG File Processing Stats

File Path                                     PID    Runtime      # DAGs    # Errors  Last Runtime    Last Run
--------------------------------------------  -----  ---------  --------  ----------  --------------  -------------------
/opt/airflow/dags/monitoring_pipeline_dag.py                           1           0  0.08s           2026-04-27T12:34:36
/opt/airflow/dags/training_pipeline_dag.py                             1           0  0.08s           2026-04-27T12:34:35
/opt/airflow/dags/backfill_pipeline_dag.py                             1           0  0.07s           2026-04-27T12:34:36
================================================================================
[2026-04-27T12:35:24.396+0000] {manager.py:878} INFO - 
================================================================================
DAG File Processing Stats

File Path                                     PID    Runtime      # DAGs    # Errors  Last Runtime    Last Run
--------------------------------------------  -----  ---------  --------  ----------  --------------  -------------------
/opt/airflow/dags/monitoring_pipeline_dag.py                           1           0  0.09s           2026-04-27T12:35:07
/opt/airflow/dags/training_pipeline_dag.py                             1           0  0.08s           2026-04-27T12:35:06
/opt/airflow/dags/backfill_pipeline_dag.py                             1           0  0.08s           2026-04-27T12:35:07
================================================================================
[2026-04-27T12:35:53.617+0000] {manager.py:878} INFO - 
================================================================================
DAG File Processing Stats

File Path                                     PID    Runtime      # DAGs    # Errors  Last Runtime    Last Run
--------------------------------------------  -----  ---------  --------  ----------  --------------  -------------------
/opt/airflow/dags/training_pipeline_dag.py                             1           0  0.08s           2026-04-27T12:35:36
/opt/airflow/dags/monitoring_pipeline_dag.py                           1           0  0.08s           2026-04-27T12:35:37
/opt/airflow/dags/backfill_pipeline_dag.py                             1           0  0.07s           2026-04-27T12:35:37
================================================================================
[2026-04-27T12:36:22.880+0000] {manager.py:878} INFO - 
================================================================================
DAG File Processing Stats

File Path                                     PID    Runtime      # DAGs    # Errors  Last Runtime    Last Run
--------------------------------------------  -----  ---------  --------  ----------  --------------  -------------------
/opt/airflow/dags/training_pipeline_dag.py                             1           0  0.08s           2026-04-27T12:36:06
/opt/airflow/dags/monitoring_pipeline_dag.py                           1           0  0.08s           2026-04-27T12:36:07
/opt/airflow/dags/backfill_pipeline_dag.py                             1           0  0.07s           2026-04-27T12:36:07
================================================================================
[2026-04-27T12:36:52.144+0000] {manager.py:878} INFO - 
================================================================================
DAG File Processing Stats

File Path                                     PID    Runtime      # DAGs    # Errors  Last Runtime    Last Run
--------------------------------------------  -----  ---------  --------  ----------  --------------  -------------------
/opt/airflow/dags/training_pipeline_dag.py                             1           0  0.08s           2026-04-27T12:36:37
/opt/airflow/dags/monitoring_pipeline_dag.py                           1           0  0.08s           2026-04-27T12:36:38
/opt/airflow/dags/backfill_pipeline_dag.py                             1           0  0.07s           2026-04-27T12:36:38
================================================================================
[2026-04-27T12:36:53.149+0000] {manager.py:737} INFO - Searching for files in /opt/airflow/dags
[2026-04-27T12:36:53.150+0000] {manager.py:740} INFO - There are 3 files in /opt/airflow/dags
[2026-04-27T12:37:21.399+0000] {manager.py:878} INFO - 
================================================================================
DAG File Processing Stats

File Path                                     PID    Runtime      # DAGs    # Errors  Last Runtime    Last Run
--------------------------------------------  -----  ---------  --------  ----------  --------------  -------------------
/opt/airflow/dags/monitoring_pipeline_dag.py                           1           0  0.08s           2026-04-27T12:37:08
/opt/airflow/dags/training_pipeline_dag.py                             1           0  0.08s           2026-04-27T12:37:07
/opt/airflow/dags/backfill_pipeline_dag.py                             1           0  0.07s           2026-04-27T12:37:08
================================================================================
[2026-04-27T12:37:50.626+0000] {manager.py:878} INFO - 
================================================================================
DAG File Processing Stats

File Path                                     PID    Runtime      # DAGs    # Errors  Last Runtime    Last Run
--------------------------------------------  -----  ---------  --------  ----------  --------------  -------------------
/opt/airflow/dags/training_pipeline_dag.py                             1           0  0.08s           2026-04-27T12:37:37
/opt/airflow/dags/monitoring_pipeline_dag.py                           1           0  0.08s           2026-04-27T12:37:38
/opt/airflow/dags/backfill_pipeline_dag.py                             1           0  0.07s           2026-04-27T12:37:38
================================================================================
[2026-04-27T12:38:19.897+0000] {manager.py:878} INFO - 
================================================================================
DAG File Processing Stats

File Path                                     PID    Runtime      # DAGs    # Errors  Last Runtime    Last Run
--------------------------------------------  -----  ---------  --------  ----------  --------------  -------------------
/opt/airflow/dags/monitoring_pipeline_dag.py                           1           0  0.09s           2026-04-27T12:38:08
/opt/airflow/dags/training_pipeline_dag.py                             1           0  0.08s           2026-04-27T12:38:07
/opt/airflow/dags/backfill_pipeline_dag.py                             1           0  0.08s           2026-04-27T12:38:08
================================================================================
[2026-04-27T12:38:49.180+0000] {manager.py:878} INFO - 
================================================================================
DAG File Processing Stats

File Path                                     PID    Runtime      # DAGs    # Errors  Last Runtime    Last Run
--------------------------------------------  -----  ---------  --------  ----------  --------------  -------------------
/opt/airflow/dags/training_pipeline_dag.py                             1           0  0.08s           2026-04-27T12:38:38
/opt/airflow/dags/monitoring_pipeline_dag.py                           1           0  0.08s           2026-04-27T12:38:39
/opt/airflow/dags/backfill_pipeline_dag.py                             1           0  0.07s           2026-04-27T12:38:39
================================================================================
[2026-04-27T12:39:18.467+0000] {manager.py:878} INFO - 
================================================================================
DAG File Processing Stats

File Path                                     PID    Runtime      # DAGs    # Errors  Last Runtime    Last Run
--------------------------------------------  -----  ---------  --------  ----------  --------------  -------------------
/opt/airflow/dags/monitoring_pipeline_dag.py                           1           0  0.08s           2026-04-27T12:39:09
/opt/airflow/dags/training_pipeline_dag.py                             1           0  0.08s           2026-04-27T12:39:08
/opt/airflow/dags/backfill_pipeline_dag.py                             1           0  0.07s           2026-04-27T12:39:09
================================================================================
[2026-04-27T12:39:47.742+0000] {manager.py:878} INFO - 
================================================================================
DAG File Processing Stats

File Path                                     PID    Runtime      # DAGs    # Errors  Last Runtime    Last Run
--------------------------------------------  -----  ---------  --------  ----------  --------------  -------------------
/opt/airflow/dags/monitoring_pipeline_dag.py                           1           0  0.08s           2026-04-27T12:39:39
/opt/airflow/dags/training_pipeline_dag.py                             1           0  0.08s           2026-04-27T12:39:38
/opt/airflow/dags/backfill_pipeline_dag.py                             1           0  0.07s           2026-04-27T12:39:39
================================================================================
[2026-04-27T12:40:17.018+0000] {manager.py:878} INFO - 
================================================================================
DAG File Processing Stats

File Path                                     PID    Runtime      # DAGs    # Errors  Last Runtime    Last Run
--------------------------------------------  -----  ---------  --------  ----------  --------------  -------------------
/opt/airflow/dags/monitoring_pipeline_dag.py                           1           0  0.08s           2026-04-27T12:40:09
/opt/airflow/dags/training_pipeline_dag.py                             1           0  0.08s           2026-04-27T12:40:08
/opt/airflow/dags/backfill_pipeline_dag.py                             1           0  0.07s           2026-04-27T12:40:09
================================================================================
[2026-04-27T12:40:46.257+0000] {manager.py:878} INFO - 
================================================================================
DAG File Processing Stats

File Path                                     PID    Runtime      # DAGs    # Errors  Last Runtime    Last Run
--------------------------------------------  -----  ---------  --------  ----------  --------------  -------------------
/opt/airflow/dags/training_pipeline_dag.py                             1           0  0.08s           2026-04-27T12:40:39
/opt/airflow/dags/monitoring_pipeline_dag.py                           1           0  0.08s           2026-04-27T12:40:40
/opt/airflow/dags/backfill_pipeline_dag.py                             1           0  0.07s           2026-04-27T12:40:40
================================================================================
[2026-04-27T12:41:15.624+0000] {manager.py:878} INFO - 
================================================================================
DAG File Processing Stats

File Path                                     PID    Runtime      # DAGs    # Errors  Last Runtime    Last Run
--------------------------------------------  -----  ---------  --------  ----------  --------------  -------------------
/opt/airflow/dags/monitoring_pipeline_dag.py                           1           0  0.08s           2026-04-27T12:41:10
/opt/airflow/dags/training_pipeline_dag.py                             1           0  0.08s           2026-04-27T12:41:09
/opt/airflow/dags/backfill_pipeline_dag.py                             1           0  0.07s           2026-04-27T12:41:10
================================================================================
[2026-04-27T12:41:44.959+0000] {manager.py:878} INFO - 
================================================================================
DAG File Processing Stats

File Path                                     PID    Runtime      # DAGs    # Errors  Last Runtime    Last Run
--------------------------------------------  -----  ---------  --------  ----------  --------------  -------------------
/opt/airflow/dags/monitoring_pipeline_dag.py                           1           0  0.08s           2026-04-27T12:41:40
/opt/airflow/dags/training_pipeline_dag.py                             1           0  0.08s           2026-04-27T12:41:39
/opt/airflow/dags/backfill_pipeline_dag.py                             1           0  0.07s           2026-04-27T12:41:40
================================================================================
[2026-04-27T12:41:54.025+0000] {manager.py:737} INFO - Searching for files in /opt/airflow/dags
[2026-04-27T12:41:54.026+0000] {manager.py:740} INFO - There are 3 files in /opt/airflow/dags
[2026-04-27T12:42:14.291+0000] {manager.py:878} INFO - 
================================================================================
DAG File Processing Stats

File Path                                     PID    Runtime      # DAGs    # Errors  Last Runtime    Last Run
--------------------------------------------  -----  ---------  --------  ----------  --------------  -------------------
/opt/airflow/dags/monitoring_pipeline_dag.py                           1           0  0.08s           2026-04-27T12:42:11
/opt/airflow/dags/training_pipeline_dag.py                             1           0  0.08s           2026-04-27T12:42:10
/opt/airflow/dags/backfill_pipeline_dag.py                             1           0  0.07s           2026-04-27T12:42:11
================================================================================
[2026-04-27T12:42:43.818+0000] {manager.py:878} INFO - 
================================================================================
DAG File Processing Stats

File Path                                     PID    Runtime      # DAGs    # Errors  Last Runtime    Last Run
--------------------------------------------  -----  ---------  --------  ----------  --------------  -------------------
/opt/airflow/dags/monitoring_pipeline_dag.py                           1           0  0.09s           2026-04-27T12:42:41
/opt/airflow/dags/training_pipeline_dag.py                             1           0  0.08s           2026-04-27T12:42:40
/opt/airflow/dags/backfill_pipeline_dag.py                             1           0  0.08s           2026-04-27T12:42:41
================================================================================
[2026-04-27T12:43:14.193+0000] {manager.py:878} INFO - 
================================================================================
DAG File Processing Stats

File Path                                     PID    Runtime      # DAGs    # Errors  Last Runtime    Last Run
--------------------------------------------  -----  ---------  --------  ----------  --------------  -------------------
/opt/airflow/dags/monitoring_pipeline_dag.py                           1           0  0.08s           2026-04-27T12:43:12
/opt/airflow/dags/training_pipeline_dag.py                             1           0  0.08s           2026-04-27T12:43:11
/opt/airflow/dags/backfill_pipeline_dag.py                             1           0  0.07s           2026-04-27T12:43:12
================================================================================
[2026-04-27T12:43:43.533+0000] {manager.py:878} INFO - 
================================================================================
DAG File Processing Stats

File Path                                     PID    Runtime      # DAGs    # Errors  Last Runtime    Last Run
--------------------------------------------  -----  ---------  --------  ----------  --------------  -------------------
/opt/airflow/dags/monitoring_pipeline_dag.py                           1           0  0.08s           2026-04-27T12:43:42
/opt/airflow/dags/training_pipeline_dag.py                             1           0  0.08s           2026-04-27T12:43:41
/opt/airflow/dags/backfill_pipeline_dag.py                             1           0  0.07s           2026-04-27T12:43:42
================================================================================
[2026-04-27T12:44:12.837+0000] {manager.py:878} INFO - 
================================================================================
DAG File Processing Stats

File Path                                       PID  Runtime      # DAGs    # Errors  Last Runtime    Last Run
--------------------------------------------  -----  ---------  --------  ----------  --------------  -------------------
/opt/airflow/dags/training_pipeline_dag.py                             1           0  0.08s           2026-04-27T12:44:11
/opt/airflow/dags/monitoring_pipeline_dag.py   1927  0.01s             1           0  0.08s           2026-04-27T12:43:42
/opt/airflow/dags/backfill_pipeline_dag.py     1930  0.00s             1           0  0.07s           2026-04-27T12:43:42
================================================================================
[2026-04-27T12:44:42.194+0000] {manager.py:878} INFO - 
================================================================================
DAG File Processing Stats

File Path                                       PID  Runtime      # DAGs    # Errors  Last Runtime    Last Run
--------------------------------------------  -----  ---------  --------  ----------  --------------  -------------------
/opt/airflow/dags/monitoring_pipeline_dag.py                           1           0  0.08s           2026-04-27T12:44:12
/opt/airflow/dags/training_pipeline_dag.py     1937  0.00s             1           0  0.08s           2026-04-27T12:44:11
/opt/airflow/dags/backfill_pipeline_dag.py                             1           0  0.07s           2026-04-27T12:44:12
================================================================================
[2026-04-27T12:45:11.447+0000] {manager.py:878} INFO - 
================================================================================
DAG File Processing Stats

File Path                                     PID    Runtime      # DAGs    # Errors  Last Runtime    Last Run
--------------------------------------------  -----  ---------  --------  ----------  --------------  -------------------
/opt/airflow/dags/monitoring_pipeline_dag.py                           1           0  0.08s           2026-04-27T12:44:43
/opt/airflow/dags/training_pipeline_dag.py                             1           0  0.08s           2026-04-27T12:44:42
/opt/airflow/dags/backfill_pipeline_dag.py                             1           0  0.07s           2026-04-27T12:44:43
================================================================================
[2026-04-27T12:45:40.729+0000] {manager.py:878} INFO - 
================================================================================
DAG File Processing Stats

File Path                                     PID    Runtime      # DAGs    # Errors  Last Runtime    Last Run
--------------------------------------------  -----  ---------  --------  ----------  --------------  -------------------
/opt/airflow/dags/monitoring_pipeline_dag.py                           1           0  0.08s           2026-04-27T12:45:13
/opt/airflow/dags/training_pipeline_dag.py                             1           0  0.08s           2026-04-27T12:45:12
/opt/airflow/dags/backfill_pipeline_dag.py                             1           0  0.07s           2026-04-27T12:45:13
================================================================================
[2026-04-27T12:46:10.019+0000] {manager.py:878} INFO - 
================================================================================
DAG File Processing Stats

File Path                                     PID    Runtime      # DAGs    # Errors  Last Runtime    Last Run
--------------------------------------------  -----  ---------  --------  ----------  --------------  -------------------
/opt/airflow/dags/training_pipeline_dag.py                             1           0  0.08s           2026-04-27T12:45:42
/opt/airflow/dags/monitoring_pipeline_dag.py                           1           0  0.08s           2026-04-27T12:45:43
/opt/airflow/dags/backfill_pipeline_dag.py                             1           0  0.07s           2026-04-27T12:45:43
================================================================================
[2026-04-27T12:46:39.356+0000] {manager.py:878} INFO - 
================================================================================
DAG File Processing Stats

File Path                                     PID    Runtime      # DAGs    # Errors  Last Runtime    Last Run
--------------------------------------------  -----  ---------  --------  ----------  --------------  -------------------
/opt/airflow/dags/monitoring_pipeline_dag.py                           1           0  0.08s           2026-04-27T12:46:14
/opt/airflow/dags/training_pipeline_dag.py                             1           0  0.08s           2026-04-27T12:46:13
/opt/airflow/dags/backfill_pipeline_dag.py                             1           0  0.07s           2026-04-27T12:46:14
================================================================================
[2026-04-27T12:46:54.535+0000] {manager.py:737} INFO - Searching for files in /opt/airflow/dags
[2026-04-27T12:46:54.536+0000] {manager.py:740} INFO - There are 3 files in /opt/airflow/dags
[2026-04-27T12:47:08.627+0000] {manager.py:878} INFO - 
================================================================================
DAG File Processing Stats

File Path                                     PID    Runtime      # DAGs    # Errors  Last Runtime    Last Run
--------------------------------------------  -----  ---------  --------  ----------  --------------  -------------------
/opt/airflow/dags/monitoring_pipeline_dag.py                           1           0  0.08s           2026-04-27T12:46:44
/opt/airflow/dags/training_pipeline_dag.py                             1           0  0.08s           2026-04-27T12:46:43
/opt/airflow/dags/backfill_pipeline_dag.py                             1           0  0.07s           2026-04-27T12:46:44
================================================================================
[2026-04-27T12:47:37.910+0000] {manager.py:878} INFO - 
================================================================================
DAG File Processing Stats

File Path                                     PID    Runtime      # DAGs    # Errors  Last Runtime    Last Run
--------------------------------------------  -----  ---------  --------  ----------  --------------  -------------------
/opt/airflow/dags/monitoring_pipeline_dag.py                           1           0  0.08s           2026-04-27T12:47:14
/opt/airflow/dags/training_pipeline_dag.py                             1           0  0.08s           2026-04-27T12:47:13
/opt/airflow/dags/backfill_pipeline_dag.py                             1           0  0.07s           2026-04-27T12:47:14
================================================================================
[2026-04-27T12:48:07.208+0000] {manager.py:878} INFO - 
================================================================================
DAG File Processing Stats

File Path                                     PID    Runtime      # DAGs    # Errors  Last Runtime    Last Run
--------------------------------------------  -----  ---------  --------  ----------  --------------  -------------------
/opt/airflow/dags/training_pipeline_dag.py                             1           0  0.08s           2026-04-27T12:47:44
/opt/airflow/dags/monitoring_pipeline_dag.py                           1           0  0.08s           2026-04-27T12:47:45
/opt/airflow/dags/backfill_pipeline_dag.py                             1           0  0.07s           2026-04-27T12:47:45
================================================================================
[2026-04-27T12:48:36.486+0000] {manager.py:878} INFO - 
================================================================================
DAG File Processing Stats

File Path                                     PID    Runtime      # DAGs    # Errors  Last Runtime    Last Run
--------------------------------------------  -----  ---------  --------  ----------  --------------  -------------------
/opt/airflow/dags/monitoring_pipeline_dag.py                           1           0  0.08s           2026-04-27T12:48:15
/opt/airflow/dags/training_pipeline_dag.py                             1           0  0.08s           2026-04-27T12:48:14
/opt/airflow/dags/backfill_pipeline_dag.py                             1           0  0.07s           2026-04-27T12:48:15
================================================================================
[2026-04-27T12:49:05.731+0000] {manager.py:878} INFO - 
================================================================================
DAG File Processing Stats

File Path                                     PID    Runtime      # DAGs    # Errors  Last Runtime    Last Run
--------------------------------------------  -----  ---------  --------  ----------  --------------  -------------------
/opt/airflow/dags/training_pipeline_dag.py                             1           0  0.08s           2026-04-27T12:48:44
/opt/airflow/dags/monitoring_pipeline_dag.py                           1           0  0.08s           2026-04-27T12:48:45
/opt/airflow/dags/backfill_pipeline_dag.py                             1           0  0.07s           2026-04-27T12:48:45
================================================================================
[2026-04-27T12:49:34.981+0000] {manager.py:878} INFO - 
================================================================================
DAG File Processing Stats

File Path                                     PID    Runtime      # DAGs    # Errors  Last Runtime    Last Run
--------------------------------------------  -----  ---------  --------  ----------  --------------  -------------------
/opt/airflow/dags/monitoring_pipeline_dag.py                           1           0  0.08s           2026-04-27T12:49:15
/opt/airflow/dags/training_pipeline_dag.py                             1           0  0.08s           2026-04-27T12:49:14
/opt/airflow/dags/backfill_pipeline_dag.py                             1           0  0.07s           2026-04-27T12:49:15
================================================================================
[2026-04-27T12:50:04.442+0000] {manager.py:878} INFO - 
================================================================================
DAG File Processing Stats

File Path                                     PID    Runtime      # DAGs    # Errors  Last Runtime    Last Run
--------------------------------------------  -----  ---------  --------  ----------  --------------  -------------------
/opt/airflow/dags/monitoring_pipeline_dag.py                           1           0  0.08s           2026-04-27T12:49:46
/opt/airflow/dags/training_pipeline_dag.py                             1           0  0.08s           2026-04-27T12:49:45
/opt/airflow/dags/backfill_pipeline_dag.py                             1           0  0.07s           2026-04-27T12:49:46
================================================================================
[2026-04-27T12:50:34.043+0000] {manager.py:878} INFO - 
================================================================================
DAG File Processing Stats

File Path                                     PID    Runtime      # DAGs    # Errors  Last Runtime    Last Run
--------------------------------------------  -----  ---------  --------  ----------  --------------  -------------------
/opt/airflow/dags/training_pipeline_dag.py                             1           0  0.08s           2026-04-27T12:50:15
/opt/airflow/dags/monitoring_pipeline_dag.py                           1           0  0.08s           2026-04-27T12:50:16
/opt/airflow/dags/backfill_pipeline_dag.py                             1           0  0.07s           2026-04-27T12:50:16
================================================================================
[2026-04-27T12:51:03.444+0000] {manager.py:878} INFO - 
================================================================================
DAG File Processing Stats

File Path                                     PID    Runtime      # DAGs    # Errors  Last Runtime    Last Run
--------------------------------------------  -----  ---------  --------  ----------  --------------  -------------------
/opt/airflow/dags/monitoring_pipeline_dag.py                           1           0  0.08s           2026-04-27T12:50:47
/opt/airflow/dags/training_pipeline_dag.py                             1           0  0.08s           2026-04-27T12:50:46
/opt/airflow/dags/backfill_pipeline_dag.py                             1           0  0.08s           2026-04-27T12:50:47
================================================================================
[2026-04-27T12:51:33.806+0000] {manager.py:878} INFO - 
================================================================================
DAG File Processing Stats

File Path                                     PID    Runtime      # DAGs    # Errors  Last Runtime    Last Run
--------------------------------------------  -----  ---------  --------  ----------  --------------  -------------------
/opt/airflow/dags/training_pipeline_dag.py                             1           0  0.08s           2026-04-27T12:51:16
/opt/airflow/dags/monitoring_pipeline_dag.py                           1           0  0.08s           2026-04-27T12:51:17
/opt/airflow/dags/backfill_pipeline_dag.py                             1           0  0.07s           2026-04-27T12:51:17
================================================================================
[2026-04-27T12:51:55.009+0000] {manager.py:737} INFO - Searching for files in /opt/airflow/dags
[2026-04-27T12:51:55.010+0000] {manager.py:740} INFO - There are 3 files in /opt/airflow/dags
[2026-04-27T12:52:03.059+0000] {manager.py:878} INFO - 
================================================================================
DAG File Processing Stats

File Path                                     PID    Runtime      # DAGs    # Errors  Last Runtime    Last Run
--------------------------------------------  -----  ---------  --------  ----------  --------------  -------------------
/opt/airflow/dags/monitoring_pipeline_dag.py                           1           0  0.09s           2026-04-27T12:51:47
/opt/airflow/dags/training_pipeline_dag.py                             1           0  0.08s           2026-04-27T12:51:46
/opt/airflow/dags/backfill_pipeline_dag.py                             1           0  0.08s           2026-04-27T12:51:47
================================================================================
[2026-04-27T12:52:32.301+0000] {manager.py:878} INFO - 
================================================================================
DAG File Processing Stats

File Path                                     PID    Runtime      # DAGs    # Errors  Last Runtime    Last Run
--------------------------------------------  -----  ---------  --------  ----------  --------------  -------------------
/opt/airflow/dags/training_pipeline_dag.py                             1           0  0.08s           2026-04-27T12:52:17
/opt/airflow/dags/monitoring_pipeline_dag.py                           1           0  0.08s           2026-04-27T12:52:18
/opt/airflow/dags/backfill_pipeline_dag.py                             1           0  0.07s           2026-04-27T12:52:18
================================================================================
[2026-04-27T12:53:01.602+0000] {manager.py:878} INFO - 
================================================================================
DAG File Processing Stats

File Path                                     PID    Runtime      # DAGs    # Errors  Last Runtime    Last Run
--------------------------------------------  -----  ---------  --------  ----------  --------------  -------------------
/opt/airflow/dags/monitoring_pipeline_dag.py                           1           0  0.08s           2026-04-27T12:52:48
/opt/airflow/dags/training_pipeline_dag.py                             1           0  0.08s           2026-04-27T12:52:47
/opt/airflow/dags/backfill_pipeline_dag.py                             1           0  0.07s           2026-04-27T12:52:48
================================================================================
[2026-04-27T12:53:30.833+0000] {manager.py:878} INFO - 
================================================================================
DAG File Processing Stats

File Path                                     PID    Runtime      # DAGs    # Errors  Last Runtime    Last Run
--------------------------------------------  -----  ---------  --------  ----------  --------------  -------------------
/opt/airflow/dags/monitoring_pipeline_dag.py                           1           0  0.08s           2026-04-27T12:53:18
/opt/airflow/dags/training_pipeline_dag.py                             1           0  0.08s           2026-04-27T12:53:17
/opt/airflow/dags/backfill_pipeline_dag.py                             1           0  0.07s           2026-04-27T12:53:18
================================================================================
[2026-04-27T12:54:00.126+0000] {manager.py:878} INFO - 
================================================================================
DAG File Processing Stats

File Path                                     PID    Runtime      # DAGs    # Errors  Last Runtime    Last Run
--------------------------------------------  -----  ---------  --------  ----------  --------------  -------------------
/opt/airflow/dags/monitoring_pipeline_dag.py                           1           0  0.08s           2026-04-27T12:53:49
/opt/airflow/dags/training_pipeline_dag.py                             1           0  0.08s           2026-04-27T12:53:48
/opt/airflow/dags/backfill_pipeline_dag.py                             1           0  0.07s           2026-04-27T12:53:49
================================================================================
[2026-04-27T12:54:29.406+0000] {manager.py:878} INFO - 
================================================================================
DAG File Processing Stats

File Path                                     PID    Runtime      # DAGs    # Errors  Last Runtime    Last Run
--------------------------------------------  -----  ---------  --------  ----------  --------------  -------------------
/opt/airflow/dags/monitoring_pipeline_dag.py                           1           0  0.08s           2026-04-27T12:54:19
/opt/airflow/dags/training_pipeline_dag.py                             1           0  0.08s           2026-04-27T12:54:18
/opt/airflow/dags/backfill_pipeline_dag.py                             1           0  0.07s           2026-04-27T12:54:19
================================================================================
[2026-04-27T12:54:58.671+0000] {manager.py:878} INFO - 
================================================================================
DAG File Processing Stats

File Path                                     PID    Runtime      # DAGs    # Errors  Last Runtime    Last Run
--------------------------------------------  -----  ---------  --------  ----------  --------------  -------------------
/opt/airflow/dags/monitoring_pipeline_dag.py                           1           0  0.08s           2026-04-27T12:54:49
/opt/airflow/dags/training_pipeline_dag.py                             1           0  0.08s           2026-04-27T12:54:48
/opt/airflow/dags/backfill_pipeline_dag.py                             1           0  0.07s           2026-04-27T12:54:49
================================================================================
[2026-04-27T12:55:27.962+0000] {manager.py:878} INFO - 
================================================================================
DAG File Processing Stats

File Path                                     PID    Runtime      # DAGs    # Errors  Last Runtime    Last Run
--------------------------------------------  -----  ---------  --------  ----------  --------------  -------------------
/opt/airflow/dags/training_pipeline_dag.py                             1           0  0.09s           2026-04-27T12:55:18
/opt/airflow/dags/monitoring_pipeline_dag.py                           1           0  0.08s           2026-04-27T12:55:19
/opt/airflow/dags/backfill_pipeline_dag.py                             1           0  0.07s           2026-04-27T12:55:19
================================================================================
[2026-04-27T12:55:57.254+0000] {manager.py:878} INFO - 
================================================================================
DAG File Processing Stats

File Path                                     PID    Runtime      # DAGs    # Errors  Last Runtime    Last Run
--------------------------------------------  -----  ---------  --------  ----------  --------------  -------------------
/opt/airflow/dags/monitoring_pipeline_dag.py                           1           0  0.08s           2026-04-27T12:55:50
/opt/airflow/dags/training_pipeline_dag.py                             1           0  0.08s           2026-04-27T12:55:49
/opt/airflow/dags/backfill_pipeline_dag.py                             1           0  0.07s           2026-04-27T12:55:50
================================================================================
[2026-04-27T12:56:26.505+0000] {manager.py:878} INFO - 
================================================================================
DAG File Processing Stats

File Path                                     PID    Runtime      # DAGs    # Errors  Last Runtime    Last Run
--------------------------------------------  -----  ---------  --------  ----------  --------------  -------------------
/opt/airflow/dags/training_pipeline_dag.py                             1           0  0.09s           2026-04-27T12:56:19
/opt/airflow/dags/monitoring_pipeline_dag.py                           1           0  0.09s           2026-04-27T12:56:20
/opt/airflow/dags/backfill_pipeline_dag.py                             1           0  0.08s           2026-04-27T12:56:20
================================================================================
[2026-04-27T12:56:55.991+0000] {manager.py:737} INFO - Searching for files in /opt/airflow/dags
[2026-04-27T12:56:55.993+0000] {manager.py:740} INFO - There are 3 files in /opt/airflow/dags
[2026-04-27T12:56:56.000+0000] {manager.py:878} INFO - 
================================================================================
DAG File Processing Stats

File Path                                     PID    Runtime      # DAGs    # Errors  Last Runtime    Last Run
--------------------------------------------  -----  ---------  --------  ----------  --------------  -------------------
/opt/airflow/dags/training_pipeline_dag.py                             1           0  0.08s           2026-04-27T12:56:49
/opt/airflow/dags/monitoring_pipeline_dag.py                           1           0  0.08s           2026-04-27T12:56:50
/opt/airflow/dags/backfill_pipeline_dag.py                             1           0  0.08s           2026-04-27T12:56:50
================================================================================
[2026-04-27T12:57:25.757+0000] {manager.py:878} INFO - 
================================================================================
DAG File Processing Stats

File Path                                     PID    Runtime      # DAGs    # Errors  Last Runtime    Last Run
--------------------------------------------  -----  ---------  --------  ----------  --------------  -------------------
/opt/airflow/dags/training_pipeline_dag.py                             1           0  0.08s           2026-04-27T12:57:20
/opt/airflow/dags/monitoring_pipeline_dag.py                           1           0  0.08s           2026-04-27T12:57:21
/opt/airflow/dags/backfill_pipeline_dag.py                             1           0  0.07s           2026-04-27T12:57:21
================================================================================
[2026-04-27T12:57:55.565+0000] {manager.py:878} INFO - 
================================================================================
DAG File Processing Stats

File Path                                     PID    Runtime      # DAGs    # Errors  Last Runtime    Last Run
--------------------------------------------  -----  ---------  --------  ----------  --------------  -------------------
/opt/airflow/dags/monitoring_pipeline_dag.py                           1           0  0.08s           2026-04-27T12:57:52
/opt/airflow/dags/training_pipeline_dag.py                             1           0  0.08s           2026-04-27T12:57:51
/opt/airflow/dags/backfill_pipeline_dag.py                             1           0  0.07s           2026-04-27T12:57:52
================================================================================
[2026-04-27T12:58:25.299+0000] {manager.py:878} INFO - 
================================================================================
DAG File Processing Stats

File Path                                     PID    Runtime      # DAGs    # Errors  Last Runtime    Last Run
--------------------------------------------  -----  ---------  --------  ----------  --------------  -------------------
/opt/airflow/dags/monitoring_pipeline_dag.py                           1           0  0.08s           2026-04-27T12:58:23
/opt/airflow/dags/training_pipeline_dag.py                             1           0  0.08s           2026-04-27T12:58:22
/opt/airflow/dags/backfill_pipeline_dag.py                             1           0  0.07s           2026-04-27T12:58:23
================================================================================
[2026-04-27T12:58:54.932+0000] {manager.py:878} INFO - 
================================================================================
DAG File Processing Stats

File Path                                     PID    Runtime      # DAGs    # Errors  Last Runtime    Last Run
--------------------------------------------  -----  ---------  --------  ----------  --------------  -------------------
/opt/airflow/dags/training_pipeline_dag.py                             1           0  0.08s           2026-04-27T12:58:52
/opt/airflow/dags/monitoring_pipeline_dag.py                           1           0  0.08s           2026-04-27T12:58:53
/opt/airflow/dags/backfill_pipeline_dag.py                             1           0  0.07s           2026-04-27T12:58:53
================================================================================
[2026-04-27T12:59:24.529+0000] {manager.py:878} INFO - 
================================================================================
DAG File Processing Stats

File Path                                     PID    Runtime      # DAGs    # Errors  Last Runtime    Last Run
--------------------------------------------  -----  ---------  --------  ----------  --------------  -------------------
/opt/airflow/dags/training_pipeline_dag.py                             1           0  0.08s           2026-04-27T12:59:23
/opt/airflow/dags/monitoring_pipeline_dag.py                           1           0  -0.92s          2026-04-27T12:59:23
/opt/airflow/dags/backfill_pipeline_dag.py                             1           0  -0.93s          2026-04-27T12:59:23
================================================================================
[2026-04-27T12:59:55.210+0000] {manager.py:878} INFO - 
================================================================================
DAG File Processing Stats

File Path                                     PID    Runtime      # DAGs    # Errors  Last Runtime    Last Run
--------------------------------------------  -----  ---------  --------  ----------  --------------  -------------------
/opt/airflow/dags/training_pipeline_dag.py                             1           0  0.08s           2026-04-27T12:59:54
/opt/airflow/dags/monitoring_pipeline_dag.py                           1           0  0.08s           2026-04-27T12:59:54
/opt/airflow/dags/backfill_pipeline_dag.py                             1           0  0.07s           2026-04-27T12:59:54
================================================================================
[2026-04-27T13:00:24.847+0000] {manager.py:878} INFO - 
================================================================================
DAG File Processing Stats

File Path                                       PID  Runtime      # DAGs    # Errors  Last Runtime    Last Run
--------------------------------------------  -----  ---------  --------  ----------  --------------  -------------------
/opt/airflow/dags/training_pipeline_dag.py                             1           0  0.08s           2026-04-27T12:59:54
/opt/airflow/dags/monitoring_pipeline_dag.py   2402  0.01s             1           0  0.08s           2026-04-27T12:59:54
/opt/airflow/dags/backfill_pipeline_dag.py     2405  0.00s             1           0  0.07s           2026-04-27T12:59:54
================================================================================
[2026-04-27T13:00:54.363+0000] {manager.py:878} INFO - 
================================================================================
DAG File Processing Stats

File Path                                     PID    Runtime      # DAGs    # Errors  Last Runtime    Last Run
--------------------------------------------  -----  ---------  --------  ----------  --------------  -------------------
/opt/airflow/dags/monitoring_pipeline_dag.py                           1           0  0.08s           2026-04-27T13:00:24
/opt/airflow/dags/training_pipeline_dag.py                             1           0  0.08s           2026-04-27T13:00:25
/opt/airflow/dags/backfill_pipeline_dag.py                             1           0  0.07s           2026-04-27T13:00:24
================================================================================
[2026-04-27T13:01:23.803+0000] {manager.py:878} INFO - 
================================================================================
DAG File Processing Stats

File Path                                     PID    Runtime      # DAGs    # Errors  Last Runtime    Last Run
--------------------------------------------  -----  ---------  --------  ----------  --------------  -------------------
/opt/airflow/dags/monitoring_pipeline_dag.py                           1           0  0.08s           2026-04-27T13:00:55
/opt/airflow/dags/training_pipeline_dag.py                             1           0  0.07s           2026-04-27T13:00:55
/opt/airflow/dags/backfill_pipeline_dag.py                             1           0  0.07s           2026-04-27T13:00:55
================================================================================
[2026-04-27T13:01:53.184+0000] {manager.py:878} INFO - 
================================================================================
DAG File Processing Stats

File Path                                     PID    Runtime      # DAGs    # Errors  Last Runtime    Last Run
--------------------------------------------  -----  ---------  --------  ----------  --------------  -------------------
/opt/airflow/dags/monitoring_pipeline_dag.py                           1           0  0.08s           2026-04-27T13:01:25
/opt/airflow/dags/training_pipeline_dag.py                             1           0  0.08s           2026-04-27T13:01:25
/opt/airflow/dags/backfill_pipeline_dag.py                             1           0  0.07s           2026-04-27T13:01:25
================================================================================
[2026-04-27T13:01:56.246+0000] {manager.py:737} INFO - Searching for files in /opt/airflow/dags
[2026-04-27T13:01:56.246+0000] {manager.py:740} INFO - There are 3 files in /opt/airflow/dags
[2026-04-27T13:02:22.472+0000] {manager.py:878} INFO - 
================================================================================
DAG File Processing Stats

File Path                                     PID    Runtime      # DAGs    # Errors  Last Runtime    Last Run
--------------------------------------------  -----  ---------  --------  ----------  --------------  -------------------
/opt/airflow/dags/monitoring_pipeline_dag.py                           1           0  0.08s           2026-04-27T13:01:56
/opt/airflow/dags/training_pipeline_dag.py                             1           0  0.07s           2026-04-27T13:01:56
/opt/airflow/dags/backfill_pipeline_dag.py                             1           0  0.07s           2026-04-27T13:01:56
================================================================================
[2026-04-27T13:02:51.745+0000] {manager.py:878} INFO - 
================================================================================
DAG File Processing Stats

File Path                                     PID    Runtime      # DAGs    # Errors  Last Runtime    Last Run
--------------------------------------------  -----  ---------  --------  ----------  --------------  -------------------
/opt/airflow/dags/monitoring_pipeline_dag.py                           1           0  0.09s           2026-04-27T13:02:26
/opt/airflow/dags/backfill_pipeline_dag.py                             1           0  0.08s           2026-04-27T13:02:26
/opt/airflow/dags/training_pipeline_dag.py                             1           0  0.08s           2026-04-27T13:02:26
================================================================================
[2026-04-27T13:03:21.104+0000] {manager.py:878} INFO - 
================================================================================
DAG File Processing Stats

File Path                                     PID    Runtime      # DAGs    # Errors  Last Runtime    Last Run
--------------------------------------------  -----  ---------  --------  ----------  --------------  -------------------
/opt/airflow/dags/monitoring_pipeline_dag.py                           1           0  0.08s           2026-04-27T13:02:56
/opt/airflow/dags/training_pipeline_dag.py                             1           0  0.08s           2026-04-27T13:02:56
/opt/airflow/dags/backfill_pipeline_dag.py                             1           0  0.07s           2026-04-27T13:02:56
================================================================================
[2026-04-27T13:03:50.636+0000] {manager.py:878} INFO - 
================================================================================
DAG File Processing Stats

File Path                                     PID    Runtime      # DAGs    # Errors  Last Runtime    Last Run
--------------------------------------------  -----  ---------  --------  ----------  --------------  -------------------
/opt/airflow/dags/monitoring_pipeline_dag.py                           1           0  0.09s           2026-04-27T13:03:27
/opt/airflow/dags/training_pipeline_dag.py                             1           0  0.08s           2026-04-27T13:03:27
/opt/airflow/dags/backfill_pipeline_dag.py                             1           0  0.08s           2026-04-27T13:03:27
================================================================================
[2026-04-27T13:04:19.961+0000] {manager.py:878} INFO - 
================================================================================
DAG File Processing Stats

File Path                                     PID    Runtime      # DAGs    # Errors  Last Runtime    Last Run
--------------------------------------------  -----  ---------  --------  ----------  --------------  -------------------
/opt/airflow/dags/training_pipeline_dag.py                             1           0  0.08s           2026-04-27T13:03:57
/opt/airflow/dags/monitoring_pipeline_dag.py                           1           0  0.08s           2026-04-27T13:03:57
/opt/airflow/dags/backfill_pipeline_dag.py                             1           0  0.07s           2026-04-27T13:03:57
================================================================================
[2026-04-27T13:04:49.273+0000] {manager.py:878} INFO - 
================================================================================
DAG File Processing Stats

File Path                                     PID    Runtime      # DAGs    # Errors  Last Runtime    Last Run
--------------------------------------------  -----  ---------  --------  ----------  --------------  -------------------
/opt/airflow/dags/monitoring_pipeline_dag.py                           1           0  0.08s           2026-04-27T13:04:28
/opt/airflow/dags/training_pipeline_dag.py                             1           0  0.07s           2026-04-27T13:04:28
/opt/airflow/dags/backfill_pipeline_dag.py                             1           0  0.07s           2026-04-27T13:04:28
================================================================================
[2026-04-27T13:05:18.526+0000] {manager.py:878} INFO - 
================================================================================
DAG File Processing Stats

File Path                                     PID    Runtime      # DAGs    # Errors  Last Runtime    Last Run
--------------------------------------------  -----  ---------  --------  ----------  --------------  -------------------
/opt/airflow/dags/monitoring_pipeline_dag.py                           1           0  0.08s           2026-04-27T13:04:58
/opt/airflow/dags/training_pipeline_dag.py                             1           0  0.07s           2026-04-27T13:04:58
/opt/airflow/dags/backfill_pipeline_dag.py                             1           0  0.07s           2026-04-27T13:04:58
================================================================================
[2026-04-27T13:05:47.770+0000] {manager.py:878} INFO - 
================================================================================
DAG File Processing Stats

File Path                                     PID    Runtime      # DAGs    # Errors  Last Runtime    Last Run
--------------------------------------------  -----  ---------  --------  ----------  --------------  -------------------
/opt/airflow/dags/training_pipeline_dag.py                             1           0  0.08s           2026-04-27T13:05:28
/opt/airflow/dags/monitoring_pipeline_dag.py                           1           0  0.08s           2026-04-27T13:05:28
/opt/airflow/dags/backfill_pipeline_dag.py                             1           0  0.07s           2026-04-27T13:05:28
================================================================================
[2026-04-27T13:06:17.034+0000] {manager.py:878} INFO - 
================================================================================
DAG File Processing Stats

File Path                                     PID    Runtime      # DAGs    # Errors  Last Runtime    Last Run
--------------------------------------------  -----  ---------  --------  ----------  --------------  -------------------
/opt/airflow/dags/monitoring_pipeline_dag.py                           1           0  0.08s           2026-04-27T13:05:58
/opt/airflow/dags/training_pipeline_dag.py                             1           0  0.08s           2026-04-27T13:05:58
/opt/airflow/dags/backfill_pipeline_dag.py                             1           0  0.07s           2026-04-27T13:05:58
================================================================================
[2026-04-27T13:06:46.270+0000] {manager.py:878} INFO - 
================================================================================
DAG File Processing Stats

File Path                                     PID    Runtime      # DAGs    # Errors  Last Runtime    Last Run
--------------------------------------------  -----  ---------  --------  ----------  --------------  -------------------
/opt/airflow/dags/monitoring_pipeline_dag.py                           1           0  0.08s           2026-04-27T13:06:29
/opt/airflow/dags/training_pipeline_dag.py                             1           0  0.08s           2026-04-27T13:06:29
/opt/airflow/dags/backfill_pipeline_dag.py                             1           0  0.07s           2026-04-27T13:06:29
================================================================================
[2026-04-27T13:06:56.328+0000] {manager.py:737} INFO - Searching for files in /opt/airflow/dags
[2026-04-27T13:06:56.329+0000] {manager.py:740} INFO - There are 3 files in /opt/airflow/dags
[2026-04-27T13:07:15.535+0000] {manager.py:878} INFO - 
================================================================================
DAG File Processing Stats

File Path                                     PID    Runtime      # DAGs    # Errors  Last Runtime    Last Run
--------------------------------------------  -----  ---------  --------  ----------  --------------  -------------------
/opt/airflow/dags/monitoring_pipeline_dag.py                           1           0  0.09s           2026-04-27T13:06:59
/opt/airflow/dags/backfill_pipeline_dag.py                             1           0  0.08s           2026-04-27T13:06:59
/opt/airflow/dags/training_pipeline_dag.py                             1           0  0.07s           2026-04-27T13:06:59
================================================================================
[2026-04-27T13:07:44.809+0000] {manager.py:878} INFO - 
================================================================================
DAG File Processing Stats

File Path                                     PID    Runtime      # DAGs    # Errors  Last Runtime    Last Run
--------------------------------------------  -----  ---------  --------  ----------  --------------  -------------------
/opt/airflow/dags/monitoring_pipeline_dag.py                           1           0  0.08s           2026-04-27T13:07:29
/opt/airflow/dags/training_pipeline_dag.py                             1           0  0.08s           2026-04-27T13:07:29
/opt/airflow/dags/backfill_pipeline_dag.py                             1           0  0.07s           2026-04-27T13:07:29
================================================================================
[2026-04-27T13:08:15.075+0000] {manager.py:878} INFO - 
================================================================================
DAG File Processing Stats

File Path                                     PID    Runtime      # DAGs    # Errors  Last Runtime    Last Run
--------------------------------------------  -----  ---------  --------  ----------  --------------  -------------------
/opt/airflow/dags/monitoring_pipeline_dag.py                           1           0  0.08s           2026-04-27T13:07:59
/opt/airflow/dags/training_pipeline_dag.py                             1           0  0.08s           2026-04-27T13:08:00
/opt/airflow/dags/backfill_pipeline_dag.py                             1           0  0.07s           2026-04-27T13:07:59
================================================================================
[2026-04-27T13:08:44.361+0000] {manager.py:878} INFO - 
================================================================================
DAG File Processing Stats

File Path                                     PID    Runtime      # DAGs    # Errors  Last Runtime    Last Run
--------------------------------------------  -----  ---------  --------  ----------  --------------  -------------------
/opt/airflow/dags/monitoring_pipeline_dag.py                           1           0  0.08s           2026-04-27T13:08:30
/opt/airflow/dags/training_pipeline_dag.py                             1           0  0.07s           2026-04-27T13:08:30
/opt/airflow/dags/backfill_pipeline_dag.py                             1           0  0.07s           2026-04-27T13:08:30
================================================================================
[2026-04-27T13:09:13.624+0000] {manager.py:878} INFO - 
================================================================================
DAG File Processing Stats

File Path                                     PID    Runtime      # DAGs    # Errors  Last Runtime    Last Run
--------------------------------------------  -----  ---------  --------  ----------  --------------  -------------------
/opt/airflow/dags/monitoring_pipeline_dag.py                           1           0  0.08s           2026-04-27T13:09:00
/opt/airflow/dags/training_pipeline_dag.py                             1           0  0.08s           2026-04-27T13:09:00
/opt/airflow/dags/backfill_pipeline_dag.py                             1           0  0.07s           2026-04-27T13:09:00
================================================================================
[2026-04-27T13:09:42.882+0000] {manager.py:878} INFO - 
================================================================================
DAG File Processing Stats

File Path                                     PID    Runtime      # DAGs    # Errors  Last Runtime    Last Run
--------------------------------------------  -----  ---------  --------  ----------  --------------  -------------------
/opt/airflow/dags/monitoring_pipeline_dag.py                           1           0  0.09s           2026-04-27T13:09:30
/opt/airflow/dags/training_pipeline_dag.py                             1           0  0.08s           2026-04-27T13:09:30
/opt/airflow/dags/backfill_pipeline_dag.py                             1           0  0.07s           2026-04-27T13:09:30
================================================================================
[2026-04-27T13:10:12.170+0000] {manager.py:878} INFO - 
================================================================================
DAG File Processing Stats

File Path                                     PID    Runtime      # DAGs    # Errors  Last Runtime    Last Run
--------------------------------------------  -----  ---------  --------  ----------  --------------  -------------------
/opt/airflow/dags/monitoring_pipeline_dag.py                           1           0  0.08s           2026-04-27T13:10:01
/opt/airflow/dags/backfill_pipeline_dag.py                             1           0  0.07s           2026-04-27T13:10:01
/opt/airflow/dags/training_pipeline_dag.py                             1           0  0.07s           2026-04-27T13:10:01
================================================================================
[2026-04-27T13:10:41.445+0000] {manager.py:878} INFO - 
================================================================================
DAG File Processing Stats

File Path                                     PID    Runtime      # DAGs    # Errors  Last Runtime    Last Run
--------------------------------------------  -----  ---------  --------  ----------  --------------  -------------------
/opt/airflow/dags/monitoring_pipeline_dag.py                           1           0  0.08s           2026-04-27T13:10:31
/opt/airflow/dags/training_pipeline_dag.py                             1           0  0.08s           2026-04-27T13:10:31
/opt/airflow/dags/backfill_pipeline_dag.py                             1           0  0.07s           2026-04-27T13:10:31
================================================================================
[2026-04-27T13:11:10.749+0000] {manager.py:878} INFO - 
================================================================================
DAG File Processing Stats

File Path                                     PID    Runtime      # DAGs    # Errors  Last Runtime    Last Run
--------------------------------------------  -----  ---------  --------  ----------  --------------  -------------------
/opt/airflow/dags/monitoring_pipeline_dag.py                           1           0  0.08s           2026-04-27T13:11:01
/opt/airflow/dags/training_pipeline_dag.py                             1           0  0.08s           2026-04-27T13:11:01
/opt/airflow/dags/backfill_pipeline_dag.py                             1           0  0.07s           2026-04-27T13:11:01
================================================================================
[2026-04-27T13:11:40.012+0000] {manager.py:878} INFO - 
================================================================================
DAG File Processing Stats

File Path                                     PID    Runtime      # DAGs    # Errors  Last Runtime    Last Run
--------------------------------------------  -----  ---------  --------  ----------  --------------  -------------------
/opt/airflow/dags/monitoring_pipeline_dag.py                           1           0  0.08s           2026-04-27T13:11:31
/opt/airflow/dags/training_pipeline_dag.py                             1           0  0.08s           2026-04-27T13:11:32
/opt/airflow/dags/backfill_pipeline_dag.py                             1           0  0.07s           2026-04-27T13:11:31
================================================================================
[2026-04-27T13:11:57.158+0000] {manager.py:737} INFO - Searching for files in /opt/airflow/dags
[2026-04-27T13:11:57.159+0000] {manager.py:740} INFO - There are 3 files in /opt/airflow/dags
[2026-04-27T13:12:09.335+0000] {manager.py:878} INFO - 
================================================================================
DAG File Processing Stats

File Path                                     PID    Runtime      # DAGs    # Errors  Last Runtime    Last Run
--------------------------------------------  -----  ---------  --------  ----------  --------------  -------------------
/opt/airflow/dags/monitoring_pipeline_dag.py                           1           0  0.08s           2026-04-27T13:12:02
/opt/airflow/dags/training_pipeline_dag.py                             1           0  0.07s           2026-04-27T13:12:02
/opt/airflow/dags/backfill_pipeline_dag.py                             1           0  0.07s           2026-04-27T13:12:02
================================================================================
[2026-04-27T13:12:38.611+0000] {manager.py:878} INFO - 
================================================================================
DAG File Processing Stats

File Path                                     PID    Runtime      # DAGs    # Errors  Last Runtime    Last Run
--------------------------------------------  -----  ---------  --------  ----------  --------------  -------------------
/opt/airflow/dags/monitoring_pipeline_dag.py                           1           0  0.08s           2026-04-27T13:12:32
/opt/airflow/dags/training_pipeline_dag.py                             1           0  0.07s           2026-04-27T13:12:32
/opt/airflow/dags/backfill_pipeline_dag.py                             1           0  0.07s           2026-04-27T13:12:32
================================================================================
[2026-04-27T13:13:07.900+0000] {manager.py:878} INFO - 
================================================================================
DAG File Processing Stats

File Path                                     PID    Runtime      # DAGs    # Errors  Last Runtime    Last Run
--------------------------------------------  -----  ---------  --------  ----------  --------------  -------------------
/opt/airflow/dags/monitoring_pipeline_dag.py                           1           0  0.08s           2026-04-27T13:13:02
/opt/airflow/dags/training_pipeline_dag.py                             1           0  0.07s           2026-04-27T13:13:02
/opt/airflow/dags/backfill_pipeline_dag.py                             1           0  0.07s           2026-04-27T13:13:02
================================================================================
[2026-04-27T13:13:37.155+0000] {manager.py:878} INFO - 
================================================================================
DAG File Processing Stats

File Path                                     PID    Runtime      # DAGs    # Errors  Last Runtime    Last Run
--------------------------------------------  -----  ---------  --------  ----------  --------------  -------------------
/opt/airflow/dags/monitoring_pipeline_dag.py                           1           0  0.08s           2026-04-27T13:13:33
/opt/airflow/dags/training_pipeline_dag.py                             1           0  0.07s           2026-04-27T13:13:33
/opt/airflow/dags/backfill_pipeline_dag.py                             1           0  0.07s           2026-04-27T13:13:33
================================================================================
