[2026-04-25T17:02:11.756+0000] {processor.py:161} INFO - Started process (PID=175) to work on /opt/airflow/dags/backfill_pipeline_dag.py
[2026-04-25T17:02:11.757+0000] {processor.py:830} INFO - Processing file /opt/airflow/dags/backfill_pipeline_dag.py for tasks to queue
[2026-04-25T17:02:11.759+0000] {logging_mixin.py:188} INFO - [2026-04-25T17:02:11.758+0000] {dagbag.py:545} INFO - Filling up the DagBag from /opt/airflow/dags/backfill_pipeline_dag.py
[2026-04-25T17:02:11.778+0000] {logging_mixin.py:188} INFO - [2026-04-25T17:02:11.777+0000] {templater.py:93} ERROR - Failed to resolve template field 'bash_command'
Traceback (most recent call last):
  File "/home/airflow/.local/lib/python3.12/site-packages/airflow/template/templater.py", line 91, in resolve_template_files
    setattr(self, field, env.loader.get_source(env, content)[0])  # type: ignore
                         ^^^^^^^^^^^^^^^^^^^^^^^^^^^^^^^^^^^
  File "/home/airflow/.local/lib/python3.12/site-packages/jinja2/loaders.py", line 204, in get_source
    raise TemplateNotFound(template)
jinja2.exceptions.TemplateNotFound: cd /opt/airflow/project && bash scripts/create_topics.sh
[2026-04-25T17:02:11.784+0000] {processor.py:840} INFO - DAG(s) 'backfill_pipeline' retrieved from /opt/airflow/dags/backfill_pipeline_dag.py
[2026-04-25T17:02:12.010+0000] {logging_mixin.py:188} INFO - [2026-04-25T17:02:12.009+0000] {override.py:1829} INFO - Created Permission View: can read on DAG:backfill_pipeline
[2026-04-25T17:02:12.019+0000] {logging_mixin.py:188} INFO - [2026-04-25T17:02:12.019+0000] {override.py:1829} INFO - Created Permission View: can delete on DAG:backfill_pipeline
[2026-04-25T17:02:12.026+0000] {logging_mixin.py:188} INFO - [2026-04-25T17:02:12.025+0000] {override.py:1829} INFO - Created Permission View: can edit on DAG:backfill_pipeline
[2026-04-25T17:02:12.026+0000] {logging_mixin.py:188} INFO - [2026-04-25T17:02:12.026+0000] {dag.py:3096} INFO - Sync 1 DAGs
[2026-04-25T17:02:12.034+0000] {logging_mixin.py:188} INFO - [2026-04-25T17:02:12.034+0000] {dag.py:3118} INFO - Creating ORM DAG for backfill_pipeline
[2026-04-25T17:02:12.035+0000] {logging_mixin.py:188} INFO - [2026-04-25T17:02:12.035+0000] {dag.py:3954} INFO - Setting next_dagrun for backfill_pipeline to None, run_after=None
[2026-04-25T17:02:12.051+0000] {processor.py:183} INFO - Processing /opt/airflow/dags/backfill_pipeline_dag.py took 0.301 seconds
[2026-04-25T17:02:42.147+0000] {processor.py:161} INFO - Started process (PID=191) to work on /opt/airflow/dags/backfill_pipeline_dag.py
[2026-04-25T17:02:42.149+0000] {processor.py:830} INFO - Processing file /opt/airflow/dags/backfill_pipeline_dag.py for tasks to queue
[2026-04-25T17:02:42.150+0000] {logging_mixin.py:188} INFO - [2026-04-25T17:02:42.150+0000] {dagbag.py:545} INFO - Filling up the DagBag from /opt/airflow/dags/backfill_pipeline_dag.py
[2026-04-25T17:02:42.158+0000] {logging_mixin.py:188} INFO - [2026-04-25T17:02:42.157+0000] {templater.py:93} ERROR - Failed to resolve template field 'bash_command'
Traceback (most recent call last):
  File "/home/airflow/.local/lib/python3.12/site-packages/airflow/template/templater.py", line 91, in resolve_template_files
    setattr(self, field, env.loader.get_source(env, content)[0])  # type: ignore
                         ^^^^^^^^^^^^^^^^^^^^^^^^^^^^^^^^^^^
  File "/home/airflow/.local/lib/python3.12/site-packages/jinja2/loaders.py", line 204, in get_source
    raise TemplateNotFound(template)
jinja2.exceptions.TemplateNotFound: cd /opt/airflow/project && bash scripts/create_topics.sh
[2026-04-25T17:02:42.161+0000] {processor.py:840} INFO - DAG(s) 'backfill_pipeline' retrieved from /opt/airflow/dags/backfill_pipeline_dag.py
[2026-04-25T17:02:42.185+0000] {logging_mixin.py:188} INFO - [2026-04-25T17:02:42.184+0000] {dag.py:3096} INFO - Sync 1 DAGs
[2026-04-25T17:02:42.195+0000] {logging_mixin.py:188} INFO - [2026-04-25T17:02:42.195+0000] {dag.py:3954} INFO - Setting next_dagrun for backfill_pipeline to None, run_after=None
[2026-04-25T17:02:42.213+0000] {processor.py:183} INFO - Processing /opt/airflow/dags/backfill_pipeline_dag.py took 0.071 seconds
[2026-04-25T17:03:12.321+0000] {processor.py:161} INFO - Started process (PID=206) to work on /opt/airflow/dags/backfill_pipeline_dag.py
[2026-04-25T17:03:12.323+0000] {processor.py:830} INFO - Processing file /opt/airflow/dags/backfill_pipeline_dag.py for tasks to queue
[2026-04-25T17:03:12.325+0000] {logging_mixin.py:188} INFO - [2026-04-25T17:03:12.325+0000] {dagbag.py:545} INFO - Filling up the DagBag from /opt/airflow/dags/backfill_pipeline_dag.py
[2026-04-25T17:03:12.335+0000] {logging_mixin.py:188} INFO - [2026-04-25T17:03:12.334+0000] {templater.py:93} ERROR - Failed to resolve template field 'bash_command'
Traceback (most recent call last):
  File "/home/airflow/.local/lib/python3.12/site-packages/airflow/template/templater.py", line 91, in resolve_template_files
    setattr(self, field, env.loader.get_source(env, content)[0])  # type: ignore
                         ^^^^^^^^^^^^^^^^^^^^^^^^^^^^^^^^^^^
  File "/home/airflow/.local/lib/python3.12/site-packages/jinja2/loaders.py", line 204, in get_source
    raise TemplateNotFound(template)
jinja2.exceptions.TemplateNotFound: cd /opt/airflow/project && bash scripts/create_topics.sh
[2026-04-25T17:03:12.338+0000] {processor.py:840} INFO - DAG(s) 'backfill_pipeline' retrieved from /opt/airflow/dags/backfill_pipeline_dag.py
[2026-04-25T17:03:12.363+0000] {logging_mixin.py:188} INFO - [2026-04-25T17:03:12.363+0000] {dag.py:3096} INFO - Sync 1 DAGs
[2026-04-25T17:03:12.373+0000] {logging_mixin.py:188} INFO - [2026-04-25T17:03:12.373+0000] {dag.py:3954} INFO - Setting next_dagrun for backfill_pipeline to None, run_after=None
[2026-04-25T17:03:12.390+0000] {processor.py:183} INFO - Processing /opt/airflow/dags/backfill_pipeline_dag.py took 0.075 seconds
[2026-04-25T17:03:42.497+0000] {processor.py:161} INFO - Started process (PID=221) to work on /opt/airflow/dags/backfill_pipeline_dag.py
[2026-04-25T17:03:42.499+0000] {processor.py:830} INFO - Processing file /opt/airflow/dags/backfill_pipeline_dag.py for tasks to queue
[2026-04-25T17:03:42.501+0000] {logging_mixin.py:188} INFO - [2026-04-25T17:03:42.501+0000] {dagbag.py:545} INFO - Filling up the DagBag from /opt/airflow/dags/backfill_pipeline_dag.py
[2026-04-25T17:03:42.509+0000] {logging_mixin.py:188} INFO - [2026-04-25T17:03:42.508+0000] {templater.py:93} ERROR - Failed to resolve template field 'bash_command'
Traceback (most recent call last):
  File "/home/airflow/.local/lib/python3.12/site-packages/airflow/template/templater.py", line 91, in resolve_template_files
    setattr(self, field, env.loader.get_source(env, content)[0])  # type: ignore
                         ^^^^^^^^^^^^^^^^^^^^^^^^^^^^^^^^^^^
  File "/home/airflow/.local/lib/python3.12/site-packages/jinja2/loaders.py", line 204, in get_source
    raise TemplateNotFound(template)
jinja2.exceptions.TemplateNotFound: cd /opt/airflow/project && bash scripts/create_topics.sh
[2026-04-25T17:03:42.512+0000] {processor.py:840} INFO - DAG(s) 'backfill_pipeline' retrieved from /opt/airflow/dags/backfill_pipeline_dag.py
[2026-04-25T17:03:42.535+0000] {logging_mixin.py:188} INFO - [2026-04-25T17:03:42.535+0000] {dag.py:3096} INFO - Sync 1 DAGs
[2026-04-25T17:03:42.545+0000] {logging_mixin.py:188} INFO - [2026-04-25T17:03:42.544+0000] {dag.py:3954} INFO - Setting next_dagrun for backfill_pipeline to None, run_after=None
[2026-04-25T17:03:42.562+0000] {processor.py:183} INFO - Processing /opt/airflow/dags/backfill_pipeline_dag.py took 0.070 seconds
[2026-04-25T17:04:12.688+0000] {processor.py:161} INFO - Started process (PID=236) to work on /opt/airflow/dags/backfill_pipeline_dag.py
[2026-04-25T17:04:12.690+0000] {processor.py:830} INFO - Processing file /opt/airflow/dags/backfill_pipeline_dag.py for tasks to queue
[2026-04-25T17:04:12.692+0000] {logging_mixin.py:188} INFO - [2026-04-25T17:04:12.692+0000] {dagbag.py:545} INFO - Filling up the DagBag from /opt/airflow/dags/backfill_pipeline_dag.py
[2026-04-25T17:04:12.703+0000] {logging_mixin.py:188} INFO - [2026-04-25T17:04:12.701+0000] {templater.py:93} ERROR - Failed to resolve template field 'bash_command'
Traceback (most recent call last):
  File "/home/airflow/.local/lib/python3.12/site-packages/airflow/template/templater.py", line 91, in resolve_template_files
    setattr(self, field, env.loader.get_source(env, content)[0])  # type: ignore
                         ^^^^^^^^^^^^^^^^^^^^^^^^^^^^^^^^^^^
  File "/home/airflow/.local/lib/python3.12/site-packages/jinja2/loaders.py", line 204, in get_source
    raise TemplateNotFound(template)
jinja2.exceptions.TemplateNotFound: cd /opt/airflow/project && bash scripts/create_topics.sh
[2026-04-25T17:04:12.707+0000] {processor.py:840} INFO - DAG(s) 'backfill_pipeline' retrieved from /opt/airflow/dags/backfill_pipeline_dag.py
[2026-04-25T17:04:12.736+0000] {logging_mixin.py:188} INFO - [2026-04-25T17:04:12.736+0000] {dag.py:3096} INFO - Sync 1 DAGs
[2026-04-25T17:04:12.753+0000] {logging_mixin.py:188} INFO - [2026-04-25T17:04:12.752+0000] {dag.py:3954} INFO - Setting next_dagrun for backfill_pipeline to None, run_after=None
[2026-04-25T17:04:12.777+0000] {processor.py:183} INFO - Processing /opt/airflow/dags/backfill_pipeline_dag.py took 0.096 seconds
[2026-04-25T17:04:42.907+0000] {processor.py:161} INFO - Started process (PID=253) to work on /opt/airflow/dags/backfill_pipeline_dag.py
[2026-04-25T17:04:42.909+0000] {processor.py:830} INFO - Processing file /opt/airflow/dags/backfill_pipeline_dag.py for tasks to queue
[2026-04-25T17:04:42.910+0000] {logging_mixin.py:188} INFO - [2026-04-25T17:04:42.910+0000] {dagbag.py:545} INFO - Filling up the DagBag from /opt/airflow/dags/backfill_pipeline_dag.py
[2026-04-25T17:04:42.919+0000] {logging_mixin.py:188} INFO - [2026-04-25T17:04:42.918+0000] {templater.py:93} ERROR - Failed to resolve template field 'bash_command'
Traceback (most recent call last):
  File "/home/airflow/.local/lib/python3.12/site-packages/airflow/template/templater.py", line 91, in resolve_template_files
    setattr(self, field, env.loader.get_source(env, content)[0])  # type: ignore
                         ^^^^^^^^^^^^^^^^^^^^^^^^^^^^^^^^^^^
  File "/home/airflow/.local/lib/python3.12/site-packages/jinja2/loaders.py", line 204, in get_source
    raise TemplateNotFound(template)
jinja2.exceptions.TemplateNotFound: cd /opt/airflow/project && bash scripts/create_topics.sh
[2026-04-25T17:04:42.924+0000] {processor.py:840} INFO - DAG(s) 'backfill_pipeline' retrieved from /opt/airflow/dags/backfill_pipeline_dag.py
[2026-04-25T17:04:42.951+0000] {logging_mixin.py:188} INFO - [2026-04-25T17:04:42.951+0000] {dag.py:3096} INFO - Sync 1 DAGs
[2026-04-25T17:04:42.962+0000] {logging_mixin.py:188} INFO - [2026-04-25T17:04:42.962+0000] {dag.py:3954} INFO - Setting next_dagrun for backfill_pipeline to None, run_after=None
[2026-04-25T17:04:42.980+0000] {processor.py:183} INFO - Processing /opt/airflow/dags/backfill_pipeline_dag.py took 0.078 seconds
[2026-04-25T17:05:13.098+0000] {processor.py:161} INFO - Started process (PID=268) to work on /opt/airflow/dags/backfill_pipeline_dag.py
[2026-04-25T17:05:13.101+0000] {processor.py:830} INFO - Processing file /opt/airflow/dags/backfill_pipeline_dag.py for tasks to queue
[2026-04-25T17:05:13.103+0000] {logging_mixin.py:188} INFO - [2026-04-25T17:05:13.102+0000] {dagbag.py:545} INFO - Filling up the DagBag from /opt/airflow/dags/backfill_pipeline_dag.py
[2026-04-25T17:05:13.111+0000] {logging_mixin.py:188} INFO - [2026-04-25T17:05:13.110+0000] {templater.py:93} ERROR - Failed to resolve template field 'bash_command'
Traceback (most recent call last):
  File "/home/airflow/.local/lib/python3.12/site-packages/airflow/template/templater.py", line 91, in resolve_template_files
    setattr(self, field, env.loader.get_source(env, content)[0])  # type: ignore
                         ^^^^^^^^^^^^^^^^^^^^^^^^^^^^^^^^^^^
  File "/home/airflow/.local/lib/python3.12/site-packages/jinja2/loaders.py", line 204, in get_source
    raise TemplateNotFound(template)
jinja2.exceptions.TemplateNotFound: cd /opt/airflow/project && bash scripts/create_topics.sh
[2026-04-25T17:05:13.115+0000] {processor.py:840} INFO - DAG(s) 'backfill_pipeline' retrieved from /opt/airflow/dags/backfill_pipeline_dag.py
[2026-04-25T17:05:13.144+0000] {logging_mixin.py:188} INFO - [2026-04-25T17:05:13.143+0000] {dag.py:3096} INFO - Sync 1 DAGs
[2026-04-25T17:05:13.156+0000] {logging_mixin.py:188} INFO - [2026-04-25T17:05:13.155+0000] {dag.py:3954} INFO - Setting next_dagrun for backfill_pipeline to None, run_after=None
[2026-04-25T17:05:13.178+0000] {processor.py:183} INFO - Processing /opt/airflow/dags/backfill_pipeline_dag.py took 0.085 seconds
[2026-04-25T17:05:43.292+0000] {processor.py:161} INFO - Started process (PID=283) to work on /opt/airflow/dags/backfill_pipeline_dag.py
[2026-04-25T17:05:43.294+0000] {processor.py:830} INFO - Processing file /opt/airflow/dags/backfill_pipeline_dag.py for tasks to queue
[2026-04-25T17:05:43.296+0000] {logging_mixin.py:188} INFO - [2026-04-25T17:05:43.295+0000] {dagbag.py:545} INFO - Filling up the DagBag from /opt/airflow/dags/backfill_pipeline_dag.py
[2026-04-25T17:05:43.307+0000] {logging_mixin.py:188} INFO - [2026-04-25T17:05:43.306+0000] {templater.py:93} ERROR - Failed to resolve template field 'bash_command'
Traceback (most recent call last):
  File "/home/airflow/.local/lib/python3.12/site-packages/airflow/template/templater.py", line 91, in resolve_template_files
    setattr(self, field, env.loader.get_source(env, content)[0])  # type: ignore
                         ^^^^^^^^^^^^^^^^^^^^^^^^^^^^^^^^^^^
  File "/home/airflow/.local/lib/python3.12/site-packages/jinja2/loaders.py", line 204, in get_source
    raise TemplateNotFound(template)
jinja2.exceptions.TemplateNotFound: cd /opt/airflow/project && bash scripts/create_topics.sh
[2026-04-25T17:05:43.312+0000] {processor.py:840} INFO - DAG(s) 'backfill_pipeline' retrieved from /opt/airflow/dags/backfill_pipeline_dag.py
[2026-04-25T17:05:43.339+0000] {logging_mixin.py:188} INFO - [2026-04-25T17:05:43.339+0000] {dag.py:3096} INFO - Sync 1 DAGs
[2026-04-25T17:05:43.350+0000] {logging_mixin.py:188} INFO - [2026-04-25T17:05:43.350+0000] {dag.py:3954} INFO - Setting next_dagrun for backfill_pipeline to None, run_after=None
[2026-04-25T17:05:43.370+0000] {processor.py:183} INFO - Processing /opt/airflow/dags/backfill_pipeline_dag.py took 0.085 seconds
[2026-04-25T17:06:13.486+0000] {processor.py:161} INFO - Started process (PID=298) to work on /opt/airflow/dags/backfill_pipeline_dag.py
[2026-04-25T17:06:13.488+0000] {processor.py:830} INFO - Processing file /opt/airflow/dags/backfill_pipeline_dag.py for tasks to queue
[2026-04-25T17:06:13.489+0000] {logging_mixin.py:188} INFO - [2026-04-25T17:06:13.489+0000] {dagbag.py:545} INFO - Filling up the DagBag from /opt/airflow/dags/backfill_pipeline_dag.py
[2026-04-25T17:06:13.500+0000] {logging_mixin.py:188} INFO - [2026-04-25T17:06:13.499+0000] {templater.py:93} ERROR - Failed to resolve template field 'bash_command'
Traceback (most recent call last):
  File "/home/airflow/.local/lib/python3.12/site-packages/airflow/template/templater.py", line 91, in resolve_template_files
    setattr(self, field, env.loader.get_source(env, content)[0])  # type: ignore
                         ^^^^^^^^^^^^^^^^^^^^^^^^^^^^^^^^^^^
  File "/home/airflow/.local/lib/python3.12/site-packages/jinja2/loaders.py", line 204, in get_source
    raise TemplateNotFound(template)
jinja2.exceptions.TemplateNotFound: cd /opt/airflow/project && bash scripts/create_topics.sh
[2026-04-25T17:06:13.505+0000] {processor.py:840} INFO - DAG(s) 'backfill_pipeline' retrieved from /opt/airflow/dags/backfill_pipeline_dag.py
[2026-04-25T17:06:13.538+0000] {logging_mixin.py:188} INFO - [2026-04-25T17:06:13.538+0000] {dag.py:3096} INFO - Sync 1 DAGs
[2026-04-25T17:06:13.552+0000] {logging_mixin.py:188} INFO - [2026-04-25T17:06:13.552+0000] {dag.py:3954} INFO - Setting next_dagrun for backfill_pipeline to None, run_after=None
[2026-04-25T17:06:13.575+0000] {processor.py:183} INFO - Processing /opt/airflow/dags/backfill_pipeline_dag.py took 0.095 seconds
[2026-04-25T17:06:43.687+0000] {processor.py:161} INFO - Started process (PID=313) to work on /opt/airflow/dags/backfill_pipeline_dag.py
[2026-04-25T17:06:43.690+0000] {processor.py:830} INFO - Processing file /opt/airflow/dags/backfill_pipeline_dag.py for tasks to queue
[2026-04-25T17:06:43.691+0000] {logging_mixin.py:188} INFO - [2026-04-25T17:06:43.691+0000] {dagbag.py:545} INFO - Filling up the DagBag from /opt/airflow/dags/backfill_pipeline_dag.py
[2026-04-25T17:06:43.704+0000] {logging_mixin.py:188} INFO - [2026-04-25T17:06:43.702+0000] {templater.py:93} ERROR - Failed to resolve template field 'bash_command'
Traceback (most recent call last):
  File "/home/airflow/.local/lib/python3.12/site-packages/airflow/template/templater.py", line 91, in resolve_template_files
    setattr(self, field, env.loader.get_source(env, content)[0])  # type: ignore
                         ^^^^^^^^^^^^^^^^^^^^^^^^^^^^^^^^^^^
  File "/home/airflow/.local/lib/python3.12/site-packages/jinja2/loaders.py", line 204, in get_source
    raise TemplateNotFound(template)
jinja2.exceptions.TemplateNotFound: cd /opt/airflow/project && bash scripts/create_topics.sh
[2026-04-25T17:06:43.708+0000] {processor.py:840} INFO - DAG(s) 'backfill_pipeline' retrieved from /opt/airflow/dags/backfill_pipeline_dag.py
[2026-04-25T17:06:43.739+0000] {logging_mixin.py:188} INFO - [2026-04-25T17:06:43.738+0000] {dag.py:3096} INFO - Sync 1 DAGs
[2026-04-25T17:06:43.752+0000] {logging_mixin.py:188} INFO - [2026-04-25T17:06:43.751+0000] {dag.py:3954} INFO - Setting next_dagrun for backfill_pipeline to None, run_after=None
[2026-04-25T17:06:43.771+0000] {processor.py:183} INFO - Processing /opt/airflow/dags/backfill_pipeline_dag.py took 0.090 seconds
[2026-04-25T17:07:13.920+0000] {processor.py:161} INFO - Started process (PID=328) to work on /opt/airflow/dags/backfill_pipeline_dag.py
[2026-04-25T17:07:13.921+0000] {processor.py:830} INFO - Processing file /opt/airflow/dags/backfill_pipeline_dag.py for tasks to queue
[2026-04-25T17:07:13.922+0000] {logging_mixin.py:188} INFO - [2026-04-25T17:07:13.922+0000] {dagbag.py:545} INFO - Filling up the DagBag from /opt/airflow/dags/backfill_pipeline_dag.py
[2026-04-25T17:07:13.932+0000] {logging_mixin.py:188} INFO - [2026-04-25T17:07:13.931+0000] {templater.py:93} ERROR - Failed to resolve template field 'bash_command'
Traceback (most recent call last):
  File "/home/airflow/.local/lib/python3.12/site-packages/airflow/template/templater.py", line 91, in resolve_template_files
    setattr(self, field, env.loader.get_source(env, content)[0])  # type: ignore
                         ^^^^^^^^^^^^^^^^^^^^^^^^^^^^^^^^^^^
  File "/home/airflow/.local/lib/python3.12/site-packages/jinja2/loaders.py", line 204, in get_source
    raise TemplateNotFound(template)
jinja2.exceptions.TemplateNotFound: cd /opt/airflow/project && bash scripts/create_topics.sh
[2026-04-25T17:07:13.936+0000] {processor.py:840} INFO - DAG(s) 'backfill_pipeline' retrieved from /opt/airflow/dags/backfill_pipeline_dag.py
[2026-04-25T17:07:13.965+0000] {logging_mixin.py:188} INFO - [2026-04-25T17:07:13.965+0000] {dag.py:3096} INFO - Sync 1 DAGs
[2026-04-25T17:07:13.977+0000] {logging_mixin.py:188} INFO - [2026-04-25T17:07:13.977+0000] {dag.py:3954} INFO - Setting next_dagrun for backfill_pipeline to None, run_after=None
[2026-04-25T17:07:13.997+0000] {processor.py:183} INFO - Processing /opt/airflow/dags/backfill_pipeline_dag.py took 0.082 seconds
[2026-04-25T17:07:44.114+0000] {processor.py:161} INFO - Started process (PID=343) to work on /opt/airflow/dags/backfill_pipeline_dag.py
[2026-04-25T17:07:44.116+0000] {processor.py:830} INFO - Processing file /opt/airflow/dags/backfill_pipeline_dag.py for tasks to queue
[2026-04-25T17:07:44.118+0000] {logging_mixin.py:188} INFO - [2026-04-25T17:07:44.117+0000] {dagbag.py:545} INFO - Filling up the DagBag from /opt/airflow/dags/backfill_pipeline_dag.py
[2026-04-25T17:07:44.128+0000] {logging_mixin.py:188} INFO - [2026-04-25T17:07:44.127+0000] {templater.py:93} ERROR - Failed to resolve template field 'bash_command'
Traceback (most recent call last):
  File "/home/airflow/.local/lib/python3.12/site-packages/airflow/template/templater.py", line 91, in resolve_template_files
    setattr(self, field, env.loader.get_source(env, content)[0])  # type: ignore
                         ^^^^^^^^^^^^^^^^^^^^^^^^^^^^^^^^^^^
  File "/home/airflow/.local/lib/python3.12/site-packages/jinja2/loaders.py", line 204, in get_source
    raise TemplateNotFound(template)
jinja2.exceptions.TemplateNotFound: cd /opt/airflow/project && bash scripts/create_topics.sh
[2026-04-25T17:07:44.133+0000] {processor.py:840} INFO - DAG(s) 'backfill_pipeline' retrieved from /opt/airflow/dags/backfill_pipeline_dag.py
[2026-04-25T17:07:44.162+0000] {logging_mixin.py:188} INFO - [2026-04-25T17:07:44.162+0000] {dag.py:3096} INFO - Sync 1 DAGs
[2026-04-25T17:07:44.174+0000] {logging_mixin.py:188} INFO - [2026-04-25T17:07:44.174+0000] {dag.py:3954} INFO - Setting next_dagrun for backfill_pipeline to None, run_after=None
[2026-04-25T17:07:44.194+0000] {processor.py:183} INFO - Processing /opt/airflow/dags/backfill_pipeline_dag.py took 0.087 seconds
[2026-04-25T17:08:14.320+0000] {processor.py:161} INFO - Started process (PID=358) to work on /opt/airflow/dags/backfill_pipeline_dag.py
[2026-04-25T17:08:14.323+0000] {processor.py:830} INFO - Processing file /opt/airflow/dags/backfill_pipeline_dag.py for tasks to queue
[2026-04-25T17:08:14.325+0000] {logging_mixin.py:188} INFO - [2026-04-25T17:08:14.325+0000] {dagbag.py:545} INFO - Filling up the DagBag from /opt/airflow/dags/backfill_pipeline_dag.py
[2026-04-25T17:08:14.335+0000] {logging_mixin.py:188} INFO - [2026-04-25T17:08:14.334+0000] {templater.py:93} ERROR - Failed to resolve template field 'bash_command'
Traceback (most recent call last):
  File "/home/airflow/.local/lib/python3.12/site-packages/airflow/template/templater.py", line 91, in resolve_template_files
    setattr(self, field, env.loader.get_source(env, content)[0])  # type: ignore
                         ^^^^^^^^^^^^^^^^^^^^^^^^^^^^^^^^^^^
  File "/home/airflow/.local/lib/python3.12/site-packages/jinja2/loaders.py", line 204, in get_source
    raise TemplateNotFound(template)
jinja2.exceptions.TemplateNotFound: cd /opt/airflow/project && bash scripts/create_topics.sh
[2026-04-25T17:08:14.339+0000] {processor.py:840} INFO - DAG(s) 'backfill_pipeline' retrieved from /opt/airflow/dags/backfill_pipeline_dag.py
[2026-04-25T17:08:14.367+0000] {logging_mixin.py:188} INFO - [2026-04-25T17:08:14.367+0000] {dag.py:3096} INFO - Sync 1 DAGs
[2026-04-25T17:08:14.381+0000] {logging_mixin.py:188} INFO - [2026-04-25T17:08:14.381+0000] {dag.py:3954} INFO - Setting next_dagrun for backfill_pipeline to None, run_after=None
[2026-04-25T17:08:14.401+0000] {processor.py:183} INFO - Processing /opt/airflow/dags/backfill_pipeline_dag.py took 0.087 seconds
[2026-04-25T17:08:44.522+0000] {processor.py:161} INFO - Started process (PID=373) to work on /opt/airflow/dags/backfill_pipeline_dag.py
[2026-04-25T17:08:44.523+0000] {processor.py:830} INFO - Processing file /opt/airflow/dags/backfill_pipeline_dag.py for tasks to queue
[2026-04-25T17:08:44.525+0000] {logging_mixin.py:188} INFO - [2026-04-25T17:08:44.525+0000] {dagbag.py:545} INFO - Filling up the DagBag from /opt/airflow/dags/backfill_pipeline_dag.py
[2026-04-25T17:08:44.535+0000] {logging_mixin.py:188} INFO - [2026-04-25T17:08:44.534+0000] {templater.py:93} ERROR - Failed to resolve template field 'bash_command'
Traceback (most recent call last):
  File "/home/airflow/.local/lib/python3.12/site-packages/airflow/template/templater.py", line 91, in resolve_template_files
    setattr(self, field, env.loader.get_source(env, content)[0])  # type: ignore
                         ^^^^^^^^^^^^^^^^^^^^^^^^^^^^^^^^^^^
  File "/home/airflow/.local/lib/python3.12/site-packages/jinja2/loaders.py", line 204, in get_source
    raise TemplateNotFound(template)
jinja2.exceptions.TemplateNotFound: cd /opt/airflow/project && bash scripts/create_topics.sh
[2026-04-25T17:08:44.538+0000] {processor.py:840} INFO - DAG(s) 'backfill_pipeline' retrieved from /opt/airflow/dags/backfill_pipeline_dag.py
[2026-04-25T17:08:44.573+0000] {logging_mixin.py:188} INFO - [2026-04-25T17:08:44.573+0000] {dag.py:3096} INFO - Sync 1 DAGs
[2026-04-25T17:08:44.592+0000] {logging_mixin.py:188} INFO - [2026-04-25T17:08:44.591+0000] {dag.py:3954} INFO - Setting next_dagrun for backfill_pipeline to None, run_after=None
[2026-04-25T17:08:44.616+0000] {processor.py:183} INFO - Processing /opt/airflow/dags/backfill_pipeline_dag.py took 0.100 seconds
[2026-04-25T17:09:14.738+0000] {processor.py:161} INFO - Started process (PID=388) to work on /opt/airflow/dags/backfill_pipeline_dag.py
[2026-04-25T17:09:14.741+0000] {processor.py:830} INFO - Processing file /opt/airflow/dags/backfill_pipeline_dag.py for tasks to queue
[2026-04-25T17:09:14.743+0000] {logging_mixin.py:188} INFO - [2026-04-25T17:09:14.742+0000] {dagbag.py:545} INFO - Filling up the DagBag from /opt/airflow/dags/backfill_pipeline_dag.py
[2026-04-25T17:09:14.755+0000] {logging_mixin.py:188} INFO - [2026-04-25T17:09:14.754+0000] {templater.py:93} ERROR - Failed to resolve template field 'bash_command'
Traceback (most recent call last):
  File "/home/airflow/.local/lib/python3.12/site-packages/airflow/template/templater.py", line 91, in resolve_template_files
    setattr(self, field, env.loader.get_source(env, content)[0])  # type: ignore
                         ^^^^^^^^^^^^^^^^^^^^^^^^^^^^^^^^^^^
  File "/home/airflow/.local/lib/python3.12/site-packages/jinja2/loaders.py", line 204, in get_source
    raise TemplateNotFound(template)
jinja2.exceptions.TemplateNotFound: cd /opt/airflow/project && bash scripts/create_topics.sh
[2026-04-25T17:09:14.760+0000] {processor.py:840} INFO - DAG(s) 'backfill_pipeline' retrieved from /opt/airflow/dags/backfill_pipeline_dag.py
[2026-04-25T17:09:14.792+0000] {logging_mixin.py:188} INFO - [2026-04-25T17:09:14.792+0000] {dag.py:3096} INFO - Sync 1 DAGs
[2026-04-25T17:09:14.807+0000] {logging_mixin.py:188} INFO - [2026-04-25T17:09:14.807+0000] {dag.py:3954} INFO - Setting next_dagrun for backfill_pipeline to None, run_after=None
[2026-04-25T17:09:14.835+0000] {processor.py:183} INFO - Processing /opt/airflow/dags/backfill_pipeline_dag.py took 0.102 seconds
[2026-04-25T17:09:44.972+0000] {processor.py:161} INFO - Started process (PID=403) to work on /opt/airflow/dags/backfill_pipeline_dag.py
[2026-04-25T17:09:44.974+0000] {processor.py:830} INFO - Processing file /opt/airflow/dags/backfill_pipeline_dag.py for tasks to queue
[2026-04-25T17:09:44.976+0000] {logging_mixin.py:188} INFO - [2026-04-25T17:09:44.976+0000] {dagbag.py:545} INFO - Filling up the DagBag from /opt/airflow/dags/backfill_pipeline_dag.py
[2026-04-25T17:09:44.987+0000] {logging_mixin.py:188} INFO - [2026-04-25T17:09:44.986+0000] {templater.py:93} ERROR - Failed to resolve template field 'bash_command'
Traceback (most recent call last):
  File "/home/airflow/.local/lib/python3.12/site-packages/airflow/template/templater.py", line 91, in resolve_template_files
    setattr(self, field, env.loader.get_source(env, content)[0])  # type: ignore
                         ^^^^^^^^^^^^^^^^^^^^^^^^^^^^^^^^^^^
  File "/home/airflow/.local/lib/python3.12/site-packages/jinja2/loaders.py", line 204, in get_source
    raise TemplateNotFound(template)
jinja2.exceptions.TemplateNotFound: cd /opt/airflow/project && bash scripts/create_topics.sh
[2026-04-25T17:09:44.990+0000] {processor.py:840} INFO - DAG(s) 'backfill_pipeline' retrieved from /opt/airflow/dags/backfill_pipeline_dag.py
[2026-04-25T17:09:45.019+0000] {logging_mixin.py:188} INFO - [2026-04-25T17:09:45.019+0000] {dag.py:3096} INFO - Sync 1 DAGs
[2026-04-25T17:09:45.035+0000] {logging_mixin.py:188} INFO - [2026-04-25T17:09:45.035+0000] {dag.py:3954} INFO - Setting next_dagrun for backfill_pipeline to None, run_after=None
[2026-04-25T17:09:45.057+0000] {processor.py:183} INFO - Processing /opt/airflow/dags/backfill_pipeline_dag.py took 0.091 seconds
[2026-04-25T17:10:15.181+0000] {processor.py:161} INFO - Started process (PID=418) to work on /opt/airflow/dags/backfill_pipeline_dag.py
[2026-04-25T17:10:15.183+0000] {processor.py:830} INFO - Processing file /opt/airflow/dags/backfill_pipeline_dag.py for tasks to queue
[2026-04-25T17:10:15.185+0000] {logging_mixin.py:188} INFO - [2026-04-25T17:10:15.184+0000] {dagbag.py:545} INFO - Filling up the DagBag from /opt/airflow/dags/backfill_pipeline_dag.py
[2026-04-25T17:10:15.194+0000] {logging_mixin.py:188} INFO - [2026-04-25T17:10:15.193+0000] {templater.py:93} ERROR - Failed to resolve template field 'bash_command'
Traceback (most recent call last):
  File "/home/airflow/.local/lib/python3.12/site-packages/airflow/template/templater.py", line 91, in resolve_template_files
    setattr(self, field, env.loader.get_source(env, content)[0])  # type: ignore
                         ^^^^^^^^^^^^^^^^^^^^^^^^^^^^^^^^^^^
  File "/home/airflow/.local/lib/python3.12/site-packages/jinja2/loaders.py", line 204, in get_source
    raise TemplateNotFound(template)
jinja2.exceptions.TemplateNotFound: cd /opt/airflow/project && bash scripts/create_topics.sh
[2026-04-25T17:10:15.197+0000] {processor.py:840} INFO - DAG(s) 'backfill_pipeline' retrieved from /opt/airflow/dags/backfill_pipeline_dag.py
[2026-04-25T17:10:15.223+0000] {logging_mixin.py:188} INFO - [2026-04-25T17:10:15.223+0000] {dag.py:3096} INFO - Sync 1 DAGs
[2026-04-25T17:10:15.233+0000] {logging_mixin.py:188} INFO - [2026-04-25T17:10:15.233+0000] {dag.py:3954} INFO - Setting next_dagrun for backfill_pipeline to None, run_after=None
[2026-04-25T17:10:15.253+0000] {processor.py:183} INFO - Processing /opt/airflow/dags/backfill_pipeline_dag.py took 0.078 seconds
[2026-04-25T17:10:45.371+0000] {processor.py:161} INFO - Started process (PID=433) to work on /opt/airflow/dags/backfill_pipeline_dag.py
[2026-04-25T17:10:45.374+0000] {processor.py:830} INFO - Processing file /opt/airflow/dags/backfill_pipeline_dag.py for tasks to queue
[2026-04-25T17:10:45.376+0000] {logging_mixin.py:188} INFO - [2026-04-25T17:10:45.375+0000] {dagbag.py:545} INFO - Filling up the DagBag from /opt/airflow/dags/backfill_pipeline_dag.py
[2026-04-25T17:10:45.386+0000] {logging_mixin.py:188} INFO - [2026-04-25T17:10:45.385+0000] {templater.py:93} ERROR - Failed to resolve template field 'bash_command'
Traceback (most recent call last):
  File "/home/airflow/.local/lib/python3.12/site-packages/airflow/template/templater.py", line 91, in resolve_template_files
    setattr(self, field, env.loader.get_source(env, content)[0])  # type: ignore
                         ^^^^^^^^^^^^^^^^^^^^^^^^^^^^^^^^^^^
  File "/home/airflow/.local/lib/python3.12/site-packages/jinja2/loaders.py", line 204, in get_source
    raise TemplateNotFound(template)
jinja2.exceptions.TemplateNotFound: cd /opt/airflow/project && bash scripts/create_topics.sh
[2026-04-25T17:10:45.390+0000] {processor.py:840} INFO - DAG(s) 'backfill_pipeline' retrieved from /opt/airflow/dags/backfill_pipeline_dag.py
[2026-04-25T17:10:45.418+0000] {logging_mixin.py:188} INFO - [2026-04-25T17:10:45.418+0000] {dag.py:3096} INFO - Sync 1 DAGs
[2026-04-25T17:10:45.429+0000] {logging_mixin.py:188} INFO - [2026-04-25T17:10:45.429+0000] {dag.py:3954} INFO - Setting next_dagrun for backfill_pipeline to None, run_after=None
[2026-04-25T17:10:45.451+0000] {processor.py:183} INFO - Processing /opt/airflow/dags/backfill_pipeline_dag.py took 0.085 seconds
[2026-04-25T17:11:15.565+0000] {processor.py:161} INFO - Started process (PID=448) to work on /opt/airflow/dags/backfill_pipeline_dag.py
[2026-04-25T17:11:15.566+0000] {processor.py:830} INFO - Processing file /opt/airflow/dags/backfill_pipeline_dag.py for tasks to queue
[2026-04-25T17:11:15.568+0000] {logging_mixin.py:188} INFO - [2026-04-25T17:11:15.568+0000] {dagbag.py:545} INFO - Filling up the DagBag from /opt/airflow/dags/backfill_pipeline_dag.py
[2026-04-25T17:11:15.578+0000] {logging_mixin.py:188} INFO - [2026-04-25T17:11:15.577+0000] {templater.py:93} ERROR - Failed to resolve template field 'bash_command'
Traceback (most recent call last):
  File "/home/airflow/.local/lib/python3.12/site-packages/airflow/template/templater.py", line 91, in resolve_template_files
    setattr(self, field, env.loader.get_source(env, content)[0])  # type: ignore
                         ^^^^^^^^^^^^^^^^^^^^^^^^^^^^^^^^^^^
  File "/home/airflow/.local/lib/python3.12/site-packages/jinja2/loaders.py", line 204, in get_source
    raise TemplateNotFound(template)
jinja2.exceptions.TemplateNotFound: cd /opt/airflow/project && bash scripts/create_topics.sh
[2026-04-25T17:11:15.582+0000] {processor.py:840} INFO - DAG(s) 'backfill_pipeline' retrieved from /opt/airflow/dags/backfill_pipeline_dag.py
[2026-04-25T17:11:15.611+0000] {logging_mixin.py:188} INFO - [2026-04-25T17:11:15.610+0000] {dag.py:3096} INFO - Sync 1 DAGs
[2026-04-25T17:11:15.622+0000] {logging_mixin.py:188} INFO - [2026-04-25T17:11:15.622+0000] {dag.py:3954} INFO - Setting next_dagrun for backfill_pipeline to None, run_after=None
[2026-04-25T17:11:15.641+0000] {processor.py:183} INFO - Processing /opt/airflow/dags/backfill_pipeline_dag.py took 0.082 seconds
[2026-04-25T17:11:45.773+0000] {processor.py:161} INFO - Started process (PID=463) to work on /opt/airflow/dags/backfill_pipeline_dag.py
[2026-04-25T17:11:45.775+0000] {processor.py:830} INFO - Processing file /opt/airflow/dags/backfill_pipeline_dag.py for tasks to queue
[2026-04-25T17:11:45.777+0000] {logging_mixin.py:188} INFO - [2026-04-25T17:11:45.776+0000] {dagbag.py:545} INFO - Filling up the DagBag from /opt/airflow/dags/backfill_pipeline_dag.py
[2026-04-25T17:11:45.786+0000] {logging_mixin.py:188} INFO - [2026-04-25T17:11:45.785+0000] {templater.py:93} ERROR - Failed to resolve template field 'bash_command'
Traceback (most recent call last):
  File "/home/airflow/.local/lib/python3.12/site-packages/airflow/template/templater.py", line 91, in resolve_template_files
    setattr(self, field, env.loader.get_source(env, content)[0])  # type: ignore
                         ^^^^^^^^^^^^^^^^^^^^^^^^^^^^^^^^^^^
  File "/home/airflow/.local/lib/python3.12/site-packages/jinja2/loaders.py", line 204, in get_source
    raise TemplateNotFound(template)
jinja2.exceptions.TemplateNotFound: cd /opt/airflow/project && bash scripts/create_topics.sh
[2026-04-25T17:11:45.790+0000] {processor.py:840} INFO - DAG(s) 'backfill_pipeline' retrieved from /opt/airflow/dags/backfill_pipeline_dag.py
[2026-04-25T17:11:45.820+0000] {logging_mixin.py:188} INFO - [2026-04-25T17:11:45.819+0000] {dag.py:3096} INFO - Sync 1 DAGs
[2026-04-25T17:11:45.831+0000] {logging_mixin.py:188} INFO - [2026-04-25T17:11:45.831+0000] {dag.py:3954} INFO - Setting next_dagrun for backfill_pipeline to None, run_after=None
[2026-04-25T17:11:45.849+0000] {processor.py:183} INFO - Processing /opt/airflow/dags/backfill_pipeline_dag.py took 0.082 seconds
[2026-04-25T17:36:10.234+0000] {processor.py:161} INFO - Started process (PID=178) to work on /opt/airflow/dags/backfill_pipeline_dag.py
[2026-04-25T17:36:10.235+0000] {processor.py:830} INFO - Processing file /opt/airflow/dags/backfill_pipeline_dag.py for tasks to queue
[2026-04-25T17:36:10.236+0000] {logging_mixin.py:188} INFO - [2026-04-25T17:36:10.236+0000] {dagbag.py:545} INFO - Filling up the DagBag from /opt/airflow/dags/backfill_pipeline_dag.py
[2026-04-25T17:36:10.251+0000] {processor.py:840} INFO - DAG(s) 'backfill_pipeline' retrieved from /opt/airflow/dags/backfill_pipeline_dag.py
[2026-04-25T17:36:10.475+0000] {logging_mixin.py:188} INFO - [2026-04-25T17:36:10.475+0000] {override.py:1829} INFO - Created Permission View: can read on DAG:backfill_pipeline
[2026-04-25T17:36:10.483+0000] {logging_mixin.py:188} INFO - [2026-04-25T17:36:10.483+0000] {override.py:1829} INFO - Created Permission View: can delete on DAG:backfill_pipeline
[2026-04-25T17:36:10.488+0000] {logging_mixin.py:188} INFO - [2026-04-25T17:36:10.488+0000] {override.py:1829} INFO - Created Permission View: can edit on DAG:backfill_pipeline
[2026-04-25T17:36:10.488+0000] {logging_mixin.py:188} INFO - [2026-04-25T17:36:10.488+0000] {dag.py:3096} INFO - Sync 1 DAGs
[2026-04-25T17:36:10.497+0000] {logging_mixin.py:188} INFO - [2026-04-25T17:36:10.496+0000] {dag.py:3118} INFO - Creating ORM DAG for backfill_pipeline
[2026-04-25T17:36:10.497+0000] {logging_mixin.py:188} INFO - [2026-04-25T17:36:10.497+0000] {dag.py:3954} INFO - Setting next_dagrun for backfill_pipeline to None, run_after=None
[2026-04-25T17:36:10.512+0000] {processor.py:183} INFO - Processing /opt/airflow/dags/backfill_pipeline_dag.py took 0.284 seconds
[2026-04-25T17:36:40.646+0000] {processor.py:161} INFO - Started process (PID=194) to work on /opt/airflow/dags/backfill_pipeline_dag.py
[2026-04-25T17:36:40.648+0000] {processor.py:830} INFO - Processing file /opt/airflow/dags/backfill_pipeline_dag.py for tasks to queue
[2026-04-25T17:36:40.649+0000] {logging_mixin.py:188} INFO - [2026-04-25T17:36:40.649+0000] {dagbag.py:545} INFO - Filling up the DagBag from /opt/airflow/dags/backfill_pipeline_dag.py
[2026-04-25T17:36:40.658+0000] {processor.py:840} INFO - DAG(s) 'backfill_pipeline' retrieved from /opt/airflow/dags/backfill_pipeline_dag.py
[2026-04-25T17:36:40.682+0000] {logging_mixin.py:188} INFO - [2026-04-25T17:36:40.682+0000] {dag.py:3096} INFO - Sync 1 DAGs
[2026-04-25T17:36:40.693+0000] {logging_mixin.py:188} INFO - [2026-04-25T17:36:40.692+0000] {dag.py:3954} INFO - Setting next_dagrun for backfill_pipeline to None, run_after=None
[2026-04-25T17:36:40.709+0000] {processor.py:183} INFO - Processing /opt/airflow/dags/backfill_pipeline_dag.py took 0.068 seconds
[2026-04-25T17:37:10.842+0000] {processor.py:161} INFO - Started process (PID=209) to work on /opt/airflow/dags/backfill_pipeline_dag.py
[2026-04-25T17:37:10.842+0000] {processor.py:830} INFO - Processing file /opt/airflow/dags/backfill_pipeline_dag.py for tasks to queue
[2026-04-25T17:37:10.844+0000] {logging_mixin.py:188} INFO - [2026-04-25T17:37:10.844+0000] {dagbag.py:545} INFO - Filling up the DagBag from /opt/airflow/dags/backfill_pipeline_dag.py
[2026-04-25T17:37:10.852+0000] {processor.py:840} INFO - DAG(s) 'backfill_pipeline' retrieved from /opt/airflow/dags/backfill_pipeline_dag.py
[2026-04-25T17:37:10.878+0000] {logging_mixin.py:188} INFO - [2026-04-25T17:37:10.878+0000] {dag.py:3096} INFO - Sync 1 DAGs
[2026-04-25T17:37:10.889+0000] {logging_mixin.py:188} INFO - [2026-04-25T17:37:10.889+0000] {dag.py:3954} INFO - Setting next_dagrun for backfill_pipeline to None, run_after=None
[2026-04-25T17:37:10.906+0000] {processor.py:183} INFO - Processing /opt/airflow/dags/backfill_pipeline_dag.py took 0.070 seconds
[2026-04-25T17:37:41.059+0000] {processor.py:161} INFO - Started process (PID=224) to work on /opt/airflow/dags/backfill_pipeline_dag.py
[2026-04-25T17:37:41.061+0000] {processor.py:830} INFO - Processing file /opt/airflow/dags/backfill_pipeline_dag.py for tasks to queue
[2026-04-25T17:37:41.065+0000] {logging_mixin.py:188} INFO - [2026-04-25T17:37:41.065+0000] {dagbag.py:545} INFO - Filling up the DagBag from /opt/airflow/dags/backfill_pipeline_dag.py
[2026-04-25T17:37:41.078+0000] {processor.py:840} INFO - DAG(s) 'backfill_pipeline' retrieved from /opt/airflow/dags/backfill_pipeline_dag.py
[2026-04-25T17:37:41.116+0000] {logging_mixin.py:188} INFO - [2026-04-25T17:37:41.115+0000] {dag.py:3096} INFO - Sync 1 DAGs
[2026-04-25T17:37:41.131+0000] {logging_mixin.py:188} INFO - [2026-04-25T17:37:41.131+0000] {dag.py:3954} INFO - Setting next_dagrun for backfill_pipeline to None, run_after=None
[2026-04-25T17:37:41.149+0000] {processor.py:183} INFO - Processing /opt/airflow/dags/backfill_pipeline_dag.py took 0.099 seconds
[2026-04-25T17:38:11.285+0000] {processor.py:161} INFO - Started process (PID=242) to work on /opt/airflow/dags/backfill_pipeline_dag.py
[2026-04-25T17:38:11.285+0000] {processor.py:830} INFO - Processing file /opt/airflow/dags/backfill_pipeline_dag.py for tasks to queue
[2026-04-25T17:38:11.287+0000] {logging_mixin.py:188} INFO - [2026-04-25T17:38:11.287+0000] {dagbag.py:545} INFO - Filling up the DagBag from /opt/airflow/dags/backfill_pipeline_dag.py
[2026-04-25T17:38:11.294+0000] {processor.py:840} INFO - DAG(s) 'backfill_pipeline' retrieved from /opt/airflow/dags/backfill_pipeline_dag.py
[2026-04-25T17:38:11.317+0000] {logging_mixin.py:188} INFO - [2026-04-25T17:38:11.316+0000] {dag.py:3096} INFO - Sync 1 DAGs
[2026-04-25T17:38:11.326+0000] {logging_mixin.py:188} INFO - [2026-04-25T17:38:11.326+0000] {dag.py:3954} INFO - Setting next_dagrun for backfill_pipeline to None, run_after=None
[2026-04-25T17:38:11.342+0000] {processor.py:183} INFO - Processing /opt/airflow/dags/backfill_pipeline_dag.py took 0.062 seconds
[2026-04-25T17:38:41.485+0000] {processor.py:161} INFO - Started process (PID=257) to work on /opt/airflow/dags/backfill_pipeline_dag.py
[2026-04-25T17:38:41.486+0000] {processor.py:830} INFO - Processing file /opt/airflow/dags/backfill_pipeline_dag.py for tasks to queue
[2026-04-25T17:38:41.487+0000] {logging_mixin.py:188} INFO - [2026-04-25T17:38:41.487+0000] {dagbag.py:545} INFO - Filling up the DagBag from /opt/airflow/dags/backfill_pipeline_dag.py
[2026-04-25T17:38:41.495+0000] {processor.py:840} INFO - DAG(s) 'backfill_pipeline' retrieved from /opt/airflow/dags/backfill_pipeline_dag.py
[2026-04-25T17:38:41.523+0000] {logging_mixin.py:188} INFO - [2026-04-25T17:38:41.522+0000] {dag.py:3096} INFO - Sync 1 DAGs
[2026-04-25T17:38:41.534+0000] {logging_mixin.py:188} INFO - [2026-04-25T17:38:41.534+0000] {dag.py:3954} INFO - Setting next_dagrun for backfill_pipeline to None, run_after=None
[2026-04-25T17:38:41.555+0000] {processor.py:183} INFO - Processing /opt/airflow/dags/backfill_pipeline_dag.py took 0.075 seconds
[2026-04-25T17:39:11.700+0000] {processor.py:161} INFO - Started process (PID=272) to work on /opt/airflow/dags/backfill_pipeline_dag.py
[2026-04-25T17:39:11.701+0000] {processor.py:830} INFO - Processing file /opt/airflow/dags/backfill_pipeline_dag.py for tasks to queue
[2026-04-25T17:39:11.703+0000] {logging_mixin.py:188} INFO - [2026-04-25T17:39:11.702+0000] {dagbag.py:545} INFO - Filling up the DagBag from /opt/airflow/dags/backfill_pipeline_dag.py
[2026-04-25T17:39:11.710+0000] {processor.py:840} INFO - DAG(s) 'backfill_pipeline' retrieved from /opt/airflow/dags/backfill_pipeline_dag.py
[2026-04-25T17:39:11.734+0000] {logging_mixin.py:188} INFO - [2026-04-25T17:39:11.733+0000] {dag.py:3096} INFO - Sync 1 DAGs
[2026-04-25T17:39:11.743+0000] {logging_mixin.py:188} INFO - [2026-04-25T17:39:11.743+0000] {dag.py:3954} INFO - Setting next_dagrun for backfill_pipeline to None, run_after=None
[2026-04-25T17:39:11.760+0000] {processor.py:183} INFO - Processing /opt/airflow/dags/backfill_pipeline_dag.py took 0.065 seconds
[2026-04-25T17:39:41.917+0000] {processor.py:161} INFO - Started process (PID=287) to work on /opt/airflow/dags/backfill_pipeline_dag.py
[2026-04-25T17:39:41.919+0000] {processor.py:830} INFO - Processing file /opt/airflow/dags/backfill_pipeline_dag.py for tasks to queue
[2026-04-25T17:39:41.921+0000] {logging_mixin.py:188} INFO - [2026-04-25T17:39:41.921+0000] {dagbag.py:545} INFO - Filling up the DagBag from /opt/airflow/dags/backfill_pipeline_dag.py
[2026-04-25T17:39:41.930+0000] {processor.py:840} INFO - DAG(s) 'backfill_pipeline' retrieved from /opt/airflow/dags/backfill_pipeline_dag.py
[2026-04-25T17:39:41.958+0000] {logging_mixin.py:188} INFO - [2026-04-25T17:39:41.958+0000] {dag.py:3096} INFO - Sync 1 DAGs
[2026-04-25T17:39:41.970+0000] {logging_mixin.py:188} INFO - [2026-04-25T17:39:41.970+0000] {dag.py:3954} INFO - Setting next_dagrun for backfill_pipeline to None, run_after=None
[2026-04-25T17:39:41.992+0000] {processor.py:183} INFO - Processing /opt/airflow/dags/backfill_pipeline_dag.py took 0.082 seconds
[2026-04-25T17:40:12.136+0000] {processor.py:161} INFO - Started process (PID=302) to work on /opt/airflow/dags/backfill_pipeline_dag.py
[2026-04-25T17:40:12.137+0000] {processor.py:830} INFO - Processing file /opt/airflow/dags/backfill_pipeline_dag.py for tasks to queue
[2026-04-25T17:40:12.139+0000] {logging_mixin.py:188} INFO - [2026-04-25T17:40:12.139+0000] {dagbag.py:545} INFO - Filling up the DagBag from /opt/airflow/dags/backfill_pipeline_dag.py
[2026-04-25T17:40:12.149+0000] {processor.py:840} INFO - DAG(s) 'backfill_pipeline' retrieved from /opt/airflow/dags/backfill_pipeline_dag.py
[2026-04-25T17:40:12.177+0000] {logging_mixin.py:188} INFO - [2026-04-25T17:40:12.177+0000] {dag.py:3096} INFO - Sync 1 DAGs
[2026-04-25T17:40:12.188+0000] {logging_mixin.py:188} INFO - [2026-04-25T17:40:12.188+0000] {dag.py:3954} INFO - Setting next_dagrun for backfill_pipeline to None, run_after=None
[2026-04-25T17:40:12.206+0000] {processor.py:183} INFO - Processing /opt/airflow/dags/backfill_pipeline_dag.py took 0.076 seconds
[2026-04-25T17:40:42.351+0000] {processor.py:161} INFO - Started process (PID=317) to work on /opt/airflow/dags/backfill_pipeline_dag.py
[2026-04-25T17:40:42.352+0000] {processor.py:830} INFO - Processing file /opt/airflow/dags/backfill_pipeline_dag.py for tasks to queue
[2026-04-25T17:40:42.353+0000] {logging_mixin.py:188} INFO - [2026-04-25T17:40:42.353+0000] {dagbag.py:545} INFO - Filling up the DagBag from /opt/airflow/dags/backfill_pipeline_dag.py
[2026-04-25T17:40:42.361+0000] {processor.py:840} INFO - DAG(s) 'backfill_pipeline' retrieved from /opt/airflow/dags/backfill_pipeline_dag.py
[2026-04-25T17:40:42.388+0000] {logging_mixin.py:188} INFO - [2026-04-25T17:40:42.387+0000] {dag.py:3096} INFO - Sync 1 DAGs
[2026-04-25T17:40:42.399+0000] {logging_mixin.py:188} INFO - [2026-04-25T17:40:42.398+0000] {dag.py:3954} INFO - Setting next_dagrun for backfill_pipeline to None, run_after=None
[2026-04-25T17:40:42.420+0000] {processor.py:183} INFO - Processing /opt/airflow/dags/backfill_pipeline_dag.py took 0.073 seconds
[2026-04-25T17:41:12.574+0000] {processor.py:161} INFO - Started process (PID=331) to work on /opt/airflow/dags/backfill_pipeline_dag.py
[2026-04-25T17:41:12.576+0000] {processor.py:830} INFO - Processing file /opt/airflow/dags/backfill_pipeline_dag.py for tasks to queue
[2026-04-25T17:41:12.577+0000] {logging_mixin.py:188} INFO - [2026-04-25T17:41:12.577+0000] {dagbag.py:545} INFO - Filling up the DagBag from /opt/airflow/dags/backfill_pipeline_dag.py
[2026-04-25T17:41:12.590+0000] {processor.py:840} INFO - DAG(s) 'backfill_pipeline' retrieved from /opt/airflow/dags/backfill_pipeline_dag.py
[2026-04-25T17:41:12.615+0000] {logging_mixin.py:188} INFO - [2026-04-25T17:41:12.615+0000] {dag.py:3096} INFO - Sync 1 DAGs
[2026-04-25T17:41:12.627+0000] {logging_mixin.py:188} INFO - [2026-04-25T17:41:12.627+0000] {dag.py:3954} INFO - Setting next_dagrun for backfill_pipeline to None, run_after=None
[2026-04-25T17:41:12.644+0000] {processor.py:183} INFO - Processing /opt/airflow/dags/backfill_pipeline_dag.py took 0.075 seconds
[2026-04-25T17:41:20.704+0000] {processor.py:161} INFO - Started process (PID=344) to work on /opt/airflow/dags/backfill_pipeline_dag.py
[2026-04-25T17:41:20.705+0000] {processor.py:830} INFO - Processing file /opt/airflow/dags/backfill_pipeline_dag.py for tasks to queue
[2026-04-25T17:41:20.707+0000] {logging_mixin.py:188} INFO - [2026-04-25T17:41:20.706+0000] {dagbag.py:545} INFO - Filling up the DagBag from /opt/airflow/dags/backfill_pipeline_dag.py
[2026-04-25T17:41:20.715+0000] {processor.py:840} INFO - DAG(s) 'backfill_pipeline' retrieved from /opt/airflow/dags/backfill_pipeline_dag.py
[2026-04-25T17:41:20.814+0000] {logging_mixin.py:188} INFO - [2026-04-25T17:41:20.814+0000] {dag.py:3096} INFO - Sync 1 DAGs
[2026-04-25T17:41:20.823+0000] {logging_mixin.py:188} INFO - [2026-04-25T17:41:20.823+0000] {dag.py:3954} INFO - Setting next_dagrun for backfill_pipeline to None, run_after=None
[2026-04-25T17:41:20.841+0000] {processor.py:183} INFO - Processing /opt/airflow/dags/backfill_pipeline_dag.py took 0.144 seconds
[2026-04-25T17:42:19.146+0000] {processor.py:161} INFO - Started process (PID=175) to work on /opt/airflow/dags/backfill_pipeline_dag.py
[2026-04-25T17:42:19.148+0000] {processor.py:830} INFO - Processing file /opt/airflow/dags/backfill_pipeline_dag.py for tasks to queue
[2026-04-25T17:42:19.150+0000] {logging_mixin.py:188} INFO - [2026-04-25T17:42:19.149+0000] {dagbag.py:545} INFO - Filling up the DagBag from /opt/airflow/dags/backfill_pipeline_dag.py
[2026-04-25T17:42:19.166+0000] {processor.py:840} INFO - DAG(s) 'backfill_pipeline' retrieved from /opt/airflow/dags/backfill_pipeline_dag.py
[2026-04-25T17:42:19.355+0000] {logging_mixin.py:188} INFO - [2026-04-25T17:42:19.355+0000] {override.py:1829} INFO - Created Permission View: can read on DAG:backfill_pipeline
[2026-04-25T17:42:19.362+0000] {logging_mixin.py:188} INFO - [2026-04-25T17:42:19.362+0000] {override.py:1829} INFO - Created Permission View: can delete on DAG:backfill_pipeline
[2026-04-25T17:42:19.367+0000] {logging_mixin.py:188} INFO - [2026-04-25T17:42:19.367+0000] {override.py:1829} INFO - Created Permission View: can edit on DAG:backfill_pipeline
[2026-04-25T17:42:19.367+0000] {logging_mixin.py:188} INFO - [2026-04-25T17:42:19.367+0000] {dag.py:3096} INFO - Sync 1 DAGs
[2026-04-25T17:42:19.375+0000] {logging_mixin.py:188} INFO - [2026-04-25T17:42:19.375+0000] {dag.py:3118} INFO - Creating ORM DAG for backfill_pipeline
[2026-04-25T17:42:19.375+0000] {logging_mixin.py:188} INFO - [2026-04-25T17:42:19.375+0000] {dag.py:3954} INFO - Setting next_dagrun for backfill_pipeline to None, run_after=None
[2026-04-25T17:42:19.391+0000] {processor.py:183} INFO - Processing /opt/airflow/dags/backfill_pipeline_dag.py took 0.250 seconds
[2026-04-25T17:42:49.521+0000] {processor.py:161} INFO - Started process (PID=218) to work on /opt/airflow/dags/backfill_pipeline_dag.py
[2026-04-25T17:42:49.522+0000] {processor.py:830} INFO - Processing file /opt/airflow/dags/backfill_pipeline_dag.py for tasks to queue
[2026-04-25T17:42:49.524+0000] {logging_mixin.py:188} INFO - [2026-04-25T17:42:49.523+0000] {dagbag.py:545} INFO - Filling up the DagBag from /opt/airflow/dags/backfill_pipeline_dag.py
[2026-04-25T17:42:49.531+0000] {processor.py:840} INFO - DAG(s) 'backfill_pipeline' retrieved from /opt/airflow/dags/backfill_pipeline_dag.py
[2026-04-25T17:42:49.556+0000] {logging_mixin.py:188} INFO - [2026-04-25T17:42:49.555+0000] {dag.py:3096} INFO - Sync 1 DAGs
[2026-04-25T17:42:49.566+0000] {logging_mixin.py:188} INFO - [2026-04-25T17:42:49.566+0000] {dag.py:3954} INFO - Setting next_dagrun for backfill_pipeline to None, run_after=None
[2026-04-25T17:42:49.583+0000] {processor.py:183} INFO - Processing /opt/airflow/dags/backfill_pipeline_dag.py took 0.066 seconds
[2026-04-25T17:43:19.718+0000] {processor.py:161} INFO - Started process (PID=233) to work on /opt/airflow/dags/backfill_pipeline_dag.py
[2026-04-25T17:43:19.721+0000] {processor.py:830} INFO - Processing file /opt/airflow/dags/backfill_pipeline_dag.py for tasks to queue
[2026-04-25T17:43:19.723+0000] {logging_mixin.py:188} INFO - [2026-04-25T17:43:19.722+0000] {dagbag.py:545} INFO - Filling up the DagBag from /opt/airflow/dags/backfill_pipeline_dag.py
[2026-04-25T17:43:19.732+0000] {processor.py:840} INFO - DAG(s) 'backfill_pipeline' retrieved from /opt/airflow/dags/backfill_pipeline_dag.py
[2026-04-25T17:43:19.760+0000] {logging_mixin.py:188} INFO - [2026-04-25T17:43:19.760+0000] {dag.py:3096} INFO - Sync 1 DAGs
[2026-04-25T17:43:19.770+0000] {logging_mixin.py:188} INFO - [2026-04-25T17:43:19.770+0000] {dag.py:3954} INFO - Setting next_dagrun for backfill_pipeline to None, run_after=None
[2026-04-25T17:43:19.786+0000] {processor.py:183} INFO - Processing /opt/airflow/dags/backfill_pipeline_dag.py took 0.073 seconds
[2026-04-25T17:43:49.927+0000] {processor.py:161} INFO - Started process (PID=248) to work on /opt/airflow/dags/backfill_pipeline_dag.py
[2026-04-25T17:43:49.930+0000] {processor.py:830} INFO - Processing file /opt/airflow/dags/backfill_pipeline_dag.py for tasks to queue
[2026-04-25T17:43:49.932+0000] {logging_mixin.py:188} INFO - [2026-04-25T17:43:49.932+0000] {dagbag.py:545} INFO - Filling up the DagBag from /opt/airflow/dags/backfill_pipeline_dag.py
[2026-04-25T17:43:49.939+0000] {processor.py:840} INFO - DAG(s) 'backfill_pipeline' retrieved from /opt/airflow/dags/backfill_pipeline_dag.py
[2026-04-25T17:43:49.963+0000] {logging_mixin.py:188} INFO - [2026-04-25T17:43:49.963+0000] {dag.py:3096} INFO - Sync 1 DAGs
[2026-04-25T17:43:49.973+0000] {logging_mixin.py:188} INFO - [2026-04-25T17:43:49.973+0000] {dag.py:3954} INFO - Setting next_dagrun for backfill_pipeline to None, run_after=None
[2026-04-25T17:43:49.993+0000] {processor.py:183} INFO - Processing /opt/airflow/dags/backfill_pipeline_dag.py took 0.071 seconds
[2026-04-25T17:44:09.094+0000] {processor.py:161} INFO - Started process (PID=263) to work on /opt/airflow/dags/backfill_pipeline_dag.py
[2026-04-25T17:44:09.096+0000] {processor.py:830} INFO - Processing file /opt/airflow/dags/backfill_pipeline_dag.py for tasks to queue
[2026-04-25T17:44:09.097+0000] {logging_mixin.py:188} INFO - [2026-04-25T17:44:09.097+0000] {dagbag.py:545} INFO - Filling up the DagBag from /opt/airflow/dags/backfill_pipeline_dag.py
[2026-04-25T17:44:09.104+0000] {processor.py:840} INFO - DAG(s) 'backfill_pipeline' retrieved from /opt/airflow/dags/backfill_pipeline_dag.py
[2026-04-25T17:44:09.127+0000] {logging_mixin.py:188} INFO - [2026-04-25T17:44:09.127+0000] {dag.py:3096} INFO - Sync 1 DAGs
[2026-04-25T17:44:09.139+0000] {logging_mixin.py:188} INFO - [2026-04-25T17:44:09.139+0000] {dag.py:3954} INFO - Setting next_dagrun for backfill_pipeline to None, run_after=None
[2026-04-25T17:44:09.158+0000] {processor.py:183} INFO - Processing /opt/airflow/dags/backfill_pipeline_dag.py took 0.070 seconds
[2026-04-25T17:44:10.164+0000] {processor.py:161} INFO - Started process (PID=268) to work on /opt/airflow/dags/backfill_pipeline_dag.py
[2026-04-25T17:44:10.165+0000] {processor.py:830} INFO - Processing file /opt/airflow/dags/backfill_pipeline_dag.py for tasks to queue
[2026-04-25T17:44:10.166+0000] {logging_mixin.py:188} INFO - [2026-04-25T17:44:10.166+0000] {dagbag.py:545} INFO - Filling up the DagBag from /opt/airflow/dags/backfill_pipeline_dag.py
[2026-04-25T17:44:10.173+0000] {processor.py:840} INFO - DAG(s) 'backfill_pipeline' retrieved from /opt/airflow/dags/backfill_pipeline_dag.py
[2026-04-25T17:44:10.252+0000] {logging_mixin.py:188} INFO - [2026-04-25T17:44:10.252+0000] {dag.py:3096} INFO - Sync 1 DAGs
[2026-04-25T17:44:10.261+0000] {logging_mixin.py:188} INFO - [2026-04-25T17:44:10.261+0000] {dag.py:3954} INFO - Setting next_dagrun for backfill_pipeline to None, run_after=None
[2026-04-25T17:44:10.279+0000] {processor.py:183} INFO - Processing /opt/airflow/dags/backfill_pipeline_dag.py took 0.119 seconds
[2026-04-25T17:44:40.309+0000] {processor.py:161} INFO - Started process (PID=283) to work on /opt/airflow/dags/backfill_pipeline_dag.py
[2026-04-25T17:44:40.311+0000] {processor.py:830} INFO - Processing file /opt/airflow/dags/backfill_pipeline_dag.py for tasks to queue
[2026-04-25T17:44:40.313+0000] {logging_mixin.py:188} INFO - [2026-04-25T17:44:40.313+0000] {dagbag.py:545} INFO - Filling up the DagBag from /opt/airflow/dags/backfill_pipeline_dag.py
[2026-04-25T17:44:40.321+0000] {processor.py:840} INFO - DAG(s) 'backfill_pipeline' retrieved from /opt/airflow/dags/backfill_pipeline_dag.py
[2026-04-25T17:44:40.348+0000] {logging_mixin.py:188} INFO - [2026-04-25T17:44:40.348+0000] {dag.py:3096} INFO - Sync 1 DAGs
[2026-04-25T17:44:40.359+0000] {logging_mixin.py:188} INFO - [2026-04-25T17:44:40.359+0000] {dag.py:3954} INFO - Setting next_dagrun for backfill_pipeline to None, run_after=None
[2026-04-25T17:44:40.376+0000] {processor.py:183} INFO - Processing /opt/airflow/dags/backfill_pipeline_dag.py took 0.073 seconds
[2026-04-25T17:45:34.714+0000] {processor.py:161} INFO - Started process (PID=175) to work on /opt/airflow/dags/backfill_pipeline_dag.py
[2026-04-25T17:45:34.715+0000] {processor.py:830} INFO - Processing file /opt/airflow/dags/backfill_pipeline_dag.py for tasks to queue
[2026-04-25T17:45:34.716+0000] {logging_mixin.py:188} INFO - [2026-04-25T17:45:34.716+0000] {dagbag.py:545} INFO - Filling up the DagBag from /opt/airflow/dags/backfill_pipeline_dag.py
[2026-04-25T17:45:34.735+0000] {processor.py:840} INFO - DAG(s) 'backfill_pipeline' retrieved from /opt/airflow/dags/backfill_pipeline_dag.py
[2026-04-25T17:45:34.921+0000] {logging_mixin.py:188} INFO - [2026-04-25T17:45:34.920+0000] {override.py:1829} INFO - Created Permission View: can edit on DAG:backfill_pipeline
[2026-04-25T17:45:34.929+0000] {logging_mixin.py:188} INFO - [2026-04-25T17:45:34.928+0000] {override.py:1829} INFO - Created Permission View: can delete on DAG:backfill_pipeline
[2026-04-25T17:45:34.933+0000] {logging_mixin.py:188} INFO - [2026-04-25T17:45:34.933+0000] {override.py:1829} INFO - Created Permission View: can read on DAG:backfill_pipeline
[2026-04-25T17:45:34.933+0000] {logging_mixin.py:188} INFO - [2026-04-25T17:45:34.933+0000] {dag.py:3096} INFO - Sync 1 DAGs
[2026-04-25T17:45:34.941+0000] {logging_mixin.py:188} INFO - [2026-04-25T17:45:34.941+0000] {dag.py:3118} INFO - Creating ORM DAG for backfill_pipeline
[2026-04-25T17:45:34.942+0000] {logging_mixin.py:188} INFO - [2026-04-25T17:45:34.942+0000] {dag.py:3954} INFO - Setting next_dagrun for backfill_pipeline to None, run_after=None
[2026-04-25T17:45:34.957+0000] {processor.py:183} INFO - Processing /opt/airflow/dags/backfill_pipeline_dag.py took 0.250 seconds
[2026-04-25T17:46:05.089+0000] {processor.py:161} INFO - Started process (PID=221) to work on /opt/airflow/dags/backfill_pipeline_dag.py
[2026-04-25T17:46:05.091+0000] {processor.py:830} INFO - Processing file /opt/airflow/dags/backfill_pipeline_dag.py for tasks to queue
[2026-04-25T17:46:05.092+0000] {logging_mixin.py:188} INFO - [2026-04-25T17:46:05.092+0000] {dagbag.py:545} INFO - Filling up the DagBag from /opt/airflow/dags/backfill_pipeline_dag.py
[2026-04-25T17:46:05.100+0000] {processor.py:840} INFO - DAG(s) 'backfill_pipeline' retrieved from /opt/airflow/dags/backfill_pipeline_dag.py
[2026-04-25T17:46:05.127+0000] {logging_mixin.py:188} INFO - [2026-04-25T17:46:05.127+0000] {dag.py:3096} INFO - Sync 1 DAGs
[2026-04-25T17:46:05.138+0000] {logging_mixin.py:188} INFO - [2026-04-25T17:46:05.138+0000] {dag.py:3954} INFO - Setting next_dagrun for backfill_pipeline to None, run_after=None
[2026-04-25T17:46:05.155+0000] {processor.py:183} INFO - Processing /opt/airflow/dags/backfill_pipeline_dag.py took 0.071 seconds
[2026-04-25T17:46:35.292+0000] {processor.py:161} INFO - Started process (PID=236) to work on /opt/airflow/dags/backfill_pipeline_dag.py
[2026-04-25T17:46:35.295+0000] {processor.py:830} INFO - Processing file /opt/airflow/dags/backfill_pipeline_dag.py for tasks to queue
[2026-04-25T17:46:35.297+0000] {logging_mixin.py:188} INFO - [2026-04-25T17:46:35.297+0000] {dagbag.py:545} INFO - Filling up the DagBag from /opt/airflow/dags/backfill_pipeline_dag.py
[2026-04-25T17:46:35.306+0000] {processor.py:840} INFO - DAG(s) 'backfill_pipeline' retrieved from /opt/airflow/dags/backfill_pipeline_dag.py
[2026-04-25T17:46:35.333+0000] {logging_mixin.py:188} INFO - [2026-04-25T17:46:35.332+0000] {dag.py:3096} INFO - Sync 1 DAGs
[2026-04-25T17:46:35.343+0000] {logging_mixin.py:188} INFO - [2026-04-25T17:46:35.343+0000] {dag.py:3954} INFO - Setting next_dagrun for backfill_pipeline to None, run_after=None
[2026-04-25T17:46:35.362+0000] {processor.py:183} INFO - Processing /opt/airflow/dags/backfill_pipeline_dag.py took 0.076 seconds
[2026-04-25T17:47:05.503+0000] {processor.py:161} INFO - Started process (PID=251) to work on /opt/airflow/dags/backfill_pipeline_dag.py
[2026-04-25T17:47:05.505+0000] {processor.py:830} INFO - Processing file /opt/airflow/dags/backfill_pipeline_dag.py for tasks to queue
[2026-04-25T17:47:05.507+0000] {logging_mixin.py:188} INFO - [2026-04-25T17:47:05.507+0000] {dagbag.py:545} INFO - Filling up the DagBag from /opt/airflow/dags/backfill_pipeline_dag.py
[2026-04-25T17:47:05.518+0000] {processor.py:840} INFO - DAG(s) 'backfill_pipeline' retrieved from /opt/airflow/dags/backfill_pipeline_dag.py
[2026-04-25T17:47:05.543+0000] {logging_mixin.py:188} INFO - [2026-04-25T17:47:05.543+0000] {dag.py:3096} INFO - Sync 1 DAGs
[2026-04-25T17:47:05.555+0000] {logging_mixin.py:188} INFO - [2026-04-25T17:47:05.555+0000] {dag.py:3954} INFO - Setting next_dagrun for backfill_pipeline to None, run_after=None
[2026-04-25T17:47:05.571+0000] {processor.py:183} INFO - Processing /opt/airflow/dags/backfill_pipeline_dag.py took 0.073 seconds
[2026-04-25T17:47:35.729+0000] {processor.py:161} INFO - Started process (PID=266) to work on /opt/airflow/dags/backfill_pipeline_dag.py
[2026-04-25T17:47:35.731+0000] {processor.py:830} INFO - Processing file /opt/airflow/dags/backfill_pipeline_dag.py for tasks to queue
[2026-04-25T17:47:35.735+0000] {logging_mixin.py:188} INFO - [2026-04-25T17:47:35.734+0000] {dagbag.py:545} INFO - Filling up the DagBag from /opt/airflow/dags/backfill_pipeline_dag.py
[2026-04-25T17:47:35.744+0000] {processor.py:840} INFO - DAG(s) 'backfill_pipeline' retrieved from /opt/airflow/dags/backfill_pipeline_dag.py
[2026-04-25T17:47:35.783+0000] {logging_mixin.py:188} INFO - [2026-04-25T17:47:35.783+0000] {dag.py:3096} INFO - Sync 1 DAGs
[2026-04-25T17:47:35.796+0000] {logging_mixin.py:188} INFO - [2026-04-25T17:47:35.796+0000] {dag.py:3954} INFO - Setting next_dagrun for backfill_pipeline to None, run_after=None
[2026-04-25T17:47:35.814+0000] {processor.py:183} INFO - Processing /opt/airflow/dags/backfill_pipeline_dag.py took 0.092 seconds
[2026-04-25T17:48:05.965+0000] {processor.py:161} INFO - Started process (PID=281) to work on /opt/airflow/dags/backfill_pipeline_dag.py
[2026-04-25T17:48:05.968+0000] {processor.py:830} INFO - Processing file /opt/airflow/dags/backfill_pipeline_dag.py for tasks to queue
[2026-04-25T17:48:05.970+0000] {logging_mixin.py:188} INFO - [2026-04-25T17:48:05.970+0000] {dagbag.py:545} INFO - Filling up the DagBag from /opt/airflow/dags/backfill_pipeline_dag.py
[2026-04-25T17:48:05.978+0000] {processor.py:840} INFO - DAG(s) 'backfill_pipeline' retrieved from /opt/airflow/dags/backfill_pipeline_dag.py
[2026-04-25T17:48:06.005+0000] {logging_mixin.py:188} INFO - [2026-04-25T17:48:06.005+0000] {dag.py:3096} INFO - Sync 1 DAGs
[2026-04-25T17:48:06.016+0000] {logging_mixin.py:188} INFO - [2026-04-25T17:48:06.016+0000] {dag.py:3954} INFO - Setting next_dagrun for backfill_pipeline to None, run_after=None
[2026-04-25T17:48:06.034+0000] {processor.py:183} INFO - Processing /opt/airflow/dags/backfill_pipeline_dag.py took 0.076 seconds
[2026-04-25T17:48:36.185+0000] {processor.py:161} INFO - Started process (PID=296) to work on /opt/airflow/dags/backfill_pipeline_dag.py
[2026-04-25T17:48:36.186+0000] {processor.py:830} INFO - Processing file /opt/airflow/dags/backfill_pipeline_dag.py for tasks to queue
[2026-04-25T17:48:36.188+0000] {logging_mixin.py:188} INFO - [2026-04-25T17:48:36.188+0000] {dagbag.py:545} INFO - Filling up the DagBag from /opt/airflow/dags/backfill_pipeline_dag.py
[2026-04-25T17:48:36.198+0000] {processor.py:840} INFO - DAG(s) 'backfill_pipeline' retrieved from /opt/airflow/dags/backfill_pipeline_dag.py
[2026-04-25T17:48:36.228+0000] {logging_mixin.py:188} INFO - [2026-04-25T17:48:36.227+0000] {dag.py:3096} INFO - Sync 1 DAGs
[2026-04-25T17:48:36.240+0000] {logging_mixin.py:188} INFO - [2026-04-25T17:48:36.240+0000] {dag.py:3954} INFO - Setting next_dagrun for backfill_pipeline to None, run_after=None
[2026-04-25T17:48:36.258+0000] {processor.py:183} INFO - Processing /opt/airflow/dags/backfill_pipeline_dag.py took 0.079 seconds
[2026-04-25T17:49:06.405+0000] {processor.py:161} INFO - Started process (PID=311) to work on /opt/airflow/dags/backfill_pipeline_dag.py
[2026-04-25T17:49:06.408+0000] {processor.py:830} INFO - Processing file /opt/airflow/dags/backfill_pipeline_dag.py for tasks to queue
[2026-04-25T17:49:06.410+0000] {logging_mixin.py:188} INFO - [2026-04-25T17:49:06.409+0000] {dagbag.py:545} INFO - Filling up the DagBag from /opt/airflow/dags/backfill_pipeline_dag.py
[2026-04-25T17:49:06.418+0000] {processor.py:840} INFO - DAG(s) 'backfill_pipeline' retrieved from /opt/airflow/dags/backfill_pipeline_dag.py
[2026-04-25T17:49:06.451+0000] {logging_mixin.py:188} INFO - [2026-04-25T17:49:06.451+0000] {dag.py:3096} INFO - Sync 1 DAGs
[2026-04-25T17:49:06.465+0000] {logging_mixin.py:188} INFO - [2026-04-25T17:49:06.465+0000] {dag.py:3954} INFO - Setting next_dagrun for backfill_pipeline to None, run_after=None
[2026-04-25T17:49:06.486+0000] {processor.py:183} INFO - Processing /opt/airflow/dags/backfill_pipeline_dag.py took 0.086 seconds
[2026-04-25T17:49:36.648+0000] {processor.py:161} INFO - Started process (PID=326) to work on /opt/airflow/dags/backfill_pipeline_dag.py
[2026-04-25T17:49:36.650+0000] {processor.py:830} INFO - Processing file /opt/airflow/dags/backfill_pipeline_dag.py for tasks to queue
[2026-04-25T17:49:36.652+0000] {logging_mixin.py:188} INFO - [2026-04-25T17:49:36.651+0000] {dagbag.py:545} INFO - Filling up the DagBag from /opt/airflow/dags/backfill_pipeline_dag.py
[2026-04-25T17:49:36.661+0000] {processor.py:840} INFO - DAG(s) 'backfill_pipeline' retrieved from /opt/airflow/dags/backfill_pipeline_dag.py
[2026-04-25T17:49:36.688+0000] {logging_mixin.py:188} INFO - [2026-04-25T17:49:36.688+0000] {dag.py:3096} INFO - Sync 1 DAGs
[2026-04-25T17:49:36.699+0000] {logging_mixin.py:188} INFO - [2026-04-25T17:49:36.699+0000] {dag.py:3954} INFO - Setting next_dagrun for backfill_pipeline to None, run_after=None
[2026-04-25T17:49:36.720+0000] {processor.py:183} INFO - Processing /opt/airflow/dags/backfill_pipeline_dag.py took 0.078 seconds
[2026-04-25T17:50:06.851+0000] {processor.py:161} INFO - Started process (PID=341) to work on /opt/airflow/dags/backfill_pipeline_dag.py
[2026-04-25T17:50:06.853+0000] {processor.py:830} INFO - Processing file /opt/airflow/dags/backfill_pipeline_dag.py for tasks to queue
[2026-04-25T17:50:06.855+0000] {logging_mixin.py:188} INFO - [2026-04-25T17:50:06.855+0000] {dagbag.py:545} INFO - Filling up the DagBag from /opt/airflow/dags/backfill_pipeline_dag.py
[2026-04-25T17:50:06.864+0000] {processor.py:840} INFO - DAG(s) 'backfill_pipeline' retrieved from /opt/airflow/dags/backfill_pipeline_dag.py
[2026-04-25T17:50:06.897+0000] {logging_mixin.py:188} INFO - [2026-04-25T17:50:06.896+0000] {dag.py:3096} INFO - Sync 1 DAGs
[2026-04-25T17:50:06.910+0000] {logging_mixin.py:188} INFO - [2026-04-25T17:50:06.909+0000] {dag.py:3954} INFO - Setting next_dagrun for backfill_pipeline to None, run_after=None
[2026-04-25T17:50:06.932+0000] {processor.py:183} INFO - Processing /opt/airflow/dags/backfill_pipeline_dag.py took 0.088 seconds
[2026-04-25T17:50:37.103+0000] {processor.py:161} INFO - Started process (PID=356) to work on /opt/airflow/dags/backfill_pipeline_dag.py
[2026-04-25T17:50:37.106+0000] {processor.py:830} INFO - Processing file /opt/airflow/dags/backfill_pipeline_dag.py for tasks to queue
[2026-04-25T17:50:37.108+0000] {logging_mixin.py:188} INFO - [2026-04-25T17:50:37.108+0000] {dagbag.py:545} INFO - Filling up the DagBag from /opt/airflow/dags/backfill_pipeline_dag.py
[2026-04-25T17:50:37.118+0000] {processor.py:840} INFO - DAG(s) 'backfill_pipeline' retrieved from /opt/airflow/dags/backfill_pipeline_dag.py
[2026-04-25T17:50:37.152+0000] {logging_mixin.py:188} INFO - [2026-04-25T17:50:37.152+0000] {dag.py:3096} INFO - Sync 1 DAGs
[2026-04-25T17:50:37.168+0000] {logging_mixin.py:188} INFO - [2026-04-25T17:50:37.168+0000] {dag.py:3954} INFO - Setting next_dagrun for backfill_pipeline to None, run_after=None
[2026-04-25T17:50:37.191+0000] {processor.py:183} INFO - Processing /opt/airflow/dags/backfill_pipeline_dag.py took 0.096 seconds
[2026-04-25T17:51:07.338+0000] {processor.py:161} INFO - Started process (PID=371) to work on /opt/airflow/dags/backfill_pipeline_dag.py
[2026-04-25T17:51:07.339+0000] {processor.py:830} INFO - Processing file /opt/airflow/dags/backfill_pipeline_dag.py for tasks to queue
[2026-04-25T17:51:07.341+0000] {logging_mixin.py:188} INFO - [2026-04-25T17:51:07.340+0000] {dagbag.py:545} INFO - Filling up the DagBag from /opt/airflow/dags/backfill_pipeline_dag.py
[2026-04-25T17:51:07.350+0000] {processor.py:840} INFO - DAG(s) 'backfill_pipeline' retrieved from /opt/airflow/dags/backfill_pipeline_dag.py
[2026-04-25T17:51:07.385+0000] {logging_mixin.py:188} INFO - [2026-04-25T17:51:07.385+0000] {dag.py:3096} INFO - Sync 1 DAGs
[2026-04-25T17:51:07.399+0000] {logging_mixin.py:188} INFO - [2026-04-25T17:51:07.399+0000] {dag.py:3954} INFO - Setting next_dagrun for backfill_pipeline to None, run_after=None
[2026-04-25T17:51:07.419+0000] {processor.py:183} INFO - Processing /opt/airflow/dags/backfill_pipeline_dag.py took 0.086 seconds
[2026-04-25T17:51:37.577+0000] {processor.py:161} INFO - Started process (PID=386) to work on /opt/airflow/dags/backfill_pipeline_dag.py
[2026-04-25T17:51:37.579+0000] {processor.py:830} INFO - Processing file /opt/airflow/dags/backfill_pipeline_dag.py for tasks to queue
[2026-04-25T17:51:37.581+0000] {logging_mixin.py:188} INFO - [2026-04-25T17:51:37.581+0000] {dagbag.py:545} INFO - Filling up the DagBag from /opt/airflow/dags/backfill_pipeline_dag.py
[2026-04-25T17:51:37.592+0000] {processor.py:840} INFO - DAG(s) 'backfill_pipeline' retrieved from /opt/airflow/dags/backfill_pipeline_dag.py
[2026-04-25T17:51:37.618+0000] {logging_mixin.py:188} INFO - [2026-04-25T17:51:37.618+0000] {dag.py:3096} INFO - Sync 1 DAGs
[2026-04-25T17:51:37.630+0000] {logging_mixin.py:188} INFO - [2026-04-25T17:51:37.630+0000] {dag.py:3954} INFO - Setting next_dagrun for backfill_pipeline to None, run_after=None
[2026-04-25T17:51:37.651+0000] {processor.py:183} INFO - Processing /opt/airflow/dags/backfill_pipeline_dag.py took 0.079 seconds
[2026-04-25T17:52:07.810+0000] {processor.py:161} INFO - Started process (PID=401) to work on /opt/airflow/dags/backfill_pipeline_dag.py
[2026-04-25T17:52:07.812+0000] {processor.py:830} INFO - Processing file /opt/airflow/dags/backfill_pipeline_dag.py for tasks to queue
[2026-04-25T17:52:07.814+0000] {logging_mixin.py:188} INFO - [2026-04-25T17:52:07.814+0000] {dagbag.py:545} INFO - Filling up the DagBag from /opt/airflow/dags/backfill_pipeline_dag.py
[2026-04-25T17:52:07.824+0000] {processor.py:840} INFO - DAG(s) 'backfill_pipeline' retrieved from /opt/airflow/dags/backfill_pipeline_dag.py
[2026-04-25T17:52:07.852+0000] {logging_mixin.py:188} INFO - [2026-04-25T17:52:07.852+0000] {dag.py:3096} INFO - Sync 1 DAGs
[2026-04-25T17:52:07.866+0000] {logging_mixin.py:188} INFO - [2026-04-25T17:52:07.865+0000] {dag.py:3954} INFO - Setting next_dagrun for backfill_pipeline to None, run_after=None
[2026-04-25T17:52:07.887+0000] {processor.py:183} INFO - Processing /opt/airflow/dags/backfill_pipeline_dag.py took 0.084 seconds
[2026-04-25T17:52:38.048+0000] {processor.py:161} INFO - Started process (PID=416) to work on /opt/airflow/dags/backfill_pipeline_dag.py
[2026-04-25T17:52:38.050+0000] {processor.py:830} INFO - Processing file /opt/airflow/dags/backfill_pipeline_dag.py for tasks to queue
[2026-04-25T17:52:38.052+0000] {logging_mixin.py:188} INFO - [2026-04-25T17:52:38.052+0000] {dagbag.py:545} INFO - Filling up the DagBag from /opt/airflow/dags/backfill_pipeline_dag.py
[2026-04-25T17:52:38.063+0000] {processor.py:840} INFO - DAG(s) 'backfill_pipeline' retrieved from /opt/airflow/dags/backfill_pipeline_dag.py
[2026-04-25T17:52:38.095+0000] {logging_mixin.py:188} INFO - [2026-04-25T17:52:38.095+0000] {dag.py:3096} INFO - Sync 1 DAGs
[2026-04-25T17:52:38.108+0000] {logging_mixin.py:188} INFO - [2026-04-25T17:52:38.108+0000] {dag.py:3954} INFO - Setting next_dagrun for backfill_pipeline to None, run_after=None
[2026-04-25T17:52:38.144+0000] {processor.py:183} INFO - Processing /opt/airflow/dags/backfill_pipeline_dag.py took 0.102 seconds
[2026-04-25T17:52:42.209+0000] {processor.py:161} INFO - Started process (PID=431) to work on /opt/airflow/dags/backfill_pipeline_dag.py
[2026-04-25T17:52:42.210+0000] {processor.py:830} INFO - Processing file /opt/airflow/dags/backfill_pipeline_dag.py for tasks to queue
[2026-04-25T17:52:42.212+0000] {logging_mixin.py:188} INFO - [2026-04-25T17:52:42.212+0000] {dagbag.py:545} INFO - Filling up the DagBag from /opt/airflow/dags/backfill_pipeline_dag.py
[2026-04-25T17:52:42.220+0000] {processor.py:840} INFO - DAG(s) 'backfill_pipeline' retrieved from /opt/airflow/dags/backfill_pipeline_dag.py
[2026-04-25T17:52:42.332+0000] {logging_mixin.py:188} INFO - [2026-04-25T17:52:42.331+0000] {dag.py:3096} INFO - Sync 1 DAGs
[2026-04-25T17:52:42.343+0000] {logging_mixin.py:188} INFO - [2026-04-25T17:52:42.342+0000] {dag.py:3954} INFO - Setting next_dagrun for backfill_pipeline to None, run_after=None
[2026-04-25T17:52:42.365+0000] {processor.py:183} INFO - Processing /opt/airflow/dags/backfill_pipeline_dag.py took 0.162 seconds
[2026-04-25T17:52:44.315+0000] {processor.py:161} INFO - Started process (PID=436) to work on /opt/airflow/dags/backfill_pipeline_dag.py
[2026-04-25T17:52:44.316+0000] {processor.py:830} INFO - Processing file /opt/airflow/dags/backfill_pipeline_dag.py for tasks to queue
[2026-04-25T17:52:44.318+0000] {logging_mixin.py:188} INFO - [2026-04-25T17:52:44.318+0000] {dagbag.py:545} INFO - Filling up the DagBag from /opt/airflow/dags/backfill_pipeline_dag.py
[2026-04-25T17:52:44.328+0000] {processor.py:840} INFO - DAG(s) 'backfill_pipeline' retrieved from /opt/airflow/dags/backfill_pipeline_dag.py
[2026-04-25T17:52:44.343+0000] {logging_mixin.py:188} INFO - [2026-04-25T17:52:44.343+0000] {dag.py:3096} INFO - Sync 1 DAGs
[2026-04-25T17:52:44.358+0000] {logging_mixin.py:188} INFO - [2026-04-25T17:52:44.358+0000] {dag.py:3954} INFO - Setting next_dagrun for backfill_pipeline to None, run_after=None
[2026-04-25T17:52:44.381+0000] {processor.py:183} INFO - Processing /opt/airflow/dags/backfill_pipeline_dag.py took 0.073 seconds
[2026-04-25T17:53:37.749+0000] {processor.py:161} INFO - Started process (PID=175) to work on /opt/airflow/dags/backfill_pipeline_dag.py
[2026-04-25T17:53:37.751+0000] {processor.py:830} INFO - Processing file /opt/airflow/dags/backfill_pipeline_dag.py for tasks to queue
[2026-04-25T17:53:37.752+0000] {logging_mixin.py:188} INFO - [2026-04-25T17:53:37.752+0000] {dagbag.py:545} INFO - Filling up the DagBag from /opt/airflow/dags/backfill_pipeline_dag.py
[2026-04-25T17:53:37.770+0000] {processor.py:840} INFO - DAG(s) 'backfill_pipeline' retrieved from /opt/airflow/dags/backfill_pipeline_dag.py
[2026-04-25T17:53:37.978+0000] {logging_mixin.py:188} INFO - [2026-04-25T17:53:37.977+0000] {override.py:1829} INFO - Created Permission View: can read on DAG:backfill_pipeline
[2026-04-25T17:53:37.986+0000] {logging_mixin.py:188} INFO - [2026-04-25T17:53:37.986+0000] {override.py:1829} INFO - Created Permission View: can edit on DAG:backfill_pipeline
[2026-04-25T17:53:37.992+0000] {logging_mixin.py:188} INFO - [2026-04-25T17:53:37.992+0000] {override.py:1829} INFO - Created Permission View: can delete on DAG:backfill_pipeline
[2026-04-25T17:53:37.992+0000] {logging_mixin.py:188} INFO - [2026-04-25T17:53:37.992+0000] {dag.py:3096} INFO - Sync 1 DAGs
[2026-04-25T17:53:38.001+0000] {logging_mixin.py:188} INFO - [2026-04-25T17:53:38.001+0000] {dag.py:3118} INFO - Creating ORM DAG for backfill_pipeline
[2026-04-25T17:53:38.002+0000] {logging_mixin.py:188} INFO - [2026-04-25T17:53:38.002+0000] {dag.py:3954} INFO - Setting next_dagrun for backfill_pipeline to None, run_after=None
[2026-04-25T17:53:38.019+0000] {processor.py:183} INFO - Processing /opt/airflow/dags/backfill_pipeline_dag.py took 0.275 seconds
[2026-04-25T17:54:08.167+0000] {processor.py:161} INFO - Started process (PID=191) to work on /opt/airflow/dags/backfill_pipeline_dag.py
[2026-04-25T17:54:08.168+0000] {processor.py:830} INFO - Processing file /opt/airflow/dags/backfill_pipeline_dag.py for tasks to queue
[2026-04-25T17:54:08.169+0000] {logging_mixin.py:188} INFO - [2026-04-25T17:54:08.169+0000] {dagbag.py:545} INFO - Filling up the DagBag from /opt/airflow/dags/backfill_pipeline_dag.py
[2026-04-25T17:54:08.178+0000] {processor.py:840} INFO - DAG(s) 'backfill_pipeline' retrieved from /opt/airflow/dags/backfill_pipeline_dag.py
[2026-04-25T17:54:08.206+0000] {logging_mixin.py:188} INFO - [2026-04-25T17:54:08.205+0000] {dag.py:3096} INFO - Sync 1 DAGs
[2026-04-25T17:54:08.217+0000] {logging_mixin.py:188} INFO - [2026-04-25T17:54:08.216+0000] {dag.py:3954} INFO - Setting next_dagrun for backfill_pipeline to None, run_after=None
[2026-04-25T17:54:08.233+0000] {processor.py:183} INFO - Processing /opt/airflow/dags/backfill_pipeline_dag.py took 0.073 seconds
[2026-04-25T17:54:38.382+0000] {processor.py:161} INFO - Started process (PID=206) to work on /opt/airflow/dags/backfill_pipeline_dag.py
[2026-04-25T17:54:38.384+0000] {processor.py:830} INFO - Processing file /opt/airflow/dags/backfill_pipeline_dag.py for tasks to queue
[2026-04-25T17:54:38.386+0000] {logging_mixin.py:188} INFO - [2026-04-25T17:54:38.386+0000] {dagbag.py:545} INFO - Filling up the DagBag from /opt/airflow/dags/backfill_pipeline_dag.py
[2026-04-25T17:54:38.395+0000] {processor.py:840} INFO - DAG(s) 'backfill_pipeline' retrieved from /opt/airflow/dags/backfill_pipeline_dag.py
[2026-04-25T17:54:38.421+0000] {logging_mixin.py:188} INFO - [2026-04-25T17:54:38.421+0000] {dag.py:3096} INFO - Sync 1 DAGs
[2026-04-25T17:54:38.432+0000] {logging_mixin.py:188} INFO - [2026-04-25T17:54:38.432+0000] {dag.py:3954} INFO - Setting next_dagrun for backfill_pipeline to None, run_after=None
[2026-04-25T17:54:38.450+0000] {processor.py:183} INFO - Processing /opt/airflow/dags/backfill_pipeline_dag.py took 0.074 seconds
[2026-04-25T17:55:08.599+0000] {processor.py:161} INFO - Started process (PID=224) to work on /opt/airflow/dags/backfill_pipeline_dag.py
[2026-04-25T17:55:08.602+0000] {processor.py:830} INFO - Processing file /opt/airflow/dags/backfill_pipeline_dag.py for tasks to queue
[2026-04-25T17:55:08.604+0000] {logging_mixin.py:188} INFO - [2026-04-25T17:55:08.604+0000] {dagbag.py:545} INFO - Filling up the DagBag from /opt/airflow/dags/backfill_pipeline_dag.py
[2026-04-25T17:55:08.613+0000] {processor.py:840} INFO - DAG(s) 'backfill_pipeline' retrieved from /opt/airflow/dags/backfill_pipeline_dag.py
[2026-04-25T17:55:08.641+0000] {logging_mixin.py:188} INFO - [2026-04-25T17:55:08.641+0000] {dag.py:3096} INFO - Sync 1 DAGs
[2026-04-25T17:55:08.654+0000] {logging_mixin.py:188} INFO - [2026-04-25T17:55:08.654+0000] {dag.py:3954} INFO - Setting next_dagrun for backfill_pipeline to None, run_after=None
[2026-04-25T17:55:08.674+0000] {processor.py:183} INFO - Processing /opt/airflow/dags/backfill_pipeline_dag.py took 0.081 seconds
[2026-04-25T17:55:38.841+0000] {processor.py:161} INFO - Started process (PID=239) to work on /opt/airflow/dags/backfill_pipeline_dag.py
[2026-04-25T17:55:38.843+0000] {processor.py:830} INFO - Processing file /opt/airflow/dags/backfill_pipeline_dag.py for tasks to queue
[2026-04-25T17:55:38.846+0000] {logging_mixin.py:188} INFO - [2026-04-25T17:55:38.846+0000] {dagbag.py:545} INFO - Filling up the DagBag from /opt/airflow/dags/backfill_pipeline_dag.py
[2026-04-25T17:55:38.856+0000] {processor.py:840} INFO - DAG(s) 'backfill_pipeline' retrieved from /opt/airflow/dags/backfill_pipeline_dag.py
[2026-04-25T17:55:38.890+0000] {logging_mixin.py:188} INFO - [2026-04-25T17:55:38.890+0000] {dag.py:3096} INFO - Sync 1 DAGs
[2026-04-25T17:55:38.902+0000] {logging_mixin.py:188} INFO - [2026-04-25T17:55:38.902+0000] {dag.py:3954} INFO - Setting next_dagrun for backfill_pipeline to None, run_after=None
[2026-04-25T17:55:38.926+0000] {processor.py:183} INFO - Processing /opt/airflow/dags/backfill_pipeline_dag.py took 0.091 seconds
[2026-04-25T17:56:09.093+0000] {processor.py:161} INFO - Started process (PID=254) to work on /opt/airflow/dags/backfill_pipeline_dag.py
[2026-04-25T17:56:09.096+0000] {processor.py:830} INFO - Processing file /opt/airflow/dags/backfill_pipeline_dag.py for tasks to queue
[2026-04-25T17:56:09.097+0000] {logging_mixin.py:188} INFO - [2026-04-25T17:56:09.097+0000] {dagbag.py:545} INFO - Filling up the DagBag from /opt/airflow/dags/backfill_pipeline_dag.py
[2026-04-25T17:56:09.105+0000] {processor.py:840} INFO - DAG(s) 'backfill_pipeline' retrieved from /opt/airflow/dags/backfill_pipeline_dag.py
[2026-04-25T17:56:09.135+0000] {logging_mixin.py:188} INFO - [2026-04-25T17:56:09.134+0000] {dag.py:3096} INFO - Sync 1 DAGs
[2026-04-25T17:56:09.147+0000] {logging_mixin.py:188} INFO - [2026-04-25T17:56:09.146+0000] {dag.py:3954} INFO - Setting next_dagrun for backfill_pipeline to None, run_after=None
[2026-04-25T17:56:09.164+0000] {processor.py:183} INFO - Processing /opt/airflow/dags/backfill_pipeline_dag.py took 0.076 seconds
[2026-04-25T17:56:39.328+0000] {processor.py:161} INFO - Started process (PID=269) to work on /opt/airflow/dags/backfill_pipeline_dag.py
[2026-04-25T17:56:39.331+0000] {processor.py:830} INFO - Processing file /opt/airflow/dags/backfill_pipeline_dag.py for tasks to queue
[2026-04-25T17:56:39.333+0000] {logging_mixin.py:188} INFO - [2026-04-25T17:56:39.332+0000] {dagbag.py:545} INFO - Filling up the DagBag from /opt/airflow/dags/backfill_pipeline_dag.py
[2026-04-25T17:56:39.341+0000] {processor.py:840} INFO - DAG(s) 'backfill_pipeline' retrieved from /opt/airflow/dags/backfill_pipeline_dag.py
[2026-04-25T17:56:39.372+0000] {logging_mixin.py:188} INFO - [2026-04-25T17:56:39.371+0000] {dag.py:3096} INFO - Sync 1 DAGs
[2026-04-25T17:56:39.385+0000] {logging_mixin.py:188} INFO - [2026-04-25T17:56:39.385+0000] {dag.py:3954} INFO - Setting next_dagrun for backfill_pipeline to None, run_after=None
[2026-04-25T17:56:39.406+0000] {processor.py:183} INFO - Processing /opt/airflow/dags/backfill_pipeline_dag.py took 0.083 seconds
[2026-04-25T17:57:09.560+0000] {processor.py:161} INFO - Started process (PID=284) to work on /opt/airflow/dags/backfill_pipeline_dag.py
[2026-04-25T17:57:09.563+0000] {processor.py:830} INFO - Processing file /opt/airflow/dags/backfill_pipeline_dag.py for tasks to queue
[2026-04-25T17:57:09.565+0000] {logging_mixin.py:188} INFO - [2026-04-25T17:57:09.564+0000] {dagbag.py:545} INFO - Filling up the DagBag from /opt/airflow/dags/backfill_pipeline_dag.py
[2026-04-25T17:57:09.574+0000] {processor.py:840} INFO - DAG(s) 'backfill_pipeline' retrieved from /opt/airflow/dags/backfill_pipeline_dag.py
[2026-04-25T17:57:09.601+0000] {logging_mixin.py:188} INFO - [2026-04-25T17:57:09.601+0000] {dag.py:3096} INFO - Sync 1 DAGs
[2026-04-25T17:57:09.613+0000] {logging_mixin.py:188} INFO - [2026-04-25T17:57:09.612+0000] {dag.py:3954} INFO - Setting next_dagrun for backfill_pipeline to None, run_after=None
[2026-04-25T17:57:09.629+0000] {processor.py:183} INFO - Processing /opt/airflow/dags/backfill_pipeline_dag.py took 0.074 seconds
[2026-04-25T17:57:39.789+0000] {processor.py:161} INFO - Started process (PID=299) to work on /opt/airflow/dags/backfill_pipeline_dag.py
[2026-04-25T17:57:39.792+0000] {processor.py:830} INFO - Processing file /opt/airflow/dags/backfill_pipeline_dag.py for tasks to queue
[2026-04-25T17:57:39.794+0000] {logging_mixin.py:188} INFO - [2026-04-25T17:57:39.794+0000] {dagbag.py:545} INFO - Filling up the DagBag from /opt/airflow/dags/backfill_pipeline_dag.py
[2026-04-25T17:57:39.807+0000] {processor.py:840} INFO - DAG(s) 'backfill_pipeline' retrieved from /opt/airflow/dags/backfill_pipeline_dag.py
[2026-04-25T17:57:39.848+0000] {logging_mixin.py:188} INFO - [2026-04-25T17:57:39.848+0000] {dag.py:3096} INFO - Sync 1 DAGs
[2026-04-25T17:57:39.868+0000] {logging_mixin.py:188} INFO - [2026-04-25T17:57:39.867+0000] {dag.py:3954} INFO - Setting next_dagrun for backfill_pipeline to None, run_after=None
[2026-04-25T17:57:39.896+0000] {processor.py:183} INFO - Processing /opt/airflow/dags/backfill_pipeline_dag.py took 0.114 seconds
[2026-04-25T17:59:33.421+0000] {processor.py:161} INFO - Started process (PID=175) to work on /opt/airflow/dags/backfill_pipeline_dag.py
[2026-04-25T17:59:33.422+0000] {processor.py:830} INFO - Processing file /opt/airflow/dags/backfill_pipeline_dag.py for tasks to queue
[2026-04-25T17:59:33.424+0000] {logging_mixin.py:188} INFO - [2026-04-25T17:59:33.424+0000] {dagbag.py:545} INFO - Filling up the DagBag from /opt/airflow/dags/backfill_pipeline_dag.py
[2026-04-25T17:59:33.442+0000] {processor.py:840} INFO - DAG(s) 'backfill_pipeline' retrieved from /opt/airflow/dags/backfill_pipeline_dag.py
[2026-04-25T17:59:33.667+0000] {logging_mixin.py:188} INFO - [2026-04-25T17:59:33.666+0000] {override.py:1829} INFO - Created Permission View: can read on DAG:backfill_pipeline
[2026-04-25T17:59:33.676+0000] {logging_mixin.py:188} INFO - [2026-04-25T17:59:33.676+0000] {override.py:1829} INFO - Created Permission View: can delete on DAG:backfill_pipeline
[2026-04-25T17:59:33.682+0000] {logging_mixin.py:188} INFO - [2026-04-25T17:59:33.682+0000] {override.py:1829} INFO - Created Permission View: can edit on DAG:backfill_pipeline
[2026-04-25T17:59:33.682+0000] {logging_mixin.py:188} INFO - [2026-04-25T17:59:33.682+0000] {dag.py:3096} INFO - Sync 1 DAGs
[2026-04-25T17:59:33.692+0000] {logging_mixin.py:188} INFO - [2026-04-25T17:59:33.691+0000] {dag.py:3118} INFO - Creating ORM DAG for backfill_pipeline
[2026-04-25T17:59:33.692+0000] {logging_mixin.py:188} INFO - [2026-04-25T17:59:33.692+0000] {dag.py:3954} INFO - Setting next_dagrun for backfill_pipeline to None, run_after=None
[2026-04-25T17:59:33.712+0000] {processor.py:183} INFO - Processing /opt/airflow/dags/backfill_pipeline_dag.py took 0.297 seconds
[2026-04-25T18:00:03.854+0000] {processor.py:161} INFO - Started process (PID=191) to work on /opt/airflow/dags/backfill_pipeline_dag.py
[2026-04-25T18:00:03.855+0000] {processor.py:830} INFO - Processing file /opt/airflow/dags/backfill_pipeline_dag.py for tasks to queue
[2026-04-25T18:00:03.857+0000] {logging_mixin.py:188} INFO - [2026-04-25T18:00:03.857+0000] {dagbag.py:545} INFO - Filling up the DagBag from /opt/airflow/dags/backfill_pipeline_dag.py
[2026-04-25T18:00:03.867+0000] {processor.py:840} INFO - DAG(s) 'backfill_pipeline' retrieved from /opt/airflow/dags/backfill_pipeline_dag.py
[2026-04-25T18:00:03.896+0000] {logging_mixin.py:188} INFO - [2026-04-25T18:00:03.896+0000] {dag.py:3096} INFO - Sync 1 DAGs
[2026-04-25T18:00:03.909+0000] {logging_mixin.py:188} INFO - [2026-04-25T18:00:03.909+0000] {dag.py:3954} INFO - Setting next_dagrun for backfill_pipeline to None, run_after=None
[2026-04-25T18:00:03.927+0000] {processor.py:183} INFO - Processing /opt/airflow/dags/backfill_pipeline_dag.py took 0.079 seconds
[2026-04-25T18:00:34.081+0000] {processor.py:161} INFO - Started process (PID=206) to work on /opt/airflow/dags/backfill_pipeline_dag.py
[2026-04-25T18:00:34.082+0000] {processor.py:830} INFO - Processing file /opt/airflow/dags/backfill_pipeline_dag.py for tasks to queue
[2026-04-25T18:00:34.084+0000] {logging_mixin.py:188} INFO - [2026-04-25T18:00:34.084+0000] {dagbag.py:545} INFO - Filling up the DagBag from /opt/airflow/dags/backfill_pipeline_dag.py
[2026-04-25T18:00:34.094+0000] {processor.py:840} INFO - DAG(s) 'backfill_pipeline' retrieved from /opt/airflow/dags/backfill_pipeline_dag.py
[2026-04-25T18:00:34.121+0000] {logging_mixin.py:188} INFO - [2026-04-25T18:00:34.121+0000] {dag.py:3096} INFO - Sync 1 DAGs
[2026-04-25T18:00:34.135+0000] {logging_mixin.py:188} INFO - [2026-04-25T18:00:34.134+0000] {dag.py:3954} INFO - Setting next_dagrun for backfill_pipeline to None, run_after=None
[2026-04-25T18:00:34.154+0000] {processor.py:183} INFO - Processing /opt/airflow/dags/backfill_pipeline_dag.py took 0.078 seconds
[2026-04-25T18:01:04.306+0000] {processor.py:161} INFO - Started process (PID=221) to work on /opt/airflow/dags/backfill_pipeline_dag.py
[2026-04-25T18:01:04.308+0000] {processor.py:830} INFO - Processing file /opt/airflow/dags/backfill_pipeline_dag.py for tasks to queue
[2026-04-25T18:01:04.310+0000] {logging_mixin.py:188} INFO - [2026-04-25T18:01:04.310+0000] {dagbag.py:545} INFO - Filling up the DagBag from /opt/airflow/dags/backfill_pipeline_dag.py
[2026-04-25T18:01:04.319+0000] {processor.py:840} INFO - DAG(s) 'backfill_pipeline' retrieved from /opt/airflow/dags/backfill_pipeline_dag.py
[2026-04-25T18:01:04.346+0000] {logging_mixin.py:188} INFO - [2026-04-25T18:01:04.346+0000] {dag.py:3096} INFO - Sync 1 DAGs
[2026-04-25T18:01:04.358+0000] {logging_mixin.py:188} INFO - [2026-04-25T18:01:04.358+0000] {dag.py:3954} INFO - Setting next_dagrun for backfill_pipeline to None, run_after=None
[2026-04-25T18:01:04.379+0000] {processor.py:183} INFO - Processing /opt/airflow/dags/backfill_pipeline_dag.py took 0.079 seconds
[2026-04-25T18:01:34.540+0000] {processor.py:161} INFO - Started process (PID=239) to work on /opt/airflow/dags/backfill_pipeline_dag.py
[2026-04-25T18:01:34.541+0000] {processor.py:830} INFO - Processing file /opt/airflow/dags/backfill_pipeline_dag.py for tasks to queue
[2026-04-25T18:01:34.544+0000] {logging_mixin.py:188} INFO - [2026-04-25T18:01:34.544+0000] {dagbag.py:545} INFO - Filling up the DagBag from /opt/airflow/dags/backfill_pipeline_dag.py
[2026-04-25T18:01:34.554+0000] {processor.py:840} INFO - DAG(s) 'backfill_pipeline' retrieved from /opt/airflow/dags/backfill_pipeline_dag.py
[2026-04-25T18:01:34.583+0000] {logging_mixin.py:188} INFO - [2026-04-25T18:01:34.583+0000] {dag.py:3096} INFO - Sync 1 DAGs
[2026-04-25T18:01:34.596+0000] {logging_mixin.py:188} INFO - [2026-04-25T18:01:34.596+0000] {dag.py:3954} INFO - Setting next_dagrun for backfill_pipeline to None, run_after=None
[2026-04-25T18:01:34.616+0000] {processor.py:183} INFO - Processing /opt/airflow/dags/backfill_pipeline_dag.py took 0.082 seconds
[2026-04-25T18:02:04.771+0000] {processor.py:161} INFO - Started process (PID=254) to work on /opt/airflow/dags/backfill_pipeline_dag.py
[2026-04-25T18:02:04.773+0000] {processor.py:830} INFO - Processing file /opt/airflow/dags/backfill_pipeline_dag.py for tasks to queue
[2026-04-25T18:02:04.775+0000] {logging_mixin.py:188} INFO - [2026-04-25T18:02:04.775+0000] {dagbag.py:545} INFO - Filling up the DagBag from /opt/airflow/dags/backfill_pipeline_dag.py
[2026-04-25T18:02:04.782+0000] {processor.py:840} INFO - DAG(s) 'backfill_pipeline' retrieved from /opt/airflow/dags/backfill_pipeline_dag.py
[2026-04-25T18:02:04.809+0000] {logging_mixin.py:188} INFO - [2026-04-25T18:02:04.809+0000] {dag.py:3096} INFO - Sync 1 DAGs
[2026-04-25T18:02:04.821+0000] {logging_mixin.py:188} INFO - [2026-04-25T18:02:04.821+0000] {dag.py:3954} INFO - Setting next_dagrun for backfill_pipeline to None, run_after=None
[2026-04-25T18:02:04.841+0000] {processor.py:183} INFO - Processing /opt/airflow/dags/backfill_pipeline_dag.py took 0.076 seconds
[2026-04-25T18:02:34.994+0000] {processor.py:161} INFO - Started process (PID=269) to work on /opt/airflow/dags/backfill_pipeline_dag.py
[2026-04-25T18:02:34.997+0000] {processor.py:830} INFO - Processing file /opt/airflow/dags/backfill_pipeline_dag.py for tasks to queue
[2026-04-25T18:02:34.999+0000] {logging_mixin.py:188} INFO - [2026-04-25T18:02:34.999+0000] {dagbag.py:545} INFO - Filling up the DagBag from /opt/airflow/dags/backfill_pipeline_dag.py
[2026-04-25T18:02:35.010+0000] {processor.py:840} INFO - DAG(s) 'backfill_pipeline' retrieved from /opt/airflow/dags/backfill_pipeline_dag.py
[2026-04-25T18:02:35.040+0000] {logging_mixin.py:188} INFO - [2026-04-25T18:02:35.040+0000] {dag.py:3096} INFO - Sync 1 DAGs
[2026-04-25T18:02:35.057+0000] {logging_mixin.py:188} INFO - [2026-04-25T18:02:35.056+0000] {dag.py:3954} INFO - Setting next_dagrun for backfill_pipeline to None, run_after=None
[2026-04-25T18:02:35.076+0000] {processor.py:183} INFO - Processing /opt/airflow/dags/backfill_pipeline_dag.py took 0.089 seconds
[2026-04-25T18:03:05.225+0000] {processor.py:161} INFO - Started process (PID=284) to work on /opt/airflow/dags/backfill_pipeline_dag.py
[2026-04-25T18:03:05.226+0000] {processor.py:830} INFO - Processing file /opt/airflow/dags/backfill_pipeline_dag.py for tasks to queue
[2026-04-25T18:03:05.229+0000] {logging_mixin.py:188} INFO - [2026-04-25T18:03:05.228+0000] {dagbag.py:545} INFO - Filling up the DagBag from /opt/airflow/dags/backfill_pipeline_dag.py
[2026-04-25T18:03:05.237+0000] {processor.py:840} INFO - DAG(s) 'backfill_pipeline' retrieved from /opt/airflow/dags/backfill_pipeline_dag.py
[2026-04-25T18:03:05.271+0000] {logging_mixin.py:188} INFO - [2026-04-25T18:03:05.271+0000] {dag.py:3096} INFO - Sync 1 DAGs
[2026-04-25T18:03:05.285+0000] {logging_mixin.py:188} INFO - [2026-04-25T18:03:05.285+0000] {dag.py:3954} INFO - Setting next_dagrun for backfill_pipeline to None, run_after=None
[2026-04-25T18:03:05.312+0000] {processor.py:183} INFO - Processing /opt/airflow/dags/backfill_pipeline_dag.py took 0.093 seconds
[2026-04-25T18:03:35.471+0000] {processor.py:161} INFO - Started process (PID=299) to work on /opt/airflow/dags/backfill_pipeline_dag.py
[2026-04-25T18:03:35.474+0000] {processor.py:830} INFO - Processing file /opt/airflow/dags/backfill_pipeline_dag.py for tasks to queue
[2026-04-25T18:03:35.475+0000] {logging_mixin.py:188} INFO - [2026-04-25T18:03:35.475+0000] {dagbag.py:545} INFO - Filling up the DagBag from /opt/airflow/dags/backfill_pipeline_dag.py
[2026-04-25T18:03:35.484+0000] {processor.py:840} INFO - DAG(s) 'backfill_pipeline' retrieved from /opt/airflow/dags/backfill_pipeline_dag.py
[2026-04-25T18:03:35.512+0000] {logging_mixin.py:188} INFO - [2026-04-25T18:03:35.512+0000] {dag.py:3096} INFO - Sync 1 DAGs
[2026-04-25T18:03:35.526+0000] {logging_mixin.py:188} INFO - [2026-04-25T18:03:35.526+0000] {dag.py:3954} INFO - Setting next_dagrun for backfill_pipeline to None, run_after=None
[2026-04-25T18:03:35.544+0000] {processor.py:183} INFO - Processing /opt/airflow/dags/backfill_pipeline_dag.py took 0.078 seconds
[2026-04-25T18:04:05.694+0000] {processor.py:161} INFO - Started process (PID=314) to work on /opt/airflow/dags/backfill_pipeline_dag.py
[2026-04-25T18:04:05.696+0000] {processor.py:830} INFO - Processing file /opt/airflow/dags/backfill_pipeline_dag.py for tasks to queue
[2026-04-25T18:04:05.697+0000] {logging_mixin.py:188} INFO - [2026-04-25T18:04:05.697+0000] {dagbag.py:545} INFO - Filling up the DagBag from /opt/airflow/dags/backfill_pipeline_dag.py
[2026-04-25T18:04:05.706+0000] {processor.py:840} INFO - DAG(s) 'backfill_pipeline' retrieved from /opt/airflow/dags/backfill_pipeline_dag.py
[2026-04-25T18:04:05.732+0000] {logging_mixin.py:188} INFO - [2026-04-25T18:04:05.732+0000] {dag.py:3096} INFO - Sync 1 DAGs
[2026-04-25T18:04:05.743+0000] {logging_mixin.py:188} INFO - [2026-04-25T18:04:05.743+0000] {dag.py:3954} INFO - Setting next_dagrun for backfill_pipeline to None, run_after=None
[2026-04-25T18:04:05.762+0000] {processor.py:183} INFO - Processing /opt/airflow/dags/backfill_pipeline_dag.py took 0.073 seconds
[2026-04-25T18:04:35.920+0000] {processor.py:161} INFO - Started process (PID=329) to work on /opt/airflow/dags/backfill_pipeline_dag.py
[2026-04-25T18:04:35.923+0000] {processor.py:830} INFO - Processing file /opt/airflow/dags/backfill_pipeline_dag.py for tasks to queue
[2026-04-25T18:04:35.924+0000] {logging_mixin.py:188} INFO - [2026-04-25T18:04:35.924+0000] {dagbag.py:545} INFO - Filling up the DagBag from /opt/airflow/dags/backfill_pipeline_dag.py
[2026-04-25T18:04:35.933+0000] {processor.py:840} INFO - DAG(s) 'backfill_pipeline' retrieved from /opt/airflow/dags/backfill_pipeline_dag.py
[2026-04-25T18:04:35.961+0000] {logging_mixin.py:188} INFO - [2026-04-25T18:04:35.961+0000] {dag.py:3096} INFO - Sync 1 DAGs
[2026-04-25T18:04:35.973+0000] {logging_mixin.py:188} INFO - [2026-04-25T18:04:35.973+0000] {dag.py:3954} INFO - Setting next_dagrun for backfill_pipeline to None, run_after=None
[2026-04-25T18:04:35.992+0000] {processor.py:183} INFO - Processing /opt/airflow/dags/backfill_pipeline_dag.py took 0.077 seconds
[2026-04-25T18:05:06.148+0000] {processor.py:161} INFO - Started process (PID=344) to work on /opt/airflow/dags/backfill_pipeline_dag.py
[2026-04-25T18:05:06.150+0000] {processor.py:830} INFO - Processing file /opt/airflow/dags/backfill_pipeline_dag.py for tasks to queue
[2026-04-25T18:05:06.152+0000] {logging_mixin.py:188} INFO - [2026-04-25T18:05:06.151+0000] {dagbag.py:545} INFO - Filling up the DagBag from /opt/airflow/dags/backfill_pipeline_dag.py
[2026-04-25T18:05:06.160+0000] {processor.py:840} INFO - DAG(s) 'backfill_pipeline' retrieved from /opt/airflow/dags/backfill_pipeline_dag.py
[2026-04-25T18:05:06.187+0000] {logging_mixin.py:188} INFO - [2026-04-25T18:05:06.186+0000] {dag.py:3096} INFO - Sync 1 DAGs
[2026-04-25T18:05:06.200+0000] {logging_mixin.py:188} INFO - [2026-04-25T18:05:06.200+0000] {dag.py:3954} INFO - Setting next_dagrun for backfill_pipeline to None, run_after=None
[2026-04-25T18:05:06.217+0000] {processor.py:183} INFO - Processing /opt/airflow/dags/backfill_pipeline_dag.py took 0.074 seconds
[2026-04-25T18:05:36.362+0000] {processor.py:161} INFO - Started process (PID=359) to work on /opt/airflow/dags/backfill_pipeline_dag.py
[2026-04-25T18:05:36.365+0000] {processor.py:830} INFO - Processing file /opt/airflow/dags/backfill_pipeline_dag.py for tasks to queue
[2026-04-25T18:05:36.366+0000] {logging_mixin.py:188} INFO - [2026-04-25T18:05:36.366+0000] {dagbag.py:545} INFO - Filling up the DagBag from /opt/airflow/dags/backfill_pipeline_dag.py
[2026-04-25T18:05:36.377+0000] {processor.py:840} INFO - DAG(s) 'backfill_pipeline' retrieved from /opt/airflow/dags/backfill_pipeline_dag.py
[2026-04-25T18:05:36.407+0000] {logging_mixin.py:188} INFO - [2026-04-25T18:05:36.407+0000] {dag.py:3096} INFO - Sync 1 DAGs
[2026-04-25T18:05:36.422+0000] {logging_mixin.py:188} INFO - [2026-04-25T18:05:36.422+0000] {dag.py:3954} INFO - Setting next_dagrun for backfill_pipeline to None, run_after=None
[2026-04-25T18:05:36.446+0000] {processor.py:183} INFO - Processing /opt/airflow/dags/backfill_pipeline_dag.py took 0.088 seconds
[2026-04-25T18:06:06.610+0000] {processor.py:161} INFO - Started process (PID=374) to work on /opt/airflow/dags/backfill_pipeline_dag.py
[2026-04-25T18:06:06.612+0000] {processor.py:830} INFO - Processing file /opt/airflow/dags/backfill_pipeline_dag.py for tasks to queue
[2026-04-25T18:06:06.613+0000] {logging_mixin.py:188} INFO - [2026-04-25T18:06:06.613+0000] {dagbag.py:545} INFO - Filling up the DagBag from /opt/airflow/dags/backfill_pipeline_dag.py
[2026-04-25T18:06:06.622+0000] {processor.py:840} INFO - DAG(s) 'backfill_pipeline' retrieved from /opt/airflow/dags/backfill_pipeline_dag.py
[2026-04-25T18:06:06.648+0000] {logging_mixin.py:188} INFO - [2026-04-25T18:06:06.648+0000] {dag.py:3096} INFO - Sync 1 DAGs
[2026-04-25T18:06:06.662+0000] {logging_mixin.py:188} INFO - [2026-04-25T18:06:06.662+0000] {dag.py:3954} INFO - Setting next_dagrun for backfill_pipeline to None, run_after=None
[2026-04-25T18:06:06.680+0000] {processor.py:183} INFO - Processing /opt/airflow/dags/backfill_pipeline_dag.py took 0.075 seconds
[2026-04-25T18:06:36.834+0000] {processor.py:161} INFO - Started process (PID=389) to work on /opt/airflow/dags/backfill_pipeline_dag.py
[2026-04-25T18:06:36.836+0000] {processor.py:830} INFO - Processing file /opt/airflow/dags/backfill_pipeline_dag.py for tasks to queue
[2026-04-25T18:06:36.838+0000] {logging_mixin.py:188} INFO - [2026-04-25T18:06:36.838+0000] {dagbag.py:545} INFO - Filling up the DagBag from /opt/airflow/dags/backfill_pipeline_dag.py
[2026-04-25T18:06:36.848+0000] {processor.py:840} INFO - DAG(s) 'backfill_pipeline' retrieved from /opt/airflow/dags/backfill_pipeline_dag.py
[2026-04-25T18:06:36.877+0000] {logging_mixin.py:188} INFO - [2026-04-25T18:06:36.877+0000] {dag.py:3096} INFO - Sync 1 DAGs
[2026-04-25T18:06:36.888+0000] {logging_mixin.py:188} INFO - [2026-04-25T18:06:36.888+0000] {dag.py:3954} INFO - Setting next_dagrun for backfill_pipeline to None, run_after=None
[2026-04-25T18:06:36.906+0000] {processor.py:183} INFO - Processing /opt/airflow/dags/backfill_pipeline_dag.py took 0.077 seconds
[2026-04-25T18:07:07.082+0000] {processor.py:161} INFO - Started process (PID=404) to work on /opt/airflow/dags/backfill_pipeline_dag.py
[2026-04-25T18:07:07.084+0000] {processor.py:830} INFO - Processing file /opt/airflow/dags/backfill_pipeline_dag.py for tasks to queue
[2026-04-25T18:07:07.085+0000] {logging_mixin.py:188} INFO - [2026-04-25T18:07:07.085+0000] {dagbag.py:545} INFO - Filling up the DagBag from /opt/airflow/dags/backfill_pipeline_dag.py
[2026-04-25T18:07:07.094+0000] {processor.py:840} INFO - DAG(s) 'backfill_pipeline' retrieved from /opt/airflow/dags/backfill_pipeline_dag.py
[2026-04-25T18:07:07.122+0000] {logging_mixin.py:188} INFO - [2026-04-25T18:07:07.122+0000] {dag.py:3096} INFO - Sync 1 DAGs
[2026-04-25T18:07:07.135+0000] {logging_mixin.py:188} INFO - [2026-04-25T18:07:07.135+0000] {dag.py:3954} INFO - Setting next_dagrun for backfill_pipeline to None, run_after=None
[2026-04-25T18:07:07.158+0000] {processor.py:183} INFO - Processing /opt/airflow/dags/backfill_pipeline_dag.py took 0.080 seconds
[2026-04-25T18:07:37.305+0000] {processor.py:161} INFO - Started process (PID=419) to work on /opt/airflow/dags/backfill_pipeline_dag.py
[2026-04-25T18:07:37.307+0000] {processor.py:830} INFO - Processing file /opt/airflow/dags/backfill_pipeline_dag.py for tasks to queue
[2026-04-25T18:07:37.309+0000] {logging_mixin.py:188} INFO - [2026-04-25T18:07:37.308+0000] {dagbag.py:545} INFO - Filling up the DagBag from /opt/airflow/dags/backfill_pipeline_dag.py
[2026-04-25T18:07:37.318+0000] {processor.py:840} INFO - DAG(s) 'backfill_pipeline' retrieved from /opt/airflow/dags/backfill_pipeline_dag.py
[2026-04-25T18:07:37.346+0000] {logging_mixin.py:188} INFO - [2026-04-25T18:07:37.346+0000] {dag.py:3096} INFO - Sync 1 DAGs
[2026-04-25T18:07:37.359+0000] {logging_mixin.py:188} INFO - [2026-04-25T18:07:37.359+0000] {dag.py:3954} INFO - Setting next_dagrun for backfill_pipeline to None, run_after=None
[2026-04-25T18:07:37.378+0000] {processor.py:183} INFO - Processing /opt/airflow/dags/backfill_pipeline_dag.py took 0.079 seconds
[2026-04-25T18:08:07.525+0000] {processor.py:161} INFO - Started process (PID=434) to work on /opt/airflow/dags/backfill_pipeline_dag.py
[2026-04-25T18:08:07.528+0000] {processor.py:830} INFO - Processing file /opt/airflow/dags/backfill_pipeline_dag.py for tasks to queue
[2026-04-25T18:08:07.529+0000] {logging_mixin.py:188} INFO - [2026-04-25T18:08:07.529+0000] {dagbag.py:545} INFO - Filling up the DagBag from /opt/airflow/dags/backfill_pipeline_dag.py
[2026-04-25T18:08:07.539+0000] {processor.py:840} INFO - DAG(s) 'backfill_pipeline' retrieved from /opt/airflow/dags/backfill_pipeline_dag.py
[2026-04-25T18:08:07.571+0000] {logging_mixin.py:188} INFO - [2026-04-25T18:08:07.571+0000] {dag.py:3096} INFO - Sync 1 DAGs
[2026-04-25T18:08:07.583+0000] {logging_mixin.py:188} INFO - [2026-04-25T18:08:07.583+0000] {dag.py:3954} INFO - Setting next_dagrun for backfill_pipeline to None, run_after=None
[2026-04-25T18:08:07.603+0000] {processor.py:183} INFO - Processing /opt/airflow/dags/backfill_pipeline_dag.py took 0.082 seconds
[2026-04-25T18:08:37.761+0000] {processor.py:161} INFO - Started process (PID=449) to work on /opt/airflow/dags/backfill_pipeline_dag.py
[2026-04-25T18:08:37.762+0000] {processor.py:830} INFO - Processing file /opt/airflow/dags/backfill_pipeline_dag.py for tasks to queue
[2026-04-25T18:08:37.764+0000] {logging_mixin.py:188} INFO - [2026-04-25T18:08:37.764+0000] {dagbag.py:545} INFO - Filling up the DagBag from /opt/airflow/dags/backfill_pipeline_dag.py
[2026-04-25T18:08:37.774+0000] {processor.py:840} INFO - DAG(s) 'backfill_pipeline' retrieved from /opt/airflow/dags/backfill_pipeline_dag.py
[2026-04-25T18:08:37.806+0000] {logging_mixin.py:188} INFO - [2026-04-25T18:08:37.806+0000] {dag.py:3096} INFO - Sync 1 DAGs
[2026-04-25T18:08:37.818+0000] {logging_mixin.py:188} INFO - [2026-04-25T18:08:37.818+0000] {dag.py:3954} INFO - Setting next_dagrun for backfill_pipeline to None, run_after=None
[2026-04-25T18:08:37.839+0000] {processor.py:183} INFO - Processing /opt/airflow/dags/backfill_pipeline_dag.py took 0.085 seconds
[2026-04-25T18:09:07.994+0000] {processor.py:161} INFO - Started process (PID=464) to work on /opt/airflow/dags/backfill_pipeline_dag.py
[2026-04-25T18:09:07.996+0000] {processor.py:830} INFO - Processing file /opt/airflow/dags/backfill_pipeline_dag.py for tasks to queue
[2026-04-25T18:09:07.998+0000] {logging_mixin.py:188} INFO - [2026-04-25T18:09:07.998+0000] {dagbag.py:545} INFO - Filling up the DagBag from /opt/airflow/dags/backfill_pipeline_dag.py
[2026-04-25T18:09:08.006+0000] {processor.py:840} INFO - DAG(s) 'backfill_pipeline' retrieved from /opt/airflow/dags/backfill_pipeline_dag.py
[2026-04-25T18:09:08.034+0000] {logging_mixin.py:188} INFO - [2026-04-25T18:09:08.034+0000] {dag.py:3096} INFO - Sync 1 DAGs
[2026-04-25T18:09:08.046+0000] {logging_mixin.py:188} INFO - [2026-04-25T18:09:08.046+0000] {dag.py:3954} INFO - Setting next_dagrun for backfill_pipeline to None, run_after=None
[2026-04-25T18:09:08.067+0000] {processor.py:183} INFO - Processing /opt/airflow/dags/backfill_pipeline_dag.py took 0.079 seconds
[2026-04-25T18:09:38.235+0000] {processor.py:161} INFO - Started process (PID=479) to work on /opt/airflow/dags/backfill_pipeline_dag.py
[2026-04-25T18:09:38.238+0000] {processor.py:830} INFO - Processing file /opt/airflow/dags/backfill_pipeline_dag.py for tasks to queue
[2026-04-25T18:09:38.241+0000] {logging_mixin.py:188} INFO - [2026-04-25T18:09:38.241+0000] {dagbag.py:545} INFO - Filling up the DagBag from /opt/airflow/dags/backfill_pipeline_dag.py
[2026-04-25T18:09:38.250+0000] {processor.py:840} INFO - DAG(s) 'backfill_pipeline' retrieved from /opt/airflow/dags/backfill_pipeline_dag.py
[2026-04-25T18:09:38.281+0000] {logging_mixin.py:188} INFO - [2026-04-25T18:09:38.281+0000] {dag.py:3096} INFO - Sync 1 DAGs
[2026-04-25T18:09:38.294+0000] {logging_mixin.py:188} INFO - [2026-04-25T18:09:38.293+0000] {dag.py:3954} INFO - Setting next_dagrun for backfill_pipeline to None, run_after=None
[2026-04-25T18:09:38.316+0000] {processor.py:183} INFO - Processing /opt/airflow/dags/backfill_pipeline_dag.py took 0.086 seconds
[2026-04-25T18:10:08.472+0000] {processor.py:161} INFO - Started process (PID=494) to work on /opt/airflow/dags/backfill_pipeline_dag.py
[2026-04-25T18:10:08.476+0000] {processor.py:830} INFO - Processing file /opt/airflow/dags/backfill_pipeline_dag.py for tasks to queue
[2026-04-25T18:10:08.478+0000] {logging_mixin.py:188} INFO - [2026-04-25T18:10:08.477+0000] {dagbag.py:545} INFO - Filling up the DagBag from /opt/airflow/dags/backfill_pipeline_dag.py
[2026-04-25T18:10:08.487+0000] {processor.py:840} INFO - DAG(s) 'backfill_pipeline' retrieved from /opt/airflow/dags/backfill_pipeline_dag.py
[2026-04-25T18:10:08.532+0000] {logging_mixin.py:188} INFO - [2026-04-25T18:10:08.531+0000] {dag.py:3096} INFO - Sync 1 DAGs
[2026-04-25T18:10:08.550+0000] {logging_mixin.py:188} INFO - [2026-04-25T18:10:08.550+0000] {dag.py:3954} INFO - Setting next_dagrun for backfill_pipeline to None, run_after=None
[2026-04-25T18:10:08.575+0000] {processor.py:183} INFO - Processing /opt/airflow/dags/backfill_pipeline_dag.py took 0.109 seconds
[2026-04-25T18:10:38.727+0000] {processor.py:161} INFO - Started process (PID=509) to work on /opt/airflow/dags/backfill_pipeline_dag.py
[2026-04-25T18:10:38.730+0000] {processor.py:830} INFO - Processing file /opt/airflow/dags/backfill_pipeline_dag.py for tasks to queue
[2026-04-25T18:10:38.732+0000] {logging_mixin.py:188} INFO - [2026-04-25T18:10:38.732+0000] {dagbag.py:545} INFO - Filling up the DagBag from /opt/airflow/dags/backfill_pipeline_dag.py
[2026-04-25T18:10:38.743+0000] {processor.py:840} INFO - DAG(s) 'backfill_pipeline' retrieved from /opt/airflow/dags/backfill_pipeline_dag.py
[2026-04-25T18:10:38.773+0000] {logging_mixin.py:188} INFO - [2026-04-25T18:10:38.773+0000] {dag.py:3096} INFO - Sync 1 DAGs
[2026-04-25T18:10:38.788+0000] {logging_mixin.py:188} INFO - [2026-04-25T18:10:38.788+0000] {dag.py:3954} INFO - Setting next_dagrun for backfill_pipeline to None, run_after=None
[2026-04-25T18:10:38.807+0000] {processor.py:183} INFO - Processing /opt/airflow/dags/backfill_pipeline_dag.py took 0.085 seconds
[2026-04-25T18:11:08.963+0000] {processor.py:161} INFO - Started process (PID=524) to work on /opt/airflow/dags/backfill_pipeline_dag.py
[2026-04-25T18:11:08.965+0000] {processor.py:830} INFO - Processing file /opt/airflow/dags/backfill_pipeline_dag.py for tasks to queue
[2026-04-25T18:11:08.967+0000] {logging_mixin.py:188} INFO - [2026-04-25T18:11:08.967+0000] {dagbag.py:545} INFO - Filling up the DagBag from /opt/airflow/dags/backfill_pipeline_dag.py
[2026-04-25T18:11:08.974+0000] {processor.py:840} INFO - DAG(s) 'backfill_pipeline' retrieved from /opt/airflow/dags/backfill_pipeline_dag.py
[2026-04-25T18:11:09.000+0000] {logging_mixin.py:188} INFO - [2026-04-25T18:11:09.000+0000] {dag.py:3096} INFO - Sync 1 DAGs
[2026-04-25T18:11:09.011+0000] {logging_mixin.py:188} INFO - [2026-04-25T18:11:09.011+0000] {dag.py:3954} INFO - Setting next_dagrun for backfill_pipeline to None, run_after=None
[2026-04-25T18:11:09.029+0000] {processor.py:183} INFO - Processing /opt/airflow/dags/backfill_pipeline_dag.py took 0.071 seconds
[2026-04-25T18:11:39.199+0000] {processor.py:161} INFO - Started process (PID=539) to work on /opt/airflow/dags/backfill_pipeline_dag.py
[2026-04-25T18:11:39.200+0000] {processor.py:830} INFO - Processing file /opt/airflow/dags/backfill_pipeline_dag.py for tasks to queue
[2026-04-25T18:11:39.202+0000] {logging_mixin.py:188} INFO - [2026-04-25T18:11:39.201+0000] {dagbag.py:545} INFO - Filling up the DagBag from /opt/airflow/dags/backfill_pipeline_dag.py
[2026-04-25T18:11:39.210+0000] {processor.py:840} INFO - DAG(s) 'backfill_pipeline' retrieved from /opt/airflow/dags/backfill_pipeline_dag.py
[2026-04-25T18:11:39.239+0000] {logging_mixin.py:188} INFO - [2026-04-25T18:11:39.239+0000] {dag.py:3096} INFO - Sync 1 DAGs
[2026-04-25T18:11:39.251+0000] {logging_mixin.py:188} INFO - [2026-04-25T18:11:39.251+0000] {dag.py:3954} INFO - Setting next_dagrun for backfill_pipeline to None, run_after=None
[2026-04-25T18:11:39.271+0000] {processor.py:183} INFO - Processing /opt/airflow/dags/backfill_pipeline_dag.py took 0.077 seconds
[2026-04-25T18:12:09.419+0000] {processor.py:161} INFO - Started process (PID=554) to work on /opt/airflow/dags/backfill_pipeline_dag.py
[2026-04-25T18:12:09.421+0000] {processor.py:830} INFO - Processing file /opt/airflow/dags/backfill_pipeline_dag.py for tasks to queue
[2026-04-25T18:12:09.422+0000] {logging_mixin.py:188} INFO - [2026-04-25T18:12:09.422+0000] {dagbag.py:545} INFO - Filling up the DagBag from /opt/airflow/dags/backfill_pipeline_dag.py
[2026-04-25T18:12:09.431+0000] {processor.py:840} INFO - DAG(s) 'backfill_pipeline' retrieved from /opt/airflow/dags/backfill_pipeline_dag.py
[2026-04-25T18:12:09.458+0000] {logging_mixin.py:188} INFO - [2026-04-25T18:12:09.458+0000] {dag.py:3096} INFO - Sync 1 DAGs
[2026-04-25T18:12:09.471+0000] {logging_mixin.py:188} INFO - [2026-04-25T18:12:09.471+0000] {dag.py:3954} INFO - Setting next_dagrun for backfill_pipeline to None, run_after=None
[2026-04-25T18:12:09.491+0000] {processor.py:183} INFO - Processing /opt/airflow/dags/backfill_pipeline_dag.py took 0.076 seconds
[2026-04-25T18:12:39.654+0000] {processor.py:161} INFO - Started process (PID=569) to work on /opt/airflow/dags/backfill_pipeline_dag.py
[2026-04-25T18:12:39.657+0000] {processor.py:830} INFO - Processing file /opt/airflow/dags/backfill_pipeline_dag.py for tasks to queue
[2026-04-25T18:12:39.659+0000] {logging_mixin.py:188} INFO - [2026-04-25T18:12:39.658+0000] {dagbag.py:545} INFO - Filling up the DagBag from /opt/airflow/dags/backfill_pipeline_dag.py
[2026-04-25T18:12:39.669+0000] {processor.py:840} INFO - DAG(s) 'backfill_pipeline' retrieved from /opt/airflow/dags/backfill_pipeline_dag.py
[2026-04-25T18:12:39.697+0000] {logging_mixin.py:188} INFO - [2026-04-25T18:12:39.697+0000] {dag.py:3096} INFO - Sync 1 DAGs
[2026-04-25T18:12:39.710+0000] {logging_mixin.py:188} INFO - [2026-04-25T18:12:39.709+0000] {dag.py:3954} INFO - Setting next_dagrun for backfill_pipeline to None, run_after=None
[2026-04-25T18:12:39.729+0000] {processor.py:183} INFO - Processing /opt/airflow/dags/backfill_pipeline_dag.py took 0.081 seconds
[2026-04-25T18:13:09.887+0000] {processor.py:161} INFO - Started process (PID=584) to work on /opt/airflow/dags/backfill_pipeline_dag.py
[2026-04-25T18:13:09.890+0000] {processor.py:830} INFO - Processing file /opt/airflow/dags/backfill_pipeline_dag.py for tasks to queue
[2026-04-25T18:13:09.892+0000] {logging_mixin.py:188} INFO - [2026-04-25T18:13:09.891+0000] {dagbag.py:545} INFO - Filling up the DagBag from /opt/airflow/dags/backfill_pipeline_dag.py
[2026-04-25T18:13:09.900+0000] {processor.py:840} INFO - DAG(s) 'backfill_pipeline' retrieved from /opt/airflow/dags/backfill_pipeline_dag.py
[2026-04-25T18:13:09.931+0000] {logging_mixin.py:188} INFO - [2026-04-25T18:13:09.930+0000] {dag.py:3096} INFO - Sync 1 DAGs
[2026-04-25T18:13:09.944+0000] {logging_mixin.py:188} INFO - [2026-04-25T18:13:09.944+0000] {dag.py:3954} INFO - Setting next_dagrun for backfill_pipeline to None, run_after=None
[2026-04-25T18:13:09.962+0000] {processor.py:183} INFO - Processing /opt/airflow/dags/backfill_pipeline_dag.py took 0.080 seconds
[2026-04-25T18:13:40.125+0000] {processor.py:161} INFO - Started process (PID=599) to work on /opt/airflow/dags/backfill_pipeline_dag.py
[2026-04-25T18:13:40.128+0000] {processor.py:830} INFO - Processing file /opt/airflow/dags/backfill_pipeline_dag.py for tasks to queue
[2026-04-25T18:13:40.129+0000] {logging_mixin.py:188} INFO - [2026-04-25T18:13:40.129+0000] {dagbag.py:545} INFO - Filling up the DagBag from /opt/airflow/dags/backfill_pipeline_dag.py
[2026-04-25T18:13:40.138+0000] {processor.py:840} INFO - DAG(s) 'backfill_pipeline' retrieved from /opt/airflow/dags/backfill_pipeline_dag.py
[2026-04-25T18:13:40.167+0000] {logging_mixin.py:188} INFO - [2026-04-25T18:13:40.167+0000] {dag.py:3096} INFO - Sync 1 DAGs
[2026-04-25T18:13:40.180+0000] {logging_mixin.py:188} INFO - [2026-04-25T18:13:40.179+0000] {dag.py:3954} INFO - Setting next_dagrun for backfill_pipeline to None, run_after=None
[2026-04-25T18:13:40.200+0000] {processor.py:183} INFO - Processing /opt/airflow/dags/backfill_pipeline_dag.py took 0.081 seconds
[2026-04-25T18:14:10.363+0000] {processor.py:161} INFO - Started process (PID=614) to work on /opt/airflow/dags/backfill_pipeline_dag.py
[2026-04-25T18:14:10.365+0000] {processor.py:830} INFO - Processing file /opt/airflow/dags/backfill_pipeline_dag.py for tasks to queue
[2026-04-25T18:14:10.367+0000] {logging_mixin.py:188} INFO - [2026-04-25T18:14:10.367+0000] {dagbag.py:545} INFO - Filling up the DagBag from /opt/airflow/dags/backfill_pipeline_dag.py
[2026-04-25T18:14:10.375+0000] {processor.py:840} INFO - DAG(s) 'backfill_pipeline' retrieved from /opt/airflow/dags/backfill_pipeline_dag.py
[2026-04-25T18:14:10.404+0000] {logging_mixin.py:188} INFO - [2026-04-25T18:14:10.404+0000] {dag.py:3096} INFO - Sync 1 DAGs
[2026-04-25T18:14:10.416+0000] {logging_mixin.py:188} INFO - [2026-04-25T18:14:10.415+0000] {dag.py:3954} INFO - Setting next_dagrun for backfill_pipeline to None, run_after=None
[2026-04-25T18:14:10.434+0000] {processor.py:183} INFO - Processing /opt/airflow/dags/backfill_pipeline_dag.py took 0.076 seconds
[2026-04-25T18:14:40.591+0000] {processor.py:161} INFO - Started process (PID=629) to work on /opt/airflow/dags/backfill_pipeline_dag.py
[2026-04-25T18:14:40.593+0000] {processor.py:830} INFO - Processing file /opt/airflow/dags/backfill_pipeline_dag.py for tasks to queue
[2026-04-25T18:14:40.595+0000] {logging_mixin.py:188} INFO - [2026-04-25T18:14:40.595+0000] {dagbag.py:545} INFO - Filling up the DagBag from /opt/airflow/dags/backfill_pipeline_dag.py
[2026-04-25T18:14:40.604+0000] {processor.py:840} INFO - DAG(s) 'backfill_pipeline' retrieved from /opt/airflow/dags/backfill_pipeline_dag.py
[2026-04-25T18:14:40.632+0000] {logging_mixin.py:188} INFO - [2026-04-25T18:14:40.631+0000] {dag.py:3096} INFO - Sync 1 DAGs
[2026-04-25T18:14:40.643+0000] {logging_mixin.py:188} INFO - [2026-04-25T18:14:40.643+0000] {dag.py:3954} INFO - Setting next_dagrun for backfill_pipeline to None, run_after=None
[2026-04-25T18:14:40.660+0000] {processor.py:183} INFO - Processing /opt/airflow/dags/backfill_pipeline_dag.py took 0.074 seconds
[2026-04-25T18:15:10.828+0000] {processor.py:161} INFO - Started process (PID=644) to work on /opt/airflow/dags/backfill_pipeline_dag.py
[2026-04-25T18:15:10.831+0000] {processor.py:830} INFO - Processing file /opt/airflow/dags/backfill_pipeline_dag.py for tasks to queue
[2026-04-25T18:15:10.833+0000] {logging_mixin.py:188} INFO - [2026-04-25T18:15:10.832+0000] {dagbag.py:545} INFO - Filling up the DagBag from /opt/airflow/dags/backfill_pipeline_dag.py
[2026-04-25T18:15:10.845+0000] {processor.py:840} INFO - DAG(s) 'backfill_pipeline' retrieved from /opt/airflow/dags/backfill_pipeline_dag.py
[2026-04-25T18:15:10.874+0000] {logging_mixin.py:188} INFO - [2026-04-25T18:15:10.874+0000] {dag.py:3096} INFO - Sync 1 DAGs
[2026-04-25T18:15:10.886+0000] {logging_mixin.py:188} INFO - [2026-04-25T18:15:10.886+0000] {dag.py:3954} INFO - Setting next_dagrun for backfill_pipeline to None, run_after=None
[2026-04-25T18:15:10.907+0000] {processor.py:183} INFO - Processing /opt/airflow/dags/backfill_pipeline_dag.py took 0.085 seconds
[2026-04-25T18:15:41.062+0000] {processor.py:161} INFO - Started process (PID=659) to work on /opt/airflow/dags/backfill_pipeline_dag.py
[2026-04-25T18:15:41.064+0000] {processor.py:830} INFO - Processing file /opt/airflow/dags/backfill_pipeline_dag.py for tasks to queue
[2026-04-25T18:15:41.068+0000] {logging_mixin.py:188} INFO - [2026-04-25T18:15:41.067+0000] {dagbag.py:545} INFO - Filling up the DagBag from /opt/airflow/dags/backfill_pipeline_dag.py
[2026-04-25T18:15:41.077+0000] {processor.py:840} INFO - DAG(s) 'backfill_pipeline' retrieved from /opt/airflow/dags/backfill_pipeline_dag.py
[2026-04-25T18:15:41.106+0000] {logging_mixin.py:188} INFO - [2026-04-25T18:15:41.106+0000] {dag.py:3096} INFO - Sync 1 DAGs
[2026-04-25T18:15:41.118+0000] {logging_mixin.py:188} INFO - [2026-04-25T18:15:41.118+0000] {dag.py:3954} INFO - Setting next_dagrun for backfill_pipeline to None, run_after=None
[2026-04-25T18:15:41.138+0000] {processor.py:183} INFO - Processing /opt/airflow/dags/backfill_pipeline_dag.py took 0.082 seconds
[2026-04-25T18:16:11.306+0000] {processor.py:161} INFO - Started process (PID=674) to work on /opt/airflow/dags/backfill_pipeline_dag.py
[2026-04-25T18:16:11.307+0000] {processor.py:830} INFO - Processing file /opt/airflow/dags/backfill_pipeline_dag.py for tasks to queue
[2026-04-25T18:16:11.310+0000] {logging_mixin.py:188} INFO - [2026-04-25T18:16:11.310+0000] {dagbag.py:545} INFO - Filling up the DagBag from /opt/airflow/dags/backfill_pipeline_dag.py
[2026-04-25T18:16:11.322+0000] {processor.py:840} INFO - DAG(s) 'backfill_pipeline' retrieved from /opt/airflow/dags/backfill_pipeline_dag.py
[2026-04-25T18:16:11.348+0000] {logging_mixin.py:188} INFO - [2026-04-25T18:16:11.348+0000] {dag.py:3096} INFO - Sync 1 DAGs
[2026-04-25T18:16:11.360+0000] {logging_mixin.py:188} INFO - [2026-04-25T18:16:11.360+0000] {dag.py:3954} INFO - Setting next_dagrun for backfill_pipeline to None, run_after=None
[2026-04-25T18:16:11.379+0000] {processor.py:183} INFO - Processing /opt/airflow/dags/backfill_pipeline_dag.py took 0.078 seconds
[2026-04-25T18:16:41.538+0000] {processor.py:161} INFO - Started process (PID=689) to work on /opt/airflow/dags/backfill_pipeline_dag.py
[2026-04-25T18:16:41.539+0000] {processor.py:830} INFO - Processing file /opt/airflow/dags/backfill_pipeline_dag.py for tasks to queue
[2026-04-25T18:16:41.541+0000] {logging_mixin.py:188} INFO - [2026-04-25T18:16:41.540+0000] {dagbag.py:545} INFO - Filling up the DagBag from /opt/airflow/dags/backfill_pipeline_dag.py
[2026-04-25T18:16:41.549+0000] {processor.py:840} INFO - DAG(s) 'backfill_pipeline' retrieved from /opt/airflow/dags/backfill_pipeline_dag.py
[2026-04-25T18:16:41.576+0000] {logging_mixin.py:188} INFO - [2026-04-25T18:16:41.575+0000] {dag.py:3096} INFO - Sync 1 DAGs
[2026-04-25T18:16:41.587+0000] {logging_mixin.py:188} INFO - [2026-04-25T18:16:41.586+0000] {dag.py:3954} INFO - Setting next_dagrun for backfill_pipeline to None, run_after=None
[2026-04-25T18:16:41.604+0000] {processor.py:183} INFO - Processing /opt/airflow/dags/backfill_pipeline_dag.py took 0.072 seconds
[2026-04-25T18:17:11.772+0000] {processor.py:161} INFO - Started process (PID=704) to work on /opt/airflow/dags/backfill_pipeline_dag.py
[2026-04-25T18:17:11.774+0000] {processor.py:830} INFO - Processing file /opt/airflow/dags/backfill_pipeline_dag.py for tasks to queue
[2026-04-25T18:17:11.775+0000] {logging_mixin.py:188} INFO - [2026-04-25T18:17:11.775+0000] {dagbag.py:545} INFO - Filling up the DagBag from /opt/airflow/dags/backfill_pipeline_dag.py
[2026-04-25T18:17:11.784+0000] {processor.py:840} INFO - DAG(s) 'backfill_pipeline' retrieved from /opt/airflow/dags/backfill_pipeline_dag.py
[2026-04-25T18:17:11.809+0000] {logging_mixin.py:188} INFO - [2026-04-25T18:17:11.809+0000] {dag.py:3096} INFO - Sync 1 DAGs
[2026-04-25T18:17:11.820+0000] {logging_mixin.py:188} INFO - [2026-04-25T18:17:11.820+0000] {dag.py:3954} INFO - Setting next_dagrun for backfill_pipeline to None, run_after=None
[2026-04-25T18:17:11.841+0000] {processor.py:183} INFO - Processing /opt/airflow/dags/backfill_pipeline_dag.py took 0.075 seconds
[2026-04-25T18:17:41.990+0000] {processor.py:161} INFO - Started process (PID=719) to work on /opt/airflow/dags/backfill_pipeline_dag.py
[2026-04-25T18:17:41.991+0000] {processor.py:830} INFO - Processing file /opt/airflow/dags/backfill_pipeline_dag.py for tasks to queue
[2026-04-25T18:17:41.994+0000] {logging_mixin.py:188} INFO - [2026-04-25T18:17:41.993+0000] {dagbag.py:545} INFO - Filling up the DagBag from /opt/airflow/dags/backfill_pipeline_dag.py
[2026-04-25T18:17:42.002+0000] {processor.py:840} INFO - DAG(s) 'backfill_pipeline' retrieved from /opt/airflow/dags/backfill_pipeline_dag.py
[2026-04-25T18:17:42.030+0000] {logging_mixin.py:188} INFO - [2026-04-25T18:17:42.030+0000] {dag.py:3096} INFO - Sync 1 DAGs
[2026-04-25T18:17:42.043+0000] {logging_mixin.py:188} INFO - [2026-04-25T18:17:42.042+0000] {dag.py:3954} INFO - Setting next_dagrun for backfill_pipeline to None, run_after=None
[2026-04-25T18:17:42.061+0000] {processor.py:183} INFO - Processing /opt/airflow/dags/backfill_pipeline_dag.py took 0.076 seconds
[2026-04-25T18:18:12.222+0000] {processor.py:161} INFO - Started process (PID=734) to work on /opt/airflow/dags/backfill_pipeline_dag.py
[2026-04-25T18:18:12.223+0000] {processor.py:830} INFO - Processing file /opt/airflow/dags/backfill_pipeline_dag.py for tasks to queue
[2026-04-25T18:18:12.224+0000] {logging_mixin.py:188} INFO - [2026-04-25T18:18:12.224+0000] {dagbag.py:545} INFO - Filling up the DagBag from /opt/airflow/dags/backfill_pipeline_dag.py
[2026-04-25T18:18:12.233+0000] {processor.py:840} INFO - DAG(s) 'backfill_pipeline' retrieved from /opt/airflow/dags/backfill_pipeline_dag.py
[2026-04-25T18:18:12.259+0000] {logging_mixin.py:188} INFO - [2026-04-25T18:18:12.259+0000] {dag.py:3096} INFO - Sync 1 DAGs
[2026-04-25T18:18:12.272+0000] {logging_mixin.py:188} INFO - [2026-04-25T18:18:12.271+0000] {dag.py:3954} INFO - Setting next_dagrun for backfill_pipeline to None, run_after=None
[2026-04-25T18:18:12.290+0000] {processor.py:183} INFO - Processing /opt/airflow/dags/backfill_pipeline_dag.py took 0.073 seconds
[2026-04-25T18:18:42.446+0000] {processor.py:161} INFO - Started process (PID=749) to work on /opt/airflow/dags/backfill_pipeline_dag.py
[2026-04-25T18:18:42.447+0000] {processor.py:830} INFO - Processing file /opt/airflow/dags/backfill_pipeline_dag.py for tasks to queue
[2026-04-25T18:18:42.449+0000] {logging_mixin.py:188} INFO - [2026-04-25T18:18:42.449+0000] {dagbag.py:545} INFO - Filling up the DagBag from /opt/airflow/dags/backfill_pipeline_dag.py
[2026-04-25T18:18:42.459+0000] {processor.py:840} INFO - DAG(s) 'backfill_pipeline' retrieved from /opt/airflow/dags/backfill_pipeline_dag.py
[2026-04-25T18:18:42.491+0000] {logging_mixin.py:188} INFO - [2026-04-25T18:18:42.491+0000] {dag.py:3096} INFO - Sync 1 DAGs
[2026-04-25T18:18:42.503+0000] {logging_mixin.py:188} INFO - [2026-04-25T18:18:42.503+0000] {dag.py:3954} INFO - Setting next_dagrun for backfill_pipeline to None, run_after=None
[2026-04-25T18:18:42.523+0000] {processor.py:183} INFO - Processing /opt/airflow/dags/backfill_pipeline_dag.py took 0.081 seconds
[2026-04-25T18:19:12.682+0000] {processor.py:161} INFO - Started process (PID=764) to work on /opt/airflow/dags/backfill_pipeline_dag.py
[2026-04-25T18:19:12.685+0000] {processor.py:830} INFO - Processing file /opt/airflow/dags/backfill_pipeline_dag.py for tasks to queue
[2026-04-25T18:19:12.686+0000] {logging_mixin.py:188} INFO - [2026-04-25T18:19:12.686+0000] {dagbag.py:545} INFO - Filling up the DagBag from /opt/airflow/dags/backfill_pipeline_dag.py
[2026-04-25T18:19:12.696+0000] {processor.py:840} INFO - DAG(s) 'backfill_pipeline' retrieved from /opt/airflow/dags/backfill_pipeline_dag.py
[2026-04-25T18:19:12.724+0000] {logging_mixin.py:188} INFO - [2026-04-25T18:19:12.724+0000] {dag.py:3096} INFO - Sync 1 DAGs
[2026-04-25T18:19:12.736+0000] {logging_mixin.py:188} INFO - [2026-04-25T18:19:12.736+0000] {dag.py:3954} INFO - Setting next_dagrun for backfill_pipeline to None, run_after=None
[2026-04-25T18:19:12.755+0000] {processor.py:183} INFO - Processing /opt/airflow/dags/backfill_pipeline_dag.py took 0.078 seconds
[2026-04-25T18:19:42.929+0000] {processor.py:161} INFO - Started process (PID=779) to work on /opt/airflow/dags/backfill_pipeline_dag.py
[2026-04-25T18:19:42.930+0000] {processor.py:830} INFO - Processing file /opt/airflow/dags/backfill_pipeline_dag.py for tasks to queue
[2026-04-25T18:19:42.931+0000] {logging_mixin.py:188} INFO - [2026-04-25T18:19:42.931+0000] {dagbag.py:545} INFO - Filling up the DagBag from /opt/airflow/dags/backfill_pipeline_dag.py
[2026-04-25T18:19:42.939+0000] {processor.py:840} INFO - DAG(s) 'backfill_pipeline' retrieved from /opt/airflow/dags/backfill_pipeline_dag.py
[2026-04-25T18:19:42.970+0000] {logging_mixin.py:188} INFO - [2026-04-25T18:19:42.970+0000] {dag.py:3096} INFO - Sync 1 DAGs
[2026-04-25T18:19:42.983+0000] {logging_mixin.py:188} INFO - [2026-04-25T18:19:42.982+0000] {dag.py:3954} INFO - Setting next_dagrun for backfill_pipeline to None, run_after=None
[2026-04-25T18:19:43.005+0000] {processor.py:183} INFO - Processing /opt/airflow/dags/backfill_pipeline_dag.py took 0.083 seconds
[2026-04-25T18:20:32.606+0000] {processor.py:161} INFO - Started process (PID=193) to work on /opt/airflow/dags/backfill_pipeline_dag.py
[2026-04-25T18:20:32.607+0000] {processor.py:830} INFO - Processing file /opt/airflow/dags/backfill_pipeline_dag.py for tasks to queue
[2026-04-25T18:20:32.609+0000] {logging_mixin.py:188} INFO - [2026-04-25T18:20:32.609+0000] {dagbag.py:545} INFO - Filling up the DagBag from /opt/airflow/dags/backfill_pipeline_dag.py
[2026-04-25T18:20:32.624+0000] {processor.py:840} INFO - DAG(s) 'backfill_pipeline' retrieved from /opt/airflow/dags/backfill_pipeline_dag.py
[2026-04-25T18:20:32.824+0000] {logging_mixin.py:188} INFO - [2026-04-25T18:20:32.823+0000] {override.py:1829} INFO - Created Permission View: can delete on DAG:backfill_pipeline
[2026-04-25T18:20:32.834+0000] {logging_mixin.py:188} INFO - [2026-04-25T18:20:32.833+0000] {override.py:1829} INFO - Created Permission View: can edit on DAG:backfill_pipeline
[2026-04-25T18:20:32.841+0000] {logging_mixin.py:188} INFO - [2026-04-25T18:20:32.841+0000] {override.py:1829} INFO - Created Permission View: can read on DAG:backfill_pipeline
[2026-04-25T18:20:32.841+0000] {logging_mixin.py:188} INFO - [2026-04-25T18:20:32.841+0000] {dag.py:3096} INFO - Sync 1 DAGs
[2026-04-25T18:20:32.850+0000] {logging_mixin.py:188} INFO - [2026-04-25T18:20:32.849+0000] {dag.py:3118} INFO - Creating ORM DAG for backfill_pipeline
[2026-04-25T18:20:32.850+0000] {logging_mixin.py:188} INFO - [2026-04-25T18:20:32.850+0000] {dag.py:3954} INFO - Setting next_dagrun for backfill_pipeline to None, run_after=None
[2026-04-25T18:20:32.866+0000] {processor.py:183} INFO - Processing /opt/airflow/dags/backfill_pipeline_dag.py took 0.266 seconds
[2026-04-25T18:21:03.027+0000] {processor.py:161} INFO - Started process (PID=209) to work on /opt/airflow/dags/backfill_pipeline_dag.py
[2026-04-25T18:21:03.033+0000] {processor.py:830} INFO - Processing file /opt/airflow/dags/backfill_pipeline_dag.py for tasks to queue
[2026-04-25T18:21:03.036+0000] {logging_mixin.py:188} INFO - [2026-04-25T18:21:03.036+0000] {dagbag.py:545} INFO - Filling up the DagBag from /opt/airflow/dags/backfill_pipeline_dag.py
[2026-04-25T18:21:03.055+0000] {processor.py:840} INFO - DAG(s) 'backfill_pipeline' retrieved from /opt/airflow/dags/backfill_pipeline_dag.py
[2026-04-25T18:21:03.095+0000] {logging_mixin.py:188} INFO - [2026-04-25T18:21:03.095+0000] {dag.py:3096} INFO - Sync 1 DAGs
[2026-04-25T18:21:03.109+0000] {logging_mixin.py:188} INFO - [2026-04-25T18:21:03.109+0000] {dag.py:3954} INFO - Setting next_dagrun for backfill_pipeline to None, run_after=None
[2026-04-25T18:21:03.126+0000] {processor.py:183} INFO - Processing /opt/airflow/dags/backfill_pipeline_dag.py took 0.112 seconds
[2026-04-25T18:21:33.293+0000] {processor.py:161} INFO - Started process (PID=224) to work on /opt/airflow/dags/backfill_pipeline_dag.py
[2026-04-25T18:21:33.294+0000] {processor.py:830} INFO - Processing file /opt/airflow/dags/backfill_pipeline_dag.py for tasks to queue
[2026-04-25T18:21:33.296+0000] {logging_mixin.py:188} INFO - [2026-04-25T18:21:33.296+0000] {dagbag.py:545} INFO - Filling up the DagBag from /opt/airflow/dags/backfill_pipeline_dag.py
[2026-04-25T18:21:33.305+0000] {processor.py:840} INFO - DAG(s) 'backfill_pipeline' retrieved from /opt/airflow/dags/backfill_pipeline_dag.py
[2026-04-25T18:21:33.334+0000] {logging_mixin.py:188} INFO - [2026-04-25T18:21:33.333+0000] {dag.py:3096} INFO - Sync 1 DAGs
[2026-04-25T18:21:33.346+0000] {logging_mixin.py:188} INFO - [2026-04-25T18:21:33.346+0000] {dag.py:3954} INFO - Setting next_dagrun for backfill_pipeline to None, run_after=None
[2026-04-25T18:21:33.365+0000] {processor.py:183} INFO - Processing /opt/airflow/dags/backfill_pipeline_dag.py took 0.076 seconds
[2026-04-25T18:22:03.534+0000] {processor.py:161} INFO - Started process (PID=239) to work on /opt/airflow/dags/backfill_pipeline_dag.py
[2026-04-25T18:22:03.535+0000] {processor.py:830} INFO - Processing file /opt/airflow/dags/backfill_pipeline_dag.py for tasks to queue
[2026-04-25T18:22:03.537+0000] {logging_mixin.py:188} INFO - [2026-04-25T18:22:03.537+0000] {dagbag.py:545} INFO - Filling up the DagBag from /opt/airflow/dags/backfill_pipeline_dag.py
[2026-04-25T18:22:03.547+0000] {processor.py:840} INFO - DAG(s) 'backfill_pipeline' retrieved from /opt/airflow/dags/backfill_pipeline_dag.py
[2026-04-25T18:22:03.577+0000] {logging_mixin.py:188} INFO - [2026-04-25T18:22:03.577+0000] {dag.py:3096} INFO - Sync 1 DAGs
[2026-04-25T18:22:03.588+0000] {logging_mixin.py:188} INFO - [2026-04-25T18:22:03.588+0000] {dag.py:3954} INFO - Setting next_dagrun for backfill_pipeline to None, run_after=None
[2026-04-25T18:22:03.609+0000] {processor.py:183} INFO - Processing /opt/airflow/dags/backfill_pipeline_dag.py took 0.081 seconds
[2026-04-25T18:23:40.777+0000] {processor.py:161} INFO - Started process (PID=193) to work on /opt/airflow/dags/backfill_pipeline_dag.py
[2026-04-25T18:23:40.778+0000] {processor.py:830} INFO - Processing file /opt/airflow/dags/backfill_pipeline_dag.py for tasks to queue
[2026-04-25T18:23:40.782+0000] {logging_mixin.py:188} INFO - [2026-04-25T18:23:40.781+0000] {dagbag.py:545} INFO - Filling up the DagBag from /opt/airflow/dags/backfill_pipeline_dag.py
[2026-04-25T18:23:40.797+0000] {processor.py:840} INFO - DAG(s) 'backfill_pipeline' retrieved from /opt/airflow/dags/backfill_pipeline_dag.py
[2026-04-25T18:23:40.826+0000] {logging_mixin.py:188} INFO - [2026-04-25T18:23:40.826+0000] {dag.py:3096} INFO - Sync 1 DAGs
[2026-04-25T18:23:40.837+0000] {logging_mixin.py:188} INFO - [2026-04-25T18:23:40.836+0000] {dag.py:3954} INFO - Setting next_dagrun for backfill_pipeline to None, run_after=None
[2026-04-25T18:23:40.852+0000] {processor.py:183} INFO - Processing /opt/airflow/dags/backfill_pipeline_dag.py took 0.080 seconds
[2026-04-25T18:24:11.014+0000] {processor.py:161} INFO - Started process (PID=209) to work on /opt/airflow/dags/backfill_pipeline_dag.py
[2026-04-25T18:24:11.016+0000] {processor.py:830} INFO - Processing file /opt/airflow/dags/backfill_pipeline_dag.py for tasks to queue
[2026-04-25T18:24:11.018+0000] {logging_mixin.py:188} INFO - [2026-04-25T18:24:11.018+0000] {dagbag.py:545} INFO - Filling up the DagBag from /opt/airflow/dags/backfill_pipeline_dag.py
[2026-04-25T18:24:11.028+0000] {processor.py:840} INFO - DAG(s) 'backfill_pipeline' retrieved from /opt/airflow/dags/backfill_pipeline_dag.py
[2026-04-25T18:24:11.209+0000] {logging_mixin.py:188} INFO - [2026-04-25T18:24:11.208+0000] {dag.py:3096} INFO - Sync 1 DAGs
[2026-04-25T18:24:11.217+0000] {logging_mixin.py:188} INFO - [2026-04-25T18:24:11.217+0000] {dag.py:3954} INFO - Setting next_dagrun for backfill_pipeline to None, run_after=None
[2026-04-25T18:24:11.234+0000] {processor.py:183} INFO - Processing /opt/airflow/dags/backfill_pipeline_dag.py took 0.224 seconds
[2026-04-25T18:24:41.387+0000] {processor.py:161} INFO - Started process (PID=227) to work on /opt/airflow/dags/backfill_pipeline_dag.py
[2026-04-25T18:24:41.388+0000] {processor.py:830} INFO - Processing file /opt/airflow/dags/backfill_pipeline_dag.py for tasks to queue
[2026-04-25T18:24:41.389+0000] {logging_mixin.py:188} INFO - [2026-04-25T18:24:41.389+0000] {dagbag.py:545} INFO - Filling up the DagBag from /opt/airflow/dags/backfill_pipeline_dag.py
[2026-04-25T18:24:41.398+0000] {processor.py:840} INFO - DAG(s) 'backfill_pipeline' retrieved from /opt/airflow/dags/backfill_pipeline_dag.py
[2026-04-25T18:24:41.422+0000] {logging_mixin.py:188} INFO - [2026-04-25T18:24:41.422+0000] {dag.py:3096} INFO - Sync 1 DAGs
[2026-04-25T18:24:41.432+0000] {logging_mixin.py:188} INFO - [2026-04-25T18:24:41.432+0000] {dag.py:3954} INFO - Setting next_dagrun for backfill_pipeline to None, run_after=None
[2026-04-25T18:24:41.447+0000] {processor.py:183} INFO - Processing /opt/airflow/dags/backfill_pipeline_dag.py took 0.065 seconds
[2026-04-25T18:25:11.605+0000] {processor.py:161} INFO - Started process (PID=242) to work on /opt/airflow/dags/backfill_pipeline_dag.py
[2026-04-25T18:25:11.608+0000] {processor.py:830} INFO - Processing file /opt/airflow/dags/backfill_pipeline_dag.py for tasks to queue
[2026-04-25T18:25:11.609+0000] {logging_mixin.py:188} INFO - [2026-04-25T18:25:11.609+0000] {dagbag.py:545} INFO - Filling up the DagBag from /opt/airflow/dags/backfill_pipeline_dag.py
[2026-04-25T18:25:11.616+0000] {processor.py:840} INFO - DAG(s) 'backfill_pipeline' retrieved from /opt/airflow/dags/backfill_pipeline_dag.py
[2026-04-25T18:25:11.639+0000] {logging_mixin.py:188} INFO - [2026-04-25T18:25:11.639+0000] {dag.py:3096} INFO - Sync 1 DAGs
[2026-04-25T18:25:11.649+0000] {logging_mixin.py:188} INFO - [2026-04-25T18:25:11.649+0000] {dag.py:3954} INFO - Setting next_dagrun for backfill_pipeline to None, run_after=None
[2026-04-25T18:25:11.665+0000] {processor.py:183} INFO - Processing /opt/airflow/dags/backfill_pipeline_dag.py took 0.065 seconds
[2026-04-25T18:25:41.841+0000] {processor.py:161} INFO - Started process (PID=257) to work on /opt/airflow/dags/backfill_pipeline_dag.py
[2026-04-25T18:25:41.845+0000] {processor.py:830} INFO - Processing file /opt/airflow/dags/backfill_pipeline_dag.py for tasks to queue
[2026-04-25T18:25:41.848+0000] {logging_mixin.py:188} INFO - [2026-04-25T18:25:41.847+0000] {dagbag.py:545} INFO - Filling up the DagBag from /opt/airflow/dags/backfill_pipeline_dag.py
[2026-04-25T18:25:41.858+0000] {processor.py:840} INFO - DAG(s) 'backfill_pipeline' retrieved from /opt/airflow/dags/backfill_pipeline_dag.py
[2026-04-25T18:25:41.893+0000] {logging_mixin.py:188} INFO - [2026-04-25T18:25:41.893+0000] {dag.py:3096} INFO - Sync 1 DAGs
[2026-04-25T18:25:41.908+0000] {logging_mixin.py:188} INFO - [2026-04-25T18:25:41.907+0000] {dag.py:3954} INFO - Setting next_dagrun for backfill_pipeline to None, run_after=None
[2026-04-25T18:25:41.932+0000] {processor.py:183} INFO - Processing /opt/airflow/dags/backfill_pipeline_dag.py took 0.100 seconds
[2026-04-25T18:26:12.093+0000] {processor.py:161} INFO - Started process (PID=272) to work on /opt/airflow/dags/backfill_pipeline_dag.py
[2026-04-25T18:26:12.096+0000] {processor.py:830} INFO - Processing file /opt/airflow/dags/backfill_pipeline_dag.py for tasks to queue
[2026-04-25T18:26:12.097+0000] {logging_mixin.py:188} INFO - [2026-04-25T18:26:12.097+0000] {dagbag.py:545} INFO - Filling up the DagBag from /opt/airflow/dags/backfill_pipeline_dag.py
[2026-04-25T18:26:12.107+0000] {processor.py:840} INFO - DAG(s) 'backfill_pipeline' retrieved from /opt/airflow/dags/backfill_pipeline_dag.py
[2026-04-25T18:26:12.133+0000] {logging_mixin.py:188} INFO - [2026-04-25T18:26:12.132+0000] {dag.py:3096} INFO - Sync 1 DAGs
[2026-04-25T18:26:12.144+0000] {logging_mixin.py:188} INFO - [2026-04-25T18:26:12.144+0000] {dag.py:3954} INFO - Setting next_dagrun for backfill_pipeline to None, run_after=None
[2026-04-25T18:26:12.163+0000] {processor.py:183} INFO - Processing /opt/airflow/dags/backfill_pipeline_dag.py took 0.078 seconds
[2026-04-25T18:26:34.345+0000] {processor.py:161} INFO - Started process (PID=192) to work on /opt/airflow/dags/backfill_pipeline_dag.py
[2026-04-25T18:26:34.347+0000] {processor.py:830} INFO - Processing file /opt/airflow/dags/backfill_pipeline_dag.py for tasks to queue
[2026-04-25T18:26:34.349+0000] {logging_mixin.py:188} INFO - [2026-04-25T18:26:34.348+0000] {dagbag.py:545} INFO - Filling up the DagBag from /opt/airflow/dags/backfill_pipeline_dag.py
[2026-04-25T18:26:34.360+0000] {processor.py:840} INFO - DAG(s) 'backfill_pipeline' retrieved from /opt/airflow/dags/backfill_pipeline_dag.py
[2026-04-25T18:26:34.401+0000] {logging_mixin.py:188} INFO - [2026-04-25T18:26:34.401+0000] {dag.py:3096} INFO - Sync 1 DAGs
[2026-04-25T18:26:34.413+0000] {logging_mixin.py:188} INFO - [2026-04-25T18:26:34.413+0000] {dag.py:3954} INFO - Setting next_dagrun for backfill_pipeline to None, run_after=None
[2026-04-25T18:26:34.433+0000] {processor.py:183} INFO - Processing /opt/airflow/dags/backfill_pipeline_dag.py took 0.093 seconds
[2026-04-25T18:27:04.600+0000] {processor.py:161} INFO - Started process (PID=211) to work on /opt/airflow/dags/backfill_pipeline_dag.py
[2026-04-25T18:27:04.603+0000] {processor.py:830} INFO - Processing file /opt/airflow/dags/backfill_pipeline_dag.py for tasks to queue
[2026-04-25T18:27:04.604+0000] {logging_mixin.py:188} INFO - [2026-04-25T18:27:04.604+0000] {dagbag.py:545} INFO - Filling up the DagBag from /opt/airflow/dags/backfill_pipeline_dag.py
[2026-04-25T18:27:04.612+0000] {processor.py:840} INFO - DAG(s) 'backfill_pipeline' retrieved from /opt/airflow/dags/backfill_pipeline_dag.py
[2026-04-25T18:27:04.643+0000] {logging_mixin.py:188} INFO - [2026-04-25T18:27:04.643+0000] {dag.py:3096} INFO - Sync 1 DAGs
[2026-04-25T18:27:04.657+0000] {logging_mixin.py:188} INFO - [2026-04-25T18:27:04.657+0000] {dag.py:3954} INFO - Setting next_dagrun for backfill_pipeline to None, run_after=None
[2026-04-25T18:27:04.675+0000] {processor.py:183} INFO - Processing /opt/airflow/dags/backfill_pipeline_dag.py took 0.080 seconds
[2026-04-25T18:27:34.833+0000] {processor.py:161} INFO - Started process (PID=226) to work on /opt/airflow/dags/backfill_pipeline_dag.py
[2026-04-25T18:27:34.835+0000] {processor.py:830} INFO - Processing file /opt/airflow/dags/backfill_pipeline_dag.py for tasks to queue
[2026-04-25T18:27:34.837+0000] {logging_mixin.py:188} INFO - [2026-04-25T18:27:34.837+0000] {dagbag.py:545} INFO - Filling up the DagBag from /opt/airflow/dags/backfill_pipeline_dag.py
[2026-04-25T18:27:34.850+0000] {processor.py:840} INFO - DAG(s) 'backfill_pipeline' retrieved from /opt/airflow/dags/backfill_pipeline_dag.py
[2026-04-25T18:27:34.882+0000] {logging_mixin.py:188} INFO - [2026-04-25T18:27:34.882+0000] {dag.py:3096} INFO - Sync 1 DAGs
[2026-04-25T18:27:34.894+0000] {logging_mixin.py:188} INFO - [2026-04-25T18:27:34.894+0000] {dag.py:3954} INFO - Setting next_dagrun for backfill_pipeline to None, run_after=None
[2026-04-25T18:27:34.917+0000] {processor.py:183} INFO - Processing /opt/airflow/dags/backfill_pipeline_dag.py took 0.090 seconds
[2026-04-25T18:28:05.098+0000] {processor.py:161} INFO - Started process (PID=241) to work on /opt/airflow/dags/backfill_pipeline_dag.py
[2026-04-25T18:28:05.101+0000] {processor.py:830} INFO - Processing file /opt/airflow/dags/backfill_pipeline_dag.py for tasks to queue
[2026-04-25T18:28:05.103+0000] {logging_mixin.py:188} INFO - [2026-04-25T18:28:05.103+0000] {dagbag.py:545} INFO - Filling up the DagBag from /opt/airflow/dags/backfill_pipeline_dag.py
[2026-04-25T18:28:05.111+0000] {processor.py:840} INFO - DAG(s) 'backfill_pipeline' retrieved from /opt/airflow/dags/backfill_pipeline_dag.py
[2026-04-25T18:28:05.140+0000] {logging_mixin.py:188} INFO - [2026-04-25T18:28:05.140+0000] {dag.py:3096} INFO - Sync 1 DAGs
[2026-04-25T18:28:05.152+0000] {logging_mixin.py:188} INFO - [2026-04-25T18:28:05.151+0000] {dag.py:3954} INFO - Setting next_dagrun for backfill_pipeline to None, run_after=None
[2026-04-25T18:28:05.169+0000] {processor.py:183} INFO - Processing /opt/airflow/dags/backfill_pipeline_dag.py took 0.076 seconds
[2026-04-25T18:28:35.337+0000] {processor.py:161} INFO - Started process (PID=256) to work on /opt/airflow/dags/backfill_pipeline_dag.py
[2026-04-25T18:28:35.340+0000] {processor.py:830} INFO - Processing file /opt/airflow/dags/backfill_pipeline_dag.py for tasks to queue
[2026-04-25T18:28:35.342+0000] {logging_mixin.py:188} INFO - [2026-04-25T18:28:35.342+0000] {dagbag.py:545} INFO - Filling up the DagBag from /opt/airflow/dags/backfill_pipeline_dag.py
[2026-04-25T18:28:35.352+0000] {processor.py:840} INFO - DAG(s) 'backfill_pipeline' retrieved from /opt/airflow/dags/backfill_pipeline_dag.py
[2026-04-25T18:28:35.383+0000] {logging_mixin.py:188} INFO - [2026-04-25T18:28:35.382+0000] {dag.py:3096} INFO - Sync 1 DAGs
[2026-04-25T18:28:35.396+0000] {logging_mixin.py:188} INFO - [2026-04-25T18:28:35.395+0000] {dag.py:3954} INFO - Setting next_dagrun for backfill_pipeline to None, run_after=None
[2026-04-25T18:28:35.417+0000] {processor.py:183} INFO - Processing /opt/airflow/dags/backfill_pipeline_dag.py took 0.086 seconds
[2026-04-25T18:29:05.579+0000] {processor.py:161} INFO - Started process (PID=271) to work on /opt/airflow/dags/backfill_pipeline_dag.py
[2026-04-25T18:29:05.581+0000] {processor.py:830} INFO - Processing file /opt/airflow/dags/backfill_pipeline_dag.py for tasks to queue
[2026-04-25T18:29:05.582+0000] {logging_mixin.py:188} INFO - [2026-04-25T18:29:05.582+0000] {dagbag.py:545} INFO - Filling up the DagBag from /opt/airflow/dags/backfill_pipeline_dag.py
[2026-04-25T18:29:05.590+0000] {processor.py:840} INFO - DAG(s) 'backfill_pipeline' retrieved from /opt/airflow/dags/backfill_pipeline_dag.py
[2026-04-25T18:29:05.616+0000] {logging_mixin.py:188} INFO - [2026-04-25T18:29:05.616+0000] {dag.py:3096} INFO - Sync 1 DAGs
[2026-04-25T18:29:05.628+0000] {logging_mixin.py:188} INFO - [2026-04-25T18:29:05.628+0000] {dag.py:3954} INFO - Setting next_dagrun for backfill_pipeline to None, run_after=None
[2026-04-25T18:29:05.649+0000] {processor.py:183} INFO - Processing /opt/airflow/dags/backfill_pipeline_dag.py took 0.076 seconds
[2026-04-25T18:29:35.822+0000] {processor.py:161} INFO - Started process (PID=286) to work on /opt/airflow/dags/backfill_pipeline_dag.py
[2026-04-25T18:29:35.824+0000] {processor.py:830} INFO - Processing file /opt/airflow/dags/backfill_pipeline_dag.py for tasks to queue
[2026-04-25T18:29:35.827+0000] {logging_mixin.py:188} INFO - [2026-04-25T18:29:35.826+0000] {dagbag.py:545} INFO - Filling up the DagBag from /opt/airflow/dags/backfill_pipeline_dag.py
[2026-04-25T18:29:35.835+0000] {processor.py:840} INFO - DAG(s) 'backfill_pipeline' retrieved from /opt/airflow/dags/backfill_pipeline_dag.py
[2026-04-25T18:29:35.873+0000] {logging_mixin.py:188} INFO - [2026-04-25T18:29:35.872+0000] {dag.py:3096} INFO - Sync 1 DAGs
[2026-04-25T18:29:35.888+0000] {logging_mixin.py:188} INFO - [2026-04-25T18:29:35.887+0000] {dag.py:3954} INFO - Setting next_dagrun for backfill_pipeline to None, run_after=None
[2026-04-25T18:29:35.912+0000] {processor.py:183} INFO - Processing /opt/airflow/dags/backfill_pipeline_dag.py took 0.096 seconds
[2026-04-25T18:31:08.572+0000] {processor.py:161} INFO - Started process (PID=193) to work on /opt/airflow/dags/backfill_pipeline_dag.py
[2026-04-25T18:31:08.573+0000] {processor.py:830} INFO - Processing file /opt/airflow/dags/backfill_pipeline_dag.py for tasks to queue
[2026-04-25T18:31:08.575+0000] {logging_mixin.py:188} INFO - [2026-04-25T18:31:08.574+0000] {dagbag.py:545} INFO - Filling up the DagBag from /opt/airflow/dags/backfill_pipeline_dag.py
[2026-04-25T18:31:08.591+0000] {processor.py:840} INFO - DAG(s) 'backfill_pipeline' retrieved from /opt/airflow/dags/backfill_pipeline_dag.py
[2026-04-25T18:31:08.802+0000] {logging_mixin.py:188} INFO - [2026-04-25T18:31:08.801+0000] {override.py:1829} INFO - Created Permission View: can edit on DAG:backfill_pipeline
[2026-04-25T18:31:08.810+0000] {logging_mixin.py:188} INFO - [2026-04-25T18:31:08.810+0000] {override.py:1829} INFO - Created Permission View: can read on DAG:backfill_pipeline
[2026-04-25T18:31:08.816+0000] {logging_mixin.py:188} INFO - [2026-04-25T18:31:08.816+0000] {override.py:1829} INFO - Created Permission View: can delete on DAG:backfill_pipeline
[2026-04-25T18:31:08.816+0000] {logging_mixin.py:188} INFO - [2026-04-25T18:31:08.816+0000] {dag.py:3096} INFO - Sync 1 DAGs
[2026-04-25T18:31:08.826+0000] {logging_mixin.py:188} INFO - [2026-04-25T18:31:08.825+0000] {dag.py:3118} INFO - Creating ORM DAG for backfill_pipeline
[2026-04-25T18:31:08.826+0000] {logging_mixin.py:188} INFO - [2026-04-25T18:31:08.826+0000] {dag.py:3954} INFO - Setting next_dagrun for backfill_pipeline to None, run_after=None
[2026-04-25T18:31:08.844+0000] {processor.py:183} INFO - Processing /opt/airflow/dags/backfill_pipeline_dag.py took 0.279 seconds
[2026-04-25T18:31:39.003+0000] {processor.py:161} INFO - Started process (PID=235) to work on /opt/airflow/dags/backfill_pipeline_dag.py
[2026-04-25T18:31:39.005+0000] {processor.py:830} INFO - Processing file /opt/airflow/dags/backfill_pipeline_dag.py for tasks to queue
[2026-04-25T18:31:39.006+0000] {logging_mixin.py:188} INFO - [2026-04-25T18:31:39.006+0000] {dagbag.py:545} INFO - Filling up the DagBag from /opt/airflow/dags/backfill_pipeline_dag.py
[2026-04-25T18:31:39.014+0000] {processor.py:840} INFO - DAG(s) 'backfill_pipeline' retrieved from /opt/airflow/dags/backfill_pipeline_dag.py
[2026-04-25T18:31:39.040+0000] {logging_mixin.py:188} INFO - [2026-04-25T18:31:39.040+0000] {dag.py:3096} INFO - Sync 1 DAGs
[2026-04-25T18:31:39.050+0000] {logging_mixin.py:188} INFO - [2026-04-25T18:31:39.050+0000] {dag.py:3954} INFO - Setting next_dagrun for backfill_pipeline to None, run_after=None
[2026-04-25T18:31:39.069+0000] {processor.py:183} INFO - Processing /opt/airflow/dags/backfill_pipeline_dag.py took 0.071 seconds
[2026-04-25T18:32:09.240+0000] {processor.py:161} INFO - Started process (PID=250) to work on /opt/airflow/dags/backfill_pipeline_dag.py
[2026-04-25T18:32:09.242+0000] {processor.py:830} INFO - Processing file /opt/airflow/dags/backfill_pipeline_dag.py for tasks to queue
[2026-04-25T18:32:09.243+0000] {logging_mixin.py:188} INFO - [2026-04-25T18:32:09.243+0000] {dagbag.py:545} INFO - Filling up the DagBag from /opt/airflow/dags/backfill_pipeline_dag.py
[2026-04-25T18:32:09.251+0000] {processor.py:840} INFO - DAG(s) 'backfill_pipeline' retrieved from /opt/airflow/dags/backfill_pipeline_dag.py
[2026-04-25T18:32:09.276+0000] {logging_mixin.py:188} INFO - [2026-04-25T18:32:09.276+0000] {dag.py:3096} INFO - Sync 1 DAGs
[2026-04-25T18:32:09.288+0000] {logging_mixin.py:188} INFO - [2026-04-25T18:32:09.288+0000] {dag.py:3954} INFO - Setting next_dagrun for backfill_pipeline to None, run_after=None
[2026-04-25T18:32:09.306+0000] {processor.py:183} INFO - Processing /opt/airflow/dags/backfill_pipeline_dag.py took 0.071 seconds
[2026-04-25T18:32:39.471+0000] {processor.py:161} INFO - Started process (PID=265) to work on /opt/airflow/dags/backfill_pipeline_dag.py
[2026-04-25T18:32:39.473+0000] {processor.py:830} INFO - Processing file /opt/airflow/dags/backfill_pipeline_dag.py for tasks to queue
[2026-04-25T18:32:39.475+0000] {logging_mixin.py:188} INFO - [2026-04-25T18:32:39.474+0000] {dagbag.py:545} INFO - Filling up the DagBag from /opt/airflow/dags/backfill_pipeline_dag.py
[2026-04-25T18:32:39.485+0000] {processor.py:840} INFO - DAG(s) 'backfill_pipeline' retrieved from /opt/airflow/dags/backfill_pipeline_dag.py
[2026-04-25T18:32:39.513+0000] {logging_mixin.py:188} INFO - [2026-04-25T18:32:39.512+0000] {dag.py:3096} INFO - Sync 1 DAGs
[2026-04-25T18:32:39.525+0000] {logging_mixin.py:188} INFO - [2026-04-25T18:32:39.525+0000] {dag.py:3954} INFO - Setting next_dagrun for backfill_pipeline to None, run_after=None
[2026-04-25T18:32:39.544+0000] {processor.py:183} INFO - Processing /opt/airflow/dags/backfill_pipeline_dag.py took 0.079 seconds
[2026-04-25T18:34:11.356+0000] {processor.py:161} INFO - Started process (PID=193) to work on /opt/airflow/dags/backfill_pipeline_dag.py
[2026-04-25T18:34:11.357+0000] {processor.py:830} INFO - Processing file /opt/airflow/dags/backfill_pipeline_dag.py for tasks to queue
[2026-04-25T18:34:11.359+0000] {logging_mixin.py:188} INFO - [2026-04-25T18:34:11.359+0000] {dagbag.py:545} INFO - Filling up the DagBag from /opt/airflow/dags/backfill_pipeline_dag.py
[2026-04-25T18:34:11.378+0000] {processor.py:840} INFO - DAG(s) 'backfill_pipeline' retrieved from /opt/airflow/dags/backfill_pipeline_dag.py
[2026-04-25T18:34:11.588+0000] {logging_mixin.py:188} INFO - [2026-04-25T18:34:11.587+0000] {override.py:1829} INFO - Created Permission View: can delete on DAG:backfill_pipeline
[2026-04-25T18:34:11.597+0000] {logging_mixin.py:188} INFO - [2026-04-25T18:34:11.597+0000] {override.py:1829} INFO - Created Permission View: can read on DAG:backfill_pipeline
[2026-04-25T18:34:11.604+0000] {logging_mixin.py:188} INFO - [2026-04-25T18:34:11.603+0000] {override.py:1829} INFO - Created Permission View: can edit on DAG:backfill_pipeline
[2026-04-25T18:34:11.604+0000] {logging_mixin.py:188} INFO - [2026-04-25T18:34:11.604+0000] {dag.py:3096} INFO - Sync 1 DAGs
[2026-04-25T18:34:11.614+0000] {logging_mixin.py:188} INFO - [2026-04-25T18:34:11.613+0000] {dag.py:3118} INFO - Creating ORM DAG for backfill_pipeline
[2026-04-25T18:34:11.614+0000] {logging_mixin.py:188} INFO - [2026-04-25T18:34:11.614+0000] {dag.py:3954} INFO - Setting next_dagrun for backfill_pipeline to None, run_after=None
[2026-04-25T18:34:11.633+0000] {processor.py:183} INFO - Processing /opt/airflow/dags/backfill_pipeline_dag.py took 0.282 seconds
[2026-04-25T18:34:41.788+0000] {processor.py:161} INFO - Started process (PID=235) to work on /opt/airflow/dags/backfill_pipeline_dag.py
[2026-04-25T18:34:41.790+0000] {processor.py:830} INFO - Processing file /opt/airflow/dags/backfill_pipeline_dag.py for tasks to queue
[2026-04-25T18:34:41.792+0000] {logging_mixin.py:188} INFO - [2026-04-25T18:34:41.792+0000] {dagbag.py:545} INFO - Filling up the DagBag from /opt/airflow/dags/backfill_pipeline_dag.py
[2026-04-25T18:34:41.801+0000] {processor.py:840} INFO - DAG(s) 'backfill_pipeline' retrieved from /opt/airflow/dags/backfill_pipeline_dag.py
[2026-04-25T18:34:41.824+0000] {logging_mixin.py:188} INFO - [2026-04-25T18:34:41.824+0000] {dag.py:3096} INFO - Sync 1 DAGs
[2026-04-25T18:34:41.834+0000] {logging_mixin.py:188} INFO - [2026-04-25T18:34:41.834+0000] {dag.py:3954} INFO - Setting next_dagrun for backfill_pipeline to None, run_after=None
[2026-04-25T18:34:41.852+0000] {processor.py:183} INFO - Processing /opt/airflow/dags/backfill_pipeline_dag.py took 0.069 seconds
[2026-04-25T18:35:12.020+0000] {processor.py:161} INFO - Started process (PID=250) to work on /opt/airflow/dags/backfill_pipeline_dag.py
[2026-04-25T18:35:12.022+0000] {processor.py:830} INFO - Processing file /opt/airflow/dags/backfill_pipeline_dag.py for tasks to queue
[2026-04-25T18:35:12.024+0000] {logging_mixin.py:188} INFO - [2026-04-25T18:35:12.023+0000] {dagbag.py:545} INFO - Filling up the DagBag from /opt/airflow/dags/backfill_pipeline_dag.py
[2026-04-25T18:35:12.032+0000] {processor.py:840} INFO - DAG(s) 'backfill_pipeline' retrieved from /opt/airflow/dags/backfill_pipeline_dag.py
[2026-04-25T18:35:12.057+0000] {logging_mixin.py:188} INFO - [2026-04-25T18:35:12.057+0000] {dag.py:3096} INFO - Sync 1 DAGs
[2026-04-25T18:35:12.067+0000] {logging_mixin.py:188} INFO - [2026-04-25T18:35:12.067+0000] {dag.py:3954} INFO - Setting next_dagrun for backfill_pipeline to None, run_after=None
[2026-04-25T18:35:12.085+0000] {processor.py:183} INFO - Processing /opt/airflow/dags/backfill_pipeline_dag.py took 0.071 seconds
[2026-04-25T18:35:42.222+0000] {processor.py:161} INFO - Started process (PID=265) to work on /opt/airflow/dags/backfill_pipeline_dag.py
[2026-04-25T18:35:42.224+0000] {processor.py:830} INFO - Processing file /opt/airflow/dags/backfill_pipeline_dag.py for tasks to queue
[2026-04-25T18:35:42.226+0000] {logging_mixin.py:188} INFO - [2026-04-25T18:35:42.225+0000] {dagbag.py:545} INFO - Filling up the DagBag from /opt/airflow/dags/backfill_pipeline_dag.py
[2026-04-25T18:35:42.234+0000] {processor.py:840} INFO - DAG(s) 'backfill_pipeline' retrieved from /opt/airflow/dags/backfill_pipeline_dag.py
[2026-04-25T18:35:42.261+0000] {logging_mixin.py:188} INFO - [2026-04-25T18:35:42.261+0000] {dag.py:3096} INFO - Sync 1 DAGs
[2026-04-25T18:35:42.274+0000] {logging_mixin.py:188} INFO - [2026-04-25T18:35:42.274+0000] {dag.py:3954} INFO - Setting next_dagrun for backfill_pipeline to None, run_after=None
[2026-04-25T18:35:42.294+0000] {processor.py:183} INFO - Processing /opt/airflow/dags/backfill_pipeline_dag.py took 0.078 seconds
[2026-04-25T18:36:12.459+0000] {processor.py:161} INFO - Started process (PID=280) to work on /opt/airflow/dags/backfill_pipeline_dag.py
[2026-04-25T18:36:12.462+0000] {processor.py:830} INFO - Processing file /opt/airflow/dags/backfill_pipeline_dag.py for tasks to queue
[2026-04-25T18:36:12.464+0000] {logging_mixin.py:188} INFO - [2026-04-25T18:36:12.464+0000] {dagbag.py:545} INFO - Filling up the DagBag from /opt/airflow/dags/backfill_pipeline_dag.py
[2026-04-25T18:36:12.473+0000] {processor.py:840} INFO - DAG(s) 'backfill_pipeline' retrieved from /opt/airflow/dags/backfill_pipeline_dag.py
[2026-04-25T18:36:12.501+0000] {logging_mixin.py:188} INFO - [2026-04-25T18:36:12.501+0000] {dag.py:3096} INFO - Sync 1 DAGs
[2026-04-25T18:36:12.514+0000] {logging_mixin.py:188} INFO - [2026-04-25T18:36:12.514+0000] {dag.py:3954} INFO - Setting next_dagrun for backfill_pipeline to None, run_after=None
[2026-04-25T18:36:12.533+0000] {processor.py:183} INFO - Processing /opt/airflow/dags/backfill_pipeline_dag.py took 0.079 seconds
[2026-04-25T18:36:42.692+0000] {processor.py:161} INFO - Started process (PID=295) to work on /opt/airflow/dags/backfill_pipeline_dag.py
[2026-04-25T18:36:42.694+0000] {processor.py:830} INFO - Processing file /opt/airflow/dags/backfill_pipeline_dag.py for tasks to queue
[2026-04-25T18:36:42.696+0000] {logging_mixin.py:188} INFO - [2026-04-25T18:36:42.695+0000] {dagbag.py:545} INFO - Filling up the DagBag from /opt/airflow/dags/backfill_pipeline_dag.py
[2026-04-25T18:36:42.704+0000] {processor.py:840} INFO - DAG(s) 'backfill_pipeline' retrieved from /opt/airflow/dags/backfill_pipeline_dag.py
[2026-04-25T18:36:42.734+0000] {logging_mixin.py:188} INFO - [2026-04-25T18:36:42.733+0000] {dag.py:3096} INFO - Sync 1 DAGs
[2026-04-25T18:36:42.749+0000] {logging_mixin.py:188} INFO - [2026-04-25T18:36:42.748+0000] {dag.py:3954} INFO - Setting next_dagrun for backfill_pipeline to None, run_after=None
[2026-04-25T18:36:42.771+0000] {processor.py:183} INFO - Processing /opt/airflow/dags/backfill_pipeline_dag.py took 0.084 seconds
[2026-04-25T18:37:12.936+0000] {processor.py:161} INFO - Started process (PID=310) to work on /opt/airflow/dags/backfill_pipeline_dag.py
[2026-04-25T18:37:12.939+0000] {processor.py:830} INFO - Processing file /opt/airflow/dags/backfill_pipeline_dag.py for tasks to queue
[2026-04-25T18:37:12.942+0000] {logging_mixin.py:188} INFO - [2026-04-25T18:37:12.941+0000] {dagbag.py:545} INFO - Filling up the DagBag from /opt/airflow/dags/backfill_pipeline_dag.py
[2026-04-25T18:37:12.952+0000] {processor.py:840} INFO - DAG(s) 'backfill_pipeline' retrieved from /opt/airflow/dags/backfill_pipeline_dag.py
[2026-04-25T18:37:12.980+0000] {logging_mixin.py:188} INFO - [2026-04-25T18:37:12.980+0000] {dag.py:3096} INFO - Sync 1 DAGs
[2026-04-25T18:37:12.993+0000] {logging_mixin.py:188} INFO - [2026-04-25T18:37:12.993+0000] {dag.py:3954} INFO - Setting next_dagrun for backfill_pipeline to None, run_after=None
[2026-04-25T18:37:13.010+0000] {processor.py:183} INFO - Processing /opt/airflow/dags/backfill_pipeline_dag.py took 0.080 seconds
[2026-04-25T18:37:43.179+0000] {processor.py:161} INFO - Started process (PID=325) to work on /opt/airflow/dags/backfill_pipeline_dag.py
[2026-04-25T18:37:43.182+0000] {processor.py:830} INFO - Processing file /opt/airflow/dags/backfill_pipeline_dag.py for tasks to queue
[2026-04-25T18:37:43.183+0000] {logging_mixin.py:188} INFO - [2026-04-25T18:37:43.183+0000] {dagbag.py:545} INFO - Filling up the DagBag from /opt/airflow/dags/backfill_pipeline_dag.py
[2026-04-25T18:37:43.192+0000] {processor.py:840} INFO - DAG(s) 'backfill_pipeline' retrieved from /opt/airflow/dags/backfill_pipeline_dag.py
[2026-04-25T18:37:43.220+0000] {logging_mixin.py:188} INFO - [2026-04-25T18:37:43.219+0000] {dag.py:3096} INFO - Sync 1 DAGs
[2026-04-25T18:37:43.232+0000] {logging_mixin.py:188} INFO - [2026-04-25T18:37:43.231+0000] {dag.py:3954} INFO - Setting next_dagrun for backfill_pipeline to None, run_after=None
[2026-04-25T18:37:43.251+0000] {processor.py:183} INFO - Processing /opt/airflow/dags/backfill_pipeline_dag.py took 0.077 seconds
[2026-04-25T18:38:13.414+0000] {processor.py:161} INFO - Started process (PID=386) to work on /opt/airflow/dags/backfill_pipeline_dag.py
[2026-04-25T18:38:13.417+0000] {processor.py:830} INFO - Processing file /opt/airflow/dags/backfill_pipeline_dag.py for tasks to queue
[2026-04-25T18:38:13.418+0000] {logging_mixin.py:188} INFO - [2026-04-25T18:38:13.418+0000] {dagbag.py:545} INFO - Filling up the DagBag from /opt/airflow/dags/backfill_pipeline_dag.py
[2026-04-25T18:38:13.426+0000] {processor.py:840} INFO - DAG(s) 'backfill_pipeline' retrieved from /opt/airflow/dags/backfill_pipeline_dag.py
[2026-04-25T18:38:13.456+0000] {logging_mixin.py:188} INFO - [2026-04-25T18:38:13.455+0000] {dag.py:3096} INFO - Sync 1 DAGs
[2026-04-25T18:38:13.468+0000] {logging_mixin.py:188} INFO - [2026-04-25T18:38:13.468+0000] {dag.py:3954} INFO - Setting next_dagrun for backfill_pipeline to None, run_after=None
[2026-04-25T18:38:13.488+0000] {processor.py:183} INFO - Processing /opt/airflow/dags/backfill_pipeline_dag.py took 0.078 seconds
[2026-04-25T18:38:43.650+0000] {processor.py:161} INFO - Started process (PID=401) to work on /opt/airflow/dags/backfill_pipeline_dag.py
[2026-04-25T18:38:43.652+0000] {processor.py:830} INFO - Processing file /opt/airflow/dags/backfill_pipeline_dag.py for tasks to queue
[2026-04-25T18:38:43.654+0000] {logging_mixin.py:188} INFO - [2026-04-25T18:38:43.654+0000] {dagbag.py:545} INFO - Filling up the DagBag from /opt/airflow/dags/backfill_pipeline_dag.py
[2026-04-25T18:38:43.663+0000] {processor.py:840} INFO - DAG(s) 'backfill_pipeline' retrieved from /opt/airflow/dags/backfill_pipeline_dag.py
[2026-04-25T18:38:43.690+0000] {logging_mixin.py:188} INFO - [2026-04-25T18:38:43.690+0000] {dag.py:3096} INFO - Sync 1 DAGs
[2026-04-25T18:38:43.703+0000] {logging_mixin.py:188} INFO - [2026-04-25T18:38:43.703+0000] {dag.py:3954} INFO - Setting next_dagrun for backfill_pipeline to None, run_after=None
[2026-04-25T18:38:43.723+0000] {processor.py:183} INFO - Processing /opt/airflow/dags/backfill_pipeline_dag.py took 0.078 seconds
[2026-04-25T18:39:13.899+0000] {processor.py:161} INFO - Started process (PID=416) to work on /opt/airflow/dags/backfill_pipeline_dag.py
[2026-04-25T18:39:13.902+0000] {processor.py:830} INFO - Processing file /opt/airflow/dags/backfill_pipeline_dag.py for tasks to queue
[2026-04-25T18:39:13.903+0000] {logging_mixin.py:188} INFO - [2026-04-25T18:39:13.903+0000] {dagbag.py:545} INFO - Filling up the DagBag from /opt/airflow/dags/backfill_pipeline_dag.py
[2026-04-25T18:39:13.912+0000] {processor.py:840} INFO - DAG(s) 'backfill_pipeline' retrieved from /opt/airflow/dags/backfill_pipeline_dag.py
[2026-04-25T18:39:13.943+0000] {logging_mixin.py:188} INFO - [2026-04-25T18:39:13.943+0000] {dag.py:3096} INFO - Sync 1 DAGs
[2026-04-25T18:39:13.956+0000] {logging_mixin.py:188} INFO - [2026-04-25T18:39:13.955+0000] {dag.py:3954} INFO - Setting next_dagrun for backfill_pipeline to None, run_after=None
[2026-04-25T18:39:13.974+0000] {processor.py:183} INFO - Processing /opt/airflow/dags/backfill_pipeline_dag.py took 0.082 seconds
[2026-04-25T18:39:44.138+0000] {processor.py:161} INFO - Started process (PID=431) to work on /opt/airflow/dags/backfill_pipeline_dag.py
[2026-04-25T18:39:44.139+0000] {processor.py:830} INFO - Processing file /opt/airflow/dags/backfill_pipeline_dag.py for tasks to queue
[2026-04-25T18:39:44.140+0000] {logging_mixin.py:188} INFO - [2026-04-25T18:39:44.140+0000] {dagbag.py:545} INFO - Filling up the DagBag from /opt/airflow/dags/backfill_pipeline_dag.py
[2026-04-25T18:39:44.149+0000] {processor.py:840} INFO - DAG(s) 'backfill_pipeline' retrieved from /opt/airflow/dags/backfill_pipeline_dag.py
[2026-04-25T18:39:44.178+0000] {logging_mixin.py:188} INFO - [2026-04-25T18:39:44.178+0000] {dag.py:3096} INFO - Sync 1 DAGs
[2026-04-25T18:39:44.193+0000] {logging_mixin.py:188} INFO - [2026-04-25T18:39:44.193+0000] {dag.py:3954} INFO - Setting next_dagrun for backfill_pipeline to None, run_after=None
[2026-04-25T18:39:44.215+0000] {processor.py:183} INFO - Processing /opt/airflow/dags/backfill_pipeline_dag.py took 0.083 seconds
[2026-04-25T18:40:14.395+0000] {processor.py:161} INFO - Started process (PID=446) to work on /opt/airflow/dags/backfill_pipeline_dag.py
[2026-04-25T18:40:14.396+0000] {processor.py:830} INFO - Processing file /opt/airflow/dags/backfill_pipeline_dag.py for tasks to queue
[2026-04-25T18:40:14.398+0000] {logging_mixin.py:188} INFO - [2026-04-25T18:40:14.398+0000] {dagbag.py:545} INFO - Filling up the DagBag from /opt/airflow/dags/backfill_pipeline_dag.py
[2026-04-25T18:40:14.409+0000] {processor.py:840} INFO - DAG(s) 'backfill_pipeline' retrieved from /opt/airflow/dags/backfill_pipeline_dag.py
[2026-04-25T18:40:14.436+0000] {logging_mixin.py:188} INFO - [2026-04-25T18:40:14.435+0000] {dag.py:3096} INFO - Sync 1 DAGs
[2026-04-25T18:40:14.448+0000] {logging_mixin.py:188} INFO - [2026-04-25T18:40:14.448+0000] {dag.py:3954} INFO - Setting next_dagrun for backfill_pipeline to None, run_after=None
[2026-04-25T18:40:14.466+0000] {processor.py:183} INFO - Processing /opt/airflow/dags/backfill_pipeline_dag.py took 0.077 seconds
[2026-04-25T18:40:44.637+0000] {processor.py:161} INFO - Started process (PID=461) to work on /opt/airflow/dags/backfill_pipeline_dag.py
[2026-04-25T18:40:44.639+0000] {processor.py:830} INFO - Processing file /opt/airflow/dags/backfill_pipeline_dag.py for tasks to queue
[2026-04-25T18:40:44.642+0000] {logging_mixin.py:188} INFO - [2026-04-25T18:40:44.641+0000] {dagbag.py:545} INFO - Filling up the DagBag from /opt/airflow/dags/backfill_pipeline_dag.py
[2026-04-25T18:40:44.653+0000] {processor.py:840} INFO - DAG(s) 'backfill_pipeline' retrieved from /opt/airflow/dags/backfill_pipeline_dag.py
[2026-04-25T18:40:44.682+0000] {logging_mixin.py:188} INFO - [2026-04-25T18:40:44.682+0000] {dag.py:3096} INFO - Sync 1 DAGs
[2026-04-25T18:40:44.696+0000] {logging_mixin.py:188} INFO - [2026-04-25T18:40:44.696+0000] {dag.py:3954} INFO - Setting next_dagrun for backfill_pipeline to None, run_after=None
[2026-04-25T18:40:44.719+0000] {processor.py:183} INFO - Processing /opt/airflow/dags/backfill_pipeline_dag.py took 0.088 seconds
[2026-04-25T18:41:14.883+0000] {processor.py:161} INFO - Started process (PID=476) to work on /opt/airflow/dags/backfill_pipeline_dag.py
[2026-04-25T18:41:14.886+0000] {processor.py:830} INFO - Processing file /opt/airflow/dags/backfill_pipeline_dag.py for tasks to queue
[2026-04-25T18:41:14.887+0000] {logging_mixin.py:188} INFO - [2026-04-25T18:41:14.887+0000] {dagbag.py:545} INFO - Filling up the DagBag from /opt/airflow/dags/backfill_pipeline_dag.py
[2026-04-25T18:41:14.897+0000] {processor.py:840} INFO - DAG(s) 'backfill_pipeline' retrieved from /opt/airflow/dags/backfill_pipeline_dag.py
[2026-04-25T18:41:14.925+0000] {logging_mixin.py:188} INFO - [2026-04-25T18:41:14.925+0000] {dag.py:3096} INFO - Sync 1 DAGs
[2026-04-25T18:41:14.937+0000] {logging_mixin.py:188} INFO - [2026-04-25T18:41:14.937+0000] {dag.py:3954} INFO - Setting next_dagrun for backfill_pipeline to None, run_after=None
[2026-04-25T18:41:14.956+0000] {processor.py:183} INFO - Processing /opt/airflow/dags/backfill_pipeline_dag.py took 0.078 seconds
[2026-04-25T18:41:45.119+0000] {processor.py:161} INFO - Started process (PID=491) to work on /opt/airflow/dags/backfill_pipeline_dag.py
[2026-04-25T18:41:45.122+0000] {processor.py:830} INFO - Processing file /opt/airflow/dags/backfill_pipeline_dag.py for tasks to queue
[2026-04-25T18:41:45.124+0000] {logging_mixin.py:188} INFO - [2026-04-25T18:41:45.123+0000] {dagbag.py:545} INFO - Filling up the DagBag from /opt/airflow/dags/backfill_pipeline_dag.py
[2026-04-25T18:41:45.132+0000] {processor.py:840} INFO - DAG(s) 'backfill_pipeline' retrieved from /opt/airflow/dags/backfill_pipeline_dag.py
[2026-04-25T18:41:45.159+0000] {logging_mixin.py:188} INFO - [2026-04-25T18:41:45.159+0000] {dag.py:3096} INFO - Sync 1 DAGs
[2026-04-25T18:41:45.172+0000] {logging_mixin.py:188} INFO - [2026-04-25T18:41:45.172+0000] {dag.py:3954} INFO - Setting next_dagrun for backfill_pipeline to None, run_after=None
[2026-04-25T18:41:45.193+0000] {processor.py:183} INFO - Processing /opt/airflow/dags/backfill_pipeline_dag.py took 0.079 seconds
[2026-04-25T18:42:15.364+0000] {processor.py:161} INFO - Started process (PID=506) to work on /opt/airflow/dags/backfill_pipeline_dag.py
[2026-04-25T18:42:15.366+0000] {processor.py:830} INFO - Processing file /opt/airflow/dags/backfill_pipeline_dag.py for tasks to queue
[2026-04-25T18:42:15.368+0000] {logging_mixin.py:188} INFO - [2026-04-25T18:42:15.367+0000] {dagbag.py:545} INFO - Filling up the DagBag from /opt/airflow/dags/backfill_pipeline_dag.py
[2026-04-25T18:42:15.378+0000] {processor.py:840} INFO - DAG(s) 'backfill_pipeline' retrieved from /opt/airflow/dags/backfill_pipeline_dag.py
[2026-04-25T18:42:15.410+0000] {logging_mixin.py:188} INFO - [2026-04-25T18:42:15.410+0000] {dag.py:3096} INFO - Sync 1 DAGs
[2026-04-25T18:42:15.421+0000] {logging_mixin.py:188} INFO - [2026-04-25T18:42:15.421+0000] {dag.py:3954} INFO - Setting next_dagrun for backfill_pipeline to None, run_after=None
[2026-04-25T18:42:15.441+0000] {processor.py:183} INFO - Processing /opt/airflow/dags/backfill_pipeline_dag.py took 0.082 seconds
[2026-04-25T18:42:45.608+0000] {processor.py:161} INFO - Started process (PID=521) to work on /opt/airflow/dags/backfill_pipeline_dag.py
[2026-04-25T18:42:45.611+0000] {processor.py:830} INFO - Processing file /opt/airflow/dags/backfill_pipeline_dag.py for tasks to queue
[2026-04-25T18:42:45.612+0000] {logging_mixin.py:188} INFO - [2026-04-25T18:42:45.612+0000] {dagbag.py:545} INFO - Filling up the DagBag from /opt/airflow/dags/backfill_pipeline_dag.py
[2026-04-25T18:42:45.621+0000] {processor.py:840} INFO - DAG(s) 'backfill_pipeline' retrieved from /opt/airflow/dags/backfill_pipeline_dag.py
[2026-04-25T18:42:45.653+0000] {logging_mixin.py:188} INFO - [2026-04-25T18:42:45.653+0000] {dag.py:3096} INFO - Sync 1 DAGs
[2026-04-25T18:42:45.666+0000] {logging_mixin.py:188} INFO - [2026-04-25T18:42:45.666+0000] {dag.py:3954} INFO - Setting next_dagrun for backfill_pipeline to None, run_after=None
[2026-04-25T18:42:45.688+0000] {processor.py:183} INFO - Processing /opt/airflow/dags/backfill_pipeline_dag.py took 0.085 seconds
[2026-04-25T18:43:15.860+0000] {processor.py:161} INFO - Started process (PID=536) to work on /opt/airflow/dags/backfill_pipeline_dag.py
[2026-04-25T18:43:15.862+0000] {processor.py:830} INFO - Processing file /opt/airflow/dags/backfill_pipeline_dag.py for tasks to queue
[2026-04-25T18:43:15.864+0000] {logging_mixin.py:188} INFO - [2026-04-25T18:43:15.864+0000] {dagbag.py:545} INFO - Filling up the DagBag from /opt/airflow/dags/backfill_pipeline_dag.py
[2026-04-25T18:43:15.874+0000] {processor.py:840} INFO - DAG(s) 'backfill_pipeline' retrieved from /opt/airflow/dags/backfill_pipeline_dag.py
[2026-04-25T18:43:15.903+0000] {logging_mixin.py:188} INFO - [2026-04-25T18:43:15.902+0000] {dag.py:3096} INFO - Sync 1 DAGs
[2026-04-25T18:43:15.915+0000] {logging_mixin.py:188} INFO - [2026-04-25T18:43:15.915+0000] {dag.py:3954} INFO - Setting next_dagrun for backfill_pipeline to None, run_after=None
[2026-04-25T18:43:15.935+0000] {processor.py:183} INFO - Processing /opt/airflow/dags/backfill_pipeline_dag.py took 0.080 seconds
[2026-04-25T18:43:46.106+0000] {processor.py:161} INFO - Started process (PID=551) to work on /opt/airflow/dags/backfill_pipeline_dag.py
[2026-04-25T18:43:46.108+0000] {processor.py:830} INFO - Processing file /opt/airflow/dags/backfill_pipeline_dag.py for tasks to queue
[2026-04-25T18:43:46.109+0000] {logging_mixin.py:188} INFO - [2026-04-25T18:43:46.109+0000] {dagbag.py:545} INFO - Filling up the DagBag from /opt/airflow/dags/backfill_pipeline_dag.py
[2026-04-25T18:43:46.117+0000] {processor.py:840} INFO - DAG(s) 'backfill_pipeline' retrieved from /opt/airflow/dags/backfill_pipeline_dag.py
[2026-04-25T18:43:46.148+0000] {logging_mixin.py:188} INFO - [2026-04-25T18:43:46.148+0000] {dag.py:3096} INFO - Sync 1 DAGs
[2026-04-25T18:43:46.163+0000] {logging_mixin.py:188} INFO - [2026-04-25T18:43:46.163+0000] {dag.py:3954} INFO - Setting next_dagrun for backfill_pipeline to None, run_after=None
[2026-04-25T18:43:46.186+0000] {processor.py:183} INFO - Processing /opt/airflow/dags/backfill_pipeline_dag.py took 0.085 seconds
[2026-04-25T18:44:16.357+0000] {processor.py:161} INFO - Started process (PID=566) to work on /opt/airflow/dags/backfill_pipeline_dag.py
[2026-04-25T18:44:16.360+0000] {processor.py:830} INFO - Processing file /opt/airflow/dags/backfill_pipeline_dag.py for tasks to queue
[2026-04-25T18:44:16.362+0000] {logging_mixin.py:188} INFO - [2026-04-25T18:44:16.362+0000] {dagbag.py:545} INFO - Filling up the DagBag from /opt/airflow/dags/backfill_pipeline_dag.py
[2026-04-25T18:44:16.372+0000] {processor.py:840} INFO - DAG(s) 'backfill_pipeline' retrieved from /opt/airflow/dags/backfill_pipeline_dag.py
[2026-04-25T18:44:16.401+0000] {logging_mixin.py:188} INFO - [2026-04-25T18:44:16.401+0000] {dag.py:3096} INFO - Sync 1 DAGs
[2026-04-25T18:44:16.414+0000] {logging_mixin.py:188} INFO - [2026-04-25T18:44:16.414+0000] {dag.py:3954} INFO - Setting next_dagrun for backfill_pipeline to None, run_after=None
[2026-04-25T18:44:16.433+0000] {processor.py:183} INFO - Processing /opt/airflow/dags/backfill_pipeline_dag.py took 0.082 seconds
[2026-04-25T18:44:46.603+0000] {processor.py:161} INFO - Started process (PID=581) to work on /opt/airflow/dags/backfill_pipeline_dag.py
[2026-04-25T18:44:46.605+0000] {processor.py:830} INFO - Processing file /opt/airflow/dags/backfill_pipeline_dag.py for tasks to queue
[2026-04-25T18:44:46.606+0000] {logging_mixin.py:188} INFO - [2026-04-25T18:44:46.606+0000] {dagbag.py:545} INFO - Filling up the DagBag from /opt/airflow/dags/backfill_pipeline_dag.py
[2026-04-25T18:44:46.613+0000] {processor.py:840} INFO - DAG(s) 'backfill_pipeline' retrieved from /opt/airflow/dags/backfill_pipeline_dag.py
[2026-04-25T18:44:46.643+0000] {logging_mixin.py:188} INFO - [2026-04-25T18:44:46.643+0000] {dag.py:3096} INFO - Sync 1 DAGs
[2026-04-25T18:44:46.657+0000] {logging_mixin.py:188} INFO - [2026-04-25T18:44:46.657+0000] {dag.py:3954} INFO - Setting next_dagrun for backfill_pipeline to None, run_after=None
[2026-04-25T18:44:46.678+0000] {processor.py:183} INFO - Processing /opt/airflow/dags/backfill_pipeline_dag.py took 0.080 seconds
[2026-04-25T18:45:16.825+0000] {processor.py:161} INFO - Started process (PID=596) to work on /opt/airflow/dags/backfill_pipeline_dag.py
[2026-04-25T18:45:16.827+0000] {processor.py:830} INFO - Processing file /opt/airflow/dags/backfill_pipeline_dag.py for tasks to queue
[2026-04-25T18:45:16.829+0000] {logging_mixin.py:188} INFO - [2026-04-25T18:45:16.829+0000] {dagbag.py:545} INFO - Filling up the DagBag from /opt/airflow/dags/backfill_pipeline_dag.py
[2026-04-25T18:45:16.838+0000] {processor.py:840} INFO - DAG(s) 'backfill_pipeline' retrieved from /opt/airflow/dags/backfill_pipeline_dag.py
[2026-04-25T18:45:16.868+0000] {logging_mixin.py:188} INFO - [2026-04-25T18:45:16.868+0000] {dag.py:3096} INFO - Sync 1 DAGs
[2026-04-25T18:45:16.882+0000] {logging_mixin.py:188} INFO - [2026-04-25T18:45:16.881+0000] {dag.py:3954} INFO - Setting next_dagrun for backfill_pipeline to None, run_after=None
[2026-04-25T18:45:16.901+0000] {processor.py:183} INFO - Processing /opt/airflow/dags/backfill_pipeline_dag.py took 0.081 seconds
[2026-04-25T18:45:47.068+0000] {processor.py:161} INFO - Started process (PID=611) to work on /opt/airflow/dags/backfill_pipeline_dag.py
[2026-04-25T18:45:47.070+0000] {processor.py:830} INFO - Processing file /opt/airflow/dags/backfill_pipeline_dag.py for tasks to queue
[2026-04-25T18:45:47.072+0000] {logging_mixin.py:188} INFO - [2026-04-25T18:45:47.071+0000] {dagbag.py:545} INFO - Filling up the DagBag from /opt/airflow/dags/backfill_pipeline_dag.py
[2026-04-25T18:45:47.082+0000] {processor.py:840} INFO - DAG(s) 'backfill_pipeline' retrieved from /opt/airflow/dags/backfill_pipeline_dag.py
[2026-04-25T18:45:47.112+0000] {logging_mixin.py:188} INFO - [2026-04-25T18:45:47.112+0000] {dag.py:3096} INFO - Sync 1 DAGs
[2026-04-25T18:45:47.125+0000] {logging_mixin.py:188} INFO - [2026-04-25T18:45:47.125+0000] {dag.py:3954} INFO - Setting next_dagrun for backfill_pipeline to None, run_after=None
[2026-04-25T18:45:47.144+0000] {processor.py:183} INFO - Processing /opt/airflow/dags/backfill_pipeline_dag.py took 0.082 seconds
[2026-04-25T18:46:17.319+0000] {processor.py:161} INFO - Started process (PID=626) to work on /opt/airflow/dags/backfill_pipeline_dag.py
[2026-04-25T18:46:17.321+0000] {processor.py:830} INFO - Processing file /opt/airflow/dags/backfill_pipeline_dag.py for tasks to queue
[2026-04-25T18:46:17.323+0000] {logging_mixin.py:188} INFO - [2026-04-25T18:46:17.322+0000] {dagbag.py:545} INFO - Filling up the DagBag from /opt/airflow/dags/backfill_pipeline_dag.py
[2026-04-25T18:46:17.332+0000] {processor.py:840} INFO - DAG(s) 'backfill_pipeline' retrieved from /opt/airflow/dags/backfill_pipeline_dag.py
[2026-04-25T18:46:17.360+0000] {logging_mixin.py:188} INFO - [2026-04-25T18:46:17.359+0000] {dag.py:3096} INFO - Sync 1 DAGs
[2026-04-25T18:46:17.372+0000] {logging_mixin.py:188} INFO - [2026-04-25T18:46:17.372+0000] {dag.py:3954} INFO - Setting next_dagrun for backfill_pipeline to None, run_after=None
[2026-04-25T18:46:17.391+0000] {processor.py:183} INFO - Processing /opt/airflow/dags/backfill_pipeline_dag.py took 0.077 seconds
[2026-04-25T18:46:47.564+0000] {processor.py:161} INFO - Started process (PID=641) to work on /opt/airflow/dags/backfill_pipeline_dag.py
[2026-04-25T18:46:47.567+0000] {processor.py:830} INFO - Processing file /opt/airflow/dags/backfill_pipeline_dag.py for tasks to queue
[2026-04-25T18:46:47.568+0000] {logging_mixin.py:188} INFO - [2026-04-25T18:46:47.568+0000] {dagbag.py:545} INFO - Filling up the DagBag from /opt/airflow/dags/backfill_pipeline_dag.py
[2026-04-25T18:46:47.577+0000] {processor.py:840} INFO - DAG(s) 'backfill_pipeline' retrieved from /opt/airflow/dags/backfill_pipeline_dag.py
[2026-04-25T18:46:47.604+0000] {logging_mixin.py:188} INFO - [2026-04-25T18:46:47.604+0000] {dag.py:3096} INFO - Sync 1 DAGs
[2026-04-25T18:46:47.617+0000] {logging_mixin.py:188} INFO - [2026-04-25T18:46:47.617+0000] {dag.py:3954} INFO - Setting next_dagrun for backfill_pipeline to None, run_after=None
[2026-04-25T18:46:47.635+0000] {processor.py:183} INFO - Processing /opt/airflow/dags/backfill_pipeline_dag.py took 0.077 seconds
[2026-04-25T18:47:17.804+0000] {processor.py:161} INFO - Started process (PID=656) to work on /opt/airflow/dags/backfill_pipeline_dag.py
[2026-04-25T18:47:17.807+0000] {processor.py:830} INFO - Processing file /opt/airflow/dags/backfill_pipeline_dag.py for tasks to queue
[2026-04-25T18:47:17.808+0000] {logging_mixin.py:188} INFO - [2026-04-25T18:47:17.808+0000] {dagbag.py:545} INFO - Filling up the DagBag from /opt/airflow/dags/backfill_pipeline_dag.py
[2026-04-25T18:47:17.818+0000] {processor.py:840} INFO - DAG(s) 'backfill_pipeline' retrieved from /opt/airflow/dags/backfill_pipeline_dag.py
[2026-04-25T18:47:17.846+0000] {logging_mixin.py:188} INFO - [2026-04-25T18:47:17.845+0000] {dag.py:3096} INFO - Sync 1 DAGs
[2026-04-25T18:47:17.859+0000] {logging_mixin.py:188} INFO - [2026-04-25T18:47:17.859+0000] {dag.py:3954} INFO - Setting next_dagrun for backfill_pipeline to None, run_after=None
[2026-04-25T18:47:17.877+0000] {processor.py:183} INFO - Processing /opt/airflow/dags/backfill_pipeline_dag.py took 0.078 seconds
[2026-04-25T18:47:48.061+0000] {processor.py:161} INFO - Started process (PID=671) to work on /opt/airflow/dags/backfill_pipeline_dag.py
[2026-04-25T18:47:48.064+0000] {processor.py:830} INFO - Processing file /opt/airflow/dags/backfill_pipeline_dag.py for tasks to queue
[2026-04-25T18:47:48.065+0000] {logging_mixin.py:188} INFO - [2026-04-25T18:47:48.065+0000] {dagbag.py:545} INFO - Filling up the DagBag from /opt/airflow/dags/backfill_pipeline_dag.py
[2026-04-25T18:47:48.073+0000] {processor.py:840} INFO - DAG(s) 'backfill_pipeline' retrieved from /opt/airflow/dags/backfill_pipeline_dag.py
[2026-04-25T18:47:48.099+0000] {logging_mixin.py:188} INFO - [2026-04-25T18:47:48.099+0000] {dag.py:3096} INFO - Sync 1 DAGs
[2026-04-25T18:47:48.114+0000] {logging_mixin.py:188} INFO - [2026-04-25T18:47:48.113+0000] {dag.py:3954} INFO - Setting next_dagrun for backfill_pipeline to None, run_after=None
[2026-04-25T18:47:48.134+0000] {processor.py:183} INFO - Processing /opt/airflow/dags/backfill_pipeline_dag.py took 0.078 seconds
[2026-04-25T18:48:18.306+0000] {processor.py:161} INFO - Started process (PID=686) to work on /opt/airflow/dags/backfill_pipeline_dag.py
[2026-04-25T18:48:18.308+0000] {processor.py:830} INFO - Processing file /opt/airflow/dags/backfill_pipeline_dag.py for tasks to queue
[2026-04-25T18:48:18.309+0000] {logging_mixin.py:188} INFO - [2026-04-25T18:48:18.309+0000] {dagbag.py:545} INFO - Filling up the DagBag from /opt/airflow/dags/backfill_pipeline_dag.py
[2026-04-25T18:48:18.320+0000] {processor.py:840} INFO - DAG(s) 'backfill_pipeline' retrieved from /opt/airflow/dags/backfill_pipeline_dag.py
[2026-04-25T18:48:18.351+0000] {logging_mixin.py:188} INFO - [2026-04-25T18:48:18.351+0000] {dag.py:3096} INFO - Sync 1 DAGs
[2026-04-25T18:48:18.368+0000] {logging_mixin.py:188} INFO - [2026-04-25T18:48:18.368+0000] {dag.py:3954} INFO - Setting next_dagrun for backfill_pipeline to None, run_after=None
[2026-04-25T18:48:18.393+0000] {processor.py:183} INFO - Processing /opt/airflow/dags/backfill_pipeline_dag.py took 0.092 seconds
[2026-04-25T18:48:48.578+0000] {processor.py:161} INFO - Started process (PID=701) to work on /opt/airflow/dags/backfill_pipeline_dag.py
[2026-04-25T18:48:48.581+0000] {processor.py:830} INFO - Processing file /opt/airflow/dags/backfill_pipeline_dag.py for tasks to queue
[2026-04-25T18:48:48.582+0000] {logging_mixin.py:188} INFO - [2026-04-25T18:48:48.582+0000] {dagbag.py:545} INFO - Filling up the DagBag from /opt/airflow/dags/backfill_pipeline_dag.py
[2026-04-25T18:48:48.592+0000] {processor.py:840} INFO - DAG(s) 'backfill_pipeline' retrieved from /opt/airflow/dags/backfill_pipeline_dag.py
[2026-04-25T18:48:48.630+0000] {logging_mixin.py:188} INFO - [2026-04-25T18:48:48.630+0000] {dag.py:3096} INFO - Sync 1 DAGs
[2026-04-25T18:48:48.645+0000] {logging_mixin.py:188} INFO - [2026-04-25T18:48:48.644+0000] {dag.py:3954} INFO - Setting next_dagrun for backfill_pipeline to None, run_after=None
[2026-04-25T18:48:48.671+0000] {processor.py:183} INFO - Processing /opt/airflow/dags/backfill_pipeline_dag.py took 0.099 seconds
[2026-04-25T18:49:18.866+0000] {processor.py:161} INFO - Started process (PID=716) to work on /opt/airflow/dags/backfill_pipeline_dag.py
[2026-04-25T18:49:18.869+0000] {processor.py:830} INFO - Processing file /opt/airflow/dags/backfill_pipeline_dag.py for tasks to queue
[2026-04-25T18:49:18.871+0000] {logging_mixin.py:188} INFO - [2026-04-25T18:49:18.871+0000] {dagbag.py:545} INFO - Filling up the DagBag from /opt/airflow/dags/backfill_pipeline_dag.py
[2026-04-25T18:49:18.882+0000] {processor.py:840} INFO - DAG(s) 'backfill_pipeline' retrieved from /opt/airflow/dags/backfill_pipeline_dag.py
[2026-04-25T18:49:18.910+0000] {logging_mixin.py:188} INFO - [2026-04-25T18:49:18.910+0000] {dag.py:3096} INFO - Sync 1 DAGs
[2026-04-25T18:49:18.922+0000] {logging_mixin.py:188} INFO - [2026-04-25T18:49:18.921+0000] {dag.py:3954} INFO - Setting next_dagrun for backfill_pipeline to None, run_after=None
[2026-04-25T18:49:18.943+0000] {processor.py:183} INFO - Processing /opt/airflow/dags/backfill_pipeline_dag.py took 0.083 seconds
[2026-04-25T18:49:49.131+0000] {processor.py:161} INFO - Started process (PID=731) to work on /opt/airflow/dags/backfill_pipeline_dag.py
[2026-04-25T18:49:49.133+0000] {processor.py:830} INFO - Processing file /opt/airflow/dags/backfill_pipeline_dag.py for tasks to queue
[2026-04-25T18:49:49.135+0000] {logging_mixin.py:188} INFO - [2026-04-25T18:49:49.134+0000] {dagbag.py:545} INFO - Filling up the DagBag from /opt/airflow/dags/backfill_pipeline_dag.py
[2026-04-25T18:49:49.144+0000] {processor.py:840} INFO - DAG(s) 'backfill_pipeline' retrieved from /opt/airflow/dags/backfill_pipeline_dag.py
[2026-04-25T18:49:49.172+0000] {logging_mixin.py:188} INFO - [2026-04-25T18:49:49.172+0000] {dag.py:3096} INFO - Sync 1 DAGs
[2026-04-25T18:49:49.184+0000] {logging_mixin.py:188} INFO - [2026-04-25T18:49:49.184+0000] {dag.py:3954} INFO - Setting next_dagrun for backfill_pipeline to None, run_after=None
[2026-04-25T18:49:49.205+0000] {processor.py:183} INFO - Processing /opt/airflow/dags/backfill_pipeline_dag.py took 0.079 seconds
[2026-04-25T18:50:19.379+0000] {processor.py:161} INFO - Started process (PID=746) to work on /opt/airflow/dags/backfill_pipeline_dag.py
[2026-04-25T18:50:19.382+0000] {processor.py:830} INFO - Processing file /opt/airflow/dags/backfill_pipeline_dag.py for tasks to queue
[2026-04-25T18:50:19.383+0000] {logging_mixin.py:188} INFO - [2026-04-25T18:50:19.383+0000] {dagbag.py:545} INFO - Filling up the DagBag from /opt/airflow/dags/backfill_pipeline_dag.py
[2026-04-25T18:50:19.392+0000] {processor.py:840} INFO - DAG(s) 'backfill_pipeline' retrieved from /opt/airflow/dags/backfill_pipeline_dag.py
[2026-04-25T18:50:19.420+0000] {logging_mixin.py:188} INFO - [2026-04-25T18:50:19.420+0000] {dag.py:3096} INFO - Sync 1 DAGs
[2026-04-25T18:50:19.433+0000] {logging_mixin.py:188} INFO - [2026-04-25T18:50:19.432+0000] {dag.py:3954} INFO - Setting next_dagrun for backfill_pipeline to None, run_after=None
[2026-04-25T18:50:19.455+0000] {processor.py:183} INFO - Processing /opt/airflow/dags/backfill_pipeline_dag.py took 0.081 seconds
[2026-04-25T18:50:49.635+0000] {processor.py:161} INFO - Started process (PID=761) to work on /opt/airflow/dags/backfill_pipeline_dag.py
[2026-04-25T18:50:49.638+0000] {processor.py:830} INFO - Processing file /opt/airflow/dags/backfill_pipeline_dag.py for tasks to queue
[2026-04-25T18:50:49.640+0000] {logging_mixin.py:188} INFO - [2026-04-25T18:50:49.640+0000] {dagbag.py:545} INFO - Filling up the DagBag from /opt/airflow/dags/backfill_pipeline_dag.py
[2026-04-25T18:50:49.649+0000] {processor.py:840} INFO - DAG(s) 'backfill_pipeline' retrieved from /opt/airflow/dags/backfill_pipeline_dag.py
[2026-04-25T18:50:49.683+0000] {logging_mixin.py:188} INFO - [2026-04-25T18:50:49.683+0000] {dag.py:3096} INFO - Sync 1 DAGs
[2026-04-25T18:50:49.698+0000] {logging_mixin.py:188} INFO - [2026-04-25T18:50:49.698+0000] {dag.py:3954} INFO - Setting next_dagrun for backfill_pipeline to None, run_after=None
[2026-04-25T18:50:49.717+0000] {processor.py:183} INFO - Processing /opt/airflow/dags/backfill_pipeline_dag.py took 0.090 seconds
[2026-04-25T18:51:19.894+0000] {processor.py:161} INFO - Started process (PID=776) to work on /opt/airflow/dags/backfill_pipeline_dag.py
[2026-04-25T18:51:19.897+0000] {processor.py:830} INFO - Processing file /opt/airflow/dags/backfill_pipeline_dag.py for tasks to queue
[2026-04-25T18:51:19.899+0000] {logging_mixin.py:188} INFO - [2026-04-25T18:51:19.899+0000] {dagbag.py:545} INFO - Filling up the DagBag from /opt/airflow/dags/backfill_pipeline_dag.py
[2026-04-25T18:51:19.909+0000] {processor.py:840} INFO - DAG(s) 'backfill_pipeline' retrieved from /opt/airflow/dags/backfill_pipeline_dag.py
[2026-04-25T18:51:19.940+0000] {logging_mixin.py:188} INFO - [2026-04-25T18:51:19.939+0000] {dag.py:3096} INFO - Sync 1 DAGs
[2026-04-25T18:51:19.951+0000] {logging_mixin.py:188} INFO - [2026-04-25T18:51:19.951+0000] {dag.py:3954} INFO - Setting next_dagrun for backfill_pipeline to None, run_after=None
[2026-04-25T18:51:19.974+0000] {processor.py:183} INFO - Processing /opt/airflow/dags/backfill_pipeline_dag.py took 0.086 seconds
[2026-04-25T18:51:50.149+0000] {processor.py:161} INFO - Started process (PID=791) to work on /opt/airflow/dags/backfill_pipeline_dag.py
[2026-04-25T18:51:50.151+0000] {processor.py:830} INFO - Processing file /opt/airflow/dags/backfill_pipeline_dag.py for tasks to queue
[2026-04-25T18:51:50.153+0000] {logging_mixin.py:188} INFO - [2026-04-25T18:51:50.153+0000] {dagbag.py:545} INFO - Filling up the DagBag from /opt/airflow/dags/backfill_pipeline_dag.py
[2026-04-25T18:51:50.162+0000] {processor.py:840} INFO - DAG(s) 'backfill_pipeline' retrieved from /opt/airflow/dags/backfill_pipeline_dag.py
[2026-04-25T18:51:50.191+0000] {logging_mixin.py:188} INFO - [2026-04-25T18:51:50.191+0000] {dag.py:3096} INFO - Sync 1 DAGs
[2026-04-25T18:51:50.203+0000] {logging_mixin.py:188} INFO - [2026-04-25T18:51:50.202+0000] {dag.py:3954} INFO - Setting next_dagrun for backfill_pipeline to None, run_after=None
[2026-04-25T18:51:50.223+0000] {processor.py:183} INFO - Processing /opt/airflow/dags/backfill_pipeline_dag.py took 0.080 seconds
[2026-04-25T18:52:20.396+0000] {processor.py:161} INFO - Started process (PID=806) to work on /opt/airflow/dags/backfill_pipeline_dag.py
[2026-04-25T18:52:20.398+0000] {processor.py:830} INFO - Processing file /opt/airflow/dags/backfill_pipeline_dag.py for tasks to queue
[2026-04-25T18:52:20.399+0000] {logging_mixin.py:188} INFO - [2026-04-25T18:52:20.399+0000] {dagbag.py:545} INFO - Filling up the DagBag from /opt/airflow/dags/backfill_pipeline_dag.py
[2026-04-25T18:52:20.410+0000] {processor.py:840} INFO - DAG(s) 'backfill_pipeline' retrieved from /opt/airflow/dags/backfill_pipeline_dag.py
[2026-04-25T18:52:20.442+0000] {logging_mixin.py:188} INFO - [2026-04-25T18:52:20.441+0000] {dag.py:3096} INFO - Sync 1 DAGs
[2026-04-25T18:52:20.456+0000] {logging_mixin.py:188} INFO - [2026-04-25T18:52:20.456+0000] {dag.py:3954} INFO - Setting next_dagrun for backfill_pipeline to None, run_after=None
[2026-04-25T18:52:20.477+0000] {processor.py:183} INFO - Processing /opt/airflow/dags/backfill_pipeline_dag.py took 0.086 seconds
[2026-04-25T18:52:50.654+0000] {processor.py:161} INFO - Started process (PID=821) to work on /opt/airflow/dags/backfill_pipeline_dag.py
[2026-04-25T18:52:50.657+0000] {processor.py:830} INFO - Processing file /opt/airflow/dags/backfill_pipeline_dag.py for tasks to queue
[2026-04-25T18:52:50.659+0000] {logging_mixin.py:188} INFO - [2026-04-25T18:52:50.659+0000] {dagbag.py:545} INFO - Filling up the DagBag from /opt/airflow/dags/backfill_pipeline_dag.py
[2026-04-25T18:52:50.670+0000] {processor.py:840} INFO - DAG(s) 'backfill_pipeline' retrieved from /opt/airflow/dags/backfill_pipeline_dag.py
[2026-04-25T18:52:50.701+0000] {logging_mixin.py:188} INFO - [2026-04-25T18:52:50.701+0000] {dag.py:3096} INFO - Sync 1 DAGs
[2026-04-25T18:52:50.713+0000] {logging_mixin.py:188} INFO - [2026-04-25T18:52:50.713+0000] {dag.py:3954} INFO - Setting next_dagrun for backfill_pipeline to None, run_after=None
[2026-04-25T18:52:50.733+0000] {processor.py:183} INFO - Processing /opt/airflow/dags/backfill_pipeline_dag.py took 0.084 seconds
[2026-04-25T18:53:20.911+0000] {processor.py:161} INFO - Started process (PID=836) to work on /opt/airflow/dags/backfill_pipeline_dag.py
[2026-04-25T18:53:20.914+0000] {processor.py:830} INFO - Processing file /opt/airflow/dags/backfill_pipeline_dag.py for tasks to queue
[2026-04-25T18:53:20.916+0000] {logging_mixin.py:188} INFO - [2026-04-25T18:53:20.915+0000] {dagbag.py:545} INFO - Filling up the DagBag from /opt/airflow/dags/backfill_pipeline_dag.py
[2026-04-25T18:53:20.927+0000] {processor.py:840} INFO - DAG(s) 'backfill_pipeline' retrieved from /opt/airflow/dags/backfill_pipeline_dag.py
[2026-04-25T18:53:20.960+0000] {logging_mixin.py:188} INFO - [2026-04-25T18:53:20.960+0000] {dag.py:3096} INFO - Sync 1 DAGs
[2026-04-25T18:53:20.974+0000] {logging_mixin.py:188} INFO - [2026-04-25T18:53:20.973+0000] {dag.py:3954} INFO - Setting next_dagrun for backfill_pipeline to None, run_after=None
[2026-04-25T18:53:20.995+0000] {processor.py:183} INFO - Processing /opt/airflow/dags/backfill_pipeline_dag.py took 0.090 seconds
[2026-04-25T18:53:51.173+0000] {processor.py:161} INFO - Started process (PID=851) to work on /opt/airflow/dags/backfill_pipeline_dag.py
[2026-04-25T18:53:51.175+0000] {processor.py:830} INFO - Processing file /opt/airflow/dags/backfill_pipeline_dag.py for tasks to queue
[2026-04-25T18:53:51.177+0000] {logging_mixin.py:188} INFO - [2026-04-25T18:53:51.177+0000] {dagbag.py:545} INFO - Filling up the DagBag from /opt/airflow/dags/backfill_pipeline_dag.py
[2026-04-25T18:53:51.188+0000] {processor.py:840} INFO - DAG(s) 'backfill_pipeline' retrieved from /opt/airflow/dags/backfill_pipeline_dag.py
[2026-04-25T18:53:51.222+0000] {logging_mixin.py:188} INFO - [2026-04-25T18:53:51.222+0000] {dag.py:3096} INFO - Sync 1 DAGs
[2026-04-25T18:53:51.238+0000] {logging_mixin.py:188} INFO - [2026-04-25T18:53:51.238+0000] {dag.py:3954} INFO - Setting next_dagrun for backfill_pipeline to None, run_after=None
[2026-04-25T18:53:51.260+0000] {processor.py:183} INFO - Processing /opt/airflow/dags/backfill_pipeline_dag.py took 0.095 seconds
[2026-04-25T18:54:21.427+0000] {processor.py:161} INFO - Started process (PID=866) to work on /opt/airflow/dags/backfill_pipeline_dag.py
[2026-04-25T18:54:21.428+0000] {processor.py:830} INFO - Processing file /opt/airflow/dags/backfill_pipeline_dag.py for tasks to queue
[2026-04-25T18:54:21.430+0000] {logging_mixin.py:188} INFO - [2026-04-25T18:54:21.430+0000] {dagbag.py:545} INFO - Filling up the DagBag from /opt/airflow/dags/backfill_pipeline_dag.py
[2026-04-25T18:54:21.438+0000] {processor.py:840} INFO - DAG(s) 'backfill_pipeline' retrieved from /opt/airflow/dags/backfill_pipeline_dag.py
[2026-04-25T18:54:21.465+0000] {logging_mixin.py:188} INFO - [2026-04-25T18:54:21.464+0000] {dag.py:3096} INFO - Sync 1 DAGs
[2026-04-25T18:54:21.475+0000] {logging_mixin.py:188} INFO - [2026-04-25T18:54:21.475+0000] {dag.py:3954} INFO - Setting next_dagrun for backfill_pipeline to None, run_after=None
[2026-04-25T18:54:21.491+0000] {processor.py:183} INFO - Processing /opt/airflow/dags/backfill_pipeline_dag.py took 0.070 seconds
[2026-04-25T18:54:51.652+0000] {processor.py:161} INFO - Started process (PID=881) to work on /opt/airflow/dags/backfill_pipeline_dag.py
[2026-04-25T18:54:51.653+0000] {processor.py:830} INFO - Processing file /opt/airflow/dags/backfill_pipeline_dag.py for tasks to queue
[2026-04-25T18:54:51.654+0000] {logging_mixin.py:188} INFO - [2026-04-25T18:54:51.654+0000] {dagbag.py:545} INFO - Filling up the DagBag from /opt/airflow/dags/backfill_pipeline_dag.py
[2026-04-25T18:54:51.662+0000] {processor.py:840} INFO - DAG(s) 'backfill_pipeline' retrieved from /opt/airflow/dags/backfill_pipeline_dag.py
[2026-04-25T18:54:51.688+0000] {logging_mixin.py:188} INFO - [2026-04-25T18:54:51.688+0000] {dag.py:3096} INFO - Sync 1 DAGs
[2026-04-25T18:54:51.699+0000] {logging_mixin.py:188} INFO - [2026-04-25T18:54:51.699+0000] {dag.py:3954} INFO - Setting next_dagrun for backfill_pipeline to None, run_after=None
[2026-04-25T18:54:51.718+0000] {processor.py:183} INFO - Processing /opt/airflow/dags/backfill_pipeline_dag.py took 0.071 seconds
[2026-04-25T18:55:21.863+0000] {processor.py:161} INFO - Started process (PID=896) to work on /opt/airflow/dags/backfill_pipeline_dag.py
[2026-04-25T18:55:21.864+0000] {processor.py:830} INFO - Processing file /opt/airflow/dags/backfill_pipeline_dag.py for tasks to queue
[2026-04-25T18:55:21.866+0000] {logging_mixin.py:188} INFO - [2026-04-25T18:55:21.865+0000] {dagbag.py:545} INFO - Filling up the DagBag from /opt/airflow/dags/backfill_pipeline_dag.py
[2026-04-25T18:55:21.873+0000] {processor.py:840} INFO - DAG(s) 'backfill_pipeline' retrieved from /opt/airflow/dags/backfill_pipeline_dag.py
[2026-04-25T18:55:21.897+0000] {logging_mixin.py:188} INFO - [2026-04-25T18:55:21.897+0000] {dag.py:3096} INFO - Sync 1 DAGs
[2026-04-25T18:55:21.908+0000] {logging_mixin.py:188} INFO - [2026-04-25T18:55:21.908+0000] {dag.py:3954} INFO - Setting next_dagrun for backfill_pipeline to None, run_after=None
[2026-04-25T18:55:21.927+0000] {processor.py:183} INFO - Processing /opt/airflow/dags/backfill_pipeline_dag.py took 0.069 seconds
[2026-04-25T18:55:52.091+0000] {processor.py:161} INFO - Started process (PID=911) to work on /opt/airflow/dags/backfill_pipeline_dag.py
[2026-04-25T18:55:52.092+0000] {processor.py:830} INFO - Processing file /opt/airflow/dags/backfill_pipeline_dag.py for tasks to queue
[2026-04-25T18:55:52.093+0000] {logging_mixin.py:188} INFO - [2026-04-25T18:55:52.093+0000] {dagbag.py:545} INFO - Filling up the DagBag from /opt/airflow/dags/backfill_pipeline_dag.py
[2026-04-25T18:55:52.104+0000] {processor.py:840} INFO - DAG(s) 'backfill_pipeline' retrieved from /opt/airflow/dags/backfill_pipeline_dag.py
[2026-04-25T18:55:52.133+0000] {logging_mixin.py:188} INFO - [2026-04-25T18:55:52.133+0000] {dag.py:3096} INFO - Sync 1 DAGs
[2026-04-25T18:55:52.144+0000] {logging_mixin.py:188} INFO - [2026-04-25T18:55:52.144+0000] {dag.py:3954} INFO - Setting next_dagrun for backfill_pipeline to None, run_after=None
[2026-04-25T18:55:52.163+0000] {processor.py:183} INFO - Processing /opt/airflow/dags/backfill_pipeline_dag.py took 0.077 seconds
[2026-04-25T18:56:22.408+0000] {processor.py:161} INFO - Started process (PID=931) to work on /opt/airflow/dags/backfill_pipeline_dag.py
[2026-04-25T18:56:22.411+0000] {processor.py:830} INFO - Processing file /opt/airflow/dags/backfill_pipeline_dag.py for tasks to queue
[2026-04-25T18:56:22.412+0000] {logging_mixin.py:188} INFO - [2026-04-25T18:56:22.412+0000] {dagbag.py:545} INFO - Filling up the DagBag from /opt/airflow/dags/backfill_pipeline_dag.py
[2026-04-25T18:56:22.419+0000] {processor.py:840} INFO - DAG(s) 'backfill_pipeline' retrieved from /opt/airflow/dags/backfill_pipeline_dag.py
[2026-04-25T18:56:22.442+0000] {logging_mixin.py:188} INFO - [2026-04-25T18:56:22.441+0000] {dag.py:3096} INFO - Sync 1 DAGs
[2026-04-25T18:56:22.450+0000] {logging_mixin.py:188} INFO - [2026-04-25T18:56:22.450+0000] {dag.py:3954} INFO - Setting next_dagrun for backfill_pipeline to None, run_after=None
[2026-04-25T18:56:22.466+0000] {processor.py:183} INFO - Processing /opt/airflow/dags/backfill_pipeline_dag.py took 0.062 seconds
[2026-04-25T19:00:02.604+0000] {processor.py:161} INFO - Started process (PID=196) to work on /opt/airflow/dags/backfill_pipeline_dag.py
[2026-04-25T19:00:02.605+0000] {processor.py:830} INFO - Processing file /opt/airflow/dags/backfill_pipeline_dag.py for tasks to queue
[2026-04-25T19:00:02.606+0000] {logging_mixin.py:188} INFO - [2026-04-25T19:00:02.606+0000] {dagbag.py:545} INFO - Filling up the DagBag from /opt/airflow/dags/backfill_pipeline_dag.py
[2026-04-25T19:00:02.621+0000] {processor.py:840} INFO - DAG(s) 'backfill_pipeline' retrieved from /opt/airflow/dags/backfill_pipeline_dag.py
[2026-04-25T19:00:02.802+0000] {logging_mixin.py:188} INFO - [2026-04-25T19:00:02.801+0000] {override.py:1829} INFO - Created Permission View: can read on DAG:backfill_pipeline
[2026-04-25T19:00:02.809+0000] {logging_mixin.py:188} INFO - [2026-04-25T19:00:02.809+0000] {override.py:1829} INFO - Created Permission View: can delete on DAG:backfill_pipeline
[2026-04-25T19:00:02.814+0000] {logging_mixin.py:188} INFO - [2026-04-25T19:00:02.814+0000] {override.py:1829} INFO - Created Permission View: can edit on DAG:backfill_pipeline
[2026-04-25T19:00:02.815+0000] {logging_mixin.py:188} INFO - [2026-04-25T19:00:02.815+0000] {dag.py:3096} INFO - Sync 1 DAGs
[2026-04-25T19:00:02.823+0000] {logging_mixin.py:188} INFO - [2026-04-25T19:00:02.823+0000] {dag.py:3118} INFO - Creating ORM DAG for backfill_pipeline
[2026-04-25T19:00:02.824+0000] {logging_mixin.py:188} INFO - [2026-04-25T19:00:02.823+0000] {dag.py:3954} INFO - Setting next_dagrun for backfill_pipeline to None, run_after=None
[2026-04-25T19:00:02.839+0000] {processor.py:183} INFO - Processing /opt/airflow/dags/backfill_pipeline_dag.py took 0.239 seconds
[2026-04-25T19:00:33.008+0000] {processor.py:161} INFO - Started process (PID=238) to work on /opt/airflow/dags/backfill_pipeline_dag.py
[2026-04-25T19:00:33.008+0000] {processor.py:830} INFO - Processing file /opt/airflow/dags/backfill_pipeline_dag.py for tasks to queue
[2026-04-25T19:00:33.010+0000] {logging_mixin.py:188} INFO - [2026-04-25T19:00:33.010+0000] {dagbag.py:545} INFO - Filling up the DagBag from /opt/airflow/dags/backfill_pipeline_dag.py
[2026-04-25T19:00:33.018+0000] {processor.py:840} INFO - DAG(s) 'backfill_pipeline' retrieved from /opt/airflow/dags/backfill_pipeline_dag.py
[2026-04-25T19:00:33.042+0000] {logging_mixin.py:188} INFO - [2026-04-25T19:00:33.042+0000] {dag.py:3096} INFO - Sync 1 DAGs
[2026-04-25T19:00:33.053+0000] {logging_mixin.py:188} INFO - [2026-04-25T19:00:33.053+0000] {dag.py:3954} INFO - Setting next_dagrun for backfill_pipeline to None, run_after=None
[2026-04-25T19:00:33.070+0000] {processor.py:183} INFO - Processing /opt/airflow/dags/backfill_pipeline_dag.py took 0.068 seconds
[2026-04-25T19:01:03.246+0000] {processor.py:161} INFO - Started process (PID=299) to work on /opt/airflow/dags/backfill_pipeline_dag.py
[2026-04-25T19:01:03.246+0000] {processor.py:830} INFO - Processing file /opt/airflow/dags/backfill_pipeline_dag.py for tasks to queue
[2026-04-25T19:01:03.247+0000] {logging_mixin.py:188} INFO - [2026-04-25T19:01:03.247+0000] {dagbag.py:545} INFO - Filling up the DagBag from /opt/airflow/dags/backfill_pipeline_dag.py
[2026-04-25T19:01:03.254+0000] {processor.py:840} INFO - DAG(s) 'backfill_pipeline' retrieved from /opt/airflow/dags/backfill_pipeline_dag.py
[2026-04-25T19:01:03.277+0000] {logging_mixin.py:188} INFO - [2026-04-25T19:01:03.277+0000] {dag.py:3096} INFO - Sync 1 DAGs
[2026-04-25T19:01:03.288+0000] {logging_mixin.py:188} INFO - [2026-04-25T19:01:03.288+0000] {dag.py:3954} INFO - Setting next_dagrun for backfill_pipeline to None, run_after=None
[2026-04-25T19:01:03.305+0000] {processor.py:183} INFO - Processing /opt/airflow/dags/backfill_pipeline_dag.py took 0.063 seconds
[2026-04-25T19:01:33.479+0000] {processor.py:161} INFO - Started process (PID=314) to work on /opt/airflow/dags/backfill_pipeline_dag.py
[2026-04-25T19:01:33.480+0000] {processor.py:830} INFO - Processing file /opt/airflow/dags/backfill_pipeline_dag.py for tasks to queue
[2026-04-25T19:01:33.482+0000] {logging_mixin.py:188} INFO - [2026-04-25T19:01:33.482+0000] {dagbag.py:545} INFO - Filling up the DagBag from /opt/airflow/dags/backfill_pipeline_dag.py
[2026-04-25T19:01:33.491+0000] {processor.py:840} INFO - DAG(s) 'backfill_pipeline' retrieved from /opt/airflow/dags/backfill_pipeline_dag.py
[2026-04-25T19:01:33.519+0000] {logging_mixin.py:188} INFO - [2026-04-25T19:01:33.519+0000] {dag.py:3096} INFO - Sync 1 DAGs
[2026-04-25T19:01:33.531+0000] {logging_mixin.py:188} INFO - [2026-04-25T19:01:33.530+0000] {dag.py:3954} INFO - Setting next_dagrun for backfill_pipeline to None, run_after=None
[2026-04-25T19:01:33.550+0000] {processor.py:183} INFO - Processing /opt/airflow/dags/backfill_pipeline_dag.py took 0.076 seconds
[2026-04-25T19:02:03.682+0000] {processor.py:161} INFO - Started process (PID=329) to work on /opt/airflow/dags/backfill_pipeline_dag.py
[2026-04-25T19:02:03.683+0000] {processor.py:830} INFO - Processing file /opt/airflow/dags/backfill_pipeline_dag.py for tasks to queue
[2026-04-25T19:02:03.685+0000] {logging_mixin.py:188} INFO - [2026-04-25T19:02:03.685+0000] {dagbag.py:545} INFO - Filling up the DagBag from /opt/airflow/dags/backfill_pipeline_dag.py
[2026-04-25T19:02:03.692+0000] {processor.py:840} INFO - DAG(s) 'backfill_pipeline' retrieved from /opt/airflow/dags/backfill_pipeline_dag.py
[2026-04-25T19:02:03.715+0000] {logging_mixin.py:188} INFO - [2026-04-25T19:02:03.715+0000] {dag.py:3096} INFO - Sync 1 DAGs
[2026-04-25T19:02:03.727+0000] {logging_mixin.py:188} INFO - [2026-04-25T19:02:03.727+0000] {dag.py:3954} INFO - Setting next_dagrun for backfill_pipeline to None, run_after=None
[2026-04-25T19:02:03.744+0000] {processor.py:183} INFO - Processing /opt/airflow/dags/backfill_pipeline_dag.py took 0.066 seconds
[2026-04-25T19:02:33.925+0000] {processor.py:161} INFO - Started process (PID=344) to work on /opt/airflow/dags/backfill_pipeline_dag.py
[2026-04-25T19:02:33.926+0000] {processor.py:830} INFO - Processing file /opt/airflow/dags/backfill_pipeline_dag.py for tasks to queue
[2026-04-25T19:02:33.927+0000] {logging_mixin.py:188} INFO - [2026-04-25T19:02:33.927+0000] {dagbag.py:545} INFO - Filling up the DagBag from /opt/airflow/dags/backfill_pipeline_dag.py
[2026-04-25T19:02:33.936+0000] {processor.py:840} INFO - DAG(s) 'backfill_pipeline' retrieved from /opt/airflow/dags/backfill_pipeline_dag.py
[2026-04-25T19:02:33.960+0000] {logging_mixin.py:188} INFO - [2026-04-25T19:02:33.960+0000] {dag.py:3096} INFO - Sync 1 DAGs
[2026-04-25T19:02:33.972+0000] {logging_mixin.py:188} INFO - [2026-04-25T19:02:33.971+0000] {dag.py:3954} INFO - Setting next_dagrun for backfill_pipeline to None, run_after=None
[2026-04-25T19:02:33.991+0000] {processor.py:183} INFO - Processing /opt/airflow/dags/backfill_pipeline_dag.py took 0.071 seconds
[2026-04-25T19:03:04.167+0000] {processor.py:161} INFO - Started process (PID=359) to work on /opt/airflow/dags/backfill_pipeline_dag.py
[2026-04-25T19:03:04.168+0000] {processor.py:830} INFO - Processing file /opt/airflow/dags/backfill_pipeline_dag.py for tasks to queue
[2026-04-25T19:03:04.169+0000] {logging_mixin.py:188} INFO - [2026-04-25T19:03:04.169+0000] {dagbag.py:545} INFO - Filling up the DagBag from /opt/airflow/dags/backfill_pipeline_dag.py
[2026-04-25T19:03:04.176+0000] {processor.py:840} INFO - DAG(s) 'backfill_pipeline' retrieved from /opt/airflow/dags/backfill_pipeline_dag.py
[2026-04-25T19:03:04.200+0000] {logging_mixin.py:188} INFO - [2026-04-25T19:03:04.200+0000] {dag.py:3096} INFO - Sync 1 DAGs
[2026-04-25T19:03:04.211+0000] {logging_mixin.py:188} INFO - [2026-04-25T19:03:04.211+0000] {dag.py:3954} INFO - Setting next_dagrun for backfill_pipeline to None, run_after=None
[2026-04-25T19:03:04.228+0000] {processor.py:183} INFO - Processing /opt/airflow/dags/backfill_pipeline_dag.py took 0.065 seconds
[2026-04-25T19:03:34.420+0000] {processor.py:161} INFO - Started process (PID=374) to work on /opt/airflow/dags/backfill_pipeline_dag.py
[2026-04-25T19:03:34.421+0000] {processor.py:830} INFO - Processing file /opt/airflow/dags/backfill_pipeline_dag.py for tasks to queue
[2026-04-25T19:03:34.423+0000] {logging_mixin.py:188} INFO - [2026-04-25T19:03:34.423+0000] {dagbag.py:545} INFO - Filling up the DagBag from /opt/airflow/dags/backfill_pipeline_dag.py
[2026-04-25T19:03:34.435+0000] {processor.py:840} INFO - DAG(s) 'backfill_pipeline' retrieved from /opt/airflow/dags/backfill_pipeline_dag.py
[2026-04-25T19:03:34.474+0000] {logging_mixin.py:188} INFO - [2026-04-25T19:03:34.473+0000] {dag.py:3096} INFO - Sync 1 DAGs
[2026-04-25T19:03:34.491+0000] {logging_mixin.py:188} INFO - [2026-04-25T19:03:34.490+0000] {dag.py:3954} INFO - Setting next_dagrun for backfill_pipeline to None, run_after=None
[2026-04-25T19:03:34.522+0000] {processor.py:183} INFO - Processing /opt/airflow/dags/backfill_pipeline_dag.py took 0.109 seconds
[2026-04-25T19:07:58.497+0000] {processor.py:161} INFO - Started process (PID=196) to work on /opt/airflow/dags/backfill_pipeline_dag.py
[2026-04-25T19:07:58.498+0000] {processor.py:830} INFO - Processing file /opt/airflow/dags/backfill_pipeline_dag.py for tasks to queue
[2026-04-25T19:07:58.501+0000] {logging_mixin.py:188} INFO - [2026-04-25T19:07:58.501+0000] {dagbag.py:545} INFO - Filling up the DagBag from /opt/airflow/dags/backfill_pipeline_dag.py
[2026-04-25T19:07:58.513+0000] {processor.py:840} INFO - DAG(s) 'backfill_pipeline' retrieved from /opt/airflow/dags/backfill_pipeline_dag.py
[2026-04-25T19:07:58.764+0000] {logging_mixin.py:188} INFO - [2026-04-25T19:07:58.764+0000] {override.py:1829} INFO - Created Permission View: can delete on DAG:backfill_pipeline
[2026-04-25T19:07:58.774+0000] {logging_mixin.py:188} INFO - [2026-04-25T19:07:58.774+0000] {override.py:1829} INFO - Created Permission View: can edit on DAG:backfill_pipeline
[2026-04-25T19:07:58.782+0000] {logging_mixin.py:188} INFO - [2026-04-25T19:07:58.781+0000] {override.py:1829} INFO - Created Permission View: can read on DAG:backfill_pipeline
[2026-04-25T19:07:58.782+0000] {logging_mixin.py:188} INFO - [2026-04-25T19:07:58.782+0000] {dag.py:3096} INFO - Sync 1 DAGs
[2026-04-25T19:07:58.793+0000] {logging_mixin.py:188} INFO - [2026-04-25T19:07:58.793+0000] {dag.py:3118} INFO - Creating ORM DAG for backfill_pipeline
[2026-04-25T19:07:58.794+0000] {logging_mixin.py:188} INFO - [2026-04-25T19:07:58.794+0000] {dag.py:3954} INFO - Setting next_dagrun for backfill_pipeline to None, run_after=None
[2026-04-25T19:07:58.815+0000] {processor.py:183} INFO - Processing /opt/airflow/dags/backfill_pipeline_dag.py took 0.326 seconds
[2026-04-25T19:08:29.000+0000] {processor.py:161} INFO - Started process (PID=212) to work on /opt/airflow/dags/backfill_pipeline_dag.py
[2026-04-25T19:08:29.002+0000] {processor.py:830} INFO - Processing file /opt/airflow/dags/backfill_pipeline_dag.py for tasks to queue
[2026-04-25T19:08:29.004+0000] {logging_mixin.py:188} INFO - [2026-04-25T19:08:29.004+0000] {dagbag.py:545} INFO - Filling up the DagBag from /opt/airflow/dags/backfill_pipeline_dag.py
[2026-04-25T19:08:29.015+0000] {processor.py:840} INFO - DAG(s) 'backfill_pipeline' retrieved from /opt/airflow/dags/backfill_pipeline_dag.py
[2026-04-25T19:08:29.046+0000] {logging_mixin.py:188} INFO - [2026-04-25T19:08:29.045+0000] {dag.py:3096} INFO - Sync 1 DAGs
[2026-04-25T19:08:29.060+0000] {logging_mixin.py:188} INFO - [2026-04-25T19:08:29.060+0000] {dag.py:3954} INFO - Setting next_dagrun for backfill_pipeline to None, run_after=None
[2026-04-25T19:08:29.083+0000] {processor.py:183} INFO - Processing /opt/airflow/dags/backfill_pipeline_dag.py took 0.089 seconds
[2026-04-25T19:08:59.347+0000] {processor.py:161} INFO - Started process (PID=227) to work on /opt/airflow/dags/backfill_pipeline_dag.py
[2026-04-25T19:08:59.348+0000] {processor.py:830} INFO - Processing file /opt/airflow/dags/backfill_pipeline_dag.py for tasks to queue
[2026-04-25T19:08:59.354+0000] {logging_mixin.py:188} INFO - [2026-04-25T19:08:59.353+0000] {dagbag.py:545} INFO - Filling up the DagBag from /opt/airflow/dags/backfill_pipeline_dag.py
[2026-04-25T19:08:59.376+0000] {processor.py:840} INFO - DAG(s) 'backfill_pipeline' retrieved from /opt/airflow/dags/backfill_pipeline_dag.py
[2026-04-25T19:08:59.432+0000] {logging_mixin.py:188} INFO - [2026-04-25T19:08:59.432+0000] {dag.py:3096} INFO - Sync 1 DAGs
[2026-04-25T19:08:59.453+0000] {logging_mixin.py:188} INFO - [2026-04-25T19:08:59.452+0000] {dag.py:3954} INFO - Setting next_dagrun for backfill_pipeline to None, run_after=None
[2026-04-25T19:08:59.489+0000] {processor.py:183} INFO - Processing /opt/airflow/dags/backfill_pipeline_dag.py took 0.151 seconds
[2026-04-25T19:09:29.775+0000] {processor.py:161} INFO - Started process (PID=242) to work on /opt/airflow/dags/backfill_pipeline_dag.py
[2026-04-25T19:09:29.776+0000] {processor.py:830} INFO - Processing file /opt/airflow/dags/backfill_pipeline_dag.py for tasks to queue
[2026-04-25T19:09:29.777+0000] {logging_mixin.py:188} INFO - [2026-04-25T19:09:29.777+0000] {dagbag.py:545} INFO - Filling up the DagBag from /opt/airflow/dags/backfill_pipeline_dag.py
[2026-04-25T19:09:29.784+0000] {processor.py:840} INFO - DAG(s) 'backfill_pipeline' retrieved from /opt/airflow/dags/backfill_pipeline_dag.py
[2026-04-25T19:09:29.808+0000] {logging_mixin.py:188} INFO - [2026-04-25T19:09:29.807+0000] {dag.py:3096} INFO - Sync 1 DAGs
[2026-04-25T19:09:29.820+0000] {logging_mixin.py:188} INFO - [2026-04-25T19:09:29.819+0000] {dag.py:3954} INFO - Setting next_dagrun for backfill_pipeline to None, run_after=None
[2026-04-25T19:09:29.839+0000] {processor.py:183} INFO - Processing /opt/airflow/dags/backfill_pipeline_dag.py took 0.070 seconds
[2026-04-25T19:10:00.019+0000] {processor.py:161} INFO - Started process (PID=257) to work on /opt/airflow/dags/backfill_pipeline_dag.py
[2026-04-25T19:10:00.020+0000] {processor.py:830} INFO - Processing file /opt/airflow/dags/backfill_pipeline_dag.py for tasks to queue
[2026-04-25T19:10:00.022+0000] {logging_mixin.py:188} INFO - [2026-04-25T19:10:00.022+0000] {dagbag.py:545} INFO - Filling up the DagBag from /opt/airflow/dags/backfill_pipeline_dag.py
[2026-04-25T19:10:00.030+0000] {processor.py:840} INFO - DAG(s) 'backfill_pipeline' retrieved from /opt/airflow/dags/backfill_pipeline_dag.py
[2026-04-25T19:10:00.053+0000] {logging_mixin.py:188} INFO - [2026-04-25T19:10:00.053+0000] {dag.py:3096} INFO - Sync 1 DAGs
[2026-04-25T19:10:00.065+0000] {logging_mixin.py:188} INFO - [2026-04-25T19:10:00.065+0000] {dag.py:3954} INFO - Setting next_dagrun for backfill_pipeline to None, run_after=None
[2026-04-25T19:10:00.083+0000] {processor.py:183} INFO - Processing /opt/airflow/dags/backfill_pipeline_dag.py took 0.070 seconds
[2026-04-25T19:10:30.267+0000] {processor.py:161} INFO - Started process (PID=272) to work on /opt/airflow/dags/backfill_pipeline_dag.py
[2026-04-25T19:10:30.268+0000] {processor.py:830} INFO - Processing file /opt/airflow/dags/backfill_pipeline_dag.py for tasks to queue
[2026-04-25T19:10:30.270+0000] {logging_mixin.py:188} INFO - [2026-04-25T19:10:30.269+0000] {dagbag.py:545} INFO - Filling up the DagBag from /opt/airflow/dags/backfill_pipeline_dag.py
[2026-04-25T19:10:30.277+0000] {processor.py:840} INFO - DAG(s) 'backfill_pipeline' retrieved from /opt/airflow/dags/backfill_pipeline_dag.py
[2026-04-25T19:10:30.304+0000] {logging_mixin.py:188} INFO - [2026-04-25T19:10:30.304+0000] {dag.py:3096} INFO - Sync 1 DAGs
[2026-04-25T19:10:30.315+0000] {logging_mixin.py:188} INFO - [2026-04-25T19:10:30.315+0000] {dag.py:3954} INFO - Setting next_dagrun for backfill_pipeline to None, run_after=None
[2026-04-25T19:10:30.335+0000] {processor.py:183} INFO - Processing /opt/airflow/dags/backfill_pipeline_dag.py took 0.074 seconds
[2026-04-25T19:11:00.531+0000] {processor.py:161} INFO - Started process (PID=287) to work on /opt/airflow/dags/backfill_pipeline_dag.py
[2026-04-25T19:11:00.532+0000] {processor.py:830} INFO - Processing file /opt/airflow/dags/backfill_pipeline_dag.py for tasks to queue
[2026-04-25T19:11:00.533+0000] {logging_mixin.py:188} INFO - [2026-04-25T19:11:00.533+0000] {dagbag.py:545} INFO - Filling up the DagBag from /opt/airflow/dags/backfill_pipeline_dag.py
[2026-04-25T19:11:00.543+0000] {processor.py:840} INFO - DAG(s) 'backfill_pipeline' retrieved from /opt/airflow/dags/backfill_pipeline_dag.py
[2026-04-25T19:11:00.570+0000] {logging_mixin.py:188} INFO - [2026-04-25T19:11:00.570+0000] {dag.py:3096} INFO - Sync 1 DAGs
[2026-04-25T19:11:00.581+0000] {logging_mixin.py:188} INFO - [2026-04-25T19:11:00.580+0000] {dag.py:3954} INFO - Setting next_dagrun for backfill_pipeline to None, run_after=None
[2026-04-25T19:11:00.598+0000] {processor.py:183} INFO - Processing /opt/airflow/dags/backfill_pipeline_dag.py took 0.074 seconds
[2026-04-25T19:11:30.765+0000] {processor.py:161} INFO - Started process (PID=302) to work on /opt/airflow/dags/backfill_pipeline_dag.py
[2026-04-25T19:11:30.766+0000] {processor.py:830} INFO - Processing file /opt/airflow/dags/backfill_pipeline_dag.py for tasks to queue
[2026-04-25T19:11:30.767+0000] {logging_mixin.py:188} INFO - [2026-04-25T19:11:30.767+0000] {dagbag.py:545} INFO - Filling up the DagBag from /opt/airflow/dags/backfill_pipeline_dag.py
[2026-04-25T19:11:30.775+0000] {processor.py:840} INFO - DAG(s) 'backfill_pipeline' retrieved from /opt/airflow/dags/backfill_pipeline_dag.py
[2026-04-25T19:11:30.803+0000] {logging_mixin.py:188} INFO - [2026-04-25T19:11:30.803+0000] {dag.py:3096} INFO - Sync 1 DAGs
[2026-04-25T19:11:30.814+0000] {logging_mixin.py:188} INFO - [2026-04-25T19:11:30.813+0000] {dag.py:3954} INFO - Setting next_dagrun for backfill_pipeline to None, run_after=None
[2026-04-25T19:11:30.833+0000] {processor.py:183} INFO - Processing /opt/airflow/dags/backfill_pipeline_dag.py took 0.074 seconds
[2026-04-25T19:12:01.015+0000] {processor.py:161} INFO - Started process (PID=343) to work on /opt/airflow/dags/backfill_pipeline_dag.py
[2026-04-25T19:12:01.015+0000] {processor.py:830} INFO - Processing file /opt/airflow/dags/backfill_pipeline_dag.py for tasks to queue
[2026-04-25T19:12:01.017+0000] {logging_mixin.py:188} INFO - [2026-04-25T19:12:01.016+0000] {dagbag.py:545} INFO - Filling up the DagBag from /opt/airflow/dags/backfill_pipeline_dag.py
[2026-04-25T19:12:01.024+0000] {processor.py:840} INFO - DAG(s) 'backfill_pipeline' retrieved from /opt/airflow/dags/backfill_pipeline_dag.py
[2026-04-25T19:12:01.049+0000] {logging_mixin.py:188} INFO - [2026-04-25T19:12:01.048+0000] {dag.py:3096} INFO - Sync 1 DAGs
[2026-04-25T19:12:01.063+0000] {logging_mixin.py:188} INFO - [2026-04-25T19:12:01.062+0000] {dag.py:3954} INFO - Setting next_dagrun for backfill_pipeline to None, run_after=None
[2026-04-25T19:12:01.082+0000] {processor.py:183} INFO - Processing /opt/airflow/dags/backfill_pipeline_dag.py took 0.072 seconds
[2026-04-25T19:12:31.261+0000] {processor.py:161} INFO - Started process (PID=358) to work on /opt/airflow/dags/backfill_pipeline_dag.py
[2026-04-25T19:12:31.262+0000] {processor.py:830} INFO - Processing file /opt/airflow/dags/backfill_pipeline_dag.py for tasks to queue
[2026-04-25T19:12:31.263+0000] {logging_mixin.py:188} INFO - [2026-04-25T19:12:31.263+0000] {dagbag.py:545} INFO - Filling up the DagBag from /opt/airflow/dags/backfill_pipeline_dag.py
[2026-04-25T19:12:31.271+0000] {processor.py:840} INFO - DAG(s) 'backfill_pipeline' retrieved from /opt/airflow/dags/backfill_pipeline_dag.py
[2026-04-25T19:12:31.297+0000] {logging_mixin.py:188} INFO - [2026-04-25T19:12:31.297+0000] {dag.py:3096} INFO - Sync 1 DAGs
[2026-04-25T19:12:31.308+0000] {logging_mixin.py:188} INFO - [2026-04-25T19:12:31.308+0000] {dag.py:3954} INFO - Setting next_dagrun for backfill_pipeline to None, run_after=None
[2026-04-25T19:12:31.327+0000] {processor.py:183} INFO - Processing /opt/airflow/dags/backfill_pipeline_dag.py took 0.071 seconds
[2026-04-25T19:13:01.525+0000] {processor.py:161} INFO - Started process (PID=511) to work on /opt/airflow/dags/backfill_pipeline_dag.py
[2026-04-25T19:13:01.527+0000] {processor.py:830} INFO - Processing file /opt/airflow/dags/backfill_pipeline_dag.py for tasks to queue
[2026-04-25T19:13:01.529+0000] {logging_mixin.py:188} INFO - [2026-04-25T19:13:01.528+0000] {dagbag.py:545} INFO - Filling up the DagBag from /opt/airflow/dags/backfill_pipeline_dag.py
[2026-04-25T19:13:01.538+0000] {processor.py:840} INFO - DAG(s) 'backfill_pipeline' retrieved from /opt/airflow/dags/backfill_pipeline_dag.py
[2026-04-25T19:13:01.566+0000] {logging_mixin.py:188} INFO - [2026-04-25T19:13:01.566+0000] {dag.py:3096} INFO - Sync 1 DAGs
[2026-04-25T19:13:01.578+0000] {logging_mixin.py:188} INFO - [2026-04-25T19:13:01.578+0000] {dag.py:3954} INFO - Setting next_dagrun for backfill_pipeline to None, run_after=None
[2026-04-25T19:13:01.598+0000] {processor.py:183} INFO - Processing /opt/airflow/dags/backfill_pipeline_dag.py took 0.078 seconds
[2026-04-25T19:13:31.780+0000] {processor.py:161} INFO - Started process (PID=526) to work on /opt/airflow/dags/backfill_pipeline_dag.py
[2026-04-25T19:13:31.781+0000] {processor.py:830} INFO - Processing file /opt/airflow/dags/backfill_pipeline_dag.py for tasks to queue
[2026-04-25T19:13:31.783+0000] {logging_mixin.py:188} INFO - [2026-04-25T19:13:31.783+0000] {dagbag.py:545} INFO - Filling up the DagBag from /opt/airflow/dags/backfill_pipeline_dag.py
[2026-04-25T19:13:31.793+0000] {processor.py:840} INFO - DAG(s) 'backfill_pipeline' retrieved from /opt/airflow/dags/backfill_pipeline_dag.py
[2026-04-25T19:13:31.823+0000] {logging_mixin.py:188} INFO - [2026-04-25T19:13:31.823+0000] {dag.py:3096} INFO - Sync 1 DAGs
[2026-04-25T19:13:31.835+0000] {logging_mixin.py:188} INFO - [2026-04-25T19:13:31.835+0000] {dag.py:3954} INFO - Setting next_dagrun for backfill_pipeline to None, run_after=None
[2026-04-25T19:13:31.856+0000] {processor.py:183} INFO - Processing /opt/airflow/dags/backfill_pipeline_dag.py took 0.082 seconds
[2026-04-25T19:14:02.035+0000] {processor.py:161} INFO - Started process (PID=541) to work on /opt/airflow/dags/backfill_pipeline_dag.py
[2026-04-25T19:14:02.036+0000] {processor.py:830} INFO - Processing file /opt/airflow/dags/backfill_pipeline_dag.py for tasks to queue
[2026-04-25T19:14:02.037+0000] {logging_mixin.py:188} INFO - [2026-04-25T19:14:02.037+0000] {dagbag.py:545} INFO - Filling up the DagBag from /opt/airflow/dags/backfill_pipeline_dag.py
[2026-04-25T19:14:02.046+0000] {processor.py:840} INFO - DAG(s) 'backfill_pipeline' retrieved from /opt/airflow/dags/backfill_pipeline_dag.py
[2026-04-25T19:14:02.073+0000] {logging_mixin.py:188} INFO - [2026-04-25T19:14:02.072+0000] {dag.py:3096} INFO - Sync 1 DAGs
[2026-04-25T19:14:02.084+0000] {logging_mixin.py:188} INFO - [2026-04-25T19:14:02.084+0000] {dag.py:3954} INFO - Setting next_dagrun for backfill_pipeline to None, run_after=None
[2026-04-25T19:14:02.104+0000] {processor.py:183} INFO - Processing /opt/airflow/dags/backfill_pipeline_dag.py took 0.076 seconds
[2026-04-25T19:14:32.295+0000] {processor.py:161} INFO - Started process (PID=556) to work on /opt/airflow/dags/backfill_pipeline_dag.py
[2026-04-25T19:14:32.296+0000] {processor.py:830} INFO - Processing file /opt/airflow/dags/backfill_pipeline_dag.py for tasks to queue
[2026-04-25T19:14:32.297+0000] {logging_mixin.py:188} INFO - [2026-04-25T19:14:32.297+0000] {dagbag.py:545} INFO - Filling up the DagBag from /opt/airflow/dags/backfill_pipeline_dag.py
[2026-04-25T19:14:32.305+0000] {processor.py:840} INFO - DAG(s) 'backfill_pipeline' retrieved from /opt/airflow/dags/backfill_pipeline_dag.py
[2026-04-25T19:14:32.332+0000] {logging_mixin.py:188} INFO - [2026-04-25T19:14:32.331+0000] {dag.py:3096} INFO - Sync 1 DAGs
[2026-04-25T19:14:32.342+0000] {logging_mixin.py:188} INFO - [2026-04-25T19:14:32.342+0000] {dag.py:3954} INFO - Setting next_dagrun for backfill_pipeline to None, run_after=None
[2026-04-25T19:14:32.360+0000] {processor.py:183} INFO - Processing /opt/airflow/dags/backfill_pipeline_dag.py took 0.071 seconds
[2026-04-25T19:15:02.563+0000] {processor.py:161} INFO - Started process (PID=571) to work on /opt/airflow/dags/backfill_pipeline_dag.py
[2026-04-25T19:15:02.564+0000] {processor.py:830} INFO - Processing file /opt/airflow/dags/backfill_pipeline_dag.py for tasks to queue
[2026-04-25T19:15:02.565+0000] {logging_mixin.py:188} INFO - [2026-04-25T19:15:02.565+0000] {dagbag.py:545} INFO - Filling up the DagBag from /opt/airflow/dags/backfill_pipeline_dag.py
[2026-04-25T19:15:02.576+0000] {processor.py:840} INFO - DAG(s) 'backfill_pipeline' retrieved from /opt/airflow/dags/backfill_pipeline_dag.py
[2026-04-25T19:15:02.602+0000] {logging_mixin.py:188} INFO - [2026-04-25T19:15:02.602+0000] {dag.py:3096} INFO - Sync 1 DAGs
[2026-04-25T19:15:02.612+0000] {logging_mixin.py:188} INFO - [2026-04-25T19:15:02.612+0000] {dag.py:3954} INFO - Setting next_dagrun for backfill_pipeline to None, run_after=None
[2026-04-25T19:15:02.632+0000] {processor.py:183} INFO - Processing /opt/airflow/dags/backfill_pipeline_dag.py took 0.075 seconds
[2026-04-25T19:15:32.830+0000] {processor.py:161} INFO - Started process (PID=586) to work on /opt/airflow/dags/backfill_pipeline_dag.py
[2026-04-25T19:15:32.831+0000] {processor.py:830} INFO - Processing file /opt/airflow/dags/backfill_pipeline_dag.py for tasks to queue
[2026-04-25T19:15:32.832+0000] {logging_mixin.py:188} INFO - [2026-04-25T19:15:32.832+0000] {dagbag.py:545} INFO - Filling up the DagBag from /opt/airflow/dags/backfill_pipeline_dag.py
[2026-04-25T19:15:32.842+0000] {processor.py:840} INFO - DAG(s) 'backfill_pipeline' retrieved from /opt/airflow/dags/backfill_pipeline_dag.py
[2026-04-25T19:15:32.870+0000] {logging_mixin.py:188} INFO - [2026-04-25T19:15:32.870+0000] {dag.py:3096} INFO - Sync 1 DAGs
[2026-04-25T19:15:32.883+0000] {logging_mixin.py:188} INFO - [2026-04-25T19:15:32.882+0000] {dag.py:3954} INFO - Setting next_dagrun for backfill_pipeline to None, run_after=None
[2026-04-25T19:15:32.906+0000] {processor.py:183} INFO - Processing /opt/airflow/dags/backfill_pipeline_dag.py took 0.081 seconds
[2026-04-25T19:18:15.292+0000] {processor.py:161} INFO - Started process (PID=178) to work on /opt/airflow/dags/backfill_pipeline_dag.py
[2026-04-25T19:18:15.293+0000] {processor.py:830} INFO - Processing file /opt/airflow/dags/backfill_pipeline_dag.py for tasks to queue
[2026-04-25T19:18:15.296+0000] {logging_mixin.py:188} INFO - [2026-04-25T19:18:15.296+0000] {dagbag.py:545} INFO - Filling up the DagBag from /opt/airflow/dags/backfill_pipeline_dag.py
[2026-04-25T19:18:15.311+0000] {processor.py:840} INFO - DAG(s) 'backfill_pipeline' retrieved from /opt/airflow/dags/backfill_pipeline_dag.py
[2026-04-25T19:18:15.522+0000] {logging_mixin.py:188} INFO - [2026-04-25T19:18:15.521+0000] {override.py:1829} INFO - Created Permission View: can edit on DAG:backfill_pipeline
[2026-04-25T19:18:15.530+0000] {logging_mixin.py:188} INFO - [2026-04-25T19:18:15.530+0000] {override.py:1829} INFO - Created Permission View: can read on DAG:backfill_pipeline
[2026-04-25T19:18:15.537+0000] {logging_mixin.py:188} INFO - [2026-04-25T19:18:15.537+0000] {override.py:1829} INFO - Created Permission View: can delete on DAG:backfill_pipeline
[2026-04-25T19:18:15.537+0000] {logging_mixin.py:188} INFO - [2026-04-25T19:18:15.537+0000] {dag.py:3096} INFO - Sync 1 DAGs
[2026-04-25T19:18:15.546+0000] {logging_mixin.py:188} INFO - [2026-04-25T19:18:15.546+0000] {dag.py:3118} INFO - Creating ORM DAG for backfill_pipeline
[2026-04-25T19:18:15.547+0000] {logging_mixin.py:188} INFO - [2026-04-25T19:18:15.547+0000] {dag.py:3954} INFO - Setting next_dagrun for backfill_pipeline to None, run_after=None
[2026-04-25T19:18:15.565+0000] {processor.py:183} INFO - Processing /opt/airflow/dags/backfill_pipeline_dag.py took 0.277 seconds
[2026-04-25T19:18:45.742+0000] {processor.py:161} INFO - Started process (PID=194) to work on /opt/airflow/dags/backfill_pipeline_dag.py
[2026-04-25T19:18:45.743+0000] {processor.py:830} INFO - Processing file /opt/airflow/dags/backfill_pipeline_dag.py for tasks to queue
[2026-04-25T19:18:45.744+0000] {logging_mixin.py:188} INFO - [2026-04-25T19:18:45.744+0000] {dagbag.py:545} INFO - Filling up the DagBag from /opt/airflow/dags/backfill_pipeline_dag.py
[2026-04-25T19:18:45.753+0000] {processor.py:840} INFO - DAG(s) 'backfill_pipeline' retrieved from /opt/airflow/dags/backfill_pipeline_dag.py
[2026-04-25T19:18:45.785+0000] {logging_mixin.py:188} INFO - [2026-04-25T19:18:45.785+0000] {dag.py:3096} INFO - Sync 1 DAGs
[2026-04-25T19:18:45.800+0000] {logging_mixin.py:188} INFO - [2026-04-25T19:18:45.800+0000] {dag.py:3954} INFO - Setting next_dagrun for backfill_pipeline to None, run_after=None
[2026-04-25T19:18:45.823+0000] {processor.py:183} INFO - Processing /opt/airflow/dags/backfill_pipeline_dag.py took 0.087 seconds
[2026-04-25T19:19:15.994+0000] {processor.py:161} INFO - Started process (PID=209) to work on /opt/airflow/dags/backfill_pipeline_dag.py
[2026-04-25T19:19:15.994+0000] {processor.py:830} INFO - Processing file /opt/airflow/dags/backfill_pipeline_dag.py for tasks to queue
[2026-04-25T19:19:15.996+0000] {logging_mixin.py:188} INFO - [2026-04-25T19:19:15.996+0000] {dagbag.py:545} INFO - Filling up the DagBag from /opt/airflow/dags/backfill_pipeline_dag.py
[2026-04-25T19:19:16.006+0000] {processor.py:840} INFO - DAG(s) 'backfill_pipeline' retrieved from /opt/airflow/dags/backfill_pipeline_dag.py
[2026-04-25T19:19:16.034+0000] {logging_mixin.py:188} INFO - [2026-04-25T19:19:16.034+0000] {dag.py:3096} INFO - Sync 1 DAGs
[2026-04-25T19:19:16.047+0000] {logging_mixin.py:188} INFO - [2026-04-25T19:19:16.047+0000] {dag.py:3954} INFO - Setting next_dagrun for backfill_pipeline to None, run_after=None
[2026-04-25T19:19:16.066+0000] {processor.py:183} INFO - Processing /opt/airflow/dags/backfill_pipeline_dag.py took 0.079 seconds
[2026-04-25T19:19:46.255+0000] {processor.py:161} INFO - Started process (PID=224) to work on /opt/airflow/dags/backfill_pipeline_dag.py
[2026-04-25T19:19:46.256+0000] {processor.py:830} INFO - Processing file /opt/airflow/dags/backfill_pipeline_dag.py for tasks to queue
[2026-04-25T19:19:46.258+0000] {logging_mixin.py:188} INFO - [2026-04-25T19:19:46.257+0000] {dagbag.py:545} INFO - Filling up the DagBag from /opt/airflow/dags/backfill_pipeline_dag.py
[2026-04-25T19:19:46.265+0000] {processor.py:840} INFO - DAG(s) 'backfill_pipeline' retrieved from /opt/airflow/dags/backfill_pipeline_dag.py
[2026-04-25T19:19:46.291+0000] {logging_mixin.py:188} INFO - [2026-04-25T19:19:46.290+0000] {dag.py:3096} INFO - Sync 1 DAGs
[2026-04-25T19:19:46.303+0000] {logging_mixin.py:188} INFO - [2026-04-25T19:19:46.303+0000] {dag.py:3954} INFO - Setting next_dagrun for backfill_pipeline to None, run_after=None
[2026-04-25T19:19:46.324+0000] {processor.py:183} INFO - Processing /opt/airflow/dags/backfill_pipeline_dag.py took 0.074 seconds
[2026-04-25T19:20:16.512+0000] {processor.py:161} INFO - Started process (PID=420) to work on /opt/airflow/dags/backfill_pipeline_dag.py
[2026-04-25T19:20:16.513+0000] {processor.py:830} INFO - Processing file /opt/airflow/dags/backfill_pipeline_dag.py for tasks to queue
[2026-04-25T19:20:16.515+0000] {logging_mixin.py:188} INFO - [2026-04-25T19:20:16.515+0000] {dagbag.py:545} INFO - Filling up the DagBag from /opt/airflow/dags/backfill_pipeline_dag.py
[2026-04-25T19:20:16.524+0000] {processor.py:840} INFO - DAG(s) 'backfill_pipeline' retrieved from /opt/airflow/dags/backfill_pipeline_dag.py
[2026-04-25T19:20:16.559+0000] {logging_mixin.py:188} INFO - [2026-04-25T19:20:16.559+0000] {dag.py:3096} INFO - Sync 1 DAGs
[2026-04-25T19:20:16.575+0000] {logging_mixin.py:188} INFO - [2026-04-25T19:20:16.574+0000] {dag.py:3954} INFO - Setting next_dagrun for backfill_pipeline to None, run_after=None
[2026-04-25T19:20:16.593+0000] {processor.py:183} INFO - Processing /opt/airflow/dags/backfill_pipeline_dag.py took 0.087 seconds
[2026-04-25T19:20:46.766+0000] {processor.py:161} INFO - Started process (PID=458) to work on /opt/airflow/dags/backfill_pipeline_dag.py
[2026-04-25T19:20:46.768+0000] {processor.py:830} INFO - Processing file /opt/airflow/dags/backfill_pipeline_dag.py for tasks to queue
[2026-04-25T19:20:46.770+0000] {logging_mixin.py:188} INFO - [2026-04-25T19:20:46.770+0000] {dagbag.py:545} INFO - Filling up the DagBag from /opt/airflow/dags/backfill_pipeline_dag.py
[2026-04-25T19:20:46.778+0000] {processor.py:840} INFO - DAG(s) 'backfill_pipeline' retrieved from /opt/airflow/dags/backfill_pipeline_dag.py
[2026-04-25T19:20:46.805+0000] {logging_mixin.py:188} INFO - [2026-04-25T19:20:46.805+0000] {dag.py:3096} INFO - Sync 1 DAGs
[2026-04-25T19:20:46.816+0000] {logging_mixin.py:188} INFO - [2026-04-25T19:20:46.816+0000] {dag.py:3954} INFO - Setting next_dagrun for backfill_pipeline to None, run_after=None
[2026-04-25T19:20:46.835+0000] {processor.py:183} INFO - Processing /opt/airflow/dags/backfill_pipeline_dag.py took 0.074 seconds
[2026-04-25T19:21:17.022+0000] {processor.py:161} INFO - Started process (PID=473) to work on /opt/airflow/dags/backfill_pipeline_dag.py
[2026-04-25T19:21:17.022+0000] {processor.py:830} INFO - Processing file /opt/airflow/dags/backfill_pipeline_dag.py for tasks to queue
[2026-04-25T19:21:17.024+0000] {logging_mixin.py:188} INFO - [2026-04-25T19:21:17.023+0000] {dagbag.py:545} INFO - Filling up the DagBag from /opt/airflow/dags/backfill_pipeline_dag.py
[2026-04-25T19:21:17.033+0000] {processor.py:840} INFO - DAG(s) 'backfill_pipeline' retrieved from /opt/airflow/dags/backfill_pipeline_dag.py
[2026-04-25T19:21:17.061+0000] {logging_mixin.py:188} INFO - [2026-04-25T19:21:17.060+0000] {dag.py:3096} INFO - Sync 1 DAGs
[2026-04-25T19:21:17.075+0000] {logging_mixin.py:188} INFO - [2026-04-25T19:21:17.075+0000] {dag.py:3954} INFO - Setting next_dagrun for backfill_pipeline to None, run_after=None
[2026-04-25T19:21:17.096+0000] {processor.py:183} INFO - Processing /opt/airflow/dags/backfill_pipeline_dag.py took 0.080 seconds
[2026-04-25T19:21:47.287+0000] {processor.py:161} INFO - Started process (PID=488) to work on /opt/airflow/dags/backfill_pipeline_dag.py
[2026-04-25T19:21:47.287+0000] {processor.py:830} INFO - Processing file /opt/airflow/dags/backfill_pipeline_dag.py for tasks to queue
[2026-04-25T19:21:47.289+0000] {logging_mixin.py:188} INFO - [2026-04-25T19:21:47.289+0000] {dagbag.py:545} INFO - Filling up the DagBag from /opt/airflow/dags/backfill_pipeline_dag.py
[2026-04-25T19:21:47.297+0000] {processor.py:840} INFO - DAG(s) 'backfill_pipeline' retrieved from /opt/airflow/dags/backfill_pipeline_dag.py
[2026-04-25T19:21:47.324+0000] {logging_mixin.py:188} INFO - [2026-04-25T19:21:47.324+0000] {dag.py:3096} INFO - Sync 1 DAGs
[2026-04-25T19:21:47.336+0000] {logging_mixin.py:188} INFO - [2026-04-25T19:21:47.336+0000] {dag.py:3954} INFO - Setting next_dagrun for backfill_pipeline to None, run_after=None
[2026-04-25T19:21:47.356+0000] {processor.py:183} INFO - Processing /opt/airflow/dags/backfill_pipeline_dag.py took 0.075 seconds
[2026-04-25T19:22:17.540+0000] {processor.py:161} INFO - Started process (PID=503) to work on /opt/airflow/dags/backfill_pipeline_dag.py
[2026-04-25T19:22:17.541+0000] {processor.py:830} INFO - Processing file /opt/airflow/dags/backfill_pipeline_dag.py for tasks to queue
[2026-04-25T19:22:17.542+0000] {logging_mixin.py:188} INFO - [2026-04-25T19:22:17.542+0000] {dagbag.py:545} INFO - Filling up the DagBag from /opt/airflow/dags/backfill_pipeline_dag.py
[2026-04-25T19:22:17.550+0000] {processor.py:840} INFO - DAG(s) 'backfill_pipeline' retrieved from /opt/airflow/dags/backfill_pipeline_dag.py
[2026-04-25T19:22:17.577+0000] {logging_mixin.py:188} INFO - [2026-04-25T19:22:17.577+0000] {dag.py:3096} INFO - Sync 1 DAGs
[2026-04-25T19:22:17.590+0000] {logging_mixin.py:188} INFO - [2026-04-25T19:22:17.589+0000] {dag.py:3954} INFO - Setting next_dagrun for backfill_pipeline to None, run_after=None
[2026-04-25T19:22:17.608+0000] {processor.py:183} INFO - Processing /opt/airflow/dags/backfill_pipeline_dag.py took 0.073 seconds
[2026-04-25T19:22:47.789+0000] {processor.py:161} INFO - Started process (PID=518) to work on /opt/airflow/dags/backfill_pipeline_dag.py
[2026-04-25T19:22:47.790+0000] {processor.py:830} INFO - Processing file /opt/airflow/dags/backfill_pipeline_dag.py for tasks to queue
[2026-04-25T19:22:47.791+0000] {logging_mixin.py:188} INFO - [2026-04-25T19:22:47.791+0000] {dagbag.py:545} INFO - Filling up the DagBag from /opt/airflow/dags/backfill_pipeline_dag.py
[2026-04-25T19:22:47.799+0000] {processor.py:840} INFO - DAG(s) 'backfill_pipeline' retrieved from /opt/airflow/dags/backfill_pipeline_dag.py
[2026-04-25T19:22:47.828+0000] {logging_mixin.py:188} INFO - [2026-04-25T19:22:47.827+0000] {dag.py:3096} INFO - Sync 1 DAGs
[2026-04-25T19:22:47.841+0000] {logging_mixin.py:188} INFO - [2026-04-25T19:22:47.840+0000] {dag.py:3954} INFO - Setting next_dagrun for backfill_pipeline to None, run_after=None
[2026-04-25T19:22:47.862+0000] {processor.py:183} INFO - Processing /opt/airflow/dags/backfill_pipeline_dag.py took 0.078 seconds
[2026-04-25T19:23:18.052+0000] {processor.py:161} INFO - Started process (PID=533) to work on /opt/airflow/dags/backfill_pipeline_dag.py
[2026-04-25T19:23:18.053+0000] {processor.py:830} INFO - Processing file /opt/airflow/dags/backfill_pipeline_dag.py for tasks to queue
[2026-04-25T19:23:18.055+0000] {logging_mixin.py:188} INFO - [2026-04-25T19:23:18.055+0000] {dagbag.py:545} INFO - Filling up the DagBag from /opt/airflow/dags/backfill_pipeline_dag.py
[2026-04-25T19:23:18.065+0000] {processor.py:840} INFO - DAG(s) 'backfill_pipeline' retrieved from /opt/airflow/dags/backfill_pipeline_dag.py
[2026-04-25T19:23:18.094+0000] {logging_mixin.py:188} INFO - [2026-04-25T19:23:18.094+0000] {dag.py:3096} INFO - Sync 1 DAGs
[2026-04-25T19:23:18.106+0000] {logging_mixin.py:188} INFO - [2026-04-25T19:23:18.106+0000] {dag.py:3954} INFO - Setting next_dagrun for backfill_pipeline to None, run_after=None
[2026-04-25T19:23:18.124+0000] {processor.py:183} INFO - Processing /opt/airflow/dags/backfill_pipeline_dag.py took 0.078 seconds
[2026-04-25T19:23:48.312+0000] {processor.py:161} INFO - Started process (PID=548) to work on /opt/airflow/dags/backfill_pipeline_dag.py
[2026-04-25T19:23:48.313+0000] {processor.py:830} INFO - Processing file /opt/airflow/dags/backfill_pipeline_dag.py for tasks to queue
[2026-04-25T19:23:48.315+0000] {logging_mixin.py:188} INFO - [2026-04-25T19:23:48.314+0000] {dagbag.py:545} INFO - Filling up the DagBag from /opt/airflow/dags/backfill_pipeline_dag.py
[2026-04-25T19:23:48.324+0000] {processor.py:840} INFO - DAG(s) 'backfill_pipeline' retrieved from /opt/airflow/dags/backfill_pipeline_dag.py
[2026-04-25T19:23:48.351+0000] {logging_mixin.py:188} INFO - [2026-04-25T19:23:48.351+0000] {dag.py:3096} INFO - Sync 1 DAGs
[2026-04-25T19:23:48.362+0000] {logging_mixin.py:188} INFO - [2026-04-25T19:23:48.362+0000] {dag.py:3954} INFO - Setting next_dagrun for backfill_pipeline to None, run_after=None
[2026-04-25T19:23:48.381+0000] {processor.py:183} INFO - Processing /opt/airflow/dags/backfill_pipeline_dag.py took 0.075 seconds
[2026-04-25T19:24:18.563+0000] {processor.py:161} INFO - Started process (PID=563) to work on /opt/airflow/dags/backfill_pipeline_dag.py
[2026-04-25T19:24:18.564+0000] {processor.py:830} INFO - Processing file /opt/airflow/dags/backfill_pipeline_dag.py for tasks to queue
[2026-04-25T19:24:18.566+0000] {logging_mixin.py:188} INFO - [2026-04-25T19:24:18.565+0000] {dagbag.py:545} INFO - Filling up the DagBag from /opt/airflow/dags/backfill_pipeline_dag.py
[2026-04-25T19:24:18.574+0000] {processor.py:840} INFO - DAG(s) 'backfill_pipeline' retrieved from /opt/airflow/dags/backfill_pipeline_dag.py
[2026-04-25T19:24:18.599+0000] {logging_mixin.py:188} INFO - [2026-04-25T19:24:18.599+0000] {dag.py:3096} INFO - Sync 1 DAGs
[2026-04-25T19:24:18.610+0000] {logging_mixin.py:188} INFO - [2026-04-25T19:24:18.610+0000] {dag.py:3954} INFO - Setting next_dagrun for backfill_pipeline to None, run_after=None
[2026-04-25T19:24:18.629+0000] {processor.py:183} INFO - Processing /opt/airflow/dags/backfill_pipeline_dag.py took 0.071 seconds
[2026-04-25T19:24:48.809+0000] {processor.py:161} INFO - Started process (PID=578) to work on /opt/airflow/dags/backfill_pipeline_dag.py
[2026-04-25T19:24:48.810+0000] {processor.py:830} INFO - Processing file /opt/airflow/dags/backfill_pipeline_dag.py for tasks to queue
[2026-04-25T19:24:48.811+0000] {logging_mixin.py:188} INFO - [2026-04-25T19:24:48.811+0000] {dagbag.py:545} INFO - Filling up the DagBag from /opt/airflow/dags/backfill_pipeline_dag.py
[2026-04-25T19:24:48.821+0000] {processor.py:840} INFO - DAG(s) 'backfill_pipeline' retrieved from /opt/airflow/dags/backfill_pipeline_dag.py
[2026-04-25T19:24:48.850+0000] {logging_mixin.py:188} INFO - [2026-04-25T19:24:48.849+0000] {dag.py:3096} INFO - Sync 1 DAGs
[2026-04-25T19:24:48.861+0000] {logging_mixin.py:188} INFO - [2026-04-25T19:24:48.861+0000] {dag.py:3954} INFO - Setting next_dagrun for backfill_pipeline to None, run_after=None
[2026-04-25T19:24:48.881+0000] {processor.py:183} INFO - Processing /opt/airflow/dags/backfill_pipeline_dag.py took 0.077 seconds
[2026-04-25T19:25:19.067+0000] {processor.py:161} INFO - Started process (PID=593) to work on /opt/airflow/dags/backfill_pipeline_dag.py
[2026-04-25T19:25:19.068+0000] {processor.py:830} INFO - Processing file /opt/airflow/dags/backfill_pipeline_dag.py for tasks to queue
[2026-04-25T19:25:19.070+0000] {logging_mixin.py:188} INFO - [2026-04-25T19:25:19.069+0000] {dagbag.py:545} INFO - Filling up the DagBag from /opt/airflow/dags/backfill_pipeline_dag.py
[2026-04-25T19:25:19.082+0000] {processor.py:840} INFO - DAG(s) 'backfill_pipeline' retrieved from /opt/airflow/dags/backfill_pipeline_dag.py
[2026-04-25T19:25:19.119+0000] {logging_mixin.py:188} INFO - [2026-04-25T19:25:19.118+0000] {dag.py:3096} INFO - Sync 1 DAGs
[2026-04-25T19:25:19.135+0000] {logging_mixin.py:188} INFO - [2026-04-25T19:25:19.134+0000] {dag.py:3954} INFO - Setting next_dagrun for backfill_pipeline to None, run_after=None
[2026-04-25T19:25:19.153+0000] {processor.py:183} INFO - Processing /opt/airflow/dags/backfill_pipeline_dag.py took 0.091 seconds
