[2026-04-25T17:02:11.761+0000] {processor.py:161} INFO - Started process (PID=178) to work on /opt/airflow/dags/monitoring_pipeline_dag.py
[2026-04-25T17:02:11.762+0000] {processor.py:830} INFO - Processing file /opt/airflow/dags/monitoring_pipeline_dag.py for tasks to queue
[2026-04-25T17:02:11.764+0000] {logging_mixin.py:188} INFO - [2026-04-25T17:02:11.764+0000] {dagbag.py:545} INFO - Filling up the DagBag from /opt/airflow/dags/monitoring_pipeline_dag.py
[2026-04-25T17:02:11.785+0000] {processor.py:840} INFO - DAG(s) 'monitoring_pipeline' retrieved from /opt/airflow/dags/monitoring_pipeline_dag.py
[2026-04-25T17:02:12.010+0000] {logging_mixin.py:188} INFO - [2026-04-25T17:02:12.010+0000] {override.py:1829} INFO - Created Permission View: can read on DAG:monitoring_pipeline
[2026-04-25T17:02:12.019+0000] {logging_mixin.py:188} INFO - [2026-04-25T17:02:12.019+0000] {override.py:1829} INFO - Created Permission View: can delete on DAG:monitoring_pipeline
[2026-04-25T17:02:12.025+0000] {logging_mixin.py:188} INFO - [2026-04-25T17:02:12.025+0000] {override.py:1829} INFO - Created Permission View: can edit on DAG:monitoring_pipeline
[2026-04-25T17:02:12.026+0000] {logging_mixin.py:188} INFO - [2026-04-25T17:02:12.026+0000] {dag.py:3096} INFO - Sync 1 DAGs
[2026-04-25T17:02:12.035+0000] {logging_mixin.py:188} INFO - [2026-04-25T17:02:12.035+0000] {dag.py:3118} INFO - Creating ORM DAG for monitoring_pipeline
[2026-04-25T17:02:12.044+0000] {logging_mixin.py:188} INFO - [2026-04-25T17:02:12.044+0000] {dag.py:3954} INFO - Setting next_dagrun for monitoring_pipeline to 2026-04-24 00:00:00+00:00, run_after=2026-04-25 00:00:00+00:00
[2026-04-25T17:02:12.060+0000] {processor.py:183} INFO - Processing /opt/airflow/dags/monitoring_pipeline_dag.py took 0.305 seconds
[2026-04-25T17:02:42.149+0000] {processor.py:161} INFO - Started process (PID=194) to work on /opt/airflow/dags/monitoring_pipeline_dag.py
[2026-04-25T17:02:42.150+0000] {processor.py:830} INFO - Processing file /opt/airflow/dags/monitoring_pipeline_dag.py for tasks to queue
[2026-04-25T17:02:42.151+0000] {logging_mixin.py:188} INFO - [2026-04-25T17:02:42.151+0000] {dagbag.py:545} INFO - Filling up the DagBag from /opt/airflow/dags/monitoring_pipeline_dag.py
[2026-04-25T17:02:42.159+0000] {processor.py:840} INFO - DAG(s) 'monitoring_pipeline' retrieved from /opt/airflow/dags/monitoring_pipeline_dag.py
[2026-04-25T17:02:42.185+0000] {logging_mixin.py:188} INFO - [2026-04-25T17:02:42.185+0000] {dag.py:3096} INFO - Sync 1 DAGs
[2026-04-25T17:02:42.203+0000] {logging_mixin.py:188} INFO - [2026-04-25T17:02:42.203+0000] {dag.py:3954} INFO - Setting next_dagrun for monitoring_pipeline to 2026-04-24 00:00:00+00:00, run_after=2026-04-25 00:00:00+00:00
[2026-04-25T17:02:42.219+0000] {processor.py:183} INFO - Processing /opt/airflow/dags/monitoring_pipeline_dag.py took 0.074 seconds
[2026-04-25T17:03:12.325+0000] {processor.py:161} INFO - Started process (PID=209) to work on /opt/airflow/dags/monitoring_pipeline_dag.py
[2026-04-25T17:03:12.326+0000] {processor.py:830} INFO - Processing file /opt/airflow/dags/monitoring_pipeline_dag.py for tasks to queue
[2026-04-25T17:03:12.327+0000] {logging_mixin.py:188} INFO - [2026-04-25T17:03:12.327+0000] {dagbag.py:545} INFO - Filling up the DagBag from /opt/airflow/dags/monitoring_pipeline_dag.py
[2026-04-25T17:03:12.338+0000] {processor.py:840} INFO - DAG(s) 'monitoring_pipeline' retrieved from /opt/airflow/dags/monitoring_pipeline_dag.py
[2026-04-25T17:03:12.363+0000] {logging_mixin.py:188} INFO - [2026-04-25T17:03:12.363+0000] {dag.py:3096} INFO - Sync 1 DAGs
[2026-04-25T17:03:12.382+0000] {logging_mixin.py:188} INFO - [2026-04-25T17:03:12.381+0000] {dag.py:3954} INFO - Setting next_dagrun for monitoring_pipeline to 2026-04-24 00:00:00+00:00, run_after=2026-04-25 00:00:00+00:00
[2026-04-25T17:03:12.398+0000] {processor.py:183} INFO - Processing /opt/airflow/dags/monitoring_pipeline_dag.py took 0.078 seconds
[2026-04-25T17:03:42.500+0000] {processor.py:161} INFO - Started process (PID=224) to work on /opt/airflow/dags/monitoring_pipeline_dag.py
[2026-04-25T17:03:42.500+0000] {processor.py:830} INFO - Processing file /opt/airflow/dags/monitoring_pipeline_dag.py for tasks to queue
[2026-04-25T17:03:42.502+0000] {logging_mixin.py:188} INFO - [2026-04-25T17:03:42.502+0000] {dagbag.py:545} INFO - Filling up the DagBag from /opt/airflow/dags/monitoring_pipeline_dag.py
[2026-04-25T17:03:42.512+0000] {processor.py:840} INFO - DAG(s) 'monitoring_pipeline' retrieved from /opt/airflow/dags/monitoring_pipeline_dag.py
[2026-04-25T17:03:42.535+0000] {logging_mixin.py:188} INFO - [2026-04-25T17:03:42.535+0000] {dag.py:3096} INFO - Sync 1 DAGs
[2026-04-25T17:03:42.554+0000] {logging_mixin.py:188} INFO - [2026-04-25T17:03:42.553+0000] {dag.py:3954} INFO - Setting next_dagrun for monitoring_pipeline to 2026-04-24 00:00:00+00:00, run_after=2026-04-25 00:00:00+00:00
[2026-04-25T17:03:42.570+0000] {processor.py:183} INFO - Processing /opt/airflow/dags/monitoring_pipeline_dag.py took 0.074 seconds
[2026-04-25T17:04:12.690+0000] {processor.py:161} INFO - Started process (PID=239) to work on /opt/airflow/dags/monitoring_pipeline_dag.py
[2026-04-25T17:04:12.691+0000] {processor.py:830} INFO - Processing file /opt/airflow/dags/monitoring_pipeline_dag.py for tasks to queue
[2026-04-25T17:04:12.693+0000] {logging_mixin.py:188} INFO - [2026-04-25T17:04:12.693+0000] {dagbag.py:545} INFO - Filling up the DagBag from /opt/airflow/dags/monitoring_pipeline_dag.py
[2026-04-25T17:04:12.704+0000] {processor.py:840} INFO - DAG(s) 'monitoring_pipeline' retrieved from /opt/airflow/dags/monitoring_pipeline_dag.py
[2026-04-25T17:04:12.734+0000] {logging_mixin.py:188} INFO - [2026-04-25T17:04:12.733+0000] {dag.py:3096} INFO - Sync 1 DAGs
[2026-04-25T17:04:12.762+0000] {logging_mixin.py:188} INFO - [2026-04-25T17:04:12.761+0000] {dag.py:3954} INFO - Setting next_dagrun for monitoring_pipeline to 2026-04-24 00:00:00+00:00, run_after=2026-04-25 00:00:00+00:00
[2026-04-25T17:04:12.783+0000] {processor.py:183} INFO - Processing /opt/airflow/dags/monitoring_pipeline_dag.py took 0.097 seconds
[2026-04-25T17:04:42.912+0000] {processor.py:161} INFO - Started process (PID=256) to work on /opt/airflow/dags/monitoring_pipeline_dag.py
[2026-04-25T17:04:42.913+0000] {processor.py:830} INFO - Processing file /opt/airflow/dags/monitoring_pipeline_dag.py for tasks to queue
[2026-04-25T17:04:42.915+0000] {logging_mixin.py:188} INFO - [2026-04-25T17:04:42.914+0000] {dagbag.py:545} INFO - Filling up the DagBag from /opt/airflow/dags/monitoring_pipeline_dag.py
[2026-04-25T17:04:42.925+0000] {processor.py:840} INFO - DAG(s) 'monitoring_pipeline' retrieved from /opt/airflow/dags/monitoring_pipeline_dag.py
[2026-04-25T17:04:42.951+0000] {logging_mixin.py:188} INFO - [2026-04-25T17:04:42.951+0000] {dag.py:3096} INFO - Sync 1 DAGs
[2026-04-25T17:04:42.971+0000] {logging_mixin.py:188} INFO - [2026-04-25T17:04:42.970+0000] {dag.py:3954} INFO - Setting next_dagrun for monitoring_pipeline to 2026-04-24 00:00:00+00:00, run_after=2026-04-25 00:00:00+00:00
[2026-04-25T17:04:42.989+0000] {processor.py:183} INFO - Processing /opt/airflow/dags/monitoring_pipeline_dag.py took 0.083 seconds
[2026-04-25T17:05:13.103+0000] {processor.py:161} INFO - Started process (PID=271) to work on /opt/airflow/dags/monitoring_pipeline_dag.py
[2026-04-25T17:05:13.104+0000] {processor.py:830} INFO - Processing file /opt/airflow/dags/monitoring_pipeline_dag.py for tasks to queue
[2026-04-25T17:05:13.106+0000] {logging_mixin.py:188} INFO - [2026-04-25T17:05:13.105+0000] {dagbag.py:545} INFO - Filling up the DagBag from /opt/airflow/dags/monitoring_pipeline_dag.py
[2026-04-25T17:05:13.116+0000] {processor.py:840} INFO - DAG(s) 'monitoring_pipeline' retrieved from /opt/airflow/dags/monitoring_pipeline_dag.py
[2026-04-25T17:05:13.144+0000] {logging_mixin.py:188} INFO - [2026-04-25T17:05:13.143+0000] {dag.py:3096} INFO - Sync 1 DAGs
[2026-04-25T17:05:13.167+0000] {logging_mixin.py:188} INFO - [2026-04-25T17:05:13.167+0000] {dag.py:3954} INFO - Setting next_dagrun for monitoring_pipeline to 2026-04-24 00:00:00+00:00, run_after=2026-04-25 00:00:00+00:00
[2026-04-25T17:05:13.186+0000] {processor.py:183} INFO - Processing /opt/airflow/dags/monitoring_pipeline_dag.py took 0.090 seconds
[2026-04-25T17:05:43.296+0000] {processor.py:161} INFO - Started process (PID=286) to work on /opt/airflow/dags/monitoring_pipeline_dag.py
[2026-04-25T17:05:43.297+0000] {processor.py:830} INFO - Processing file /opt/airflow/dags/monitoring_pipeline_dag.py for tasks to queue
[2026-04-25T17:05:43.299+0000] {logging_mixin.py:188} INFO - [2026-04-25T17:05:43.299+0000] {dagbag.py:545} INFO - Filling up the DagBag from /opt/airflow/dags/monitoring_pipeline_dag.py
[2026-04-25T17:05:43.311+0000] {processor.py:840} INFO - DAG(s) 'monitoring_pipeline' retrieved from /opt/airflow/dags/monitoring_pipeline_dag.py
[2026-04-25T17:05:43.339+0000] {logging_mixin.py:188} INFO - [2026-04-25T17:05:43.339+0000] {dag.py:3096} INFO - Sync 1 DAGs
[2026-04-25T17:05:43.360+0000] {logging_mixin.py:188} INFO - [2026-04-25T17:05:43.359+0000] {dag.py:3954} INFO - Setting next_dagrun for monitoring_pipeline to 2026-04-24 00:00:00+00:00, run_after=2026-04-25 00:00:00+00:00
[2026-04-25T17:05:43.378+0000] {processor.py:183} INFO - Processing /opt/airflow/dags/monitoring_pipeline_dag.py took 0.088 seconds
[2026-04-25T17:06:13.490+0000] {processor.py:161} INFO - Started process (PID=301) to work on /opt/airflow/dags/monitoring_pipeline_dag.py
[2026-04-25T17:06:13.491+0000] {processor.py:830} INFO - Processing file /opt/airflow/dags/monitoring_pipeline_dag.py for tasks to queue
[2026-04-25T17:06:13.493+0000] {logging_mixin.py:188} INFO - [2026-04-25T17:06:13.492+0000] {dagbag.py:545} INFO - Filling up the DagBag from /opt/airflow/dags/monitoring_pipeline_dag.py
[2026-04-25T17:06:13.505+0000] {processor.py:840} INFO - DAG(s) 'monitoring_pipeline' retrieved from /opt/airflow/dags/monitoring_pipeline_dag.py
[2026-04-25T17:06:13.537+0000] {logging_mixin.py:188} INFO - [2026-04-25T17:06:13.537+0000] {dag.py:3096} INFO - Sync 1 DAGs
[2026-04-25T17:06:13.563+0000] {logging_mixin.py:188} INFO - [2026-04-25T17:06:13.562+0000] {dag.py:3954} INFO - Setting next_dagrun for monitoring_pipeline to 2026-04-24 00:00:00+00:00, run_after=2026-04-25 00:00:00+00:00
[2026-04-25T17:06:13.584+0000] {processor.py:183} INFO - Processing /opt/airflow/dags/monitoring_pipeline_dag.py took 0.099 seconds
[2026-04-25T17:06:43.692+0000] {processor.py:161} INFO - Started process (PID=316) to work on /opt/airflow/dags/monitoring_pipeline_dag.py
[2026-04-25T17:06:43.694+0000] {processor.py:830} INFO - Processing file /opt/airflow/dags/monitoring_pipeline_dag.py for tasks to queue
[2026-04-25T17:06:43.696+0000] {logging_mixin.py:188} INFO - [2026-04-25T17:06:43.695+0000] {dagbag.py:545} INFO - Filling up the DagBag from /opt/airflow/dags/monitoring_pipeline_dag.py
[2026-04-25T17:06:43.707+0000] {processor.py:840} INFO - DAG(s) 'monitoring_pipeline' retrieved from /opt/airflow/dags/monitoring_pipeline_dag.py
[2026-04-25T17:06:43.738+0000] {logging_mixin.py:188} INFO - [2026-04-25T17:06:43.737+0000] {dag.py:3096} INFO - Sync 1 DAGs
[2026-04-25T17:06:43.761+0000] {logging_mixin.py:188} INFO - [2026-04-25T17:06:43.760+0000] {dag.py:3954} INFO - Setting next_dagrun for monitoring_pipeline to 2026-04-24 00:00:00+00:00, run_after=2026-04-25 00:00:00+00:00
[2026-04-25T17:06:43.781+0000] {processor.py:183} INFO - Processing /opt/airflow/dags/monitoring_pipeline_dag.py took 0.096 seconds
[2026-04-25T17:07:13.924+0000] {processor.py:161} INFO - Started process (PID=331) to work on /opt/airflow/dags/monitoring_pipeline_dag.py
[2026-04-25T17:07:13.925+0000] {processor.py:830} INFO - Processing file /opt/airflow/dags/monitoring_pipeline_dag.py for tasks to queue
[2026-04-25T17:07:13.926+0000] {logging_mixin.py:188} INFO - [2026-04-25T17:07:13.926+0000] {dagbag.py:545} INFO - Filling up the DagBag from /opt/airflow/dags/monitoring_pipeline_dag.py
[2026-04-25T17:07:13.937+0000] {processor.py:840} INFO - DAG(s) 'monitoring_pipeline' retrieved from /opt/airflow/dags/monitoring_pipeline_dag.py
[2026-04-25T17:07:13.965+0000] {logging_mixin.py:188} INFO - [2026-04-25T17:07:13.965+0000] {dag.py:3096} INFO - Sync 1 DAGs
[2026-04-25T17:07:13.986+0000] {logging_mixin.py:188} INFO - [2026-04-25T17:07:13.986+0000] {dag.py:3954} INFO - Setting next_dagrun for monitoring_pipeline to 2026-04-24 00:00:00+00:00, run_after=2026-04-25 00:00:00+00:00
[2026-04-25T17:07:14.003+0000] {processor.py:183} INFO - Processing /opt/airflow/dags/monitoring_pipeline_dag.py took 0.085 seconds
[2026-04-25T17:07:44.118+0000] {processor.py:161} INFO - Started process (PID=346) to work on /opt/airflow/dags/monitoring_pipeline_dag.py
[2026-04-25T17:07:44.119+0000] {processor.py:830} INFO - Processing file /opt/airflow/dags/monitoring_pipeline_dag.py for tasks to queue
[2026-04-25T17:07:44.120+0000] {logging_mixin.py:188} INFO - [2026-04-25T17:07:44.120+0000] {dagbag.py:545} INFO - Filling up the DagBag from /opt/airflow/dags/monitoring_pipeline_dag.py
[2026-04-25T17:07:44.132+0000] {processor.py:840} INFO - DAG(s) 'monitoring_pipeline' retrieved from /opt/airflow/dags/monitoring_pipeline_dag.py
[2026-04-25T17:07:44.162+0000] {logging_mixin.py:188} INFO - [2026-04-25T17:07:44.162+0000] {dag.py:3096} INFO - Sync 1 DAGs
[2026-04-25T17:07:44.183+0000] {logging_mixin.py:188} INFO - [2026-04-25T17:07:44.183+0000] {dag.py:3954} INFO - Setting next_dagrun for monitoring_pipeline to 2026-04-24 00:00:00+00:00, run_after=2026-04-25 00:00:00+00:00
[2026-04-25T17:07:44.201+0000] {processor.py:183} INFO - Processing /opt/airflow/dags/monitoring_pipeline_dag.py took 0.090 seconds
[2026-04-25T17:08:14.324+0000] {processor.py:161} INFO - Started process (PID=361) to work on /opt/airflow/dags/monitoring_pipeline_dag.py
[2026-04-25T17:08:14.325+0000] {processor.py:830} INFO - Processing file /opt/airflow/dags/monitoring_pipeline_dag.py for tasks to queue
[2026-04-25T17:08:14.327+0000] {logging_mixin.py:188} INFO - [2026-04-25T17:08:14.327+0000] {dagbag.py:545} INFO - Filling up the DagBag from /opt/airflow/dags/monitoring_pipeline_dag.py
[2026-04-25T17:08:14.339+0000] {processor.py:840} INFO - DAG(s) 'monitoring_pipeline' retrieved from /opt/airflow/dags/monitoring_pipeline_dag.py
[2026-04-25T17:08:14.367+0000] {logging_mixin.py:188} INFO - [2026-04-25T17:08:14.367+0000] {dag.py:3096} INFO - Sync 1 DAGs
[2026-04-25T17:08:14.389+0000] {logging_mixin.py:188} INFO - [2026-04-25T17:08:14.389+0000] {dag.py:3954} INFO - Setting next_dagrun for monitoring_pipeline to 2026-04-24 00:00:00+00:00, run_after=2026-04-25 00:00:00+00:00
[2026-04-25T17:08:14.408+0000] {processor.py:183} INFO - Processing /opt/airflow/dags/monitoring_pipeline_dag.py took 0.090 seconds
[2026-04-25T17:08:44.529+0000] {processor.py:161} INFO - Started process (PID=376) to work on /opt/airflow/dags/monitoring_pipeline_dag.py
[2026-04-25T17:08:44.530+0000] {processor.py:830} INFO - Processing file /opt/airflow/dags/monitoring_pipeline_dag.py for tasks to queue
[2026-04-25T17:08:44.531+0000] {logging_mixin.py:188} INFO - [2026-04-25T17:08:44.531+0000] {dagbag.py:545} INFO - Filling up the DagBag from /opt/airflow/dags/monitoring_pipeline_dag.py
[2026-04-25T17:08:44.541+0000] {processor.py:840} INFO - DAG(s) 'monitoring_pipeline' retrieved from /opt/airflow/dags/monitoring_pipeline_dag.py
[2026-04-25T17:08:44.579+0000] {logging_mixin.py:188} INFO - [2026-04-25T17:08:44.579+0000] {dag.py:3096} INFO - Sync 1 DAGs
[2026-04-25T17:08:44.608+0000] {logging_mixin.py:188} INFO - [2026-04-25T17:08:44.607+0000] {dag.py:3954} INFO - Setting next_dagrun for monitoring_pipeline to 2026-04-24 00:00:00+00:00, run_after=2026-04-25 00:00:00+00:00
[2026-04-25T17:08:44.629+0000] {processor.py:183} INFO - Processing /opt/airflow/dags/monitoring_pipeline_dag.py took 0.106 seconds
[2026-04-25T17:09:14.743+0000] {processor.py:161} INFO - Started process (PID=391) to work on /opt/airflow/dags/monitoring_pipeline_dag.py
[2026-04-25T17:09:14.744+0000] {processor.py:830} INFO - Processing file /opt/airflow/dags/monitoring_pipeline_dag.py for tasks to queue
[2026-04-25T17:09:14.747+0000] {logging_mixin.py:188} INFO - [2026-04-25T17:09:14.746+0000] {dagbag.py:545} INFO - Filling up the DagBag from /opt/airflow/dags/monitoring_pipeline_dag.py
[2026-04-25T17:09:14.762+0000] {processor.py:840} INFO - DAG(s) 'monitoring_pipeline' retrieved from /opt/airflow/dags/monitoring_pipeline_dag.py
[2026-04-25T17:09:14.792+0000] {logging_mixin.py:188} INFO - [2026-04-25T17:09:14.792+0000] {dag.py:3096} INFO - Sync 1 DAGs
[2026-04-25T17:09:14.820+0000] {logging_mixin.py:188} INFO - [2026-04-25T17:09:14.819+0000] {dag.py:3954} INFO - Setting next_dagrun for monitoring_pipeline to 2026-04-24 00:00:00+00:00, run_after=2026-04-25 00:00:00+00:00
[2026-04-25T17:09:14.850+0000] {processor.py:183} INFO - Processing /opt/airflow/dags/monitoring_pipeline_dag.py took 0.113 seconds
[2026-04-25T17:09:44.976+0000] {processor.py:161} INFO - Started process (PID=406) to work on /opt/airflow/dags/monitoring_pipeline_dag.py
[2026-04-25T17:09:44.977+0000] {processor.py:830} INFO - Processing file /opt/airflow/dags/monitoring_pipeline_dag.py for tasks to queue
[2026-04-25T17:09:44.978+0000] {logging_mixin.py:188} INFO - [2026-04-25T17:09:44.978+0000] {dagbag.py:545} INFO - Filling up the DagBag from /opt/airflow/dags/monitoring_pipeline_dag.py
[2026-04-25T17:09:44.989+0000] {processor.py:840} INFO - DAG(s) 'monitoring_pipeline' retrieved from /opt/airflow/dags/monitoring_pipeline_dag.py
[2026-04-25T17:09:45.019+0000] {logging_mixin.py:188} INFO - [2026-04-25T17:09:45.019+0000] {dag.py:3096} INFO - Sync 1 DAGs
[2026-04-25T17:09:45.046+0000] {logging_mixin.py:188} INFO - [2026-04-25T17:09:45.045+0000] {dag.py:3954} INFO - Setting next_dagrun for monitoring_pipeline to 2026-04-24 00:00:00+00:00, run_after=2026-04-25 00:00:00+00:00
[2026-04-25T17:09:45.067+0000] {processor.py:183} INFO - Processing /opt/airflow/dags/monitoring_pipeline_dag.py took 0.097 seconds
[2026-04-25T17:10:15.184+0000] {processor.py:161} INFO - Started process (PID=421) to work on /opt/airflow/dags/monitoring_pipeline_dag.py
[2026-04-25T17:10:15.185+0000] {processor.py:830} INFO - Processing file /opt/airflow/dags/monitoring_pipeline_dag.py for tasks to queue
[2026-04-25T17:10:15.186+0000] {logging_mixin.py:188} INFO - [2026-04-25T17:10:15.186+0000] {dagbag.py:545} INFO - Filling up the DagBag from /opt/airflow/dags/monitoring_pipeline_dag.py
[2026-04-25T17:10:15.196+0000] {processor.py:840} INFO - DAG(s) 'monitoring_pipeline' retrieved from /opt/airflow/dags/monitoring_pipeline_dag.py
[2026-04-25T17:10:15.223+0000] {logging_mixin.py:188} INFO - [2026-04-25T17:10:15.223+0000] {dag.py:3096} INFO - Sync 1 DAGs
[2026-04-25T17:10:15.242+0000] {logging_mixin.py:188} INFO - [2026-04-25T17:10:15.242+0000] {dag.py:3954} INFO - Setting next_dagrun for monitoring_pipeline to 2026-04-24 00:00:00+00:00, run_after=2026-04-25 00:00:00+00:00
[2026-04-25T17:10:15.261+0000] {processor.py:183} INFO - Processing /opt/airflow/dags/monitoring_pipeline_dag.py took 0.083 seconds
[2026-04-25T17:10:45.377+0000] {processor.py:161} INFO - Started process (PID=436) to work on /opt/airflow/dags/monitoring_pipeline_dag.py
[2026-04-25T17:10:45.378+0000] {processor.py:830} INFO - Processing file /opt/airflow/dags/monitoring_pipeline_dag.py for tasks to queue
[2026-04-25T17:10:45.380+0000] {logging_mixin.py:188} INFO - [2026-04-25T17:10:45.379+0000] {dagbag.py:545} INFO - Filling up the DagBag from /opt/airflow/dags/monitoring_pipeline_dag.py
[2026-04-25T17:10:45.391+0000] {processor.py:840} INFO - DAG(s) 'monitoring_pipeline' retrieved from /opt/airflow/dags/monitoring_pipeline_dag.py
[2026-04-25T17:10:45.420+0000] {logging_mixin.py:188} INFO - [2026-04-25T17:10:45.420+0000] {dag.py:3096} INFO - Sync 1 DAGs
[2026-04-25T17:10:45.440+0000] {logging_mixin.py:188} INFO - [2026-04-25T17:10:45.440+0000] {dag.py:3954} INFO - Setting next_dagrun for monitoring_pipeline to 2026-04-24 00:00:00+00:00, run_after=2026-04-25 00:00:00+00:00
[2026-04-25T17:10:45.458+0000] {processor.py:183} INFO - Processing /opt/airflow/dags/monitoring_pipeline_dag.py took 0.087 seconds
[2026-04-25T17:11:15.570+0000] {processor.py:161} INFO - Started process (PID=451) to work on /opt/airflow/dags/monitoring_pipeline_dag.py
[2026-04-25T17:11:15.570+0000] {processor.py:830} INFO - Processing file /opt/airflow/dags/monitoring_pipeline_dag.py for tasks to queue
[2026-04-25T17:11:15.572+0000] {logging_mixin.py:188} INFO - [2026-04-25T17:11:15.572+0000] {dagbag.py:545} INFO - Filling up the DagBag from /opt/airflow/dags/monitoring_pipeline_dag.py
[2026-04-25T17:11:15.584+0000] {processor.py:840} INFO - DAG(s) 'monitoring_pipeline' retrieved from /opt/airflow/dags/monitoring_pipeline_dag.py
[2026-04-25T17:11:15.613+0000] {logging_mixin.py:188} INFO - [2026-04-25T17:11:15.612+0000] {dag.py:3096} INFO - Sync 1 DAGs
[2026-04-25T17:11:15.634+0000] {logging_mixin.py:188} INFO - [2026-04-25T17:11:15.634+0000] {dag.py:3954} INFO - Setting next_dagrun for monitoring_pipeline to 2026-04-24 00:00:00+00:00, run_after=2026-04-25 00:00:00+00:00
[2026-04-25T17:11:15.651+0000] {processor.py:183} INFO - Processing /opt/airflow/dags/monitoring_pipeline_dag.py took 0.088 seconds
[2026-04-25T17:11:45.779+0000] {processor.py:161} INFO - Started process (PID=466) to work on /opt/airflow/dags/monitoring_pipeline_dag.py
[2026-04-25T17:11:45.780+0000] {processor.py:830} INFO - Processing file /opt/airflow/dags/monitoring_pipeline_dag.py for tasks to queue
[2026-04-25T17:11:45.781+0000] {logging_mixin.py:188} INFO - [2026-04-25T17:11:45.781+0000] {dagbag.py:545} INFO - Filling up the DagBag from /opt/airflow/dags/monitoring_pipeline_dag.py
[2026-04-25T17:11:45.793+0000] {processor.py:840} INFO - DAG(s) 'monitoring_pipeline' retrieved from /opt/airflow/dags/monitoring_pipeline_dag.py
[2026-04-25T17:11:45.820+0000] {logging_mixin.py:188} INFO - [2026-04-25T17:11:45.819+0000] {dag.py:3096} INFO - Sync 1 DAGs
[2026-04-25T17:11:45.840+0000] {logging_mixin.py:188} INFO - [2026-04-25T17:11:45.839+0000] {dag.py:3954} INFO - Setting next_dagrun for monitoring_pipeline to 2026-04-24 00:00:00+00:00, run_after=2026-04-25 00:00:00+00:00
[2026-04-25T17:11:45.857+0000] {processor.py:183} INFO - Processing /opt/airflow/dags/monitoring_pipeline_dag.py took 0.085 seconds
[2026-04-25T17:36:10.231+0000] {processor.py:161} INFO - Started process (PID=175) to work on /opt/airflow/dags/monitoring_pipeline_dag.py
[2026-04-25T17:36:10.232+0000] {processor.py:830} INFO - Processing file /opt/airflow/dags/monitoring_pipeline_dag.py for tasks to queue
[2026-04-25T17:36:10.235+0000] {logging_mixin.py:188} INFO - [2026-04-25T17:36:10.234+0000] {dagbag.py:545} INFO - Filling up the DagBag from /opt/airflow/dags/monitoring_pipeline_dag.py
[2026-04-25T17:36:10.251+0000] {processor.py:840} INFO - DAG(s) 'monitoring_pipeline' retrieved from /opt/airflow/dags/monitoring_pipeline_dag.py
[2026-04-25T17:36:10.476+0000] {logging_mixin.py:188} INFO - [2026-04-25T17:36:10.475+0000] {override.py:1829} INFO - Created Permission View: can read on DAG:monitoring_pipeline
[2026-04-25T17:36:10.484+0000] {logging_mixin.py:188} INFO - [2026-04-25T17:36:10.483+0000] {override.py:1829} INFO - Created Permission View: can delete on DAG:monitoring_pipeline
[2026-04-25T17:36:10.488+0000] {logging_mixin.py:188} INFO - [2026-04-25T17:36:10.488+0000] {override.py:1829} INFO - Created Permission View: can edit on DAG:monitoring_pipeline
[2026-04-25T17:36:10.489+0000] {logging_mixin.py:188} INFO - [2026-04-25T17:36:10.488+0000] {dag.py:3096} INFO - Sync 1 DAGs
[2026-04-25T17:36:10.497+0000] {logging_mixin.py:188} INFO - [2026-04-25T17:36:10.497+0000] {dag.py:3118} INFO - Creating ORM DAG for monitoring_pipeline
[2026-04-25T17:36:10.505+0000] {logging_mixin.py:188} INFO - [2026-04-25T17:36:10.504+0000] {dag.py:3954} INFO - Setting next_dagrun for monitoring_pipeline to 2026-04-24 00:00:00+00:00, run_after=2026-04-25 00:00:00+00:00
[2026-04-25T17:36:10.519+0000] {processor.py:183} INFO - Processing /opt/airflow/dags/monitoring_pipeline_dag.py took 0.294 seconds
[2026-04-25T17:36:40.641+0000] {processor.py:161} INFO - Started process (PID=191) to work on /opt/airflow/dags/monitoring_pipeline_dag.py
[2026-04-25T17:36:40.644+0000] {processor.py:830} INFO - Processing file /opt/airflow/dags/monitoring_pipeline_dag.py for tasks to queue
[2026-04-25T17:36:40.646+0000] {logging_mixin.py:188} INFO - [2026-04-25T17:36:40.645+0000] {dagbag.py:545} INFO - Filling up the DagBag from /opt/airflow/dags/monitoring_pipeline_dag.py
[2026-04-25T17:36:40.657+0000] {processor.py:840} INFO - DAG(s) 'monitoring_pipeline' retrieved from /opt/airflow/dags/monitoring_pipeline_dag.py
[2026-04-25T17:36:40.682+0000] {logging_mixin.py:188} INFO - [2026-04-25T17:36:40.682+0000] {dag.py:3096} INFO - Sync 1 DAGs
[2026-04-25T17:36:40.700+0000] {logging_mixin.py:188} INFO - [2026-04-25T17:36:40.700+0000] {dag.py:3954} INFO - Setting next_dagrun for monitoring_pipeline to 2026-04-24 00:00:00+00:00, run_after=2026-04-25 00:00:00+00:00
[2026-04-25T17:36:40.716+0000] {processor.py:183} INFO - Processing /opt/airflow/dags/monitoring_pipeline_dag.py took 0.080 seconds
[2026-04-25T17:37:10.838+0000] {processor.py:161} INFO - Started process (PID=206) to work on /opt/airflow/dags/monitoring_pipeline_dag.py
[2026-04-25T17:37:10.840+0000] {processor.py:830} INFO - Processing file /opt/airflow/dags/monitoring_pipeline_dag.py for tasks to queue
[2026-04-25T17:37:10.842+0000] {logging_mixin.py:188} INFO - [2026-04-25T17:37:10.842+0000] {dagbag.py:545} INFO - Filling up the DagBag from /opt/airflow/dags/monitoring_pipeline_dag.py
[2026-04-25T17:37:10.852+0000] {processor.py:840} INFO - DAG(s) 'monitoring_pipeline' retrieved from /opt/airflow/dags/monitoring_pipeline_dag.py
[2026-04-25T17:37:10.879+0000] {logging_mixin.py:188} INFO - [2026-04-25T17:37:10.879+0000] {dag.py:3096} INFO - Sync 1 DAGs
[2026-04-25T17:37:10.898+0000] {logging_mixin.py:188} INFO - [2026-04-25T17:37:10.898+0000] {dag.py:3954} INFO - Setting next_dagrun for monitoring_pipeline to 2026-04-24 00:00:00+00:00, run_after=2026-04-25 00:00:00+00:00
[2026-04-25T17:37:10.913+0000] {processor.py:183} INFO - Processing /opt/airflow/dags/monitoring_pipeline_dag.py took 0.081 seconds
[2026-04-25T17:37:41.050+0000] {processor.py:161} INFO - Started process (PID=221) to work on /opt/airflow/dags/monitoring_pipeline_dag.py
[2026-04-25T17:37:41.051+0000] {processor.py:830} INFO - Processing file /opt/airflow/dags/monitoring_pipeline_dag.py for tasks to queue
[2026-04-25T17:37:41.055+0000] {logging_mixin.py:188} INFO - [2026-04-25T17:37:41.054+0000] {dagbag.py:545} INFO - Filling up the DagBag from /opt/airflow/dags/monitoring_pipeline_dag.py
[2026-04-25T17:37:41.069+0000] {processor.py:840} INFO - DAG(s) 'monitoring_pipeline' retrieved from /opt/airflow/dags/monitoring_pipeline_dag.py
[2026-04-25T17:37:41.110+0000] {logging_mixin.py:188} INFO - [2026-04-25T17:37:41.110+0000] {dag.py:3096} INFO - Sync 1 DAGs
[2026-04-25T17:37:41.137+0000] {logging_mixin.py:188} INFO - [2026-04-25T17:37:41.137+0000] {dag.py:3954} INFO - Setting next_dagrun for monitoring_pipeline to 2026-04-24 00:00:00+00:00, run_after=2026-04-25 00:00:00+00:00
[2026-04-25T17:37:41.154+0000] {processor.py:183} INFO - Processing /opt/airflow/dags/monitoring_pipeline_dag.py took 0.112 seconds
[2026-04-25T17:38:11.281+0000] {processor.py:161} INFO - Started process (PID=239) to work on /opt/airflow/dags/monitoring_pipeline_dag.py
[2026-04-25T17:38:11.284+0000] {processor.py:830} INFO - Processing file /opt/airflow/dags/monitoring_pipeline_dag.py for tasks to queue
[2026-04-25T17:38:11.286+0000] {logging_mixin.py:188} INFO - [2026-04-25T17:38:11.286+0000] {dagbag.py:545} INFO - Filling up the DagBag from /opt/airflow/dags/monitoring_pipeline_dag.py
[2026-04-25T17:38:11.294+0000] {processor.py:840} INFO - DAG(s) 'monitoring_pipeline' retrieved from /opt/airflow/dags/monitoring_pipeline_dag.py
[2026-04-25T17:38:11.317+0000] {logging_mixin.py:188} INFO - [2026-04-25T17:38:11.316+0000] {dag.py:3096} INFO - Sync 1 DAGs
[2026-04-25T17:38:11.335+0000] {logging_mixin.py:188} INFO - [2026-04-25T17:38:11.334+0000] {dag.py:3954} INFO - Setting next_dagrun for monitoring_pipeline to 2026-04-24 00:00:00+00:00, run_after=2026-04-25 00:00:00+00:00
[2026-04-25T17:38:11.348+0000] {processor.py:183} INFO - Processing /opt/airflow/dags/monitoring_pipeline_dag.py took 0.072 seconds
[2026-04-25T17:38:41.481+0000] {processor.py:161} INFO - Started process (PID=254) to work on /opt/airflow/dags/monitoring_pipeline_dag.py
[2026-04-25T17:38:41.482+0000] {processor.py:830} INFO - Processing file /opt/airflow/dags/monitoring_pipeline_dag.py for tasks to queue
[2026-04-25T17:38:41.484+0000] {logging_mixin.py:188} INFO - [2026-04-25T17:38:41.484+0000] {dagbag.py:545} INFO - Filling up the DagBag from /opt/airflow/dags/monitoring_pipeline_dag.py
[2026-04-25T17:38:41.495+0000] {processor.py:840} INFO - DAG(s) 'monitoring_pipeline' retrieved from /opt/airflow/dags/monitoring_pipeline_dag.py
[2026-04-25T17:38:41.523+0000] {logging_mixin.py:188} INFO - [2026-04-25T17:38:41.522+0000] {dag.py:3096} INFO - Sync 1 DAGs
[2026-04-25T17:38:41.543+0000] {logging_mixin.py:188} INFO - [2026-04-25T17:38:41.543+0000] {dag.py:3954} INFO - Setting next_dagrun for monitoring_pipeline to 2026-04-24 00:00:00+00:00, run_after=2026-04-25 00:00:00+00:00
[2026-04-25T17:38:41.563+0000] {processor.py:183} INFO - Processing /opt/airflow/dags/monitoring_pipeline_dag.py took 0.088 seconds
[2026-04-25T17:39:11.696+0000] {processor.py:161} INFO - Started process (PID=269) to work on /opt/airflow/dags/monitoring_pipeline_dag.py
[2026-04-25T17:39:11.698+0000] {processor.py:830} INFO - Processing file /opt/airflow/dags/monitoring_pipeline_dag.py for tasks to queue
[2026-04-25T17:39:11.700+0000] {logging_mixin.py:188} INFO - [2026-04-25T17:39:11.700+0000] {dagbag.py:545} INFO - Filling up the DagBag from /opt/airflow/dags/monitoring_pipeline_dag.py
[2026-04-25T17:39:11.710+0000] {processor.py:840} INFO - DAG(s) 'monitoring_pipeline' retrieved from /opt/airflow/dags/monitoring_pipeline_dag.py
[2026-04-25T17:39:11.733+0000] {logging_mixin.py:188} INFO - [2026-04-25T17:39:11.733+0000] {dag.py:3096} INFO - Sync 1 DAGs
[2026-04-25T17:39:11.751+0000] {logging_mixin.py:188} INFO - [2026-04-25T17:39:11.751+0000] {dag.py:3954} INFO - Setting next_dagrun for monitoring_pipeline to 2026-04-24 00:00:00+00:00, run_after=2026-04-25 00:00:00+00:00
[2026-04-25T17:39:11.766+0000] {processor.py:183} INFO - Processing /opt/airflow/dags/monitoring_pipeline_dag.py took 0.075 seconds
[2026-04-25T17:39:41.910+0000] {processor.py:161} INFO - Started process (PID=284) to work on /opt/airflow/dags/monitoring_pipeline_dag.py
[2026-04-25T17:39:41.912+0000] {processor.py:830} INFO - Processing file /opt/airflow/dags/monitoring_pipeline_dag.py for tasks to queue
[2026-04-25T17:39:41.914+0000] {logging_mixin.py:188} INFO - [2026-04-25T17:39:41.913+0000] {dagbag.py:545} INFO - Filling up the DagBag from /opt/airflow/dags/monitoring_pipeline_dag.py
[2026-04-25T17:39:41.927+0000] {processor.py:840} INFO - DAG(s) 'monitoring_pipeline' retrieved from /opt/airflow/dags/monitoring_pipeline_dag.py
[2026-04-25T17:39:41.958+0000] {logging_mixin.py:188} INFO - [2026-04-25T17:39:41.958+0000] {dag.py:3096} INFO - Sync 1 DAGs
[2026-04-25T17:39:41.979+0000] {logging_mixin.py:188} INFO - [2026-04-25T17:39:41.979+0000] {dag.py:3954} INFO - Setting next_dagrun for monitoring_pipeline to 2026-04-24 00:00:00+00:00, run_after=2026-04-25 00:00:00+00:00
[2026-04-25T17:39:41.996+0000] {processor.py:183} INFO - Processing /opt/airflow/dags/monitoring_pipeline_dag.py took 0.093 seconds
[2026-04-25T17:40:12.133+0000] {processor.py:161} INFO - Started process (PID=299) to work on /opt/airflow/dags/monitoring_pipeline_dag.py
[2026-04-25T17:40:12.136+0000] {processor.py:830} INFO - Processing file /opt/airflow/dags/monitoring_pipeline_dag.py for tasks to queue
[2026-04-25T17:40:12.138+0000] {logging_mixin.py:188} INFO - [2026-04-25T17:40:12.138+0000] {dagbag.py:545} INFO - Filling up the DagBag from /opt/airflow/dags/monitoring_pipeline_dag.py
[2026-04-25T17:40:12.149+0000] {processor.py:840} INFO - DAG(s) 'monitoring_pipeline' retrieved from /opt/airflow/dags/monitoring_pipeline_dag.py
[2026-04-25T17:40:12.177+0000] {logging_mixin.py:188} INFO - [2026-04-25T17:40:12.177+0000] {dag.py:3096} INFO - Sync 1 DAGs
[2026-04-25T17:40:12.197+0000] {logging_mixin.py:188} INFO - [2026-04-25T17:40:12.197+0000] {dag.py:3954} INFO - Setting next_dagrun for monitoring_pipeline to 2026-04-24 00:00:00+00:00, run_after=2026-04-25 00:00:00+00:00
[2026-04-25T17:40:12.215+0000] {processor.py:183} INFO - Processing /opt/airflow/dags/monitoring_pipeline_dag.py took 0.089 seconds
[2026-04-25T17:40:42.350+0000] {processor.py:161} INFO - Started process (PID=314) to work on /opt/airflow/dags/monitoring_pipeline_dag.py
[2026-04-25T17:40:42.351+0000] {processor.py:830} INFO - Processing file /opt/airflow/dags/monitoring_pipeline_dag.py for tasks to queue
[2026-04-25T17:40:42.353+0000] {logging_mixin.py:188} INFO - [2026-04-25T17:40:42.352+0000] {dagbag.py:545} INFO - Filling up the DagBag from /opt/airflow/dags/monitoring_pipeline_dag.py
[2026-04-25T17:40:42.362+0000] {processor.py:840} INFO - DAG(s) 'monitoring_pipeline' retrieved from /opt/airflow/dags/monitoring_pipeline_dag.py
[2026-04-25T17:40:42.388+0000] {logging_mixin.py:188} INFO - [2026-04-25T17:40:42.387+0000] {dag.py:3096} INFO - Sync 1 DAGs
[2026-04-25T17:40:42.409+0000] {logging_mixin.py:188} INFO - [2026-04-25T17:40:42.409+0000] {dag.py:3954} INFO - Setting next_dagrun for monitoring_pipeline to 2026-04-24 00:00:00+00:00, run_after=2026-04-25 00:00:00+00:00
[2026-04-25T17:40:42.427+0000] {processor.py:183} INFO - Processing /opt/airflow/dags/monitoring_pipeline_dag.py took 0.083 seconds
[2026-04-25T17:41:12.571+0000] {processor.py:161} INFO - Started process (PID=329) to work on /opt/airflow/dags/monitoring_pipeline_dag.py
[2026-04-25T17:41:12.574+0000] {processor.py:830} INFO - Processing file /opt/airflow/dags/monitoring_pipeline_dag.py for tasks to queue
[2026-04-25T17:41:12.576+0000] {logging_mixin.py:188} INFO - [2026-04-25T17:41:12.575+0000] {dagbag.py:545} INFO - Filling up the DagBag from /opt/airflow/dags/monitoring_pipeline_dag.py
[2026-04-25T17:41:12.587+0000] {processor.py:840} INFO - DAG(s) 'monitoring_pipeline' retrieved from /opt/airflow/dags/monitoring_pipeline_dag.py
[2026-04-25T17:41:12.615+0000] {logging_mixin.py:188} INFO - [2026-04-25T17:41:12.615+0000] {dag.py:3096} INFO - Sync 1 DAGs
[2026-04-25T17:41:12.634+0000] {logging_mixin.py:188} INFO - [2026-04-25T17:41:12.634+0000] {dag.py:3954} INFO - Setting next_dagrun for monitoring_pipeline to 2026-04-24 00:00:00+00:00, run_after=2026-04-25 00:00:00+00:00
[2026-04-25T17:41:12.651+0000] {processor.py:183} INFO - Processing /opt/airflow/dags/monitoring_pipeline_dag.py took 0.085 seconds
[2026-04-25T17:42:19.150+0000] {processor.py:161} INFO - Started process (PID=178) to work on /opt/airflow/dags/monitoring_pipeline_dag.py
[2026-04-25T17:42:19.151+0000] {processor.py:830} INFO - Processing file /opt/airflow/dags/monitoring_pipeline_dag.py for tasks to queue
[2026-04-25T17:42:19.153+0000] {logging_mixin.py:188} INFO - [2026-04-25T17:42:19.153+0000] {dagbag.py:545} INFO - Filling up the DagBag from /opt/airflow/dags/monitoring_pipeline_dag.py
[2026-04-25T17:42:19.166+0000] {processor.py:840} INFO - DAG(s) 'monitoring_pipeline' retrieved from /opt/airflow/dags/monitoring_pipeline_dag.py
[2026-04-25T17:42:19.356+0000] {logging_mixin.py:188} INFO - [2026-04-25T17:42:19.355+0000] {override.py:1829} INFO - Created Permission View: can read on DAG:monitoring_pipeline
[2026-04-25T17:42:19.363+0000] {logging_mixin.py:188} INFO - [2026-04-25T17:42:19.363+0000] {override.py:1829} INFO - Created Permission View: can delete on DAG:monitoring_pipeline
[2026-04-25T17:42:19.368+0000] {logging_mixin.py:188} INFO - [2026-04-25T17:42:19.368+0000] {override.py:1829} INFO - Created Permission View: can edit on DAG:monitoring_pipeline
[2026-04-25T17:42:19.368+0000] {logging_mixin.py:188} INFO - [2026-04-25T17:42:19.368+0000] {dag.py:3096} INFO - Sync 1 DAGs
[2026-04-25T17:42:19.376+0000] {logging_mixin.py:188} INFO - [2026-04-25T17:42:19.375+0000] {dag.py:3118} INFO - Creating ORM DAG for monitoring_pipeline
[2026-04-25T17:42:19.384+0000] {logging_mixin.py:188} INFO - [2026-04-25T17:42:19.384+0000] {dag.py:3954} INFO - Setting next_dagrun for monitoring_pipeline to 2026-04-24 00:00:00+00:00, run_after=2026-04-25 00:00:00+00:00
[2026-04-25T17:42:19.397+0000] {processor.py:183} INFO - Processing /opt/airflow/dags/monitoring_pipeline_dag.py took 0.252 seconds
[2026-04-25T17:42:49.525+0000] {processor.py:161} INFO - Started process (PID=221) to work on /opt/airflow/dags/monitoring_pipeline_dag.py
[2026-04-25T17:42:49.526+0000] {processor.py:830} INFO - Processing file /opt/airflow/dags/monitoring_pipeline_dag.py for tasks to queue
[2026-04-25T17:42:49.527+0000] {logging_mixin.py:188} INFO - [2026-04-25T17:42:49.527+0000] {dagbag.py:545} INFO - Filling up the DagBag from /opt/airflow/dags/monitoring_pipeline_dag.py
[2026-04-25T17:42:49.538+0000] {processor.py:840} INFO - DAG(s) 'monitoring_pipeline' retrieved from /opt/airflow/dags/monitoring_pipeline_dag.py
[2026-04-25T17:42:49.560+0000] {logging_mixin.py:188} INFO - [2026-04-25T17:42:49.560+0000] {dag.py:3096} INFO - Sync 1 DAGs
[2026-04-25T17:42:49.579+0000] {logging_mixin.py:188} INFO - [2026-04-25T17:42:49.579+0000] {dag.py:3954} INFO - Setting next_dagrun for monitoring_pipeline to 2026-04-24 00:00:00+00:00, run_after=2026-04-25 00:00:00+00:00
[2026-04-25T17:42:49.593+0000] {processor.py:183} INFO - Processing /opt/airflow/dags/monitoring_pipeline_dag.py took 0.072 seconds
[2026-04-25T17:43:19.722+0000] {processor.py:161} INFO - Started process (PID=236) to work on /opt/airflow/dags/monitoring_pipeline_dag.py
[2026-04-25T17:43:19.723+0000] {processor.py:830} INFO - Processing file /opt/airflow/dags/monitoring_pipeline_dag.py for tasks to queue
[2026-04-25T17:43:19.725+0000] {logging_mixin.py:188} INFO - [2026-04-25T17:43:19.724+0000] {dagbag.py:545} INFO - Filling up the DagBag from /opt/airflow/dags/monitoring_pipeline_dag.py
[2026-04-25T17:43:19.737+0000] {processor.py:840} INFO - DAG(s) 'monitoring_pipeline' retrieved from /opt/airflow/dags/monitoring_pipeline_dag.py
[2026-04-25T17:43:19.764+0000] {logging_mixin.py:188} INFO - [2026-04-25T17:43:19.763+0000] {dag.py:3096} INFO - Sync 1 DAGs
[2026-04-25T17:43:19.782+0000] {logging_mixin.py:188} INFO - [2026-04-25T17:43:19.782+0000] {dag.py:3954} INFO - Setting next_dagrun for monitoring_pipeline to 2026-04-24 00:00:00+00:00, run_after=2026-04-25 00:00:00+00:00
[2026-04-25T17:43:19.798+0000] {processor.py:183} INFO - Processing /opt/airflow/dags/monitoring_pipeline_dag.py took 0.080 seconds
[2026-04-25T17:43:49.931+0000] {processor.py:161} INFO - Started process (PID=251) to work on /opt/airflow/dags/monitoring_pipeline_dag.py
[2026-04-25T17:43:49.931+0000] {processor.py:830} INFO - Processing file /opt/airflow/dags/monitoring_pipeline_dag.py for tasks to queue
[2026-04-25T17:43:49.933+0000] {logging_mixin.py:188} INFO - [2026-04-25T17:43:49.933+0000] {dagbag.py:545} INFO - Filling up the DagBag from /opt/airflow/dags/monitoring_pipeline_dag.py
[2026-04-25T17:43:49.941+0000] {processor.py:840} INFO - DAG(s) 'monitoring_pipeline' retrieved from /opt/airflow/dags/monitoring_pipeline_dag.py
[2026-04-25T17:43:49.963+0000] {logging_mixin.py:188} INFO - [2026-04-25T17:43:49.963+0000] {dag.py:3096} INFO - Sync 1 DAGs
[2026-04-25T17:43:49.981+0000] {logging_mixin.py:188} INFO - [2026-04-25T17:43:49.981+0000] {dag.py:3954} INFO - Setting next_dagrun for monitoring_pipeline to 2026-04-24 00:00:00+00:00, run_after=2026-04-25 00:00:00+00:00
[2026-04-25T17:43:50.000+0000] {processor.py:183} INFO - Processing /opt/airflow/dags/monitoring_pipeline_dag.py took 0.074 seconds
[2026-04-25T17:44:20.224+0000] {processor.py:161} INFO - Started process (PID=273) to work on /opt/airflow/dags/monitoring_pipeline_dag.py
[2026-04-25T17:44:20.226+0000] {processor.py:830} INFO - Processing file /opt/airflow/dags/monitoring_pipeline_dag.py for tasks to queue
[2026-04-25T17:44:20.228+0000] {logging_mixin.py:188} INFO - [2026-04-25T17:44:20.227+0000] {dagbag.py:545} INFO - Filling up the DagBag from /opt/airflow/dags/monitoring_pipeline_dag.py
[2026-04-25T17:44:20.238+0000] {processor.py:840} INFO - DAG(s) 'monitoring_pipeline' retrieved from /opt/airflow/dags/monitoring_pipeline_dag.py
[2026-04-25T17:44:20.261+0000] {logging_mixin.py:188} INFO - [2026-04-25T17:44:20.261+0000] {dag.py:3096} INFO - Sync 1 DAGs
[2026-04-25T17:44:20.279+0000] {logging_mixin.py:188} INFO - [2026-04-25T17:44:20.279+0000] {dag.py:3954} INFO - Setting next_dagrun for monitoring_pipeline to 2026-04-24 00:00:00+00:00, run_after=2026-04-25 00:00:00+00:00
[2026-04-25T17:44:20.295+0000] {processor.py:183} INFO - Processing /opt/airflow/dags/monitoring_pipeline_dag.py took 0.076 seconds
[2026-04-25T17:44:50.415+0000] {processor.py:161} INFO - Started process (PID=291) to work on /opt/airflow/dags/monitoring_pipeline_dag.py
[2026-04-25T17:44:50.419+0000] {processor.py:830} INFO - Processing file /opt/airflow/dags/monitoring_pipeline_dag.py for tasks to queue
[2026-04-25T17:44:50.422+0000] {logging_mixin.py:188} INFO - [2026-04-25T17:44:50.421+0000] {dagbag.py:545} INFO - Filling up the DagBag from /opt/airflow/dags/monitoring_pipeline_dag.py
[2026-04-25T17:44:50.438+0000] {processor.py:840} INFO - DAG(s) 'monitoring_pipeline' retrieved from /opt/airflow/dags/monitoring_pipeline_dag.py
[2026-04-25T17:44:50.474+0000] {logging_mixin.py:188} INFO - [2026-04-25T17:44:50.474+0000] {dag.py:3096} INFO - Sync 1 DAGs
[2026-04-25T17:44:50.499+0000] {logging_mixin.py:188} INFO - [2026-04-25T17:44:50.499+0000] {dag.py:3954} INFO - Setting next_dagrun for monitoring_pipeline to 2026-04-24 00:00:00+00:00, run_after=2026-04-25 00:00:00+00:00
[2026-04-25T17:44:50.523+0000] {processor.py:183} INFO - Processing /opt/airflow/dags/monitoring_pipeline_dag.py took 0.120 seconds
[2026-04-25T17:45:34.718+0000] {processor.py:161} INFO - Started process (PID=178) to work on /opt/airflow/dags/monitoring_pipeline_dag.py
[2026-04-25T17:45:34.719+0000] {processor.py:830} INFO - Processing file /opt/airflow/dags/monitoring_pipeline_dag.py for tasks to queue
[2026-04-25T17:45:34.721+0000] {logging_mixin.py:188} INFO - [2026-04-25T17:45:34.721+0000] {dagbag.py:545} INFO - Filling up the DagBag from /opt/airflow/dags/monitoring_pipeline_dag.py
[2026-04-25T17:45:34.737+0000] {processor.py:840} INFO - DAG(s) 'monitoring_pipeline' retrieved from /opt/airflow/dags/monitoring_pipeline_dag.py
[2026-04-25T17:45:34.921+0000] {logging_mixin.py:188} INFO - [2026-04-25T17:45:34.921+0000] {override.py:1829} INFO - Created Permission View: can edit on DAG:monitoring_pipeline
[2026-04-25T17:45:34.929+0000] {logging_mixin.py:188} INFO - [2026-04-25T17:45:34.928+0000] {override.py:1829} INFO - Created Permission View: can delete on DAG:monitoring_pipeline
[2026-04-25T17:45:34.933+0000] {logging_mixin.py:188} INFO - [2026-04-25T17:45:34.933+0000] {override.py:1829} INFO - Created Permission View: can read on DAG:monitoring_pipeline
[2026-04-25T17:45:34.934+0000] {logging_mixin.py:188} INFO - [2026-04-25T17:45:34.934+0000] {dag.py:3096} INFO - Sync 1 DAGs
[2026-04-25T17:45:34.941+0000] {logging_mixin.py:188} INFO - [2026-04-25T17:45:34.941+0000] {dag.py:3118} INFO - Creating ORM DAG for monitoring_pipeline
[2026-04-25T17:45:34.949+0000] {logging_mixin.py:188} INFO - [2026-04-25T17:45:34.949+0000] {dag.py:3954} INFO - Setting next_dagrun for monitoring_pipeline to 2026-04-24 00:00:00+00:00, run_after=2026-04-25 00:00:00+00:00
[2026-04-25T17:45:34.963+0000] {processor.py:183} INFO - Processing /opt/airflow/dags/monitoring_pipeline_dag.py took 0.250 seconds
[2026-04-25T17:46:05.093+0000] {processor.py:161} INFO - Started process (PID=224) to work on /opt/airflow/dags/monitoring_pipeline_dag.py
[2026-04-25T17:46:05.094+0000] {processor.py:830} INFO - Processing file /opt/airflow/dags/monitoring_pipeline_dag.py for tasks to queue
[2026-04-25T17:46:05.095+0000] {logging_mixin.py:188} INFO - [2026-04-25T17:46:05.095+0000] {dagbag.py:545} INFO - Filling up the DagBag from /opt/airflow/dags/monitoring_pipeline_dag.py
[2026-04-25T17:46:05.105+0000] {processor.py:840} INFO - DAG(s) 'monitoring_pipeline' retrieved from /opt/airflow/dags/monitoring_pipeline_dag.py
[2026-04-25T17:46:05.130+0000] {logging_mixin.py:188} INFO - [2026-04-25T17:46:05.129+0000] {dag.py:3096} INFO - Sync 1 DAGs
[2026-04-25T17:46:05.148+0000] {logging_mixin.py:188} INFO - [2026-04-25T17:46:05.147+0000] {dag.py:3954} INFO - Setting next_dagrun for monitoring_pipeline to 2026-04-24 00:00:00+00:00, run_after=2026-04-25 00:00:00+00:00
[2026-04-25T17:46:05.164+0000] {processor.py:183} INFO - Processing /opt/airflow/dags/monitoring_pipeline_dag.py took 0.075 seconds
[2026-04-25T17:46:35.296+0000] {processor.py:161} INFO - Started process (PID=239) to work on /opt/airflow/dags/monitoring_pipeline_dag.py
[2026-04-25T17:46:35.297+0000] {processor.py:830} INFO - Processing file /opt/airflow/dags/monitoring_pipeline_dag.py for tasks to queue
[2026-04-25T17:46:35.299+0000] {logging_mixin.py:188} INFO - [2026-04-25T17:46:35.299+0000] {dagbag.py:545} INFO - Filling up the DagBag from /opt/airflow/dags/monitoring_pipeline_dag.py
[2026-04-25T17:46:35.310+0000] {processor.py:840} INFO - DAG(s) 'monitoring_pipeline' retrieved from /opt/airflow/dags/monitoring_pipeline_dag.py
[2026-04-25T17:46:35.334+0000] {logging_mixin.py:188} INFO - [2026-04-25T17:46:35.334+0000] {dag.py:3096} INFO - Sync 1 DAGs
[2026-04-25T17:46:35.353+0000] {logging_mixin.py:188} INFO - [2026-04-25T17:46:35.352+0000] {dag.py:3954} INFO - Setting next_dagrun for monitoring_pipeline to 2026-04-24 00:00:00+00:00, run_after=2026-04-25 00:00:00+00:00
[2026-04-25T17:46:35.371+0000] {processor.py:183} INFO - Processing /opt/airflow/dags/monitoring_pipeline_dag.py took 0.081 seconds
[2026-04-25T17:47:05.507+0000] {processor.py:161} INFO - Started process (PID=254) to work on /opt/airflow/dags/monitoring_pipeline_dag.py
[2026-04-25T17:47:05.508+0000] {processor.py:830} INFO - Processing file /opt/airflow/dags/monitoring_pipeline_dag.py for tasks to queue
[2026-04-25T17:47:05.511+0000] {logging_mixin.py:188} INFO - [2026-04-25T17:47:05.510+0000] {dagbag.py:545} INFO - Filling up the DagBag from /opt/airflow/dags/monitoring_pipeline_dag.py
[2026-04-25T17:47:05.522+0000] {processor.py:840} INFO - DAG(s) 'monitoring_pipeline' retrieved from /opt/airflow/dags/monitoring_pipeline_dag.py
[2026-04-25T17:47:05.546+0000] {logging_mixin.py:188} INFO - [2026-04-25T17:47:05.546+0000] {dag.py:3096} INFO - Sync 1 DAGs
[2026-04-25T17:47:05.565+0000] {logging_mixin.py:188} INFO - [2026-04-25T17:47:05.565+0000] {dag.py:3954} INFO - Setting next_dagrun for monitoring_pipeline to 2026-04-24 00:00:00+00:00, run_after=2026-04-25 00:00:00+00:00
[2026-04-25T17:47:05.581+0000] {processor.py:183} INFO - Processing /opt/airflow/dags/monitoring_pipeline_dag.py took 0.079 seconds
[2026-04-25T17:47:35.735+0000] {processor.py:161} INFO - Started process (PID=269) to work on /opt/airflow/dags/monitoring_pipeline_dag.py
[2026-04-25T17:47:35.736+0000] {processor.py:830} INFO - Processing file /opt/airflow/dags/monitoring_pipeline_dag.py for tasks to queue
[2026-04-25T17:47:35.739+0000] {logging_mixin.py:188} INFO - [2026-04-25T17:47:35.738+0000] {dagbag.py:545} INFO - Filling up the DagBag from /opt/airflow/dags/monitoring_pipeline_dag.py
[2026-04-25T17:47:35.750+0000] {processor.py:840} INFO - DAG(s) 'monitoring_pipeline' retrieved from /opt/airflow/dags/monitoring_pipeline_dag.py
[2026-04-25T17:47:35.786+0000] {logging_mixin.py:188} INFO - [2026-04-25T17:47:35.786+0000] {dag.py:3096} INFO - Sync 1 DAGs
[2026-04-25T17:47:35.808+0000] {logging_mixin.py:188} INFO - [2026-04-25T17:47:35.808+0000] {dag.py:3954} INFO - Setting next_dagrun for monitoring_pipeline to 2026-04-24 00:00:00+00:00, run_after=2026-04-25 00:00:00+00:00
[2026-04-25T17:47:35.825+0000] {processor.py:183} INFO - Processing /opt/airflow/dags/monitoring_pipeline_dag.py took 0.096 seconds
[2026-04-25T17:48:05.968+0000] {processor.py:161} INFO - Started process (PID=284) to work on /opt/airflow/dags/monitoring_pipeline_dag.py
[2026-04-25T17:48:05.969+0000] {processor.py:830} INFO - Processing file /opt/airflow/dags/monitoring_pipeline_dag.py for tasks to queue
[2026-04-25T17:48:05.971+0000] {logging_mixin.py:188} INFO - [2026-04-25T17:48:05.971+0000] {dagbag.py:545} INFO - Filling up the DagBag from /opt/airflow/dags/monitoring_pipeline_dag.py
[2026-04-25T17:48:05.982+0000] {processor.py:840} INFO - DAG(s) 'monitoring_pipeline' retrieved from /opt/airflow/dags/monitoring_pipeline_dag.py
[2026-04-25T17:48:06.010+0000] {logging_mixin.py:188} INFO - [2026-04-25T17:48:06.010+0000] {dag.py:3096} INFO - Sync 1 DAGs
[2026-04-25T17:48:06.031+0000] {logging_mixin.py:188} INFO - [2026-04-25T17:48:06.030+0000] {dag.py:3954} INFO - Setting next_dagrun for monitoring_pipeline to 2026-04-24 00:00:00+00:00, run_after=2026-04-25 00:00:00+00:00
[2026-04-25T17:48:06.049+0000] {processor.py:183} INFO - Processing /opt/airflow/dags/monitoring_pipeline_dag.py took 0.087 seconds
[2026-04-25T17:48:36.190+0000] {processor.py:161} INFO - Started process (PID=299) to work on /opt/airflow/dags/monitoring_pipeline_dag.py
[2026-04-25T17:48:36.191+0000] {processor.py:830} INFO - Processing file /opt/airflow/dags/monitoring_pipeline_dag.py for tasks to queue
[2026-04-25T17:48:36.193+0000] {logging_mixin.py:188} INFO - [2026-04-25T17:48:36.193+0000] {dagbag.py:545} INFO - Filling up the DagBag from /opt/airflow/dags/monitoring_pipeline_dag.py
[2026-04-25T17:48:36.205+0000] {processor.py:840} INFO - DAG(s) 'monitoring_pipeline' retrieved from /opt/airflow/dags/monitoring_pipeline_dag.py
[2026-04-25T17:48:36.233+0000] {logging_mixin.py:188} INFO - [2026-04-25T17:48:36.232+0000] {dag.py:3096} INFO - Sync 1 DAGs
[2026-04-25T17:48:36.252+0000] {logging_mixin.py:188} INFO - [2026-04-25T17:48:36.252+0000] {dag.py:3954} INFO - Setting next_dagrun for monitoring_pipeline to 2026-04-24 00:00:00+00:00, run_after=2026-04-25 00:00:00+00:00
[2026-04-25T17:48:36.270+0000] {processor.py:183} INFO - Processing /opt/airflow/dags/monitoring_pipeline_dag.py took 0.086 seconds
[2026-04-25T17:49:06.411+0000] {processor.py:161} INFO - Started process (PID=314) to work on /opt/airflow/dags/monitoring_pipeline_dag.py
[2026-04-25T17:49:06.411+0000] {processor.py:830} INFO - Processing file /opt/airflow/dags/monitoring_pipeline_dag.py for tasks to queue
[2026-04-25T17:49:06.413+0000] {logging_mixin.py:188} INFO - [2026-04-25T17:49:06.413+0000] {dagbag.py:545} INFO - Filling up the DagBag from /opt/airflow/dags/monitoring_pipeline_dag.py
[2026-04-25T17:49:06.425+0000] {processor.py:840} INFO - DAG(s) 'monitoring_pipeline' retrieved from /opt/airflow/dags/monitoring_pipeline_dag.py
[2026-04-25T17:49:06.457+0000] {logging_mixin.py:188} INFO - [2026-04-25T17:49:06.457+0000] {dag.py:3096} INFO - Sync 1 DAGs
[2026-04-25T17:49:06.478+0000] {logging_mixin.py:188} INFO - [2026-04-25T17:49:06.477+0000] {dag.py:3954} INFO - Setting next_dagrun for monitoring_pipeline to 2026-04-24 00:00:00+00:00, run_after=2026-04-25 00:00:00+00:00
[2026-04-25T17:49:06.499+0000] {processor.py:183} INFO - Processing /opt/airflow/dags/monitoring_pipeline_dag.py took 0.093 seconds
[2026-04-25T17:49:36.651+0000] {processor.py:161} INFO - Started process (PID=328) to work on /opt/airflow/dags/monitoring_pipeline_dag.py
[2026-04-25T17:49:36.652+0000] {processor.py:830} INFO - Processing file /opt/airflow/dags/monitoring_pipeline_dag.py for tasks to queue
[2026-04-25T17:49:36.654+0000] {logging_mixin.py:188} INFO - [2026-04-25T17:49:36.654+0000] {dagbag.py:545} INFO - Filling up the DagBag from /opt/airflow/dags/monitoring_pipeline_dag.py
[2026-04-25T17:49:36.665+0000] {processor.py:840} INFO - DAG(s) 'monitoring_pipeline' retrieved from /opt/airflow/dags/monitoring_pipeline_dag.py
[2026-04-25T17:49:36.692+0000] {logging_mixin.py:188} INFO - [2026-04-25T17:49:36.692+0000] {dag.py:3096} INFO - Sync 1 DAGs
[2026-04-25T17:49:36.712+0000] {logging_mixin.py:188} INFO - [2026-04-25T17:49:36.712+0000] {dag.py:3954} INFO - Setting next_dagrun for monitoring_pipeline to 2026-04-24 00:00:00+00:00, run_after=2026-04-25 00:00:00+00:00
[2026-04-25T17:49:36.731+0000] {processor.py:183} INFO - Processing /opt/airflow/dags/monitoring_pipeline_dag.py took 0.086 seconds
[2026-04-25T17:50:06.856+0000] {processor.py:161} INFO - Started process (PID=344) to work on /opt/airflow/dags/monitoring_pipeline_dag.py
[2026-04-25T17:50:06.857+0000] {processor.py:830} INFO - Processing file /opt/airflow/dags/monitoring_pipeline_dag.py for tasks to queue
[2026-04-25T17:50:06.860+0000] {logging_mixin.py:188} INFO - [2026-04-25T17:50:06.860+0000] {dagbag.py:545} INFO - Filling up the DagBag from /opt/airflow/dags/monitoring_pipeline_dag.py
[2026-04-25T17:50:06.875+0000] {processor.py:840} INFO - DAG(s) 'monitoring_pipeline' retrieved from /opt/airflow/dags/monitoring_pipeline_dag.py
[2026-04-25T17:50:06.906+0000] {logging_mixin.py:188} INFO - [2026-04-25T17:50:06.905+0000] {dag.py:3096} INFO - Sync 1 DAGs
[2026-04-25T17:50:06.932+0000] {logging_mixin.py:188} INFO - [2026-04-25T17:50:06.932+0000] {dag.py:3954} INFO - Setting next_dagrun for monitoring_pipeline to 2026-04-24 00:00:00+00:00, run_after=2026-04-25 00:00:00+00:00
[2026-04-25T17:50:06.949+0000] {processor.py:183} INFO - Processing /opt/airflow/dags/monitoring_pipeline_dag.py took 0.099 seconds
[2026-04-25T17:50:37.106+0000] {processor.py:161} INFO - Started process (PID=359) to work on /opt/airflow/dags/monitoring_pipeline_dag.py
[2026-04-25T17:50:37.108+0000] {processor.py:830} INFO - Processing file /opt/airflow/dags/monitoring_pipeline_dag.py for tasks to queue
[2026-04-25T17:50:37.110+0000] {logging_mixin.py:188} INFO - [2026-04-25T17:50:37.109+0000] {dagbag.py:545} INFO - Filling up the DagBag from /opt/airflow/dags/monitoring_pipeline_dag.py
[2026-04-25T17:50:37.122+0000] {processor.py:840} INFO - DAG(s) 'monitoring_pipeline' retrieved from /opt/airflow/dags/monitoring_pipeline_dag.py
[2026-04-25T17:50:37.155+0000] {logging_mixin.py:188} INFO - [2026-04-25T17:50:37.155+0000] {dag.py:3096} INFO - Sync 1 DAGs
[2026-04-25T17:50:37.179+0000] {logging_mixin.py:188} INFO - [2026-04-25T17:50:37.179+0000] {dag.py:3954} INFO - Setting next_dagrun for monitoring_pipeline to 2026-04-24 00:00:00+00:00, run_after=2026-04-25 00:00:00+00:00
[2026-04-25T17:50:37.196+0000] {processor.py:183} INFO - Processing /opt/airflow/dags/monitoring_pipeline_dag.py took 0.097 seconds
[2026-04-25T17:51:07.344+0000] {processor.py:161} INFO - Started process (PID=374) to work on /opt/airflow/dags/monitoring_pipeline_dag.py
[2026-04-25T17:51:07.345+0000] {processor.py:830} INFO - Processing file /opt/airflow/dags/monitoring_pipeline_dag.py for tasks to queue
[2026-04-25T17:51:07.346+0000] {logging_mixin.py:188} INFO - [2026-04-25T17:51:07.346+0000] {dagbag.py:545} INFO - Filling up the DagBag from /opt/airflow/dags/monitoring_pipeline_dag.py
[2026-04-25T17:51:07.361+0000] {processor.py:840} INFO - DAG(s) 'monitoring_pipeline' retrieved from /opt/airflow/dags/monitoring_pipeline_dag.py
[2026-04-25T17:51:07.395+0000] {logging_mixin.py:188} INFO - [2026-04-25T17:51:07.395+0000] {dag.py:3096} INFO - Sync 1 DAGs
[2026-04-25T17:51:07.417+0000] {logging_mixin.py:188} INFO - [2026-04-25T17:51:07.416+0000] {dag.py:3954} INFO - Setting next_dagrun for monitoring_pipeline to 2026-04-24 00:00:00+00:00, run_after=2026-04-25 00:00:00+00:00
[2026-04-25T17:51:07.435+0000] {processor.py:183} INFO - Processing /opt/airflow/dags/monitoring_pipeline_dag.py took 0.097 seconds
[2026-04-25T17:51:37.581+0000] {processor.py:161} INFO - Started process (PID=389) to work on /opt/airflow/dags/monitoring_pipeline_dag.py
[2026-04-25T17:51:37.582+0000] {processor.py:830} INFO - Processing file /opt/airflow/dags/monitoring_pipeline_dag.py for tasks to queue
[2026-04-25T17:51:37.584+0000] {logging_mixin.py:188} INFO - [2026-04-25T17:51:37.584+0000] {dagbag.py:545} INFO - Filling up the DagBag from /opt/airflow/dags/monitoring_pipeline_dag.py
[2026-04-25T17:51:37.596+0000] {processor.py:840} INFO - DAG(s) 'monitoring_pipeline' retrieved from /opt/airflow/dags/monitoring_pipeline_dag.py
[2026-04-25T17:51:37.621+0000] {logging_mixin.py:188} INFO - [2026-04-25T17:51:37.620+0000] {dag.py:3096} INFO - Sync 1 DAGs
[2026-04-25T17:51:37.645+0000] {logging_mixin.py:188} INFO - [2026-04-25T17:51:37.644+0000] {dag.py:3954} INFO - Setting next_dagrun for monitoring_pipeline to 2026-04-24 00:00:00+00:00, run_after=2026-04-25 00:00:00+00:00
[2026-04-25T17:51:37.664+0000] {processor.py:183} INFO - Processing /opt/airflow/dags/monitoring_pipeline_dag.py took 0.089 seconds
[2026-04-25T17:52:07.814+0000] {processor.py:161} INFO - Started process (PID=404) to work on /opt/airflow/dags/monitoring_pipeline_dag.py
[2026-04-25T17:52:07.814+0000] {processor.py:830} INFO - Processing file /opt/airflow/dags/monitoring_pipeline_dag.py for tasks to queue
[2026-04-25T17:52:07.816+0000] {logging_mixin.py:188} INFO - [2026-04-25T17:52:07.816+0000] {dagbag.py:545} INFO - Filling up the DagBag from /opt/airflow/dags/monitoring_pipeline_dag.py
[2026-04-25T17:52:07.828+0000] {processor.py:840} INFO - DAG(s) 'monitoring_pipeline' retrieved from /opt/airflow/dags/monitoring_pipeline_dag.py
[2026-04-25T17:52:07.856+0000] {logging_mixin.py:188} INFO - [2026-04-25T17:52:07.856+0000] {dag.py:3096} INFO - Sync 1 DAGs
[2026-04-25T17:52:07.880+0000] {logging_mixin.py:188} INFO - [2026-04-25T17:52:07.880+0000] {dag.py:3954} INFO - Setting next_dagrun for monitoring_pipeline to 2026-04-24 00:00:00+00:00, run_after=2026-04-25 00:00:00+00:00
[2026-04-25T17:52:07.899+0000] {processor.py:183} INFO - Processing /opt/airflow/dags/monitoring_pipeline_dag.py took 0.091 seconds
[2026-04-25T17:52:38.053+0000] {processor.py:161} INFO - Started process (PID=419) to work on /opt/airflow/dags/monitoring_pipeline_dag.py
[2026-04-25T17:52:38.054+0000] {processor.py:830} INFO - Processing file /opt/airflow/dags/monitoring_pipeline_dag.py for tasks to queue
[2026-04-25T17:52:38.056+0000] {logging_mixin.py:188} INFO - [2026-04-25T17:52:38.055+0000] {dagbag.py:545} INFO - Filling up the DagBag from /opt/airflow/dags/monitoring_pipeline_dag.py
[2026-04-25T17:52:38.070+0000] {processor.py:840} INFO - DAG(s) 'monitoring_pipeline' retrieved from /opt/airflow/dags/monitoring_pipeline_dag.py
[2026-04-25T17:52:38.101+0000] {logging_mixin.py:188} INFO - [2026-04-25T17:52:38.100+0000] {dag.py:3096} INFO - Sync 1 DAGs
[2026-04-25T17:52:38.140+0000] {logging_mixin.py:188} INFO - [2026-04-25T17:52:38.139+0000] {dag.py:3954} INFO - Setting next_dagrun for monitoring_pipeline to 2026-04-24 00:00:00+00:00, run_after=2026-04-25 00:00:00+00:00
[2026-04-25T17:52:38.161+0000] {processor.py:183} INFO - Processing /opt/airflow/dags/monitoring_pipeline_dag.py took 0.113 seconds
[2026-04-25T17:53:37.753+0000] {processor.py:161} INFO - Started process (PID=178) to work on /opt/airflow/dags/monitoring_pipeline_dag.py
[2026-04-25T17:53:37.754+0000] {processor.py:830} INFO - Processing file /opt/airflow/dags/monitoring_pipeline_dag.py for tasks to queue
[2026-04-25T17:53:37.756+0000] {logging_mixin.py:188} INFO - [2026-04-25T17:53:37.756+0000] {dagbag.py:545} INFO - Filling up the DagBag from /opt/airflow/dags/monitoring_pipeline_dag.py
[2026-04-25T17:53:37.771+0000] {processor.py:840} INFO - DAG(s) 'monitoring_pipeline' retrieved from /opt/airflow/dags/monitoring_pipeline_dag.py
[2026-04-25T17:53:37.979+0000] {logging_mixin.py:188} INFO - [2026-04-25T17:53:37.978+0000] {override.py:1829} INFO - Created Permission View: can read on DAG:monitoring_pipeline
[2026-04-25T17:53:37.988+0000] {logging_mixin.py:188} INFO - [2026-04-25T17:53:37.988+0000] {override.py:1829} INFO - Created Permission View: can edit on DAG:monitoring_pipeline
[2026-04-25T17:53:37.994+0000] {logging_mixin.py:188} INFO - [2026-04-25T17:53:37.994+0000] {override.py:1829} INFO - Created Permission View: can delete on DAG:monitoring_pipeline
[2026-04-25T17:53:37.994+0000] {logging_mixin.py:188} INFO - [2026-04-25T17:53:37.994+0000] {dag.py:3096} INFO - Sync 1 DAGs
[2026-04-25T17:53:38.003+0000] {logging_mixin.py:188} INFO - [2026-04-25T17:53:38.003+0000] {dag.py:3118} INFO - Creating ORM DAG for monitoring_pipeline
[2026-04-25T17:53:38.012+0000] {logging_mixin.py:188} INFO - [2026-04-25T17:53:38.012+0000] {dag.py:3954} INFO - Setting next_dagrun for monitoring_pipeline to 2026-04-24 00:00:00+00:00, run_after=2026-04-25 00:00:00+00:00
[2026-04-25T17:53:38.027+0000] {processor.py:183} INFO - Processing /opt/airflow/dags/monitoring_pipeline_dag.py took 0.279 seconds
[2026-04-25T17:54:08.170+0000] {processor.py:161} INFO - Started process (PID=194) to work on /opt/airflow/dags/monitoring_pipeline_dag.py
[2026-04-25T17:54:08.171+0000] {processor.py:830} INFO - Processing file /opt/airflow/dags/monitoring_pipeline_dag.py for tasks to queue
[2026-04-25T17:54:08.172+0000] {logging_mixin.py:188} INFO - [2026-04-25T17:54:08.172+0000] {dagbag.py:545} INFO - Filling up the DagBag from /opt/airflow/dags/monitoring_pipeline_dag.py
[2026-04-25T17:54:08.182+0000] {processor.py:840} INFO - DAG(s) 'monitoring_pipeline' retrieved from /opt/airflow/dags/monitoring_pipeline_dag.py
[2026-04-25T17:54:08.209+0000] {logging_mixin.py:188} INFO - [2026-04-25T17:54:08.209+0000] {dag.py:3096} INFO - Sync 1 DAGs
[2026-04-25T17:54:08.228+0000] {logging_mixin.py:188} INFO - [2026-04-25T17:54:08.228+0000] {dag.py:3954} INFO - Setting next_dagrun for monitoring_pipeline to 2026-04-24 00:00:00+00:00, run_after=2026-04-25 00:00:00+00:00
[2026-04-25T17:54:08.245+0000] {processor.py:183} INFO - Processing /opt/airflow/dags/monitoring_pipeline_dag.py took 0.081 seconds
[2026-04-25T17:54:38.387+0000] {processor.py:161} INFO - Started process (PID=209) to work on /opt/airflow/dags/monitoring_pipeline_dag.py
[2026-04-25T17:54:38.388+0000] {processor.py:830} INFO - Processing file /opt/airflow/dags/monitoring_pipeline_dag.py for tasks to queue
[2026-04-25T17:54:38.389+0000] {logging_mixin.py:188} INFO - [2026-04-25T17:54:38.389+0000] {dagbag.py:545} INFO - Filling up the DagBag from /opt/airflow/dags/monitoring_pipeline_dag.py
[2026-04-25T17:54:38.400+0000] {processor.py:840} INFO - DAG(s) 'monitoring_pipeline' retrieved from /opt/airflow/dags/monitoring_pipeline_dag.py
[2026-04-25T17:54:38.427+0000] {logging_mixin.py:188} INFO - [2026-04-25T17:54:38.427+0000] {dag.py:3096} INFO - Sync 1 DAGs
[2026-04-25T17:54:38.445+0000] {logging_mixin.py:188} INFO - [2026-04-25T17:54:38.445+0000] {dag.py:3954} INFO - Setting next_dagrun for monitoring_pipeline to 2026-04-24 00:00:00+00:00, run_after=2026-04-25 00:00:00+00:00
[2026-04-25T17:54:38.463+0000] {processor.py:183} INFO - Processing /opt/airflow/dags/monitoring_pipeline_dag.py took 0.081 seconds
[2026-04-25T17:55:08.603+0000] {processor.py:161} INFO - Started process (PID=227) to work on /opt/airflow/dags/monitoring_pipeline_dag.py
[2026-04-25T17:55:08.604+0000] {processor.py:830} INFO - Processing file /opt/airflow/dags/monitoring_pipeline_dag.py for tasks to queue
[2026-04-25T17:55:08.606+0000] {logging_mixin.py:188} INFO - [2026-04-25T17:55:08.606+0000] {dagbag.py:545} INFO - Filling up the DagBag from /opt/airflow/dags/monitoring_pipeline_dag.py
[2026-04-25T17:55:08.617+0000] {processor.py:840} INFO - DAG(s) 'monitoring_pipeline' retrieved from /opt/airflow/dags/monitoring_pipeline_dag.py
[2026-04-25T17:55:08.645+0000] {logging_mixin.py:188} INFO - [2026-04-25T17:55:08.644+0000] {dag.py:3096} INFO - Sync 1 DAGs
[2026-04-25T17:55:08.669+0000] {logging_mixin.py:188} INFO - [2026-04-25T17:55:08.669+0000] {dag.py:3954} INFO - Setting next_dagrun for monitoring_pipeline to 2026-04-24 00:00:00+00:00, run_after=2026-04-25 00:00:00+00:00
[2026-04-25T17:55:08.686+0000] {processor.py:183} INFO - Processing /opt/airflow/dags/monitoring_pipeline_dag.py took 0.089 seconds
[2026-04-25T17:55:38.853+0000] {processor.py:161} INFO - Started process (PID=242) to work on /opt/airflow/dags/monitoring_pipeline_dag.py
[2026-04-25T17:55:38.854+0000] {processor.py:830} INFO - Processing file /opt/airflow/dags/monitoring_pipeline_dag.py for tasks to queue
[2026-04-25T17:55:38.857+0000] {logging_mixin.py:188} INFO - [2026-04-25T17:55:38.856+0000] {dagbag.py:545} INFO - Filling up the DagBag from /opt/airflow/dags/monitoring_pipeline_dag.py
[2026-04-25T17:55:38.872+0000] {processor.py:840} INFO - DAG(s) 'monitoring_pipeline' retrieved from /opt/airflow/dags/monitoring_pipeline_dag.py
[2026-04-25T17:55:38.904+0000] {logging_mixin.py:188} INFO - [2026-04-25T17:55:38.903+0000] {dag.py:3096} INFO - Sync 1 DAGs
[2026-04-25T17:55:38.928+0000] {logging_mixin.py:188} INFO - [2026-04-25T17:55:38.927+0000] {dag.py:3954} INFO - Setting next_dagrun for monitoring_pipeline to 2026-04-24 00:00:00+00:00, run_after=2026-04-25 00:00:00+00:00
[2026-04-25T17:55:38.949+0000] {processor.py:183} INFO - Processing /opt/airflow/dags/monitoring_pipeline_dag.py took 0.106 seconds
[2026-04-25T17:56:09.096+0000] {processor.py:161} INFO - Started process (PID=256) to work on /opt/airflow/dags/monitoring_pipeline_dag.py
[2026-04-25T17:56:09.097+0000] {processor.py:830} INFO - Processing file /opt/airflow/dags/monitoring_pipeline_dag.py for tasks to queue
[2026-04-25T17:56:09.099+0000] {logging_mixin.py:188} INFO - [2026-04-25T17:56:09.099+0000] {dagbag.py:545} INFO - Filling up the DagBag from /opt/airflow/dags/monitoring_pipeline_dag.py
[2026-04-25T17:56:09.112+0000] {processor.py:840} INFO - DAG(s) 'monitoring_pipeline' retrieved from /opt/airflow/dags/monitoring_pipeline_dag.py
[2026-04-25T17:56:09.138+0000] {logging_mixin.py:188} INFO - [2026-04-25T17:56:09.138+0000] {dag.py:3096} INFO - Sync 1 DAGs
[2026-04-25T17:56:09.160+0000] {logging_mixin.py:188} INFO - [2026-04-25T17:56:09.159+0000] {dag.py:3954} INFO - Setting next_dagrun for monitoring_pipeline to 2026-04-24 00:00:00+00:00, run_after=2026-04-25 00:00:00+00:00
[2026-04-25T17:56:09.177+0000] {processor.py:183} INFO - Processing /opt/airflow/dags/monitoring_pipeline_dag.py took 0.086 seconds
[2026-04-25T17:56:39.332+0000] {processor.py:161} INFO - Started process (PID=272) to work on /opt/airflow/dags/monitoring_pipeline_dag.py
[2026-04-25T17:56:39.333+0000] {processor.py:830} INFO - Processing file /opt/airflow/dags/monitoring_pipeline_dag.py for tasks to queue
[2026-04-25T17:56:39.335+0000] {logging_mixin.py:188} INFO - [2026-04-25T17:56:39.334+0000] {dagbag.py:545} INFO - Filling up the DagBag from /opt/airflow/dags/monitoring_pipeline_dag.py
[2026-04-25T17:56:39.345+0000] {processor.py:840} INFO - DAG(s) 'monitoring_pipeline' retrieved from /opt/airflow/dags/monitoring_pipeline_dag.py
[2026-04-25T17:56:39.375+0000] {logging_mixin.py:188} INFO - [2026-04-25T17:56:39.374+0000] {dag.py:3096} INFO - Sync 1 DAGs
[2026-04-25T17:56:39.396+0000] {logging_mixin.py:188} INFO - [2026-04-25T17:56:39.396+0000] {dag.py:3954} INFO - Setting next_dagrun for monitoring_pipeline to 2026-04-24 00:00:00+00:00, run_after=2026-04-25 00:00:00+00:00
[2026-04-25T17:56:39.417+0000] {processor.py:183} INFO - Processing /opt/airflow/dags/monitoring_pipeline_dag.py took 0.091 seconds
[2026-04-25T17:57:09.564+0000] {processor.py:161} INFO - Started process (PID=287) to work on /opt/airflow/dags/monitoring_pipeline_dag.py
[2026-04-25T17:57:09.564+0000] {processor.py:830} INFO - Processing file /opt/airflow/dags/monitoring_pipeline_dag.py for tasks to queue
[2026-04-25T17:57:09.566+0000] {logging_mixin.py:188} INFO - [2026-04-25T17:57:09.565+0000] {dagbag.py:545} INFO - Filling up the DagBag from /opt/airflow/dags/monitoring_pipeline_dag.py
[2026-04-25T17:57:09.577+0000] {processor.py:840} INFO - DAG(s) 'monitoring_pipeline' retrieved from /opt/airflow/dags/monitoring_pipeline_dag.py
[2026-04-25T17:57:09.601+0000] {logging_mixin.py:188} INFO - [2026-04-25T17:57:09.601+0000] {dag.py:3096} INFO - Sync 1 DAGs
[2026-04-25T17:57:09.621+0000] {logging_mixin.py:188} INFO - [2026-04-25T17:57:09.621+0000] {dag.py:3954} INFO - Setting next_dagrun for monitoring_pipeline to 2026-04-24 00:00:00+00:00, run_after=2026-04-25 00:00:00+00:00
[2026-04-25T17:57:09.637+0000] {processor.py:183} INFO - Processing /opt/airflow/dags/monitoring_pipeline_dag.py took 0.079 seconds
[2026-04-25T17:57:39.794+0000] {processor.py:161} INFO - Started process (PID=302) to work on /opt/airflow/dags/monitoring_pipeline_dag.py
[2026-04-25T17:57:39.795+0000] {processor.py:830} INFO - Processing file /opt/airflow/dags/monitoring_pipeline_dag.py for tasks to queue
[2026-04-25T17:57:39.798+0000] {logging_mixin.py:188} INFO - [2026-04-25T17:57:39.797+0000] {dagbag.py:545} INFO - Filling up the DagBag from /opt/airflow/dags/monitoring_pipeline_dag.py
[2026-04-25T17:57:39.811+0000] {processor.py:840} INFO - DAG(s) 'monitoring_pipeline' retrieved from /opt/airflow/dags/monitoring_pipeline_dag.py
[2026-04-25T17:57:39.857+0000] {logging_mixin.py:188} INFO - [2026-04-25T17:57:39.857+0000] {dag.py:3096} INFO - Sync 1 DAGs
[2026-04-25T17:57:39.891+0000] {logging_mixin.py:188} INFO - [2026-04-25T17:57:39.891+0000] {dag.py:3954} INFO - Setting next_dagrun for monitoring_pipeline to 2026-04-24 00:00:00+00:00, run_after=2026-04-25 00:00:00+00:00
[2026-04-25T17:57:39.918+0000] {processor.py:183} INFO - Processing /opt/airflow/dags/monitoring_pipeline_dag.py took 0.130 seconds
[2026-04-25T17:59:33.426+0000] {processor.py:161} INFO - Started process (PID=178) to work on /opt/airflow/dags/monitoring_pipeline_dag.py
[2026-04-25T17:59:33.427+0000] {processor.py:830} INFO - Processing file /opt/airflow/dags/monitoring_pipeline_dag.py for tasks to queue
[2026-04-25T17:59:33.430+0000] {logging_mixin.py:188} INFO - [2026-04-25T17:59:33.429+0000] {dagbag.py:545} INFO - Filling up the DagBag from /opt/airflow/dags/monitoring_pipeline_dag.py
[2026-04-25T17:59:33.444+0000] {processor.py:840} INFO - DAG(s) 'monitoring_pipeline' retrieved from /opt/airflow/dags/monitoring_pipeline_dag.py
[2026-04-25T17:59:33.667+0000] {logging_mixin.py:188} INFO - [2026-04-25T17:59:33.666+0000] {override.py:1829} INFO - Created Permission View: can read on DAG:monitoring_pipeline
[2026-04-25T17:59:33.676+0000] {logging_mixin.py:188} INFO - [2026-04-25T17:59:33.675+0000] {override.py:1829} INFO - Created Permission View: can delete on DAG:monitoring_pipeline
[2026-04-25T17:59:33.681+0000] {logging_mixin.py:188} INFO - [2026-04-25T17:59:33.681+0000] {override.py:1829} INFO - Created Permission View: can edit on DAG:monitoring_pipeline
[2026-04-25T17:59:33.682+0000] {logging_mixin.py:188} INFO - [2026-04-25T17:59:33.682+0000] {dag.py:3096} INFO - Sync 1 DAGs
[2026-04-25T17:59:33.691+0000] {logging_mixin.py:188} INFO - [2026-04-25T17:59:33.691+0000] {dag.py:3118} INFO - Creating ORM DAG for monitoring_pipeline
[2026-04-25T17:59:33.701+0000] {logging_mixin.py:188} INFO - [2026-04-25T17:59:33.701+0000] {dag.py:3954} INFO - Setting next_dagrun for monitoring_pipeline to 2026-04-24 00:00:00+00:00, run_after=2026-04-25 00:00:00+00:00
[2026-04-25T17:59:33.718+0000] {processor.py:183} INFO - Processing /opt/airflow/dags/monitoring_pipeline_dag.py took 0.298 seconds
[2026-04-25T18:00:03.861+0000] {processor.py:161} INFO - Started process (PID=194) to work on /opt/airflow/dags/monitoring_pipeline_dag.py
[2026-04-25T18:00:03.862+0000] {processor.py:830} INFO - Processing file /opt/airflow/dags/monitoring_pipeline_dag.py for tasks to queue
[2026-04-25T18:00:03.864+0000] {logging_mixin.py:188} INFO - [2026-04-25T18:00:03.863+0000] {dagbag.py:545} INFO - Filling up the DagBag from /opt/airflow/dags/monitoring_pipeline_dag.py
[2026-04-25T18:00:03.877+0000] {processor.py:840} INFO - DAG(s) 'monitoring_pipeline' retrieved from /opt/airflow/dags/monitoring_pipeline_dag.py
[2026-04-25T18:00:03.905+0000] {logging_mixin.py:188} INFO - [2026-04-25T18:00:03.905+0000] {dag.py:3096} INFO - Sync 1 DAGs
[2026-04-25T18:00:03.925+0000] {logging_mixin.py:188} INFO - [2026-04-25T18:00:03.925+0000] {dag.py:3954} INFO - Setting next_dagrun for monitoring_pipeline to 2026-04-24 00:00:00+00:00, run_after=2026-04-25 00:00:00+00:00
[2026-04-25T18:00:03.942+0000] {processor.py:183} INFO - Processing /opt/airflow/dags/monitoring_pipeline_dag.py took 0.090 seconds
[2026-04-25T18:00:34.087+0000] {processor.py:161} INFO - Started process (PID=209) to work on /opt/airflow/dags/monitoring_pipeline_dag.py
[2026-04-25T18:00:34.088+0000] {processor.py:830} INFO - Processing file /opt/airflow/dags/monitoring_pipeline_dag.py for tasks to queue
[2026-04-25T18:00:34.089+0000] {logging_mixin.py:188} INFO - [2026-04-25T18:00:34.089+0000] {dagbag.py:545} INFO - Filling up the DagBag from /opt/airflow/dags/monitoring_pipeline_dag.py
[2026-04-25T18:00:34.102+0000] {processor.py:840} INFO - DAG(s) 'monitoring_pipeline' retrieved from /opt/airflow/dags/monitoring_pipeline_dag.py
[2026-04-25T18:00:34.129+0000] {logging_mixin.py:188} INFO - [2026-04-25T18:00:34.129+0000] {dag.py:3096} INFO - Sync 1 DAGs
[2026-04-25T18:00:34.149+0000] {logging_mixin.py:188} INFO - [2026-04-25T18:00:34.148+0000] {dag.py:3954} INFO - Setting next_dagrun for monitoring_pipeline to 2026-04-24 00:00:00+00:00, run_after=2026-04-25 00:00:00+00:00
[2026-04-25T18:00:34.166+0000] {processor.py:183} INFO - Processing /opt/airflow/dags/monitoring_pipeline_dag.py took 0.086 seconds
[2026-04-25T18:01:04.310+0000] {processor.py:161} INFO - Started process (PID=224) to work on /opt/airflow/dags/monitoring_pipeline_dag.py
[2026-04-25T18:01:04.310+0000] {processor.py:830} INFO - Processing file /opt/airflow/dags/monitoring_pipeline_dag.py for tasks to queue
[2026-04-25T18:01:04.312+0000] {logging_mixin.py:188} INFO - [2026-04-25T18:01:04.312+0000] {dagbag.py:545} INFO - Filling up the DagBag from /opt/airflow/dags/monitoring_pipeline_dag.py
[2026-04-25T18:01:04.324+0000] {processor.py:840} INFO - DAG(s) 'monitoring_pipeline' retrieved from /opt/airflow/dags/monitoring_pipeline_dag.py
[2026-04-25T18:01:04.351+0000] {logging_mixin.py:188} INFO - [2026-04-25T18:01:04.351+0000] {dag.py:3096} INFO - Sync 1 DAGs
[2026-04-25T18:01:04.372+0000] {logging_mixin.py:188} INFO - [2026-04-25T18:01:04.372+0000] {dag.py:3954} INFO - Setting next_dagrun for monitoring_pipeline to 2026-04-24 00:00:00+00:00, run_after=2026-04-25 00:00:00+00:00
[2026-04-25T18:01:04.389+0000] {processor.py:183} INFO - Processing /opt/airflow/dags/monitoring_pipeline_dag.py took 0.085 seconds
[2026-04-25T18:01:34.546+0000] {processor.py:161} INFO - Started process (PID=242) to work on /opt/airflow/dags/monitoring_pipeline_dag.py
[2026-04-25T18:01:34.547+0000] {processor.py:830} INFO - Processing file /opt/airflow/dags/monitoring_pipeline_dag.py for tasks to queue
[2026-04-25T18:01:34.550+0000] {logging_mixin.py:188} INFO - [2026-04-25T18:01:34.549+0000] {dagbag.py:545} INFO - Filling up the DagBag from /opt/airflow/dags/monitoring_pipeline_dag.py
[2026-04-25T18:01:34.561+0000] {processor.py:840} INFO - DAG(s) 'monitoring_pipeline' retrieved from /opt/airflow/dags/monitoring_pipeline_dag.py
[2026-04-25T18:01:34.591+0000] {logging_mixin.py:188} INFO - [2026-04-25T18:01:34.591+0000] {dag.py:3096} INFO - Sync 1 DAGs
[2026-04-25T18:01:34.611+0000] {logging_mixin.py:188} INFO - [2026-04-25T18:01:34.611+0000] {dag.py:3954} INFO - Setting next_dagrun for monitoring_pipeline to 2026-04-24 00:00:00+00:00, run_after=2026-04-25 00:00:00+00:00
[2026-04-25T18:01:34.629+0000] {processor.py:183} INFO - Processing /opt/airflow/dags/monitoring_pipeline_dag.py took 0.089 seconds
[2026-04-25T18:02:04.775+0000] {processor.py:161} INFO - Started process (PID=257) to work on /opt/airflow/dags/monitoring_pipeline_dag.py
[2026-04-25T18:02:04.776+0000] {processor.py:830} INFO - Processing file /opt/airflow/dags/monitoring_pipeline_dag.py for tasks to queue
[2026-04-25T18:02:04.777+0000] {logging_mixin.py:188} INFO - [2026-04-25T18:02:04.777+0000] {dagbag.py:545} INFO - Filling up the DagBag from /opt/airflow/dags/monitoring_pipeline_dag.py
[2026-04-25T18:02:04.788+0000] {processor.py:840} INFO - DAG(s) 'monitoring_pipeline' retrieved from /opt/airflow/dags/monitoring_pipeline_dag.py
[2026-04-25T18:02:04.813+0000] {logging_mixin.py:188} INFO - [2026-04-25T18:02:04.813+0000] {dag.py:3096} INFO - Sync 1 DAGs
[2026-04-25T18:02:04.832+0000] {logging_mixin.py:188} INFO - [2026-04-25T18:02:04.832+0000] {dag.py:3954} INFO - Setting next_dagrun for monitoring_pipeline to 2026-04-24 00:00:00+00:00, run_after=2026-04-25 00:00:00+00:00
[2026-04-25T18:02:04.850+0000] {processor.py:183} INFO - Processing /opt/airflow/dags/monitoring_pipeline_dag.py took 0.080 seconds
[2026-04-25T18:02:35.001+0000] {processor.py:161} INFO - Started process (PID=272) to work on /opt/airflow/dags/monitoring_pipeline_dag.py
[2026-04-25T18:02:35.002+0000] {processor.py:830} INFO - Processing file /opt/airflow/dags/monitoring_pipeline_dag.py for tasks to queue
[2026-04-25T18:02:35.004+0000] {logging_mixin.py:188} INFO - [2026-04-25T18:02:35.004+0000] {dagbag.py:545} INFO - Filling up the DagBag from /opt/airflow/dags/monitoring_pipeline_dag.py
[2026-04-25T18:02:35.017+0000] {processor.py:840} INFO - DAG(s) 'monitoring_pipeline' retrieved from /opt/airflow/dags/monitoring_pipeline_dag.py
[2026-04-25T18:02:35.047+0000] {logging_mixin.py:188} INFO - [2026-04-25T18:02:35.047+0000] {dag.py:3096} INFO - Sync 1 DAGs
[2026-04-25T18:02:35.068+0000] {logging_mixin.py:188} INFO - [2026-04-25T18:02:35.067+0000] {dag.py:3954} INFO - Setting next_dagrun for monitoring_pipeline to 2026-04-24 00:00:00+00:00, run_after=2026-04-25 00:00:00+00:00
[2026-04-25T18:02:35.085+0000] {processor.py:183} INFO - Processing /opt/airflow/dags/monitoring_pipeline_dag.py took 0.092 seconds
[2026-04-25T18:03:05.228+0000] {processor.py:161} INFO - Started process (PID=287) to work on /opt/airflow/dags/monitoring_pipeline_dag.py
[2026-04-25T18:03:05.229+0000] {processor.py:830} INFO - Processing file /opt/airflow/dags/monitoring_pipeline_dag.py for tasks to queue
[2026-04-25T18:03:05.231+0000] {logging_mixin.py:188} INFO - [2026-04-25T18:03:05.230+0000] {dagbag.py:545} INFO - Filling up the DagBag from /opt/airflow/dags/monitoring_pipeline_dag.py
[2026-04-25T18:03:05.243+0000] {processor.py:840} INFO - DAG(s) 'monitoring_pipeline' retrieved from /opt/airflow/dags/monitoring_pipeline_dag.py
[2026-04-25T18:03:05.276+0000] {logging_mixin.py:188} INFO - [2026-04-25T18:03:05.276+0000] {dag.py:3096} INFO - Sync 1 DAGs
[2026-04-25T18:03:05.301+0000] {logging_mixin.py:188} INFO - [2026-04-25T18:03:05.300+0000] {dag.py:3954} INFO - Setting next_dagrun for monitoring_pipeline to 2026-04-24 00:00:00+00:00, run_after=2026-04-25 00:00:00+00:00
[2026-04-25T18:03:05.324+0000] {processor.py:183} INFO - Processing /opt/airflow/dags/monitoring_pipeline_dag.py took 0.102 seconds
[2026-04-25T18:03:35.476+0000] {processor.py:161} INFO - Started process (PID=302) to work on /opt/airflow/dags/monitoring_pipeline_dag.py
[2026-04-25T18:03:35.477+0000] {processor.py:830} INFO - Processing file /opt/airflow/dags/monitoring_pipeline_dag.py for tasks to queue
[2026-04-25T18:03:35.478+0000] {logging_mixin.py:188} INFO - [2026-04-25T18:03:35.478+0000] {dagbag.py:545} INFO - Filling up the DagBag from /opt/airflow/dags/monitoring_pipeline_dag.py
[2026-04-25T18:03:35.489+0000] {processor.py:840} INFO - DAG(s) 'monitoring_pipeline' retrieved from /opt/airflow/dags/monitoring_pipeline_dag.py
[2026-04-25T18:03:35.516+0000] {logging_mixin.py:188} INFO - [2026-04-25T18:03:35.516+0000] {dag.py:3096} INFO - Sync 1 DAGs
[2026-04-25T18:03:35.536+0000] {logging_mixin.py:188} INFO - [2026-04-25T18:03:35.535+0000] {dag.py:3954} INFO - Setting next_dagrun for monitoring_pipeline to 2026-04-24 00:00:00+00:00, run_after=2026-04-25 00:00:00+00:00
[2026-04-25T18:03:35.554+0000] {processor.py:183} INFO - Processing /opt/airflow/dags/monitoring_pipeline_dag.py took 0.083 seconds
[2026-04-25T18:04:05.698+0000] {processor.py:161} INFO - Started process (PID=317) to work on /opt/airflow/dags/monitoring_pipeline_dag.py
[2026-04-25T18:04:05.699+0000] {processor.py:830} INFO - Processing file /opt/airflow/dags/monitoring_pipeline_dag.py for tasks to queue
[2026-04-25T18:04:05.701+0000] {logging_mixin.py:188} INFO - [2026-04-25T18:04:05.700+0000] {dagbag.py:545} INFO - Filling up the DagBag from /opt/airflow/dags/monitoring_pipeline_dag.py
[2026-04-25T18:04:05.711+0000] {processor.py:840} INFO - DAG(s) 'monitoring_pipeline' retrieved from /opt/airflow/dags/monitoring_pipeline_dag.py
[2026-04-25T18:04:05.737+0000] {logging_mixin.py:188} INFO - [2026-04-25T18:04:05.737+0000] {dag.py:3096} INFO - Sync 1 DAGs
[2026-04-25T18:04:05.758+0000] {logging_mixin.py:188} INFO - [2026-04-25T18:04:05.757+0000] {dag.py:3954} INFO - Setting next_dagrun for monitoring_pipeline to 2026-04-24 00:00:00+00:00, run_after=2026-04-25 00:00:00+00:00
[2026-04-25T18:04:05.775+0000] {processor.py:183} INFO - Processing /opt/airflow/dags/monitoring_pipeline_dag.py took 0.081 seconds
[2026-04-25T18:04:35.925+0000] {processor.py:161} INFO - Started process (PID=332) to work on /opt/airflow/dags/monitoring_pipeline_dag.py
[2026-04-25T18:04:35.926+0000] {processor.py:830} INFO - Processing file /opt/airflow/dags/monitoring_pipeline_dag.py for tasks to queue
[2026-04-25T18:04:35.927+0000] {logging_mixin.py:188} INFO - [2026-04-25T18:04:35.927+0000] {dagbag.py:545} INFO - Filling up the DagBag from /opt/airflow/dags/monitoring_pipeline_dag.py
[2026-04-25T18:04:35.939+0000] {processor.py:840} INFO - DAG(s) 'monitoring_pipeline' retrieved from /opt/airflow/dags/monitoring_pipeline_dag.py
[2026-04-25T18:04:35.966+0000] {logging_mixin.py:188} INFO - [2026-04-25T18:04:35.966+0000] {dag.py:3096} INFO - Sync 1 DAGs
[2026-04-25T18:04:35.990+0000] {logging_mixin.py:188} INFO - [2026-04-25T18:04:35.989+0000] {dag.py:3954} INFO - Setting next_dagrun for monitoring_pipeline to 2026-04-24 00:00:00+00:00, run_after=2026-04-25 00:00:00+00:00
[2026-04-25T18:04:36.008+0000] {processor.py:183} INFO - Processing /opt/airflow/dags/monitoring_pipeline_dag.py took 0.088 seconds
[2026-04-25T18:05:06.152+0000] {processor.py:161} INFO - Started process (PID=347) to work on /opt/airflow/dags/monitoring_pipeline_dag.py
[2026-04-25T18:05:06.153+0000] {processor.py:830} INFO - Processing file /opt/airflow/dags/monitoring_pipeline_dag.py for tasks to queue
[2026-04-25T18:05:06.154+0000] {logging_mixin.py:188} INFO - [2026-04-25T18:05:06.154+0000] {dagbag.py:545} INFO - Filling up the DagBag from /opt/airflow/dags/monitoring_pipeline_dag.py
[2026-04-25T18:05:06.164+0000] {processor.py:840} INFO - DAG(s) 'monitoring_pipeline' retrieved from /opt/airflow/dags/monitoring_pipeline_dag.py
[2026-04-25T18:05:06.190+0000] {logging_mixin.py:188} INFO - [2026-04-25T18:05:06.190+0000] {dag.py:3096} INFO - Sync 1 DAGs
[2026-04-25T18:05:06.208+0000] {logging_mixin.py:188} INFO - [2026-04-25T18:05:06.208+0000] {dag.py:3954} INFO - Setting next_dagrun for monitoring_pipeline to 2026-04-24 00:00:00+00:00, run_after=2026-04-25 00:00:00+00:00
[2026-04-25T18:05:06.226+0000] {processor.py:183} INFO - Processing /opt/airflow/dags/monitoring_pipeline_dag.py took 0.078 seconds
[2026-04-25T18:05:36.367+0000] {processor.py:161} INFO - Started process (PID=362) to work on /opt/airflow/dags/monitoring_pipeline_dag.py
[2026-04-25T18:05:36.368+0000] {processor.py:830} INFO - Processing file /opt/airflow/dags/monitoring_pipeline_dag.py for tasks to queue
[2026-04-25T18:05:36.370+0000] {logging_mixin.py:188} INFO - [2026-04-25T18:05:36.370+0000] {dagbag.py:545} INFO - Filling up the DagBag from /opt/airflow/dags/monitoring_pipeline_dag.py
[2026-04-25T18:05:36.382+0000] {processor.py:840} INFO - DAG(s) 'monitoring_pipeline' retrieved from /opt/airflow/dags/monitoring_pipeline_dag.py
[2026-04-25T18:05:36.415+0000] {logging_mixin.py:188} INFO - [2026-04-25T18:05:36.415+0000] {dag.py:3096} INFO - Sync 1 DAGs
[2026-04-25T18:05:36.440+0000] {logging_mixin.py:188} INFO - [2026-04-25T18:05:36.439+0000] {dag.py:3954} INFO - Setting next_dagrun for monitoring_pipeline to 2026-04-24 00:00:00+00:00, run_after=2026-04-25 00:00:00+00:00
[2026-04-25T18:05:36.469+0000] {processor.py:183} INFO - Processing /opt/airflow/dags/monitoring_pipeline_dag.py took 0.107 seconds
[2026-04-25T18:06:06.613+0000] {processor.py:161} INFO - Started process (PID=377) to work on /opt/airflow/dags/monitoring_pipeline_dag.py
[2026-04-25T18:06:06.614+0000] {processor.py:830} INFO - Processing file /opt/airflow/dags/monitoring_pipeline_dag.py for tasks to queue
[2026-04-25T18:06:06.616+0000] {logging_mixin.py:188} INFO - [2026-04-25T18:06:06.615+0000] {dagbag.py:545} INFO - Filling up the DagBag from /opt/airflow/dags/monitoring_pipeline_dag.py
[2026-04-25T18:06:06.626+0000] {processor.py:840} INFO - DAG(s) 'monitoring_pipeline' retrieved from /opt/airflow/dags/monitoring_pipeline_dag.py
[2026-04-25T18:06:06.653+0000] {logging_mixin.py:188} INFO - [2026-04-25T18:06:06.653+0000] {dag.py:3096} INFO - Sync 1 DAGs
[2026-04-25T18:06:06.672+0000] {logging_mixin.py:188} INFO - [2026-04-25T18:06:06.672+0000] {dag.py:3954} INFO - Setting next_dagrun for monitoring_pipeline to 2026-04-24 00:00:00+00:00, run_after=2026-04-25 00:00:00+00:00
[2026-04-25T18:06:06.689+0000] {processor.py:183} INFO - Processing /opt/airflow/dags/monitoring_pipeline_dag.py took 0.081 seconds
[2026-04-25T18:06:36.840+0000] {processor.py:161} INFO - Started process (PID=392) to work on /opt/airflow/dags/monitoring_pipeline_dag.py
[2026-04-25T18:06:36.840+0000] {processor.py:830} INFO - Processing file /opt/airflow/dags/monitoring_pipeline_dag.py for tasks to queue
[2026-04-25T18:06:36.842+0000] {logging_mixin.py:188} INFO - [2026-04-25T18:06:36.842+0000] {dagbag.py:545} INFO - Filling up the DagBag from /opt/airflow/dags/monitoring_pipeline_dag.py
[2026-04-25T18:06:36.855+0000] {processor.py:840} INFO - DAG(s) 'monitoring_pipeline' retrieved from /opt/airflow/dags/monitoring_pipeline_dag.py
[2026-04-25T18:06:36.885+0000] {logging_mixin.py:188} INFO - [2026-04-25T18:06:36.885+0000] {dag.py:3096} INFO - Sync 1 DAGs
[2026-04-25T18:06:36.904+0000] {logging_mixin.py:188} INFO - [2026-04-25T18:06:36.904+0000] {dag.py:3954} INFO - Setting next_dagrun for monitoring_pipeline to 2026-04-24 00:00:00+00:00, run_after=2026-04-25 00:00:00+00:00
[2026-04-25T18:06:36.923+0000] {processor.py:183} INFO - Processing /opt/airflow/dags/monitoring_pipeline_dag.py took 0.088 seconds
[2026-04-25T18:07:07.085+0000] {processor.py:161} INFO - Started process (PID=407) to work on /opt/airflow/dags/monitoring_pipeline_dag.py
[2026-04-25T18:07:07.086+0000] {processor.py:830} INFO - Processing file /opt/airflow/dags/monitoring_pipeline_dag.py for tasks to queue
[2026-04-25T18:07:07.088+0000] {logging_mixin.py:188} INFO - [2026-04-25T18:07:07.087+0000] {dagbag.py:545} INFO - Filling up the DagBag from /opt/airflow/dags/monitoring_pipeline_dag.py
[2026-04-25T18:07:07.098+0000] {processor.py:840} INFO - DAG(s) 'monitoring_pipeline' retrieved from /opt/airflow/dags/monitoring_pipeline_dag.py
[2026-04-25T18:07:07.128+0000] {logging_mixin.py:188} INFO - [2026-04-25T18:07:07.128+0000] {dag.py:3096} INFO - Sync 1 DAGs
[2026-04-25T18:07:07.151+0000] {logging_mixin.py:188} INFO - [2026-04-25T18:07:07.151+0000] {dag.py:3954} INFO - Setting next_dagrun for monitoring_pipeline to 2026-04-24 00:00:00+00:00, run_after=2026-04-25 00:00:00+00:00
[2026-04-25T18:07:07.171+0000] {processor.py:183} INFO - Processing /opt/airflow/dags/monitoring_pipeline_dag.py took 0.090 seconds
[2026-04-25T18:07:37.308+0000] {processor.py:161} INFO - Started process (PID=422) to work on /opt/airflow/dags/monitoring_pipeline_dag.py
[2026-04-25T18:07:37.309+0000] {processor.py:830} INFO - Processing file /opt/airflow/dags/monitoring_pipeline_dag.py for tasks to queue
[2026-04-25T18:07:37.311+0000] {logging_mixin.py:188} INFO - [2026-04-25T18:07:37.311+0000] {dagbag.py:545} INFO - Filling up the DagBag from /opt/airflow/dags/monitoring_pipeline_dag.py
[2026-04-25T18:07:37.322+0000] {processor.py:840} INFO - DAG(s) 'monitoring_pipeline' retrieved from /opt/airflow/dags/monitoring_pipeline_dag.py
[2026-04-25T18:07:37.349+0000] {logging_mixin.py:188} INFO - [2026-04-25T18:07:37.348+0000] {dag.py:3096} INFO - Sync 1 DAGs
[2026-04-25T18:07:37.368+0000] {logging_mixin.py:188} INFO - [2026-04-25T18:07:37.368+0000] {dag.py:3954} INFO - Setting next_dagrun for monitoring_pipeline to 2026-04-24 00:00:00+00:00, run_after=2026-04-25 00:00:00+00:00
[2026-04-25T18:07:37.386+0000] {processor.py:183} INFO - Processing /opt/airflow/dags/monitoring_pipeline_dag.py took 0.082 seconds
[2026-04-25T18:08:07.528+0000] {processor.py:161} INFO - Started process (PID=437) to work on /opt/airflow/dags/monitoring_pipeline_dag.py
[2026-04-25T18:08:07.528+0000] {processor.py:830} INFO - Processing file /opt/airflow/dags/monitoring_pipeline_dag.py for tasks to queue
[2026-04-25T18:08:07.530+0000] {logging_mixin.py:188} INFO - [2026-04-25T18:08:07.529+0000] {dagbag.py:545} INFO - Filling up the DagBag from /opt/airflow/dags/monitoring_pipeline_dag.py
[2026-04-25T18:08:07.540+0000] {processor.py:840} INFO - DAG(s) 'monitoring_pipeline' retrieved from /opt/airflow/dags/monitoring_pipeline_dag.py
[2026-04-25T18:08:07.571+0000] {logging_mixin.py:188} INFO - [2026-04-25T18:08:07.571+0000] {dag.py:3096} INFO - Sync 1 DAGs
[2026-04-25T18:08:07.593+0000] {logging_mixin.py:188} INFO - [2026-04-25T18:08:07.593+0000] {dag.py:3954} INFO - Setting next_dagrun for monitoring_pipeline to 2026-04-24 00:00:00+00:00, run_after=2026-04-25 00:00:00+00:00
[2026-04-25T18:08:07.611+0000] {processor.py:183} INFO - Processing /opt/airflow/dags/monitoring_pipeline_dag.py took 0.088 seconds
[2026-04-25T18:08:37.768+0000] {processor.py:161} INFO - Started process (PID=452) to work on /opt/airflow/dags/monitoring_pipeline_dag.py
[2026-04-25T18:08:37.769+0000] {processor.py:830} INFO - Processing file /opt/airflow/dags/monitoring_pipeline_dag.py for tasks to queue
[2026-04-25T18:08:37.771+0000] {logging_mixin.py:188} INFO - [2026-04-25T18:08:37.771+0000] {dagbag.py:545} INFO - Filling up the DagBag from /opt/airflow/dags/monitoring_pipeline_dag.py
[2026-04-25T18:08:37.783+0000] {processor.py:840} INFO - DAG(s) 'monitoring_pipeline' retrieved from /opt/airflow/dags/monitoring_pipeline_dag.py
[2026-04-25T18:08:37.816+0000] {logging_mixin.py:188} INFO - [2026-04-25T18:08:37.816+0000] {dag.py:3096} INFO - Sync 1 DAGs
[2026-04-25T18:08:37.837+0000] {logging_mixin.py:188} INFO - [2026-04-25T18:08:37.837+0000] {dag.py:3954} INFO - Setting next_dagrun for monitoring_pipeline to 2026-04-24 00:00:00+00:00, run_after=2026-04-25 00:00:00+00:00
[2026-04-25T18:08:37.855+0000] {processor.py:183} INFO - Processing /opt/airflow/dags/monitoring_pipeline_dag.py took 0.093 seconds
[2026-04-25T18:09:07.997+0000] {processor.py:161} INFO - Started process (PID=467) to work on /opt/airflow/dags/monitoring_pipeline_dag.py
[2026-04-25T18:09:07.998+0000] {processor.py:830} INFO - Processing file /opt/airflow/dags/monitoring_pipeline_dag.py for tasks to queue
[2026-04-25T18:09:07.999+0000] {logging_mixin.py:188} INFO - [2026-04-25T18:09:07.999+0000] {dagbag.py:545} INFO - Filling up the DagBag from /opt/airflow/dags/monitoring_pipeline_dag.py
[2026-04-25T18:09:08.010+0000] {processor.py:840} INFO - DAG(s) 'monitoring_pipeline' retrieved from /opt/airflow/dags/monitoring_pipeline_dag.py
[2026-04-25T18:09:08.037+0000] {logging_mixin.py:188} INFO - [2026-04-25T18:09:08.037+0000] {dag.py:3096} INFO - Sync 1 DAGs
[2026-04-25T18:09:08.062+0000] {logging_mixin.py:188} INFO - [2026-04-25T18:09:08.061+0000] {dag.py:3954} INFO - Setting next_dagrun for monitoring_pipeline to 2026-04-24 00:00:00+00:00, run_after=2026-04-25 00:00:00+00:00
[2026-04-25T18:09:08.081+0000] {processor.py:183} INFO - Processing /opt/airflow/dags/monitoring_pipeline_dag.py took 0.088 seconds
[2026-04-25T18:09:38.240+0000] {processor.py:161} INFO - Started process (PID=482) to work on /opt/airflow/dags/monitoring_pipeline_dag.py
[2026-04-25T18:09:38.241+0000] {processor.py:830} INFO - Processing file /opt/airflow/dags/monitoring_pipeline_dag.py for tasks to queue
[2026-04-25T18:09:38.243+0000] {logging_mixin.py:188} INFO - [2026-04-25T18:09:38.243+0000] {dagbag.py:545} INFO - Filling up the DagBag from /opt/airflow/dags/monitoring_pipeline_dag.py
[2026-04-25T18:09:38.255+0000] {processor.py:840} INFO - DAG(s) 'monitoring_pipeline' retrieved from /opt/airflow/dags/monitoring_pipeline_dag.py
[2026-04-25T18:09:38.286+0000] {logging_mixin.py:188} INFO - [2026-04-25T18:09:38.286+0000] {dag.py:3096} INFO - Sync 1 DAGs
[2026-04-25T18:09:38.310+0000] {logging_mixin.py:188} INFO - [2026-04-25T18:09:38.310+0000] {dag.py:3954} INFO - Setting next_dagrun for monitoring_pipeline to 2026-04-24 00:00:00+00:00, run_after=2026-04-25 00:00:00+00:00
[2026-04-25T18:09:38.330+0000] {processor.py:183} INFO - Processing /opt/airflow/dags/monitoring_pipeline_dag.py took 0.096 seconds
[2026-04-25T18:10:08.476+0000] {processor.py:161} INFO - Started process (PID=497) to work on /opt/airflow/dags/monitoring_pipeline_dag.py
[2026-04-25T18:10:08.477+0000] {processor.py:830} INFO - Processing file /opt/airflow/dags/monitoring_pipeline_dag.py for tasks to queue
[2026-04-25T18:10:08.479+0000] {logging_mixin.py:188} INFO - [2026-04-25T18:10:08.478+0000] {dagbag.py:545} INFO - Filling up the DagBag from /opt/airflow/dags/monitoring_pipeline_dag.py
[2026-04-25T18:10:08.492+0000] {processor.py:840} INFO - DAG(s) 'monitoring_pipeline' retrieved from /opt/airflow/dags/monitoring_pipeline_dag.py
[2026-04-25T18:10:08.536+0000] {logging_mixin.py:188} INFO - [2026-04-25T18:10:08.536+0000] {dag.py:3096} INFO - Sync 1 DAGs
[2026-04-25T18:10:08.563+0000] {logging_mixin.py:188} INFO - [2026-04-25T18:10:08.562+0000] {dag.py:3954} INFO - Setting next_dagrun for monitoring_pipeline to 2026-04-24 00:00:00+00:00, run_after=2026-04-25 00:00:00+00:00
[2026-04-25T18:10:08.585+0000] {processor.py:183} INFO - Processing /opt/airflow/dags/monitoring_pipeline_dag.py took 0.114 seconds
[2026-04-25T18:10:38.734+0000] {processor.py:161} INFO - Started process (PID=512) to work on /opt/airflow/dags/monitoring_pipeline_dag.py
[2026-04-25T18:10:38.735+0000] {processor.py:830} INFO - Processing file /opt/airflow/dags/monitoring_pipeline_dag.py for tasks to queue
[2026-04-25T18:10:38.738+0000] {logging_mixin.py:188} INFO - [2026-04-25T18:10:38.737+0000] {dagbag.py:545} INFO - Filling up the DagBag from /opt/airflow/dags/monitoring_pipeline_dag.py
[2026-04-25T18:10:38.751+0000] {processor.py:840} INFO - DAG(s) 'monitoring_pipeline' retrieved from /opt/airflow/dags/monitoring_pipeline_dag.py
[2026-04-25T18:10:38.783+0000] {logging_mixin.py:188} INFO - [2026-04-25T18:10:38.782+0000] {dag.py:3096} INFO - Sync 1 DAGs
[2026-04-25T18:10:38.804+0000] {logging_mixin.py:188} INFO - [2026-04-25T18:10:38.804+0000] {dag.py:3954} INFO - Setting next_dagrun for monitoring_pipeline to 2026-04-24 00:00:00+00:00, run_after=2026-04-25 00:00:00+00:00
[2026-04-25T18:10:38.822+0000] {processor.py:183} INFO - Processing /opt/airflow/dags/monitoring_pipeline_dag.py took 0.095 seconds
[2026-04-25T18:11:08.966+0000] {processor.py:161} INFO - Started process (PID=527) to work on /opt/airflow/dags/monitoring_pipeline_dag.py
[2026-04-25T18:11:08.967+0000] {processor.py:830} INFO - Processing file /opt/airflow/dags/monitoring_pipeline_dag.py for tasks to queue
[2026-04-25T18:11:08.968+0000] {logging_mixin.py:188} INFO - [2026-04-25T18:11:08.968+0000] {dagbag.py:545} INFO - Filling up the DagBag from /opt/airflow/dags/monitoring_pipeline_dag.py
[2026-04-25T18:11:08.979+0000] {processor.py:840} INFO - DAG(s) 'monitoring_pipeline' retrieved from /opt/airflow/dags/monitoring_pipeline_dag.py
[2026-04-25T18:11:09.004+0000] {logging_mixin.py:188} INFO - [2026-04-25T18:11:09.004+0000] {dag.py:3096} INFO - Sync 1 DAGs
[2026-04-25T18:11:09.024+0000] {logging_mixin.py:188} INFO - [2026-04-25T18:11:09.024+0000] {dag.py:3954} INFO - Setting next_dagrun for monitoring_pipeline to 2026-04-24 00:00:00+00:00, run_after=2026-04-25 00:00:00+00:00
[2026-04-25T18:11:09.041+0000] {processor.py:183} INFO - Processing /opt/airflow/dags/monitoring_pipeline_dag.py took 0.079 seconds
[2026-04-25T18:11:39.202+0000] {processor.py:161} INFO - Started process (PID=542) to work on /opt/airflow/dags/monitoring_pipeline_dag.py
[2026-04-25T18:11:39.203+0000] {processor.py:830} INFO - Processing file /opt/airflow/dags/monitoring_pipeline_dag.py for tasks to queue
[2026-04-25T18:11:39.205+0000] {logging_mixin.py:188} INFO - [2026-04-25T18:11:39.204+0000] {dagbag.py:545} INFO - Filling up the DagBag from /opt/airflow/dags/monitoring_pipeline_dag.py
[2026-04-25T18:11:39.215+0000] {processor.py:840} INFO - DAG(s) 'monitoring_pipeline' retrieved from /opt/airflow/dags/monitoring_pipeline_dag.py
[2026-04-25T18:11:39.243+0000] {logging_mixin.py:188} INFO - [2026-04-25T18:11:39.243+0000] {dag.py:3096} INFO - Sync 1 DAGs
[2026-04-25T18:11:39.263+0000] {logging_mixin.py:188} INFO - [2026-04-25T18:11:39.262+0000] {dag.py:3954} INFO - Setting next_dagrun for monitoring_pipeline to 2026-04-24 00:00:00+00:00, run_after=2026-04-25 00:00:00+00:00
[2026-04-25T18:11:39.280+0000] {processor.py:183} INFO - Processing /opt/airflow/dags/monitoring_pipeline_dag.py took 0.083 seconds
[2026-04-25T18:12:09.423+0000] {processor.py:161} INFO - Started process (PID=557) to work on /opt/airflow/dags/monitoring_pipeline_dag.py
[2026-04-25T18:12:09.424+0000] {processor.py:830} INFO - Processing file /opt/airflow/dags/monitoring_pipeline_dag.py for tasks to queue
[2026-04-25T18:12:09.426+0000] {logging_mixin.py:188} INFO - [2026-04-25T18:12:09.426+0000] {dagbag.py:545} INFO - Filling up the DagBag from /opt/airflow/dags/monitoring_pipeline_dag.py
[2026-04-25T18:12:09.437+0000] {processor.py:840} INFO - DAG(s) 'monitoring_pipeline' retrieved from /opt/airflow/dags/monitoring_pipeline_dag.py
[2026-04-25T18:12:09.470+0000] {logging_mixin.py:188} INFO - [2026-04-25T18:12:09.469+0000] {dag.py:3096} INFO - Sync 1 DAGs
[2026-04-25T18:12:09.491+0000] {logging_mixin.py:188} INFO - [2026-04-25T18:12:09.491+0000] {dag.py:3954} INFO - Setting next_dagrun for monitoring_pipeline to 2026-04-24 00:00:00+00:00, run_after=2026-04-25 00:00:00+00:00
[2026-04-25T18:12:09.510+0000] {processor.py:183} INFO - Processing /opt/airflow/dags/monitoring_pipeline_dag.py took 0.092 seconds
[2026-04-25T18:12:39.660+0000] {processor.py:161} INFO - Started process (PID=572) to work on /opt/airflow/dags/monitoring_pipeline_dag.py
[2026-04-25T18:12:39.660+0000] {processor.py:830} INFO - Processing file /opt/airflow/dags/monitoring_pipeline_dag.py for tasks to queue
[2026-04-25T18:12:39.662+0000] {logging_mixin.py:188} INFO - [2026-04-25T18:12:39.662+0000] {dagbag.py:545} INFO - Filling up the DagBag from /opt/airflow/dags/monitoring_pipeline_dag.py
[2026-04-25T18:12:39.676+0000] {processor.py:840} INFO - DAG(s) 'monitoring_pipeline' retrieved from /opt/airflow/dags/monitoring_pipeline_dag.py
[2026-04-25T18:12:39.705+0000] {logging_mixin.py:188} INFO - [2026-04-25T18:12:39.704+0000] {dag.py:3096} INFO - Sync 1 DAGs
[2026-04-25T18:12:39.728+0000] {logging_mixin.py:188} INFO - [2026-04-25T18:12:39.728+0000] {dag.py:3954} INFO - Setting next_dagrun for monitoring_pipeline to 2026-04-24 00:00:00+00:00, run_after=2026-04-25 00:00:00+00:00
[2026-04-25T18:12:39.745+0000] {processor.py:183} INFO - Processing /opt/airflow/dags/monitoring_pipeline_dag.py took 0.093 seconds
[2026-04-25T18:13:09.893+0000] {processor.py:161} INFO - Started process (PID=587) to work on /opt/airflow/dags/monitoring_pipeline_dag.py
[2026-04-25T18:13:09.894+0000] {processor.py:830} INFO - Processing file /opt/airflow/dags/monitoring_pipeline_dag.py for tasks to queue
[2026-04-25T18:13:09.896+0000] {logging_mixin.py:188} INFO - [2026-04-25T18:13:09.896+0000] {dagbag.py:545} INFO - Filling up the DagBag from /opt/airflow/dags/monitoring_pipeline_dag.py
[2026-04-25T18:13:09.909+0000] {processor.py:840} INFO - DAG(s) 'monitoring_pipeline' retrieved from /opt/airflow/dags/monitoring_pipeline_dag.py
[2026-04-25T18:13:09.939+0000] {logging_mixin.py:188} INFO - [2026-04-25T18:13:09.938+0000] {dag.py:3096} INFO - Sync 1 DAGs
[2026-04-25T18:13:09.961+0000] {logging_mixin.py:188} INFO - [2026-04-25T18:13:09.961+0000] {dag.py:3954} INFO - Setting next_dagrun for monitoring_pipeline to 2026-04-24 00:00:00+00:00, run_after=2026-04-25 00:00:00+00:00
[2026-04-25T18:13:09.979+0000] {processor.py:183} INFO - Processing /opt/airflow/dags/monitoring_pipeline_dag.py took 0.091 seconds
[2026-04-25T18:13:40.131+0000] {processor.py:161} INFO - Started process (PID=602) to work on /opt/airflow/dags/monitoring_pipeline_dag.py
[2026-04-25T18:13:40.132+0000] {processor.py:830} INFO - Processing file /opt/airflow/dags/monitoring_pipeline_dag.py for tasks to queue
[2026-04-25T18:13:40.134+0000] {logging_mixin.py:188} INFO - [2026-04-25T18:13:40.133+0000] {dagbag.py:545} INFO - Filling up the DagBag from /opt/airflow/dags/monitoring_pipeline_dag.py
[2026-04-25T18:13:40.145+0000] {processor.py:840} INFO - DAG(s) 'monitoring_pipeline' retrieved from /opt/airflow/dags/monitoring_pipeline_dag.py
[2026-04-25T18:13:40.171+0000] {logging_mixin.py:188} INFO - [2026-04-25T18:13:40.171+0000] {dag.py:3096} INFO - Sync 1 DAGs
[2026-04-25T18:13:40.191+0000] {logging_mixin.py:188} INFO - [2026-04-25T18:13:40.191+0000] {dag.py:3954} INFO - Setting next_dagrun for monitoring_pipeline to 2026-04-24 00:00:00+00:00, run_after=2026-04-25 00:00:00+00:00
[2026-04-25T18:13:40.212+0000] {processor.py:183} INFO - Processing /opt/airflow/dags/monitoring_pipeline_dag.py took 0.087 seconds
[2026-04-25T18:14:10.368+0000] {processor.py:161} INFO - Started process (PID=617) to work on /opt/airflow/dags/monitoring_pipeline_dag.py
[2026-04-25T18:14:10.369+0000] {processor.py:830} INFO - Processing file /opt/airflow/dags/monitoring_pipeline_dag.py for tasks to queue
[2026-04-25T18:14:10.370+0000] {logging_mixin.py:188} INFO - [2026-04-25T18:14:10.370+0000] {dagbag.py:545} INFO - Filling up the DagBag from /opt/airflow/dags/monitoring_pipeline_dag.py
[2026-04-25T18:14:10.383+0000] {processor.py:840} INFO - DAG(s) 'monitoring_pipeline' retrieved from /opt/airflow/dags/monitoring_pipeline_dag.py
[2026-04-25T18:14:10.409+0000] {logging_mixin.py:188} INFO - [2026-04-25T18:14:10.409+0000] {dag.py:3096} INFO - Sync 1 DAGs
[2026-04-25T18:14:10.431+0000] {logging_mixin.py:188} INFO - [2026-04-25T18:14:10.430+0000] {dag.py:3954} INFO - Setting next_dagrun for monitoring_pipeline to 2026-04-24 00:00:00+00:00, run_after=2026-04-25 00:00:00+00:00
[2026-04-25T18:14:10.447+0000] {processor.py:183} INFO - Processing /opt/airflow/dags/monitoring_pipeline_dag.py took 0.084 seconds
[2026-04-25T18:14:40.597+0000] {processor.py:161} INFO - Started process (PID=632) to work on /opt/airflow/dags/monitoring_pipeline_dag.py
[2026-04-25T18:14:40.598+0000] {processor.py:830} INFO - Processing file /opt/airflow/dags/monitoring_pipeline_dag.py for tasks to queue
[2026-04-25T18:14:40.600+0000] {logging_mixin.py:188} INFO - [2026-04-25T18:14:40.599+0000] {dagbag.py:545} INFO - Filling up the DagBag from /opt/airflow/dags/monitoring_pipeline_dag.py
[2026-04-25T18:14:40.611+0000] {processor.py:840} INFO - DAG(s) 'monitoring_pipeline' retrieved from /opt/airflow/dags/monitoring_pipeline_dag.py
[2026-04-25T18:14:40.638+0000] {logging_mixin.py:188} INFO - [2026-04-25T18:14:40.637+0000] {dag.py:3096} INFO - Sync 1 DAGs
[2026-04-25T18:14:40.657+0000] {logging_mixin.py:188} INFO - [2026-04-25T18:14:40.657+0000] {dag.py:3954} INFO - Setting next_dagrun for monitoring_pipeline to 2026-04-24 00:00:00+00:00, run_after=2026-04-25 00:00:00+00:00
[2026-04-25T18:14:40.673+0000] {processor.py:183} INFO - Processing /opt/airflow/dags/monitoring_pipeline_dag.py took 0.083 seconds
[2026-04-25T18:15:10.833+0000] {processor.py:161} INFO - Started process (PID=647) to work on /opt/airflow/dags/monitoring_pipeline_dag.py
[2026-04-25T18:15:10.834+0000] {processor.py:830} INFO - Processing file /opt/airflow/dags/monitoring_pipeline_dag.py for tasks to queue
[2026-04-25T18:15:10.835+0000] {logging_mixin.py:188} INFO - [2026-04-25T18:15:10.835+0000] {dagbag.py:545} INFO - Filling up the DagBag from /opt/airflow/dags/monitoring_pipeline_dag.py
[2026-04-25T18:15:10.846+0000] {processor.py:840} INFO - DAG(s) 'monitoring_pipeline' retrieved from /opt/airflow/dags/monitoring_pipeline_dag.py
[2026-04-25T18:15:10.874+0000] {logging_mixin.py:188} INFO - [2026-04-25T18:15:10.874+0000] {dag.py:3096} INFO - Sync 1 DAGs
[2026-04-25T18:15:10.896+0000] {logging_mixin.py:188} INFO - [2026-04-25T18:15:10.896+0000] {dag.py:3954} INFO - Setting next_dagrun for monitoring_pipeline to 2026-04-24 00:00:00+00:00, run_after=2026-04-25 00:00:00+00:00
[2026-04-25T18:15:10.913+0000] {processor.py:183} INFO - Processing /opt/airflow/dags/monitoring_pipeline_dag.py took 0.087 seconds
[2026-04-25T18:15:41.068+0000] {processor.py:161} INFO - Started process (PID=662) to work on /opt/airflow/dags/monitoring_pipeline_dag.py
[2026-04-25T18:15:41.069+0000] {processor.py:830} INFO - Processing file /opt/airflow/dags/monitoring_pipeline_dag.py for tasks to queue
[2026-04-25T18:15:41.070+0000] {logging_mixin.py:188} INFO - [2026-04-25T18:15:41.070+0000] {dagbag.py:545} INFO - Filling up the DagBag from /opt/airflow/dags/monitoring_pipeline_dag.py
[2026-04-25T18:15:41.083+0000] {processor.py:840} INFO - DAG(s) 'monitoring_pipeline' retrieved from /opt/airflow/dags/monitoring_pipeline_dag.py
[2026-04-25T18:15:41.111+0000] {logging_mixin.py:188} INFO - [2026-04-25T18:15:41.110+0000] {dag.py:3096} INFO - Sync 1 DAGs
[2026-04-25T18:15:41.133+0000] {logging_mixin.py:188} INFO - [2026-04-25T18:15:41.133+0000] {dag.py:3954} INFO - Setting next_dagrun for monitoring_pipeline to 2026-04-24 00:00:00+00:00, run_after=2026-04-25 00:00:00+00:00
[2026-04-25T18:15:41.150+0000] {processor.py:183} INFO - Processing /opt/airflow/dags/monitoring_pipeline_dag.py took 0.089 seconds
[2026-04-25T18:16:11.310+0000] {processor.py:161} INFO - Started process (PID=677) to work on /opt/airflow/dags/monitoring_pipeline_dag.py
[2026-04-25T18:16:11.311+0000] {processor.py:830} INFO - Processing file /opt/airflow/dags/monitoring_pipeline_dag.py for tasks to queue
[2026-04-25T18:16:11.315+0000] {logging_mixin.py:188} INFO - [2026-04-25T18:16:11.314+0000] {dagbag.py:545} INFO - Filling up the DagBag from /opt/airflow/dags/monitoring_pipeline_dag.py
[2026-04-25T18:16:11.329+0000] {processor.py:840} INFO - DAG(s) 'monitoring_pipeline' retrieved from /opt/airflow/dags/monitoring_pipeline_dag.py
[2026-04-25T18:16:11.355+0000] {logging_mixin.py:188} INFO - [2026-04-25T18:16:11.355+0000] {dag.py:3096} INFO - Sync 1 DAGs
[2026-04-25T18:16:11.375+0000] {logging_mixin.py:188} INFO - [2026-04-25T18:16:11.375+0000] {dag.py:3954} INFO - Setting next_dagrun for monitoring_pipeline to 2026-04-24 00:00:00+00:00, run_after=2026-04-25 00:00:00+00:00
[2026-04-25T18:16:11.393+0000] {processor.py:183} INFO - Processing /opt/airflow/dags/monitoring_pipeline_dag.py took 0.090 seconds
[2026-04-25T18:16:41.541+0000] {processor.py:161} INFO - Started process (PID=692) to work on /opt/airflow/dags/monitoring_pipeline_dag.py
[2026-04-25T18:16:41.542+0000] {processor.py:830} INFO - Processing file /opt/airflow/dags/monitoring_pipeline_dag.py for tasks to queue
[2026-04-25T18:16:41.544+0000] {logging_mixin.py:188} INFO - [2026-04-25T18:16:41.543+0000] {dagbag.py:545} INFO - Filling up the DagBag from /opt/airflow/dags/monitoring_pipeline_dag.py
[2026-04-25T18:16:41.553+0000] {processor.py:840} INFO - DAG(s) 'monitoring_pipeline' retrieved from /opt/airflow/dags/monitoring_pipeline_dag.py
[2026-04-25T18:16:41.578+0000] {logging_mixin.py:188} INFO - [2026-04-25T18:16:41.578+0000] {dag.py:3096} INFO - Sync 1 DAGs
[2026-04-25T18:16:41.599+0000] {logging_mixin.py:188} INFO - [2026-04-25T18:16:41.598+0000] {dag.py:3954} INFO - Setting next_dagrun for monitoring_pipeline to 2026-04-24 00:00:00+00:00, run_after=2026-04-25 00:00:00+00:00
[2026-04-25T18:16:41.616+0000] {processor.py:183} INFO - Processing /opt/airflow/dags/monitoring_pipeline_dag.py took 0.080 seconds
[2026-04-25T18:17:11.775+0000] {processor.py:161} INFO - Started process (PID=707) to work on /opt/airflow/dags/monitoring_pipeline_dag.py
[2026-04-25T18:17:11.776+0000] {processor.py:830} INFO - Processing file /opt/airflow/dags/monitoring_pipeline_dag.py for tasks to queue
[2026-04-25T18:17:11.778+0000] {logging_mixin.py:188} INFO - [2026-04-25T18:17:11.778+0000] {dagbag.py:545} INFO - Filling up the DagBag from /opt/airflow/dags/monitoring_pipeline_dag.py
[2026-04-25T18:17:11.788+0000] {processor.py:840} INFO - DAG(s) 'monitoring_pipeline' retrieved from /opt/airflow/dags/monitoring_pipeline_dag.py
[2026-04-25T18:17:11.812+0000] {logging_mixin.py:188} INFO - [2026-04-25T18:17:11.811+0000] {dag.py:3096} INFO - Sync 1 DAGs
[2026-04-25T18:17:11.837+0000] {logging_mixin.py:188} INFO - [2026-04-25T18:17:11.836+0000] {dag.py:3954} INFO - Setting next_dagrun for monitoring_pipeline to 2026-04-24 00:00:00+00:00, run_after=2026-04-25 00:00:00+00:00
[2026-04-25T18:17:11.862+0000] {processor.py:183} INFO - Processing /opt/airflow/dags/monitoring_pipeline_dag.py took 0.092 seconds
[2026-04-25T18:17:41.994+0000] {processor.py:161} INFO - Started process (PID=722) to work on /opt/airflow/dags/monitoring_pipeline_dag.py
[2026-04-25T18:17:41.995+0000] {processor.py:830} INFO - Processing file /opt/airflow/dags/monitoring_pipeline_dag.py for tasks to queue
[2026-04-25T18:17:41.996+0000] {logging_mixin.py:188} INFO - [2026-04-25T18:17:41.996+0000] {dagbag.py:545} INFO - Filling up the DagBag from /opt/airflow/dags/monitoring_pipeline_dag.py
[2026-04-25T18:17:42.007+0000] {processor.py:840} INFO - DAG(s) 'monitoring_pipeline' retrieved from /opt/airflow/dags/monitoring_pipeline_dag.py
[2026-04-25T18:17:42.036+0000] {logging_mixin.py:188} INFO - [2026-04-25T18:17:42.036+0000] {dag.py:3096} INFO - Sync 1 DAGs
[2026-04-25T18:17:42.056+0000] {logging_mixin.py:188} INFO - [2026-04-25T18:17:42.056+0000] {dag.py:3954} INFO - Setting next_dagrun for monitoring_pipeline to 2026-04-24 00:00:00+00:00, run_after=2026-04-25 00:00:00+00:00
[2026-04-25T18:17:42.074+0000] {processor.py:183} INFO - Processing /opt/airflow/dags/monitoring_pipeline_dag.py took 0.086 seconds
[2026-04-25T18:18:12.226+0000] {processor.py:161} INFO - Started process (PID=737) to work on /opt/airflow/dags/monitoring_pipeline_dag.py
[2026-04-25T18:18:12.227+0000] {processor.py:830} INFO - Processing file /opt/airflow/dags/monitoring_pipeline_dag.py for tasks to queue
[2026-04-25T18:18:12.228+0000] {logging_mixin.py:188} INFO - [2026-04-25T18:18:12.228+0000] {dagbag.py:545} INFO - Filling up the DagBag from /opt/airflow/dags/monitoring_pipeline_dag.py
[2026-04-25T18:18:12.238+0000] {processor.py:840} INFO - DAG(s) 'monitoring_pipeline' retrieved from /opt/airflow/dags/monitoring_pipeline_dag.py
[2026-04-25T18:18:12.263+0000] {logging_mixin.py:188} INFO - [2026-04-25T18:18:12.263+0000] {dag.py:3096} INFO - Sync 1 DAGs
[2026-04-25T18:18:12.282+0000] {logging_mixin.py:188} INFO - [2026-04-25T18:18:12.282+0000] {dag.py:3954} INFO - Setting next_dagrun for monitoring_pipeline to 2026-04-24 00:00:00+00:00, run_after=2026-04-25 00:00:00+00:00
[2026-04-25T18:18:12.299+0000] {processor.py:183} INFO - Processing /opt/airflow/dags/monitoring_pipeline_dag.py took 0.078 seconds
[2026-04-25T18:18:42.452+0000] {processor.py:161} INFO - Started process (PID=752) to work on /opt/airflow/dags/monitoring_pipeline_dag.py
[2026-04-25T18:18:42.452+0000] {processor.py:830} INFO - Processing file /opt/airflow/dags/monitoring_pipeline_dag.py for tasks to queue
[2026-04-25T18:18:42.454+0000] {logging_mixin.py:188} INFO - [2026-04-25T18:18:42.454+0000] {dagbag.py:545} INFO - Filling up the DagBag from /opt/airflow/dags/monitoring_pipeline_dag.py
[2026-04-25T18:18:42.467+0000] {processor.py:840} INFO - DAG(s) 'monitoring_pipeline' retrieved from /opt/airflow/dags/monitoring_pipeline_dag.py
[2026-04-25T18:18:42.493+0000] {logging_mixin.py:188} INFO - [2026-04-25T18:18:42.493+0000] {dag.py:3096} INFO - Sync 1 DAGs
[2026-04-25T18:18:42.514+0000] {logging_mixin.py:188} INFO - [2026-04-25T18:18:42.514+0000] {dag.py:3954} INFO - Setting next_dagrun for monitoring_pipeline to 2026-04-24 00:00:00+00:00, run_after=2026-04-25 00:00:00+00:00
[2026-04-25T18:18:42.532+0000] {processor.py:183} INFO - Processing /opt/airflow/dags/monitoring_pipeline_dag.py took 0.086 seconds
[2026-04-25T18:19:12.685+0000] {processor.py:161} INFO - Started process (PID=767) to work on /opt/airflow/dags/monitoring_pipeline_dag.py
[2026-04-25T18:19:12.686+0000] {processor.py:830} INFO - Processing file /opt/airflow/dags/monitoring_pipeline_dag.py for tasks to queue
[2026-04-25T18:19:12.688+0000] {logging_mixin.py:188} INFO - [2026-04-25T18:19:12.687+0000] {dagbag.py:545} INFO - Filling up the DagBag from /opt/airflow/dags/monitoring_pipeline_dag.py
[2026-04-25T18:19:12.698+0000] {processor.py:840} INFO - DAG(s) 'monitoring_pipeline' retrieved from /opt/airflow/dags/monitoring_pipeline_dag.py
[2026-04-25T18:19:12.724+0000] {logging_mixin.py:188} INFO - [2026-04-25T18:19:12.724+0000] {dag.py:3096} INFO - Sync 1 DAGs
[2026-04-25T18:19:12.745+0000] {logging_mixin.py:188} INFO - [2026-04-25T18:19:12.745+0000] {dag.py:3954} INFO - Setting next_dagrun for monitoring_pipeline to 2026-04-24 00:00:00+00:00, run_after=2026-04-25 00:00:00+00:00
[2026-04-25T18:19:12.764+0000] {processor.py:183} INFO - Processing /opt/airflow/dags/monitoring_pipeline_dag.py took 0.083 seconds
[2026-04-25T18:19:42.931+0000] {processor.py:161} INFO - Started process (PID=782) to work on /opt/airflow/dags/monitoring_pipeline_dag.py
[2026-04-25T18:19:42.932+0000] {processor.py:830} INFO - Processing file /opt/airflow/dags/monitoring_pipeline_dag.py for tasks to queue
[2026-04-25T18:19:42.933+0000] {logging_mixin.py:188} INFO - [2026-04-25T18:19:42.933+0000] {dagbag.py:545} INFO - Filling up the DagBag from /opt/airflow/dags/monitoring_pipeline_dag.py
[2026-04-25T18:19:42.946+0000] {processor.py:840} INFO - DAG(s) 'monitoring_pipeline' retrieved from /opt/airflow/dags/monitoring_pipeline_dag.py
[2026-04-25T18:19:42.980+0000] {logging_mixin.py:188} INFO - [2026-04-25T18:19:42.979+0000] {dag.py:3096} INFO - Sync 1 DAGs
[2026-04-25T18:19:43.003+0000] {logging_mixin.py:188} INFO - [2026-04-25T18:19:43.003+0000] {dag.py:3954} INFO - Setting next_dagrun for monitoring_pipeline to 2026-04-24 00:00:00+00:00, run_after=2026-04-25 00:00:00+00:00
[2026-04-25T18:19:43.025+0000] {processor.py:183} INFO - Processing /opt/airflow/dags/monitoring_pipeline_dag.py took 0.100 seconds
[2026-04-25T18:20:32.611+0000] {processor.py:161} INFO - Started process (PID=196) to work on /opt/airflow/dags/monitoring_pipeline_dag.py
[2026-04-25T18:20:32.612+0000] {processor.py:830} INFO - Processing file /opt/airflow/dags/monitoring_pipeline_dag.py for tasks to queue
[2026-04-25T18:20:32.613+0000] {logging_mixin.py:188} INFO - [2026-04-25T18:20:32.613+0000] {dagbag.py:545} INFO - Filling up the DagBag from /opt/airflow/dags/monitoring_pipeline_dag.py
[2026-04-25T18:20:32.626+0000] {processor.py:840} INFO - DAG(s) 'monitoring_pipeline' retrieved from /opt/airflow/dags/monitoring_pipeline_dag.py
[2026-04-25T18:20:32.823+0000] {logging_mixin.py:188} INFO - [2026-04-25T18:20:32.823+0000] {override.py:1829} INFO - Created Permission View: can delete on DAG:monitoring_pipeline
[2026-04-25T18:20:32.835+0000] {logging_mixin.py:188} INFO - [2026-04-25T18:20:32.834+0000] {override.py:1829} INFO - Created Permission View: can edit on DAG:monitoring_pipeline
[2026-04-25T18:20:32.841+0000] {logging_mixin.py:188} INFO - [2026-04-25T18:20:32.841+0000] {override.py:1829} INFO - Created Permission View: can read on DAG:monitoring_pipeline
[2026-04-25T18:20:32.841+0000] {logging_mixin.py:188} INFO - [2026-04-25T18:20:32.841+0000] {dag.py:3096} INFO - Sync 1 DAGs
[2026-04-25T18:20:32.850+0000] {logging_mixin.py:188} INFO - [2026-04-25T18:20:32.849+0000] {dag.py:3118} INFO - Creating ORM DAG for monitoring_pipeline
[2026-04-25T18:20:32.860+0000] {logging_mixin.py:188} INFO - [2026-04-25T18:20:32.860+0000] {dag.py:3954} INFO - Setting next_dagrun for monitoring_pipeline to 2026-04-24 00:00:00+00:00, run_after=2026-04-25 00:00:00+00:00
[2026-04-25T18:20:32.876+0000] {processor.py:183} INFO - Processing /opt/airflow/dags/monitoring_pipeline_dag.py took 0.270 seconds
[2026-04-25T18:21:03.042+0000] {processor.py:161} INFO - Started process (PID=212) to work on /opt/airflow/dags/monitoring_pipeline_dag.py
[2026-04-25T18:21:03.044+0000] {processor.py:830} INFO - Processing file /opt/airflow/dags/monitoring_pipeline_dag.py for tasks to queue
[2026-04-25T18:21:03.048+0000] {logging_mixin.py:188} INFO - [2026-04-25T18:21:03.047+0000] {dagbag.py:545} INFO - Filling up the DagBag from /opt/airflow/dags/monitoring_pipeline_dag.py
[2026-04-25T18:21:03.068+0000] {processor.py:840} INFO - DAG(s) 'monitoring_pipeline' retrieved from /opt/airflow/dags/monitoring_pipeline_dag.py
[2026-04-25T18:21:03.106+0000] {logging_mixin.py:188} INFO - [2026-04-25T18:21:03.106+0000] {dag.py:3096} INFO - Sync 1 DAGs
[2026-04-25T18:21:03.128+0000] {logging_mixin.py:188} INFO - [2026-04-25T18:21:03.128+0000] {dag.py:3954} INFO - Setting next_dagrun for monitoring_pipeline to 2026-04-24 00:00:00+00:00, run_after=2026-04-25 00:00:00+00:00
[2026-04-25T18:21:03.144+0000] {processor.py:183} INFO - Processing /opt/airflow/dags/monitoring_pipeline_dag.py took 0.115 seconds
[2026-04-25T18:21:33.298+0000] {processor.py:161} INFO - Started process (PID=227) to work on /opt/airflow/dags/monitoring_pipeline_dag.py
[2026-04-25T18:21:33.298+0000] {processor.py:830} INFO - Processing file /opt/airflow/dags/monitoring_pipeline_dag.py for tasks to queue
[2026-04-25T18:21:33.300+0000] {logging_mixin.py:188} INFO - [2026-04-25T18:21:33.299+0000] {dagbag.py:545} INFO - Filling up the DagBag from /opt/airflow/dags/monitoring_pipeline_dag.py
[2026-04-25T18:21:33.312+0000] {processor.py:840} INFO - DAG(s) 'monitoring_pipeline' retrieved from /opt/airflow/dags/monitoring_pipeline_dag.py
[2026-04-25T18:21:33.340+0000] {logging_mixin.py:188} INFO - [2026-04-25T18:21:33.340+0000] {dag.py:3096} INFO - Sync 1 DAGs
[2026-04-25T18:21:33.361+0000] {logging_mixin.py:188} INFO - [2026-04-25T18:21:33.361+0000] {dag.py:3954} INFO - Setting next_dagrun for monitoring_pipeline to 2026-04-24 00:00:00+00:00, run_after=2026-04-25 00:00:00+00:00
[2026-04-25T18:21:33.379+0000] {processor.py:183} INFO - Processing /opt/airflow/dags/monitoring_pipeline_dag.py took 0.087 seconds
[2026-04-25T18:22:03.540+0000] {processor.py:161} INFO - Started process (PID=242) to work on /opt/airflow/dags/monitoring_pipeline_dag.py
[2026-04-25T18:22:03.541+0000] {processor.py:830} INFO - Processing file /opt/airflow/dags/monitoring_pipeline_dag.py for tasks to queue
[2026-04-25T18:22:03.543+0000] {logging_mixin.py:188} INFO - [2026-04-25T18:22:03.543+0000] {dagbag.py:545} INFO - Filling up the DagBag from /opt/airflow/dags/monitoring_pipeline_dag.py
[2026-04-25T18:22:03.554+0000] {processor.py:840} INFO - DAG(s) 'monitoring_pipeline' retrieved from /opt/airflow/dags/monitoring_pipeline_dag.py
[2026-04-25T18:22:03.580+0000] {logging_mixin.py:188} INFO - [2026-04-25T18:22:03.580+0000] {dag.py:3096} INFO - Sync 1 DAGs
[2026-04-25T18:22:03.602+0000] {logging_mixin.py:188} INFO - [2026-04-25T18:22:03.602+0000] {dag.py:3954} INFO - Setting next_dagrun for monitoring_pipeline to 2026-04-24 00:00:00+00:00, run_after=2026-04-25 00:00:00+00:00
[2026-04-25T18:22:03.620+0000] {processor.py:183} INFO - Processing /opt/airflow/dags/monitoring_pipeline_dag.py took 0.086 seconds
[2026-04-25T18:23:40.783+0000] {processor.py:161} INFO - Started process (PID=196) to work on /opt/airflow/dags/monitoring_pipeline_dag.py
[2026-04-25T18:23:40.784+0000] {processor.py:830} INFO - Processing file /opt/airflow/dags/monitoring_pipeline_dag.py for tasks to queue
[2026-04-25T18:23:40.786+0000] {logging_mixin.py:188} INFO - [2026-04-25T18:23:40.785+0000] {dagbag.py:545} INFO - Filling up the DagBag from /opt/airflow/dags/monitoring_pipeline_dag.py
[2026-04-25T18:23:40.798+0000] {processor.py:840} INFO - DAG(s) 'monitoring_pipeline' retrieved from /opt/airflow/dags/monitoring_pipeline_dag.py
[2026-04-25T18:23:40.823+0000] {logging_mixin.py:188} INFO - [2026-04-25T18:23:40.823+0000] {dag.py:3096} INFO - Sync 1 DAGs
[2026-04-25T18:23:40.845+0000] {logging_mixin.py:188} INFO - [2026-04-25T18:23:40.845+0000] {dag.py:3954} INFO - Setting next_dagrun for monitoring_pipeline to 2026-04-24 00:00:00+00:00, run_after=2026-04-25 00:00:00+00:00
[2026-04-25T18:23:40.860+0000] {processor.py:183} INFO - Processing /opt/airflow/dags/monitoring_pipeline_dag.py took 0.082 seconds
[2026-04-25T18:24:11.016+0000] {processor.py:161} INFO - Started process (PID=211) to work on /opt/airflow/dags/monitoring_pipeline_dag.py
[2026-04-25T18:24:11.017+0000] {processor.py:830} INFO - Processing file /opt/airflow/dags/monitoring_pipeline_dag.py for tasks to queue
[2026-04-25T18:24:11.018+0000] {logging_mixin.py:188} INFO - [2026-04-25T18:24:11.018+0000] {dagbag.py:545} INFO - Filling up the DagBag from /opt/airflow/dags/monitoring_pipeline_dag.py
[2026-04-25T18:24:11.032+0000] {processor.py:840} INFO - DAG(s) 'monitoring_pipeline' retrieved from /opt/airflow/dags/monitoring_pipeline_dag.py
[2026-04-25T18:24:11.209+0000] {logging_mixin.py:188} INFO - [2026-04-25T18:24:11.208+0000] {dag.py:3096} INFO - Sync 1 DAGs
[2026-04-25T18:24:11.225+0000] {logging_mixin.py:188} INFO - [2026-04-25T18:24:11.225+0000] {dag.py:3954} INFO - Setting next_dagrun for monitoring_pipeline to 2026-04-24 00:00:00+00:00, run_after=2026-04-25 00:00:00+00:00
[2026-04-25T18:24:11.240+0000] {processor.py:183} INFO - Processing /opt/airflow/dags/monitoring_pipeline_dag.py took 0.228 seconds
[2026-04-25T18:24:41.389+0000] {processor.py:161} INFO - Started process (PID=230) to work on /opt/airflow/dags/monitoring_pipeline_dag.py
[2026-04-25T18:24:41.390+0000] {processor.py:830} INFO - Processing file /opt/airflow/dags/monitoring_pipeline_dag.py for tasks to queue
[2026-04-25T18:24:41.391+0000] {logging_mixin.py:188} INFO - [2026-04-25T18:24:41.391+0000] {dagbag.py:545} INFO - Filling up the DagBag from /opt/airflow/dags/monitoring_pipeline_dag.py
[2026-04-25T18:24:41.403+0000] {processor.py:840} INFO - DAG(s) 'monitoring_pipeline' retrieved from /opt/airflow/dags/monitoring_pipeline_dag.py
[2026-04-25T18:24:41.427+0000] {logging_mixin.py:188} INFO - [2026-04-25T18:24:41.426+0000] {dag.py:3096} INFO - Sync 1 DAGs
[2026-04-25T18:24:41.445+0000] {logging_mixin.py:188} INFO - [2026-04-25T18:24:41.445+0000] {dag.py:3954} INFO - Setting next_dagrun for monitoring_pipeline to 2026-04-24 00:00:00+00:00, run_after=2026-04-25 00:00:00+00:00
[2026-04-25T18:24:41.460+0000] {processor.py:183} INFO - Processing /opt/airflow/dags/monitoring_pipeline_dag.py took 0.075 seconds
[2026-04-25T18:25:11.608+0000] {processor.py:161} INFO - Started process (PID=245) to work on /opt/airflow/dags/monitoring_pipeline_dag.py
[2026-04-25T18:25:11.609+0000] {processor.py:830} INFO - Processing file /opt/airflow/dags/monitoring_pipeline_dag.py for tasks to queue
[2026-04-25T18:25:11.610+0000] {logging_mixin.py:188} INFO - [2026-04-25T18:25:11.610+0000] {dagbag.py:545} INFO - Filling up the DagBag from /opt/airflow/dags/monitoring_pipeline_dag.py
[2026-04-25T18:25:11.618+0000] {processor.py:840} INFO - DAG(s) 'monitoring_pipeline' retrieved from /opt/airflow/dags/monitoring_pipeline_dag.py
[2026-04-25T18:25:11.639+0000] {logging_mixin.py:188} INFO - [2026-04-25T18:25:11.639+0000] {dag.py:3096} INFO - Sync 1 DAGs
[2026-04-25T18:25:11.657+0000] {logging_mixin.py:188} INFO - [2026-04-25T18:25:11.657+0000] {dag.py:3954} INFO - Setting next_dagrun for monitoring_pipeline to 2026-04-24 00:00:00+00:00, run_after=2026-04-25 00:00:00+00:00
[2026-04-25T18:25:11.673+0000] {processor.py:183} INFO - Processing /opt/airflow/dags/monitoring_pipeline_dag.py took 0.069 seconds
[2026-04-25T18:25:41.847+0000] {processor.py:161} INFO - Started process (PID=260) to work on /opt/airflow/dags/monitoring_pipeline_dag.py
[2026-04-25T18:25:41.848+0000] {processor.py:830} INFO - Processing file /opt/airflow/dags/monitoring_pipeline_dag.py for tasks to queue
[2026-04-25T18:25:41.850+0000] {logging_mixin.py:188} INFO - [2026-04-25T18:25:41.850+0000] {dagbag.py:545} INFO - Filling up the DagBag from /opt/airflow/dags/monitoring_pipeline_dag.py
[2026-04-25T18:25:41.864+0000] {processor.py:840} INFO - DAG(s) 'monitoring_pipeline' retrieved from /opt/airflow/dags/monitoring_pipeline_dag.py
[2026-04-25T18:25:41.895+0000] {logging_mixin.py:188} INFO - [2026-04-25T18:25:41.895+0000] {dag.py:3096} INFO - Sync 1 DAGs
[2026-04-25T18:25:41.920+0000] {logging_mixin.py:188} INFO - [2026-04-25T18:25:41.919+0000] {dag.py:3954} INFO - Setting next_dagrun for monitoring_pipeline to 2026-04-24 00:00:00+00:00, run_after=2026-04-25 00:00:00+00:00
[2026-04-25T18:25:41.941+0000] {processor.py:183} INFO - Processing /opt/airflow/dags/monitoring_pipeline_dag.py took 0.102 seconds
[2026-04-25T18:26:12.096+0000] {processor.py:161} INFO - Started process (PID=275) to work on /opt/airflow/dags/monitoring_pipeline_dag.py
[2026-04-25T18:26:12.097+0000] {processor.py:830} INFO - Processing file /opt/airflow/dags/monitoring_pipeline_dag.py for tasks to queue
[2026-04-25T18:26:12.099+0000] {logging_mixin.py:188} INFO - [2026-04-25T18:26:12.098+0000] {dagbag.py:545} INFO - Filling up the DagBag from /opt/airflow/dags/monitoring_pipeline_dag.py
[2026-04-25T18:26:12.108+0000] {processor.py:840} INFO - DAG(s) 'monitoring_pipeline' retrieved from /opt/airflow/dags/monitoring_pipeline_dag.py
[2026-04-25T18:26:12.133+0000] {logging_mixin.py:188} INFO - [2026-04-25T18:26:12.133+0000] {dag.py:3096} INFO - Sync 1 DAGs
[2026-04-25T18:26:12.153+0000] {logging_mixin.py:188} INFO - [2026-04-25T18:26:12.153+0000] {dag.py:3954} INFO - Setting next_dagrun for monitoring_pipeline to 2026-04-24 00:00:00+00:00, run_after=2026-04-25 00:00:00+00:00
[2026-04-25T18:26:12.171+0000] {processor.py:183} INFO - Processing /opt/airflow/dags/monitoring_pipeline_dag.py took 0.083 seconds
[2026-04-25T18:26:34.350+0000] {processor.py:161} INFO - Started process (PID=195) to work on /opt/airflow/dags/monitoring_pipeline_dag.py
[2026-04-25T18:26:34.351+0000] {processor.py:830} INFO - Processing file /opt/airflow/dags/monitoring_pipeline_dag.py for tasks to queue
[2026-04-25T18:26:34.352+0000] {logging_mixin.py:188} INFO - [2026-04-25T18:26:34.352+0000] {dagbag.py:545} INFO - Filling up the DagBag from /opt/airflow/dags/monitoring_pipeline_dag.py
[2026-04-25T18:26:34.363+0000] {processor.py:840} INFO - DAG(s) 'monitoring_pipeline' retrieved from /opt/airflow/dags/monitoring_pipeline_dag.py
[2026-04-25T18:26:34.400+0000] {logging_mixin.py:188} INFO - [2026-04-25T18:26:34.400+0000] {dag.py:3096} INFO - Sync 1 DAGs
[2026-04-25T18:26:34.423+0000] {logging_mixin.py:188} INFO - [2026-04-25T18:26:34.423+0000] {dag.py:3954} INFO - Setting next_dagrun for monitoring_pipeline to 2026-04-24 00:00:00+00:00, run_after=2026-04-25 00:00:00+00:00
[2026-04-25T18:26:34.441+0000] {processor.py:183} INFO - Processing /opt/airflow/dags/monitoring_pipeline_dag.py took 0.096 seconds
[2026-04-25T18:27:04.604+0000] {processor.py:161} INFO - Started process (PID=214) to work on /opt/airflow/dags/monitoring_pipeline_dag.py
[2026-04-25T18:27:04.605+0000] {processor.py:830} INFO - Processing file /opt/airflow/dags/monitoring_pipeline_dag.py for tasks to queue
[2026-04-25T18:27:04.607+0000] {logging_mixin.py:188} INFO - [2026-04-25T18:27:04.606+0000] {dagbag.py:545} INFO - Filling up the DagBag from /opt/airflow/dags/monitoring_pipeline_dag.py
[2026-04-25T18:27:04.617+0000] {processor.py:840} INFO - DAG(s) 'monitoring_pipeline' retrieved from /opt/airflow/dags/monitoring_pipeline_dag.py
[2026-04-25T18:27:04.646+0000] {logging_mixin.py:188} INFO - [2026-04-25T18:27:04.645+0000] {dag.py:3096} INFO - Sync 1 DAGs
[2026-04-25T18:27:04.667+0000] {logging_mixin.py:188} INFO - [2026-04-25T18:27:04.666+0000] {dag.py:3954} INFO - Setting next_dagrun for monitoring_pipeline to 2026-04-24 00:00:00+00:00, run_after=2026-04-25 00:00:00+00:00
[2026-04-25T18:27:04.684+0000] {processor.py:183} INFO - Processing /opt/airflow/dags/monitoring_pipeline_dag.py took 0.085 seconds
[2026-04-25T18:27:34.839+0000] {processor.py:161} INFO - Started process (PID=229) to work on /opt/airflow/dags/monitoring_pipeline_dag.py
[2026-04-25T18:27:34.840+0000] {processor.py:830} INFO - Processing file /opt/airflow/dags/monitoring_pipeline_dag.py for tasks to queue
[2026-04-25T18:27:34.844+0000] {logging_mixin.py:188} INFO - [2026-04-25T18:27:34.844+0000] {dagbag.py:545} INFO - Filling up the DagBag from /opt/airflow/dags/monitoring_pipeline_dag.py
[2026-04-25T18:27:34.859+0000] {processor.py:840} INFO - DAG(s) 'monitoring_pipeline' retrieved from /opt/airflow/dags/monitoring_pipeline_dag.py
[2026-04-25T18:27:34.890+0000] {logging_mixin.py:188} INFO - [2026-04-25T18:27:34.889+0000] {dag.py:3096} INFO - Sync 1 DAGs
[2026-04-25T18:27:34.914+0000] {logging_mixin.py:188} INFO - [2026-04-25T18:27:34.914+0000] {dag.py:3954} INFO - Setting next_dagrun for monitoring_pipeline to 2026-04-24 00:00:00+00:00, run_after=2026-04-25 00:00:00+00:00
[2026-04-25T18:27:34.941+0000] {processor.py:183} INFO - Processing /opt/airflow/dags/monitoring_pipeline_dag.py took 0.109 seconds
[2026-04-25T18:28:05.103+0000] {processor.py:161} INFO - Started process (PID=244) to work on /opt/airflow/dags/monitoring_pipeline_dag.py
[2026-04-25T18:28:05.103+0000] {processor.py:830} INFO - Processing file /opt/airflow/dags/monitoring_pipeline_dag.py for tasks to queue
[2026-04-25T18:28:05.105+0000] {logging_mixin.py:188} INFO - [2026-04-25T18:28:05.105+0000] {dagbag.py:545} INFO - Filling up the DagBag from /opt/airflow/dags/monitoring_pipeline_dag.py
[2026-04-25T18:28:05.116+0000] {processor.py:840} INFO - DAG(s) 'monitoring_pipeline' retrieved from /opt/airflow/dags/monitoring_pipeline_dag.py
[2026-04-25T18:28:05.147+0000] {logging_mixin.py:188} INFO - [2026-04-25T18:28:05.147+0000] {dag.py:3096} INFO - Sync 1 DAGs
[2026-04-25T18:28:05.167+0000] {logging_mixin.py:188} INFO - [2026-04-25T18:28:05.167+0000] {dag.py:3954} INFO - Setting next_dagrun for monitoring_pipeline to 2026-04-24 00:00:00+00:00, run_after=2026-04-25 00:00:00+00:00
[2026-04-25T18:28:05.186+0000] {processor.py:183} INFO - Processing /opt/airflow/dags/monitoring_pipeline_dag.py took 0.088 seconds
[2026-04-25T18:28:35.342+0000] {processor.py:161} INFO - Started process (PID=259) to work on /opt/airflow/dags/monitoring_pipeline_dag.py
[2026-04-25T18:28:35.343+0000] {processor.py:830} INFO - Processing file /opt/airflow/dags/monitoring_pipeline_dag.py for tasks to queue
[2026-04-25T18:28:35.345+0000] {logging_mixin.py:188} INFO - [2026-04-25T18:28:35.345+0000] {dagbag.py:545} INFO - Filling up the DagBag from /opt/airflow/dags/monitoring_pipeline_dag.py
[2026-04-25T18:28:35.356+0000] {processor.py:840} INFO - DAG(s) 'monitoring_pipeline' retrieved from /opt/airflow/dags/monitoring_pipeline_dag.py
[2026-04-25T18:28:35.387+0000] {logging_mixin.py:188} INFO - [2026-04-25T18:28:35.386+0000] {dag.py:3096} INFO - Sync 1 DAGs
[2026-04-25T18:28:35.409+0000] {logging_mixin.py:188} INFO - [2026-04-25T18:28:35.409+0000] {dag.py:3954} INFO - Setting next_dagrun for monitoring_pipeline to 2026-04-24 00:00:00+00:00, run_after=2026-04-25 00:00:00+00:00
[2026-04-25T18:28:35.427+0000] {processor.py:183} INFO - Processing /opt/airflow/dags/monitoring_pipeline_dag.py took 0.091 seconds
[2026-04-25T18:29:05.583+0000] {processor.py:161} INFO - Started process (PID=274) to work on /opt/airflow/dags/monitoring_pipeline_dag.py
[2026-04-25T18:29:05.585+0000] {processor.py:830} INFO - Processing file /opt/airflow/dags/monitoring_pipeline_dag.py for tasks to queue
[2026-04-25T18:29:05.587+0000] {logging_mixin.py:188} INFO - [2026-04-25T18:29:05.586+0000] {dagbag.py:545} INFO - Filling up the DagBag from /opt/airflow/dags/monitoring_pipeline_dag.py
[2026-04-25T18:29:05.595+0000] {processor.py:840} INFO - DAG(s) 'monitoring_pipeline' retrieved from /opt/airflow/dags/monitoring_pipeline_dag.py
[2026-04-25T18:29:05.620+0000] {logging_mixin.py:188} INFO - [2026-04-25T18:29:05.619+0000] {dag.py:3096} INFO - Sync 1 DAGs
[2026-04-25T18:29:05.642+0000] {logging_mixin.py:188} INFO - [2026-04-25T18:29:05.641+0000] {dag.py:3954} INFO - Setting next_dagrun for monitoring_pipeline to 2026-04-24 00:00:00+00:00, run_after=2026-04-25 00:00:00+00:00
[2026-04-25T18:29:05.661+0000] {processor.py:183} INFO - Processing /opt/airflow/dags/monitoring_pipeline_dag.py took 0.083 seconds
[2026-04-25T18:29:35.827+0000] {processor.py:161} INFO - Started process (PID=289) to work on /opt/airflow/dags/monitoring_pipeline_dag.py
[2026-04-25T18:29:35.828+0000] {processor.py:830} INFO - Processing file /opt/airflow/dags/monitoring_pipeline_dag.py for tasks to queue
[2026-04-25T18:29:35.830+0000] {logging_mixin.py:188} INFO - [2026-04-25T18:29:35.830+0000] {dagbag.py:545} INFO - Filling up the DagBag from /opt/airflow/dags/monitoring_pipeline_dag.py
[2026-04-25T18:29:35.842+0000] {processor.py:840} INFO - DAG(s) 'monitoring_pipeline' retrieved from /opt/airflow/dags/monitoring_pipeline_dag.py
[2026-04-25T18:29:35.877+0000] {logging_mixin.py:188} INFO - [2026-04-25T18:29:35.877+0000] {dag.py:3096} INFO - Sync 1 DAGs
[2026-04-25T18:29:35.904+0000] {logging_mixin.py:188} INFO - [2026-04-25T18:29:35.904+0000] {dag.py:3954} INFO - Setting next_dagrun for monitoring_pipeline to 2026-04-24 00:00:00+00:00, run_after=2026-04-25 00:00:00+00:00
[2026-04-25T18:29:35.927+0000] {processor.py:183} INFO - Processing /opt/airflow/dags/monitoring_pipeline_dag.py took 0.106 seconds
[2026-04-25T18:31:08.573+0000] {processor.py:161} INFO - Started process (PID=196) to work on /opt/airflow/dags/monitoring_pipeline_dag.py
[2026-04-25T18:31:08.574+0000] {processor.py:830} INFO - Processing file /opt/airflow/dags/monitoring_pipeline_dag.py for tasks to queue
[2026-04-25T18:31:08.575+0000] {logging_mixin.py:188} INFO - [2026-04-25T18:31:08.575+0000] {dagbag.py:545} INFO - Filling up the DagBag from /opt/airflow/dags/monitoring_pipeline_dag.py
[2026-04-25T18:31:08.591+0000] {processor.py:840} INFO - DAG(s) 'monitoring_pipeline' retrieved from /opt/airflow/dags/monitoring_pipeline_dag.py
[2026-04-25T18:31:08.801+0000] {logging_mixin.py:188} INFO - [2026-04-25T18:31:08.801+0000] {override.py:1829} INFO - Created Permission View: can edit on DAG:monitoring_pipeline
[2026-04-25T18:31:08.809+0000] {logging_mixin.py:188} INFO - [2026-04-25T18:31:08.809+0000] {override.py:1829} INFO - Created Permission View: can read on DAG:monitoring_pipeline
[2026-04-25T18:31:08.815+0000] {logging_mixin.py:188} INFO - [2026-04-25T18:31:08.815+0000] {override.py:1829} INFO - Created Permission View: can delete on DAG:monitoring_pipeline
[2026-04-25T18:31:08.816+0000] {logging_mixin.py:188} INFO - [2026-04-25T18:31:08.815+0000] {dag.py:3096} INFO - Sync 1 DAGs
[2026-04-25T18:31:08.824+0000] {logging_mixin.py:188} INFO - [2026-04-25T18:31:08.824+0000] {dag.py:3118} INFO - Creating ORM DAG for monitoring_pipeline
[2026-04-25T18:31:08.834+0000] {logging_mixin.py:188} INFO - [2026-04-25T18:31:08.834+0000] {dag.py:3954} INFO - Setting next_dagrun for monitoring_pipeline to 2026-04-24 00:00:00+00:00, run_after=2026-04-25 00:00:00+00:00
[2026-04-25T18:31:08.849+0000] {processor.py:183} INFO - Processing /opt/airflow/dags/monitoring_pipeline_dag.py took 0.281 seconds
[2026-04-25T18:31:39.007+0000] {processor.py:161} INFO - Started process (PID=238) to work on /opt/airflow/dags/monitoring_pipeline_dag.py
[2026-04-25T18:31:39.008+0000] {processor.py:830} INFO - Processing file /opt/airflow/dags/monitoring_pipeline_dag.py for tasks to queue
[2026-04-25T18:31:39.009+0000] {logging_mixin.py:188} INFO - [2026-04-25T18:31:39.009+0000] {dagbag.py:545} INFO - Filling up the DagBag from /opt/airflow/dags/monitoring_pipeline_dag.py
[2026-04-25T18:31:39.019+0000] {processor.py:840} INFO - DAG(s) 'monitoring_pipeline' retrieved from /opt/airflow/dags/monitoring_pipeline_dag.py
[2026-04-25T18:31:39.045+0000] {logging_mixin.py:188} INFO - [2026-04-25T18:31:39.044+0000] {dag.py:3096} INFO - Sync 1 DAGs
[2026-04-25T18:31:39.064+0000] {logging_mixin.py:188} INFO - [2026-04-25T18:31:39.064+0000] {dag.py:3954} INFO - Setting next_dagrun for monitoring_pipeline to 2026-04-24 00:00:00+00:00, run_after=2026-04-25 00:00:00+00:00
[2026-04-25T18:31:39.087+0000] {processor.py:183} INFO - Processing /opt/airflow/dags/monitoring_pipeline_dag.py took 0.085 seconds
[2026-04-25T18:32:09.244+0000] {processor.py:161} INFO - Started process (PID=253) to work on /opt/airflow/dags/monitoring_pipeline_dag.py
[2026-04-25T18:32:09.245+0000] {processor.py:830} INFO - Processing file /opt/airflow/dags/monitoring_pipeline_dag.py for tasks to queue
[2026-04-25T18:32:09.246+0000] {logging_mixin.py:188} INFO - [2026-04-25T18:32:09.246+0000] {dagbag.py:545} INFO - Filling up the DagBag from /opt/airflow/dags/monitoring_pipeline_dag.py
[2026-04-25T18:32:09.257+0000] {processor.py:840} INFO - DAG(s) 'monitoring_pipeline' retrieved from /opt/airflow/dags/monitoring_pipeline_dag.py
[2026-04-25T18:32:09.281+0000] {logging_mixin.py:188} INFO - [2026-04-25T18:32:09.280+0000] {dag.py:3096} INFO - Sync 1 DAGs
[2026-04-25T18:32:09.303+0000] {logging_mixin.py:188} INFO - [2026-04-25T18:32:09.303+0000] {dag.py:3954} INFO - Setting next_dagrun for monitoring_pipeline to 2026-04-24 00:00:00+00:00, run_after=2026-04-25 00:00:00+00:00
[2026-04-25T18:32:09.320+0000] {processor.py:183} INFO - Processing /opt/airflow/dags/monitoring_pipeline_dag.py took 0.080 seconds
[2026-04-25T18:32:39.475+0000] {processor.py:161} INFO - Started process (PID=268) to work on /opt/airflow/dags/monitoring_pipeline_dag.py
[2026-04-25T18:32:39.476+0000] {processor.py:830} INFO - Processing file /opt/airflow/dags/monitoring_pipeline_dag.py for tasks to queue
[2026-04-25T18:32:39.477+0000] {logging_mixin.py:188} INFO - [2026-04-25T18:32:39.477+0000] {dagbag.py:545} INFO - Filling up the DagBag from /opt/airflow/dags/monitoring_pipeline_dag.py
[2026-04-25T18:32:39.488+0000] {processor.py:840} INFO - DAG(s) 'monitoring_pipeline' retrieved from /opt/airflow/dags/monitoring_pipeline_dag.py
[2026-04-25T18:32:39.515+0000] {logging_mixin.py:188} INFO - [2026-04-25T18:32:39.514+0000] {dag.py:3096} INFO - Sync 1 DAGs
[2026-04-25T18:32:39.534+0000] {logging_mixin.py:188} INFO - [2026-04-25T18:32:39.533+0000] {dag.py:3954} INFO - Setting next_dagrun for monitoring_pipeline to 2026-04-24 00:00:00+00:00, run_after=2026-04-25 00:00:00+00:00
[2026-04-25T18:32:39.552+0000] {processor.py:183} INFO - Processing /opt/airflow/dags/monitoring_pipeline_dag.py took 0.082 seconds
[2026-04-25T18:34:11.360+0000] {processor.py:161} INFO - Started process (PID=196) to work on /opt/airflow/dags/monitoring_pipeline_dag.py
[2026-04-25T18:34:11.361+0000] {processor.py:830} INFO - Processing file /opt/airflow/dags/monitoring_pipeline_dag.py for tasks to queue
[2026-04-25T18:34:11.364+0000] {logging_mixin.py:188} INFO - [2026-04-25T18:34:11.363+0000] {dagbag.py:545} INFO - Filling up the DagBag from /opt/airflow/dags/monitoring_pipeline_dag.py
[2026-04-25T18:34:11.378+0000] {processor.py:840} INFO - DAG(s) 'monitoring_pipeline' retrieved from /opt/airflow/dags/monitoring_pipeline_dag.py
[2026-04-25T18:34:11.588+0000] {logging_mixin.py:188} INFO - [2026-04-25T18:34:11.587+0000] {override.py:1829} INFO - Created Permission View: can delete on DAG:monitoring_pipeline
[2026-04-25T18:34:11.596+0000] {logging_mixin.py:188} INFO - [2026-04-25T18:34:11.596+0000] {override.py:1829} INFO - Created Permission View: can read on DAG:monitoring_pipeline
[2026-04-25T18:34:11.603+0000] {logging_mixin.py:188} INFO - [2026-04-25T18:34:11.603+0000] {override.py:1829} INFO - Created Permission View: can edit on DAG:monitoring_pipeline
[2026-04-25T18:34:11.603+0000] {logging_mixin.py:188} INFO - [2026-04-25T18:34:11.603+0000] {dag.py:3096} INFO - Sync 1 DAGs
[2026-04-25T18:34:11.612+0000] {logging_mixin.py:188} INFO - [2026-04-25T18:34:11.612+0000] {dag.py:3118} INFO - Creating ORM DAG for monitoring_pipeline
[2026-04-25T18:34:11.621+0000] {logging_mixin.py:188} INFO - [2026-04-25T18:34:11.621+0000] {dag.py:3954} INFO - Setting next_dagrun for monitoring_pipeline to 2026-04-24 00:00:00+00:00, run_after=2026-04-25 00:00:00+00:00
[2026-04-25T18:34:11.637+0000] {processor.py:183} INFO - Processing /opt/airflow/dags/monitoring_pipeline_dag.py took 0.281 seconds
[2026-04-25T18:34:41.791+0000] {processor.py:161} INFO - Started process (PID=238) to work on /opt/airflow/dags/monitoring_pipeline_dag.py
[2026-04-25T18:34:41.792+0000] {processor.py:830} INFO - Processing file /opt/airflow/dags/monitoring_pipeline_dag.py for tasks to queue
[2026-04-25T18:34:41.794+0000] {logging_mixin.py:188} INFO - [2026-04-25T18:34:41.794+0000] {dagbag.py:545} INFO - Filling up the DagBag from /opt/airflow/dags/monitoring_pipeline_dag.py
[2026-04-25T18:34:41.804+0000] {processor.py:840} INFO - DAG(s) 'monitoring_pipeline' retrieved from /opt/airflow/dags/monitoring_pipeline_dag.py
[2026-04-25T18:34:41.829+0000] {logging_mixin.py:188} INFO - [2026-04-25T18:34:41.828+0000] {dag.py:3096} INFO - Sync 1 DAGs
[2026-04-25T18:34:41.847+0000] {logging_mixin.py:188} INFO - [2026-04-25T18:34:41.847+0000] {dag.py:3954} INFO - Setting next_dagrun for monitoring_pipeline to 2026-04-24 00:00:00+00:00, run_after=2026-04-25 00:00:00+00:00
[2026-04-25T18:34:41.866+0000] {processor.py:183} INFO - Processing /opt/airflow/dags/monitoring_pipeline_dag.py took 0.080 seconds
[2026-04-25T18:35:12.023+0000] {processor.py:161} INFO - Started process (PID=253) to work on /opt/airflow/dags/monitoring_pipeline_dag.py
[2026-04-25T18:35:12.024+0000] {processor.py:830} INFO - Processing file /opt/airflow/dags/monitoring_pipeline_dag.py for tasks to queue
[2026-04-25T18:35:12.026+0000] {logging_mixin.py:188} INFO - [2026-04-25T18:35:12.026+0000] {dagbag.py:545} INFO - Filling up the DagBag from /opt/airflow/dags/monitoring_pipeline_dag.py
[2026-04-25T18:35:12.036+0000] {processor.py:840} INFO - DAG(s) 'monitoring_pipeline' retrieved from /opt/airflow/dags/monitoring_pipeline_dag.py
[2026-04-25T18:35:12.060+0000] {logging_mixin.py:188} INFO - [2026-04-25T18:35:12.060+0000] {dag.py:3096} INFO - Sync 1 DAGs
[2026-04-25T18:35:12.078+0000] {logging_mixin.py:188} INFO - [2026-04-25T18:35:12.078+0000] {dag.py:3954} INFO - Setting next_dagrun for monitoring_pipeline to 2026-04-24 00:00:00+00:00, run_after=2026-04-25 00:00:00+00:00
[2026-04-25T18:35:12.097+0000] {processor.py:183} INFO - Processing /opt/airflow/dags/monitoring_pipeline_dag.py took 0.078 seconds
[2026-04-25T18:35:42.225+0000] {processor.py:161} INFO - Started process (PID=268) to work on /opt/airflow/dags/monitoring_pipeline_dag.py
[2026-04-25T18:35:42.226+0000] {processor.py:830} INFO - Processing file /opt/airflow/dags/monitoring_pipeline_dag.py for tasks to queue
[2026-04-25T18:35:42.227+0000] {logging_mixin.py:188} INFO - [2026-04-25T18:35:42.227+0000] {dagbag.py:545} INFO - Filling up the DagBag from /opt/airflow/dags/monitoring_pipeline_dag.py
[2026-04-25T18:35:42.239+0000] {processor.py:840} INFO - DAG(s) 'monitoring_pipeline' retrieved from /opt/airflow/dags/monitoring_pipeline_dag.py
[2026-04-25T18:35:42.264+0000] {logging_mixin.py:188} INFO - [2026-04-25T18:35:42.264+0000] {dag.py:3096} INFO - Sync 1 DAGs
[2026-04-25T18:35:42.286+0000] {logging_mixin.py:188} INFO - [2026-04-25T18:35:42.286+0000] {dag.py:3954} INFO - Setting next_dagrun for monitoring_pipeline to 2026-04-24 00:00:00+00:00, run_after=2026-04-25 00:00:00+00:00
[2026-04-25T18:35:42.306+0000] {processor.py:183} INFO - Processing /opt/airflow/dags/monitoring_pipeline_dag.py took 0.086 seconds
[2026-04-25T18:36:12.464+0000] {processor.py:161} INFO - Started process (PID=283) to work on /opt/airflow/dags/monitoring_pipeline_dag.py
[2026-04-25T18:36:12.465+0000] {processor.py:830} INFO - Processing file /opt/airflow/dags/monitoring_pipeline_dag.py for tasks to queue
[2026-04-25T18:36:12.467+0000] {logging_mixin.py:188} INFO - [2026-04-25T18:36:12.467+0000] {dagbag.py:545} INFO - Filling up the DagBag from /opt/airflow/dags/monitoring_pipeline_dag.py
[2026-04-25T18:36:12.479+0000] {processor.py:840} INFO - DAG(s) 'monitoring_pipeline' retrieved from /opt/airflow/dags/monitoring_pipeline_dag.py
[2026-04-25T18:36:12.506+0000] {logging_mixin.py:188} INFO - [2026-04-25T18:36:12.506+0000] {dag.py:3096} INFO - Sync 1 DAGs
[2026-04-25T18:36:12.527+0000] {logging_mixin.py:188} INFO - [2026-04-25T18:36:12.527+0000] {dag.py:3954} INFO - Setting next_dagrun for monitoring_pipeline to 2026-04-24 00:00:00+00:00, run_after=2026-04-25 00:00:00+00:00
[2026-04-25T18:36:12.544+0000] {processor.py:183} INFO - Processing /opt/airflow/dags/monitoring_pipeline_dag.py took 0.086 seconds
[2026-04-25T18:36:42.695+0000] {processor.py:161} INFO - Started process (PID=298) to work on /opt/airflow/dags/monitoring_pipeline_dag.py
[2026-04-25T18:36:42.696+0000] {processor.py:830} INFO - Processing file /opt/airflow/dags/monitoring_pipeline_dag.py for tasks to queue
[2026-04-25T18:36:42.698+0000] {logging_mixin.py:188} INFO - [2026-04-25T18:36:42.697+0000] {dagbag.py:545} INFO - Filling up the DagBag from /opt/airflow/dags/monitoring_pipeline_dag.py
[2026-04-25T18:36:42.708+0000] {processor.py:840} INFO - DAG(s) 'monitoring_pipeline' retrieved from /opt/airflow/dags/monitoring_pipeline_dag.py
[2026-04-25T18:36:42.740+0000] {logging_mixin.py:188} INFO - [2026-04-25T18:36:42.740+0000] {dag.py:3096} INFO - Sync 1 DAGs
[2026-04-25T18:36:42.765+0000] {logging_mixin.py:188} INFO - [2026-04-25T18:36:42.765+0000] {dag.py:3954} INFO - Setting next_dagrun for monitoring_pipeline to 2026-04-24 00:00:00+00:00, run_after=2026-04-25 00:00:00+00:00
[2026-04-25T18:36:42.786+0000] {processor.py:183} INFO - Processing /opt/airflow/dags/monitoring_pipeline_dag.py took 0.096 seconds
[2026-04-25T18:37:12.941+0000] {processor.py:161} INFO - Started process (PID=313) to work on /opt/airflow/dags/monitoring_pipeline_dag.py
[2026-04-25T18:37:12.943+0000] {processor.py:830} INFO - Processing file /opt/airflow/dags/monitoring_pipeline_dag.py for tasks to queue
[2026-04-25T18:37:12.944+0000] {logging_mixin.py:188} INFO - [2026-04-25T18:37:12.944+0000] {dagbag.py:545} INFO - Filling up the DagBag from /opt/airflow/dags/monitoring_pipeline_dag.py
[2026-04-25T18:37:12.957+0000] {processor.py:840} INFO - DAG(s) 'monitoring_pipeline' retrieved from /opt/airflow/dags/monitoring_pipeline_dag.py
[2026-04-25T18:37:12.984+0000] {logging_mixin.py:188} INFO - [2026-04-25T18:37:12.983+0000] {dag.py:3096} INFO - Sync 1 DAGs
[2026-04-25T18:37:13.004+0000] {logging_mixin.py:188} INFO - [2026-04-25T18:37:13.003+0000] {dag.py:3954} INFO - Setting next_dagrun for monitoring_pipeline to 2026-04-24 00:00:00+00:00, run_after=2026-04-25 00:00:00+00:00
[2026-04-25T18:37:13.020+0000] {processor.py:183} INFO - Processing /opt/airflow/dags/monitoring_pipeline_dag.py took 0.086 seconds
[2026-04-25T18:37:43.183+0000] {processor.py:161} INFO - Started process (PID=328) to work on /opt/airflow/dags/monitoring_pipeline_dag.py
[2026-04-25T18:37:43.184+0000] {processor.py:830} INFO - Processing file /opt/airflow/dags/monitoring_pipeline_dag.py for tasks to queue
[2026-04-25T18:37:43.186+0000] {logging_mixin.py:188} INFO - [2026-04-25T18:37:43.185+0000] {dagbag.py:545} INFO - Filling up the DagBag from /opt/airflow/dags/monitoring_pipeline_dag.py
[2026-04-25T18:37:43.195+0000] {processor.py:840} INFO - DAG(s) 'monitoring_pipeline' retrieved from /opt/airflow/dags/monitoring_pipeline_dag.py
[2026-04-25T18:37:43.220+0000] {logging_mixin.py:188} INFO - [2026-04-25T18:37:43.220+0000] {dag.py:3096} INFO - Sync 1 DAGs
[2026-04-25T18:37:43.240+0000] {logging_mixin.py:188} INFO - [2026-04-25T18:37:43.240+0000] {dag.py:3954} INFO - Setting next_dagrun for monitoring_pipeline to 2026-04-24 00:00:00+00:00, run_after=2026-04-25 00:00:00+00:00
[2026-04-25T18:37:43.258+0000] {processor.py:183} INFO - Processing /opt/airflow/dags/monitoring_pipeline_dag.py took 0.080 seconds
[2026-04-25T18:38:13.420+0000] {processor.py:161} INFO - Started process (PID=389) to work on /opt/airflow/dags/monitoring_pipeline_dag.py
[2026-04-25T18:38:13.422+0000] {processor.py:830} INFO - Processing file /opt/airflow/dags/monitoring_pipeline_dag.py for tasks to queue
[2026-04-25T18:38:13.423+0000] {logging_mixin.py:188} INFO - [2026-04-25T18:38:13.423+0000] {dagbag.py:545} INFO - Filling up the DagBag from /opt/airflow/dags/monitoring_pipeline_dag.py
[2026-04-25T18:38:13.434+0000] {processor.py:840} INFO - DAG(s) 'monitoring_pipeline' retrieved from /opt/airflow/dags/monitoring_pipeline_dag.py
[2026-04-25T18:38:13.461+0000] {logging_mixin.py:188} INFO - [2026-04-25T18:38:13.461+0000] {dag.py:3096} INFO - Sync 1 DAGs
[2026-04-25T18:38:13.482+0000] {logging_mixin.py:188} INFO - [2026-04-25T18:38:13.482+0000] {dag.py:3954} INFO - Setting next_dagrun for monitoring_pipeline to 2026-04-25 00:00:00+00:00, run_after=2026-04-26 00:00:00+00:00
[2026-04-25T18:38:13.501+0000] {processor.py:183} INFO - Processing /opt/airflow/dags/monitoring_pipeline_dag.py took 0.086 seconds
[2026-04-25T18:38:43.654+0000] {processor.py:161} INFO - Started process (PID=404) to work on /opt/airflow/dags/monitoring_pipeline_dag.py
[2026-04-25T18:38:43.655+0000] {processor.py:830} INFO - Processing file /opt/airflow/dags/monitoring_pipeline_dag.py for tasks to queue
[2026-04-25T18:38:43.657+0000] {logging_mixin.py:188} INFO - [2026-04-25T18:38:43.656+0000] {dagbag.py:545} INFO - Filling up the DagBag from /opt/airflow/dags/monitoring_pipeline_dag.py
[2026-04-25T18:38:43.667+0000] {processor.py:840} INFO - DAG(s) 'monitoring_pipeline' retrieved from /opt/airflow/dags/monitoring_pipeline_dag.py
[2026-04-25T18:38:43.693+0000] {logging_mixin.py:188} INFO - [2026-04-25T18:38:43.693+0000] {dag.py:3096} INFO - Sync 1 DAGs
[2026-04-25T18:38:43.715+0000] {logging_mixin.py:188} INFO - [2026-04-25T18:38:43.715+0000] {dag.py:3954} INFO - Setting next_dagrun for monitoring_pipeline to 2026-04-25 00:00:00+00:00, run_after=2026-04-26 00:00:00+00:00
[2026-04-25T18:38:43.733+0000] {processor.py:183} INFO - Processing /opt/airflow/dags/monitoring_pipeline_dag.py took 0.083 seconds
[2026-04-25T18:39:13.902+0000] {processor.py:161} INFO - Started process (PID=419) to work on /opt/airflow/dags/monitoring_pipeline_dag.py
[2026-04-25T18:39:13.903+0000] {processor.py:830} INFO - Processing file /opt/airflow/dags/monitoring_pipeline_dag.py for tasks to queue
[2026-04-25T18:39:13.905+0000] {logging_mixin.py:188} INFO - [2026-04-25T18:39:13.905+0000] {dagbag.py:545} INFO - Filling up the DagBag from /opt/airflow/dags/monitoring_pipeline_dag.py
[2026-04-25T18:39:13.916+0000] {processor.py:840} INFO - DAG(s) 'monitoring_pipeline' retrieved from /opt/airflow/dags/monitoring_pipeline_dag.py
[2026-04-25T18:39:13.944+0000] {logging_mixin.py:188} INFO - [2026-04-25T18:39:13.944+0000] {dag.py:3096} INFO - Sync 1 DAGs
[2026-04-25T18:39:13.967+0000] {logging_mixin.py:188} INFO - [2026-04-25T18:39:13.967+0000] {dag.py:3954} INFO - Setting next_dagrun for monitoring_pipeline to 2026-04-25 00:00:00+00:00, run_after=2026-04-26 00:00:00+00:00
[2026-04-25T18:39:13.985+0000] {processor.py:183} INFO - Processing /opt/airflow/dags/monitoring_pipeline_dag.py took 0.089 seconds
[2026-04-25T18:39:44.141+0000] {processor.py:161} INFO - Started process (PID=434) to work on /opt/airflow/dags/monitoring_pipeline_dag.py
[2026-04-25T18:39:44.142+0000] {processor.py:830} INFO - Processing file /opt/airflow/dags/monitoring_pipeline_dag.py for tasks to queue
[2026-04-25T18:39:44.143+0000] {logging_mixin.py:188} INFO - [2026-04-25T18:39:44.143+0000] {dagbag.py:545} INFO - Filling up the DagBag from /opt/airflow/dags/monitoring_pipeline_dag.py
[2026-04-25T18:39:44.155+0000] {processor.py:840} INFO - DAG(s) 'monitoring_pipeline' retrieved from /opt/airflow/dags/monitoring_pipeline_dag.py
[2026-04-25T18:39:44.188+0000] {logging_mixin.py:188} INFO - [2026-04-25T18:39:44.188+0000] {dag.py:3096} INFO - Sync 1 DAGs
[2026-04-25T18:39:44.212+0000] {logging_mixin.py:188} INFO - [2026-04-25T18:39:44.211+0000] {dag.py:3954} INFO - Setting next_dagrun for monitoring_pipeline to 2026-04-25 00:00:00+00:00, run_after=2026-04-26 00:00:00+00:00
[2026-04-25T18:39:44.232+0000] {processor.py:183} INFO - Processing /opt/airflow/dags/monitoring_pipeline_dag.py took 0.095 seconds
[2026-04-25T18:40:14.398+0000] {processor.py:161} INFO - Started process (PID=448) to work on /opt/airflow/dags/monitoring_pipeline_dag.py
[2026-04-25T18:40:14.399+0000] {processor.py:830} INFO - Processing file /opt/airflow/dags/monitoring_pipeline_dag.py for tasks to queue
[2026-04-25T18:40:14.400+0000] {logging_mixin.py:188} INFO - [2026-04-25T18:40:14.400+0000] {dagbag.py:545} INFO - Filling up the DagBag from /opt/airflow/dags/monitoring_pipeline_dag.py
[2026-04-25T18:40:14.413+0000] {processor.py:840} INFO - DAG(s) 'monitoring_pipeline' retrieved from /opt/airflow/dags/monitoring_pipeline_dag.py
[2026-04-25T18:40:14.440+0000] {logging_mixin.py:188} INFO - [2026-04-25T18:40:14.439+0000] {dag.py:3096} INFO - Sync 1 DAGs
[2026-04-25T18:40:14.460+0000] {logging_mixin.py:188} INFO - [2026-04-25T18:40:14.460+0000] {dag.py:3954} INFO - Setting next_dagrun for monitoring_pipeline to 2026-04-25 00:00:00+00:00, run_after=2026-04-26 00:00:00+00:00
[2026-04-25T18:40:14.478+0000] {processor.py:183} INFO - Processing /opt/airflow/dags/monitoring_pipeline_dag.py took 0.085 seconds
[2026-04-25T18:40:44.640+0000] {processor.py:161} INFO - Started process (PID=464) to work on /opt/airflow/dags/monitoring_pipeline_dag.py
[2026-04-25T18:40:44.641+0000] {processor.py:830} INFO - Processing file /opt/airflow/dags/monitoring_pipeline_dag.py for tasks to queue
[2026-04-25T18:40:44.644+0000] {logging_mixin.py:188} INFO - [2026-04-25T18:40:44.643+0000] {dagbag.py:545} INFO - Filling up the DagBag from /opt/airflow/dags/monitoring_pipeline_dag.py
[2026-04-25T18:40:44.657+0000] {processor.py:840} INFO - DAG(s) 'monitoring_pipeline' retrieved from /opt/airflow/dags/monitoring_pipeline_dag.py
[2026-04-25T18:40:44.684+0000] {logging_mixin.py:188} INFO - [2026-04-25T18:40:44.684+0000] {dag.py:3096} INFO - Sync 1 DAGs
[2026-04-25T18:40:44.708+0000] {logging_mixin.py:188} INFO - [2026-04-25T18:40:44.708+0000] {dag.py:3954} INFO - Setting next_dagrun for monitoring_pipeline to 2026-04-25 00:00:00+00:00, run_after=2026-04-26 00:00:00+00:00
[2026-04-25T18:40:44.729+0000] {processor.py:183} INFO - Processing /opt/airflow/dags/monitoring_pipeline_dag.py took 0.094 seconds
[2026-04-25T18:41:14.887+0000] {processor.py:161} INFO - Started process (PID=479) to work on /opt/airflow/dags/monitoring_pipeline_dag.py
[2026-04-25T18:41:14.888+0000] {processor.py:830} INFO - Processing file /opt/airflow/dags/monitoring_pipeline_dag.py for tasks to queue
[2026-04-25T18:41:14.890+0000] {logging_mixin.py:188} INFO - [2026-04-25T18:41:14.890+0000] {dagbag.py:545} INFO - Filling up the DagBag from /opt/airflow/dags/monitoring_pipeline_dag.py
[2026-04-25T18:41:14.902+0000] {processor.py:840} INFO - DAG(s) 'monitoring_pipeline' retrieved from /opt/airflow/dags/monitoring_pipeline_dag.py
[2026-04-25T18:41:14.928+0000] {logging_mixin.py:188} INFO - [2026-04-25T18:41:14.928+0000] {dag.py:3096} INFO - Sync 1 DAGs
[2026-04-25T18:41:14.948+0000] {logging_mixin.py:188} INFO - [2026-04-25T18:41:14.948+0000] {dag.py:3954} INFO - Setting next_dagrun for monitoring_pipeline to 2026-04-25 00:00:00+00:00, run_after=2026-04-26 00:00:00+00:00
[2026-04-25T18:41:14.967+0000] {processor.py:183} INFO - Processing /opt/airflow/dags/monitoring_pipeline_dag.py took 0.084 seconds
[2026-04-25T18:41:45.123+0000] {processor.py:161} INFO - Started process (PID=494) to work on /opt/airflow/dags/monitoring_pipeline_dag.py
[2026-04-25T18:41:45.124+0000] {processor.py:830} INFO - Processing file /opt/airflow/dags/monitoring_pipeline_dag.py for tasks to queue
[2026-04-25T18:41:45.125+0000] {logging_mixin.py:188} INFO - [2026-04-25T18:41:45.125+0000] {dagbag.py:545} INFO - Filling up the DagBag from /opt/airflow/dags/monitoring_pipeline_dag.py
[2026-04-25T18:41:45.137+0000] {processor.py:840} INFO - DAG(s) 'monitoring_pipeline' retrieved from /opt/airflow/dags/monitoring_pipeline_dag.py
[2026-04-25T18:41:45.165+0000] {logging_mixin.py:188} INFO - [2026-04-25T18:41:45.165+0000] {dag.py:3096} INFO - Sync 1 DAGs
[2026-04-25T18:41:45.188+0000] {logging_mixin.py:188} INFO - [2026-04-25T18:41:45.188+0000] {dag.py:3954} INFO - Setting next_dagrun for monitoring_pipeline to 2026-04-25 00:00:00+00:00, run_after=2026-04-26 00:00:00+00:00
[2026-04-25T18:41:45.205+0000] {processor.py:183} INFO - Processing /opt/airflow/dags/monitoring_pipeline_dag.py took 0.087 seconds
[2026-04-25T18:42:15.369+0000] {processor.py:161} INFO - Started process (PID=509) to work on /opt/airflow/dags/monitoring_pipeline_dag.py
[2026-04-25T18:42:15.370+0000] {processor.py:830} INFO - Processing file /opt/airflow/dags/monitoring_pipeline_dag.py for tasks to queue
[2026-04-25T18:42:15.372+0000] {logging_mixin.py:188} INFO - [2026-04-25T18:42:15.372+0000] {dagbag.py:545} INFO - Filling up the DagBag from /opt/airflow/dags/monitoring_pipeline_dag.py
[2026-04-25T18:42:15.385+0000] {processor.py:840} INFO - DAG(s) 'monitoring_pipeline' retrieved from /opt/airflow/dags/monitoring_pipeline_dag.py
[2026-04-25T18:42:15.416+0000] {logging_mixin.py:188} INFO - [2026-04-25T18:42:15.416+0000] {dag.py:3096} INFO - Sync 1 DAGs
[2026-04-25T18:42:15.436+0000] {logging_mixin.py:188} INFO - [2026-04-25T18:42:15.436+0000] {dag.py:3954} INFO - Setting next_dagrun for monitoring_pipeline to 2026-04-25 00:00:00+00:00, run_after=2026-04-26 00:00:00+00:00
[2026-04-25T18:42:15.454+0000] {processor.py:183} INFO - Processing /opt/airflow/dags/monitoring_pipeline_dag.py took 0.090 seconds
[2026-04-25T18:42:45.611+0000] {processor.py:161} INFO - Started process (PID=524) to work on /opt/airflow/dags/monitoring_pipeline_dag.py
[2026-04-25T18:42:45.612+0000] {processor.py:830} INFO - Processing file /opt/airflow/dags/monitoring_pipeline_dag.py for tasks to queue
[2026-04-25T18:42:45.614+0000] {logging_mixin.py:188} INFO - [2026-04-25T18:42:45.614+0000] {dagbag.py:545} INFO - Filling up the DagBag from /opt/airflow/dags/monitoring_pipeline_dag.py
[2026-04-25T18:42:45.625+0000] {processor.py:840} INFO - DAG(s) 'monitoring_pipeline' retrieved from /opt/airflow/dags/monitoring_pipeline_dag.py
[2026-04-25T18:42:45.653+0000] {logging_mixin.py:188} INFO - [2026-04-25T18:42:45.653+0000] {dag.py:3096} INFO - Sync 1 DAGs
[2026-04-25T18:42:45.676+0000] {logging_mixin.py:188} INFO - [2026-04-25T18:42:45.676+0000] {dag.py:3954} INFO - Setting next_dagrun for monitoring_pipeline to 2026-04-25 00:00:00+00:00, run_after=2026-04-26 00:00:00+00:00
[2026-04-25T18:42:45.695+0000] {processor.py:183} INFO - Processing /opt/airflow/dags/monitoring_pipeline_dag.py took 0.089 seconds
[2026-04-25T18:43:15.863+0000] {processor.py:161} INFO - Started process (PID=539) to work on /opt/airflow/dags/monitoring_pipeline_dag.py
[2026-04-25T18:43:15.864+0000] {processor.py:830} INFO - Processing file /opt/airflow/dags/monitoring_pipeline_dag.py for tasks to queue
[2026-04-25T18:43:15.866+0000] {logging_mixin.py:188} INFO - [2026-04-25T18:43:15.865+0000] {dagbag.py:545} INFO - Filling up the DagBag from /opt/airflow/dags/monitoring_pipeline_dag.py
[2026-04-25T18:43:15.877+0000] {processor.py:840} INFO - DAG(s) 'monitoring_pipeline' retrieved from /opt/airflow/dags/monitoring_pipeline_dag.py
[2026-04-25T18:43:15.904+0000] {logging_mixin.py:188} INFO - [2026-04-25T18:43:15.903+0000] {dag.py:3096} INFO - Sync 1 DAGs
[2026-04-25T18:43:15.925+0000] {logging_mixin.py:188} INFO - [2026-04-25T18:43:15.925+0000] {dag.py:3954} INFO - Setting next_dagrun for monitoring_pipeline to 2026-04-25 00:00:00+00:00, run_after=2026-04-26 00:00:00+00:00
[2026-04-25T18:43:15.943+0000] {processor.py:183} INFO - Processing /opt/airflow/dags/monitoring_pipeline_dag.py took 0.085 seconds
[2026-04-25T18:43:46.107+0000] {processor.py:161} INFO - Started process (PID=553) to work on /opt/airflow/dags/monitoring_pipeline_dag.py
[2026-04-25T18:43:46.108+0000] {processor.py:830} INFO - Processing file /opt/airflow/dags/monitoring_pipeline_dag.py for tasks to queue
[2026-04-25T18:43:46.109+0000] {logging_mixin.py:188} INFO - [2026-04-25T18:43:46.109+0000] {dagbag.py:545} INFO - Filling up the DagBag from /opt/airflow/dags/monitoring_pipeline_dag.py
[2026-04-25T18:43:46.121+0000] {processor.py:840} INFO - DAG(s) 'monitoring_pipeline' retrieved from /opt/airflow/dags/monitoring_pipeline_dag.py
[2026-04-25T18:43:46.152+0000] {logging_mixin.py:188} INFO - [2026-04-25T18:43:46.152+0000] {dag.py:3096} INFO - Sync 1 DAGs
[2026-04-25T18:43:46.175+0000] {logging_mixin.py:188} INFO - [2026-04-25T18:43:46.175+0000] {dag.py:3954} INFO - Setting next_dagrun for monitoring_pipeline to 2026-04-25 00:00:00+00:00, run_after=2026-04-26 00:00:00+00:00
[2026-04-25T18:43:46.196+0000] {processor.py:183} INFO - Processing /opt/airflow/dags/monitoring_pipeline_dag.py took 0.094 seconds
[2026-04-25T18:44:16.362+0000] {processor.py:161} INFO - Started process (PID=569) to work on /opt/airflow/dags/monitoring_pipeline_dag.py
[2026-04-25T18:44:16.363+0000] {processor.py:830} INFO - Processing file /opt/airflow/dags/monitoring_pipeline_dag.py for tasks to queue
[2026-04-25T18:44:16.366+0000] {logging_mixin.py:188} INFO - [2026-04-25T18:44:16.366+0000] {dagbag.py:545} INFO - Filling up the DagBag from /opt/airflow/dags/monitoring_pipeline_dag.py
[2026-04-25T18:44:16.378+0000] {processor.py:840} INFO - DAG(s) 'monitoring_pipeline' retrieved from /opt/airflow/dags/monitoring_pipeline_dag.py
[2026-04-25T18:44:16.408+0000] {logging_mixin.py:188} INFO - [2026-04-25T18:44:16.407+0000] {dag.py:3096} INFO - Sync 1 DAGs
[2026-04-25T18:44:16.428+0000] {logging_mixin.py:188} INFO - [2026-04-25T18:44:16.428+0000] {dag.py:3954} INFO - Setting next_dagrun for monitoring_pipeline to 2026-04-25 00:00:00+00:00, run_after=2026-04-26 00:00:00+00:00
[2026-04-25T18:44:16.446+0000] {processor.py:183} INFO - Processing /opt/airflow/dags/monitoring_pipeline_dag.py took 0.089 seconds
[2026-04-25T18:44:46.608+0000] {processor.py:161} INFO - Started process (PID=584) to work on /opt/airflow/dags/monitoring_pipeline_dag.py
[2026-04-25T18:44:46.608+0000] {processor.py:830} INFO - Processing file /opt/airflow/dags/monitoring_pipeline_dag.py for tasks to queue
[2026-04-25T18:44:46.610+0000] {logging_mixin.py:188} INFO - [2026-04-25T18:44:46.610+0000] {dagbag.py:545} INFO - Filling up the DagBag from /opt/airflow/dags/monitoring_pipeline_dag.py
[2026-04-25T18:44:46.622+0000] {processor.py:840} INFO - DAG(s) 'monitoring_pipeline' retrieved from /opt/airflow/dags/monitoring_pipeline_dag.py
[2026-04-25T18:44:46.651+0000] {logging_mixin.py:188} INFO - [2026-04-25T18:44:46.651+0000] {dag.py:3096} INFO - Sync 1 DAGs
[2026-04-25T18:44:46.672+0000] {logging_mixin.py:188} INFO - [2026-04-25T18:44:46.672+0000] {dag.py:3954} INFO - Setting next_dagrun for monitoring_pipeline to 2026-04-25 00:00:00+00:00, run_after=2026-04-26 00:00:00+00:00
[2026-04-25T18:44:46.689+0000] {processor.py:183} INFO - Processing /opt/airflow/dags/monitoring_pipeline_dag.py took 0.087 seconds
[2026-04-25T18:45:16.828+0000] {processor.py:161} INFO - Started process (PID=599) to work on /opt/airflow/dags/monitoring_pipeline_dag.py
[2026-04-25T18:45:16.829+0000] {processor.py:830} INFO - Processing file /opt/airflow/dags/monitoring_pipeline_dag.py for tasks to queue
[2026-04-25T18:45:16.830+0000] {logging_mixin.py:188} INFO - [2026-04-25T18:45:16.830+0000] {dagbag.py:545} INFO - Filling up the DagBag from /opt/airflow/dags/monitoring_pipeline_dag.py
[2026-04-25T18:45:16.842+0000] {processor.py:840} INFO - DAG(s) 'monitoring_pipeline' retrieved from /opt/airflow/dags/monitoring_pipeline_dag.py
[2026-04-25T18:45:16.873+0000] {logging_mixin.py:188} INFO - [2026-04-25T18:45:16.872+0000] {dag.py:3096} INFO - Sync 1 DAGs
[2026-04-25T18:45:16.896+0000] {logging_mixin.py:188} INFO - [2026-04-25T18:45:16.896+0000] {dag.py:3954} INFO - Setting next_dagrun for monitoring_pipeline to 2026-04-25 00:00:00+00:00, run_after=2026-04-26 00:00:00+00:00
[2026-04-25T18:45:16.915+0000] {processor.py:183} INFO - Processing /opt/airflow/dags/monitoring_pipeline_dag.py took 0.092 seconds
[2026-04-25T18:45:47.072+0000] {processor.py:161} INFO - Started process (PID=614) to work on /opt/airflow/dags/monitoring_pipeline_dag.py
[2026-04-25T18:45:47.073+0000] {processor.py:830} INFO - Processing file /opt/airflow/dags/monitoring_pipeline_dag.py for tasks to queue
[2026-04-25T18:45:47.075+0000] {logging_mixin.py:188} INFO - [2026-04-25T18:45:47.075+0000] {dagbag.py:545} INFO - Filling up the DagBag from /opt/airflow/dags/monitoring_pipeline_dag.py
[2026-04-25T18:45:47.086+0000] {processor.py:840} INFO - DAG(s) 'monitoring_pipeline' retrieved from /opt/airflow/dags/monitoring_pipeline_dag.py
[2026-04-25T18:45:47.113+0000] {logging_mixin.py:188} INFO - [2026-04-25T18:45:47.112+0000] {dag.py:3096} INFO - Sync 1 DAGs
[2026-04-25T18:45:47.136+0000] {logging_mixin.py:188} INFO - [2026-04-25T18:45:47.136+0000] {dag.py:3954} INFO - Setting next_dagrun for monitoring_pipeline to 2026-04-25 00:00:00+00:00, run_after=2026-04-26 00:00:00+00:00
[2026-04-25T18:45:47.155+0000] {processor.py:183} INFO - Processing /opt/airflow/dags/monitoring_pipeline_dag.py took 0.088 seconds
[2026-04-25T18:46:17.323+0000] {processor.py:161} INFO - Started process (PID=629) to work on /opt/airflow/dags/monitoring_pipeline_dag.py
[2026-04-25T18:46:17.324+0000] {processor.py:830} INFO - Processing file /opt/airflow/dags/monitoring_pipeline_dag.py for tasks to queue
[2026-04-25T18:46:17.326+0000] {logging_mixin.py:188} INFO - [2026-04-25T18:46:17.325+0000] {dagbag.py:545} INFO - Filling up the DagBag from /opt/airflow/dags/monitoring_pipeline_dag.py
[2026-04-25T18:46:17.337+0000] {processor.py:840} INFO - DAG(s) 'monitoring_pipeline' retrieved from /opt/airflow/dags/monitoring_pipeline_dag.py
[2026-04-25T18:46:17.364+0000] {logging_mixin.py:188} INFO - [2026-04-25T18:46:17.364+0000] {dag.py:3096} INFO - Sync 1 DAGs
[2026-04-25T18:46:17.384+0000] {logging_mixin.py:188} INFO - [2026-04-25T18:46:17.384+0000] {dag.py:3954} INFO - Setting next_dagrun for monitoring_pipeline to 2026-04-25 00:00:00+00:00, run_after=2026-04-26 00:00:00+00:00
[2026-04-25T18:46:17.402+0000] {processor.py:183} INFO - Processing /opt/airflow/dags/monitoring_pipeline_dag.py took 0.084 seconds
[2026-04-25T18:46:47.568+0000] {processor.py:161} INFO - Started process (PID=644) to work on /opt/airflow/dags/monitoring_pipeline_dag.py
[2026-04-25T18:46:47.569+0000] {processor.py:830} INFO - Processing file /opt/airflow/dags/monitoring_pipeline_dag.py for tasks to queue
[2026-04-25T18:46:47.571+0000] {logging_mixin.py:188} INFO - [2026-04-25T18:46:47.570+0000] {dagbag.py:545} INFO - Filling up the DagBag from /opt/airflow/dags/monitoring_pipeline_dag.py
[2026-04-25T18:46:47.581+0000] {processor.py:840} INFO - DAG(s) 'monitoring_pipeline' retrieved from /opt/airflow/dags/monitoring_pipeline_dag.py
[2026-04-25T18:46:47.606+0000] {logging_mixin.py:188} INFO - [2026-04-25T18:46:47.606+0000] {dag.py:3096} INFO - Sync 1 DAGs
[2026-04-25T18:46:47.626+0000] {logging_mixin.py:188} INFO - [2026-04-25T18:46:47.626+0000] {dag.py:3954} INFO - Setting next_dagrun for monitoring_pipeline to 2026-04-25 00:00:00+00:00, run_after=2026-04-26 00:00:00+00:00
[2026-04-25T18:46:47.642+0000] {processor.py:183} INFO - Processing /opt/airflow/dags/monitoring_pipeline_dag.py took 0.080 seconds
[2026-04-25T18:47:17.810+0000] {processor.py:161} INFO - Started process (PID=659) to work on /opt/airflow/dags/monitoring_pipeline_dag.py
[2026-04-25T18:47:17.811+0000] {processor.py:830} INFO - Processing file /opt/airflow/dags/monitoring_pipeline_dag.py for tasks to queue
[2026-04-25T18:47:17.812+0000] {logging_mixin.py:188} INFO - [2026-04-25T18:47:17.812+0000] {dagbag.py:545} INFO - Filling up the DagBag from /opt/airflow/dags/monitoring_pipeline_dag.py
[2026-04-25T18:47:17.826+0000] {processor.py:840} INFO - DAG(s) 'monitoring_pipeline' retrieved from /opt/airflow/dags/monitoring_pipeline_dag.py
[2026-04-25T18:47:17.853+0000] {logging_mixin.py:188} INFO - [2026-04-25T18:47:17.853+0000] {dag.py:3096} INFO - Sync 1 DAGs
[2026-04-25T18:47:17.874+0000] {logging_mixin.py:188} INFO - [2026-04-25T18:47:17.873+0000] {dag.py:3954} INFO - Setting next_dagrun for monitoring_pipeline to 2026-04-25 00:00:00+00:00, run_after=2026-04-26 00:00:00+00:00
[2026-04-25T18:47:17.893+0000] {processor.py:183} INFO - Processing /opt/airflow/dags/monitoring_pipeline_dag.py took 0.089 seconds
[2026-04-25T18:47:48.065+0000] {processor.py:161} INFO - Started process (PID=674) to work on /opt/airflow/dags/monitoring_pipeline_dag.py
[2026-04-25T18:47:48.066+0000] {processor.py:830} INFO - Processing file /opt/airflow/dags/monitoring_pipeline_dag.py for tasks to queue
[2026-04-25T18:47:48.067+0000] {logging_mixin.py:188} INFO - [2026-04-25T18:47:48.067+0000] {dagbag.py:545} INFO - Filling up the DagBag from /opt/airflow/dags/monitoring_pipeline_dag.py
[2026-04-25T18:47:48.077+0000] {processor.py:840} INFO - DAG(s) 'monitoring_pipeline' retrieved from /opt/airflow/dags/monitoring_pipeline_dag.py
[2026-04-25T18:47:48.103+0000] {logging_mixin.py:188} INFO - [2026-04-25T18:47:48.102+0000] {dag.py:3096} INFO - Sync 1 DAGs
[2026-04-25T18:47:48.127+0000] {logging_mixin.py:188} INFO - [2026-04-25T18:47:48.127+0000] {dag.py:3954} INFO - Setting next_dagrun for monitoring_pipeline to 2026-04-25 00:00:00+00:00, run_after=2026-04-26 00:00:00+00:00
[2026-04-25T18:47:48.145+0000] {processor.py:183} INFO - Processing /opt/airflow/dags/monitoring_pipeline_dag.py took 0.085 seconds
[2026-04-25T18:48:18.310+0000] {processor.py:161} INFO - Started process (PID=689) to work on /opt/airflow/dags/monitoring_pipeline_dag.py
[2026-04-25T18:48:18.311+0000] {processor.py:830} INFO - Processing file /opt/airflow/dags/monitoring_pipeline_dag.py for tasks to queue
[2026-04-25T18:48:18.313+0000] {logging_mixin.py:188} INFO - [2026-04-25T18:48:18.312+0000] {dagbag.py:545} INFO - Filling up the DagBag from /opt/airflow/dags/monitoring_pipeline_dag.py
[2026-04-25T18:48:18.325+0000] {processor.py:840} INFO - DAG(s) 'monitoring_pipeline' retrieved from /opt/airflow/dags/monitoring_pipeline_dag.py
[2026-04-25T18:48:18.360+0000] {logging_mixin.py:188} INFO - [2026-04-25T18:48:18.359+0000] {dag.py:3096} INFO - Sync 1 DAGs
[2026-04-25T18:48:18.387+0000] {logging_mixin.py:188} INFO - [2026-04-25T18:48:18.386+0000] {dag.py:3954} INFO - Setting next_dagrun for monitoring_pipeline to 2026-04-25 00:00:00+00:00, run_after=2026-04-26 00:00:00+00:00
[2026-04-25T18:48:18.408+0000] {processor.py:183} INFO - Processing /opt/airflow/dags/monitoring_pipeline_dag.py took 0.103 seconds
[2026-04-25T18:48:48.583+0000] {processor.py:161} INFO - Started process (PID=704) to work on /opt/airflow/dags/monitoring_pipeline_dag.py
[2026-04-25T18:48:48.583+0000] {processor.py:830} INFO - Processing file /opt/airflow/dags/monitoring_pipeline_dag.py for tasks to queue
[2026-04-25T18:48:48.585+0000] {logging_mixin.py:188} INFO - [2026-04-25T18:48:48.585+0000] {dagbag.py:545} INFO - Filling up the DagBag from /opt/airflow/dags/monitoring_pipeline_dag.py
[2026-04-25T18:48:48.599+0000] {processor.py:840} INFO - DAG(s) 'monitoring_pipeline' retrieved from /opt/airflow/dags/monitoring_pipeline_dag.py
[2026-04-25T18:48:48.635+0000] {logging_mixin.py:188} INFO - [2026-04-25T18:48:48.634+0000] {dag.py:3096} INFO - Sync 1 DAGs
[2026-04-25T18:48:48.661+0000] {logging_mixin.py:188} INFO - [2026-04-25T18:48:48.661+0000] {dag.py:3954} INFO - Setting next_dagrun for monitoring_pipeline to 2026-04-25 00:00:00+00:00, run_after=2026-04-26 00:00:00+00:00
[2026-04-25T18:48:48.684+0000] {processor.py:183} INFO - Processing /opt/airflow/dags/monitoring_pipeline_dag.py took 0.106 seconds
[2026-04-25T18:49:18.870+0000] {processor.py:161} INFO - Started process (PID=719) to work on /opt/airflow/dags/monitoring_pipeline_dag.py
[2026-04-25T18:49:18.871+0000] {processor.py:830} INFO - Processing file /opt/airflow/dags/monitoring_pipeline_dag.py for tasks to queue
[2026-04-25T18:49:18.874+0000] {logging_mixin.py:188} INFO - [2026-04-25T18:49:18.873+0000] {dagbag.py:545} INFO - Filling up the DagBag from /opt/airflow/dags/monitoring_pipeline_dag.py
[2026-04-25T18:49:18.886+0000] {processor.py:840} INFO - DAG(s) 'monitoring_pipeline' retrieved from /opt/airflow/dags/monitoring_pipeline_dag.py
[2026-04-25T18:49:18.916+0000] {logging_mixin.py:188} INFO - [2026-04-25T18:49:18.915+0000] {dag.py:3096} INFO - Sync 1 DAGs
[2026-04-25T18:49:18.937+0000] {logging_mixin.py:188} INFO - [2026-04-25T18:49:18.937+0000] {dag.py:3954} INFO - Setting next_dagrun for monitoring_pipeline to 2026-04-25 00:00:00+00:00, run_after=2026-04-26 00:00:00+00:00
[2026-04-25T18:49:18.960+0000] {processor.py:183} INFO - Processing /opt/airflow/dags/monitoring_pipeline_dag.py took 0.095 seconds
[2026-04-25T18:49:49.136+0000] {processor.py:161} INFO - Started process (PID=734) to work on /opt/airflow/dags/monitoring_pipeline_dag.py
[2026-04-25T18:49:49.136+0000] {processor.py:830} INFO - Processing file /opt/airflow/dags/monitoring_pipeline_dag.py for tasks to queue
[2026-04-25T18:49:49.138+0000] {logging_mixin.py:188} INFO - [2026-04-25T18:49:49.137+0000] {dagbag.py:545} INFO - Filling up the DagBag from /opt/airflow/dags/monitoring_pipeline_dag.py
[2026-04-25T18:49:49.150+0000] {processor.py:840} INFO - DAG(s) 'monitoring_pipeline' retrieved from /opt/airflow/dags/monitoring_pipeline_dag.py
[2026-04-25T18:49:49.179+0000] {logging_mixin.py:188} INFO - [2026-04-25T18:49:49.178+0000] {dag.py:3096} INFO - Sync 1 DAGs
[2026-04-25T18:49:49.202+0000] {logging_mixin.py:188} INFO - [2026-04-25T18:49:49.202+0000] {dag.py:3954} INFO - Setting next_dagrun for monitoring_pipeline to 2026-04-25 00:00:00+00:00, run_after=2026-04-26 00:00:00+00:00
[2026-04-25T18:49:49.219+0000] {processor.py:183} INFO - Processing /opt/airflow/dags/monitoring_pipeline_dag.py took 0.088 seconds
[2026-04-25T18:50:19.384+0000] {processor.py:161} INFO - Started process (PID=749) to work on /opt/airflow/dags/monitoring_pipeline_dag.py
[2026-04-25T18:50:19.385+0000] {processor.py:830} INFO - Processing file /opt/airflow/dags/monitoring_pipeline_dag.py for tasks to queue
[2026-04-25T18:50:19.386+0000] {logging_mixin.py:188} INFO - [2026-04-25T18:50:19.386+0000] {dagbag.py:545} INFO - Filling up the DagBag from /opt/airflow/dags/monitoring_pipeline_dag.py
[2026-04-25T18:50:19.399+0000] {processor.py:840} INFO - DAG(s) 'monitoring_pipeline' retrieved from /opt/airflow/dags/monitoring_pipeline_dag.py
[2026-04-25T18:50:19.427+0000] {logging_mixin.py:188} INFO - [2026-04-25T18:50:19.427+0000] {dag.py:3096} INFO - Sync 1 DAGs
[2026-04-25T18:50:19.452+0000] {logging_mixin.py:188} INFO - [2026-04-25T18:50:19.451+0000] {dag.py:3954} INFO - Setting next_dagrun for monitoring_pipeline to 2026-04-25 00:00:00+00:00, run_after=2026-04-26 00:00:00+00:00
[2026-04-25T18:50:19.470+0000] {processor.py:183} INFO - Processing /opt/airflow/dags/monitoring_pipeline_dag.py took 0.091 seconds
[2026-04-25T18:50:49.639+0000] {processor.py:161} INFO - Started process (PID=764) to work on /opt/airflow/dags/monitoring_pipeline_dag.py
[2026-04-25T18:50:49.640+0000] {processor.py:830} INFO - Processing file /opt/airflow/dags/monitoring_pipeline_dag.py for tasks to queue
[2026-04-25T18:50:49.642+0000] {logging_mixin.py:188} INFO - [2026-04-25T18:50:49.641+0000] {dagbag.py:545} INFO - Filling up the DagBag from /opt/airflow/dags/monitoring_pipeline_dag.py
[2026-04-25T18:50:49.655+0000] {processor.py:840} INFO - DAG(s) 'monitoring_pipeline' retrieved from /opt/airflow/dags/monitoring_pipeline_dag.py
[2026-04-25T18:50:49.686+0000] {logging_mixin.py:188} INFO - [2026-04-25T18:50:49.685+0000] {dag.py:3096} INFO - Sync 1 DAGs
[2026-04-25T18:50:49.709+0000] {logging_mixin.py:188} INFO - [2026-04-25T18:50:49.709+0000] {dag.py:3954} INFO - Setting next_dagrun for monitoring_pipeline to 2026-04-25 00:00:00+00:00, run_after=2026-04-26 00:00:00+00:00
[2026-04-25T18:50:49.727+0000] {processor.py:183} INFO - Processing /opt/airflow/dags/monitoring_pipeline_dag.py took 0.093 seconds
[2026-04-25T18:51:19.897+0000] {processor.py:161} INFO - Started process (PID=779) to work on /opt/airflow/dags/monitoring_pipeline_dag.py
[2026-04-25T18:51:19.898+0000] {processor.py:830} INFO - Processing file /opt/airflow/dags/monitoring_pipeline_dag.py for tasks to queue
[2026-04-25T18:51:19.900+0000] {logging_mixin.py:188} INFO - [2026-04-25T18:51:19.900+0000] {dagbag.py:545} INFO - Filling up the DagBag from /opt/airflow/dags/monitoring_pipeline_dag.py
[2026-04-25T18:51:19.912+0000] {processor.py:840} INFO - DAG(s) 'monitoring_pipeline' retrieved from /opt/airflow/dags/monitoring_pipeline_dag.py
[2026-04-25T18:51:19.940+0000] {logging_mixin.py:188} INFO - [2026-04-25T18:51:19.939+0000] {dag.py:3096} INFO - Sync 1 DAGs
[2026-04-25T18:51:19.964+0000] {logging_mixin.py:188} INFO - [2026-04-25T18:51:19.963+0000] {dag.py:3954} INFO - Setting next_dagrun for monitoring_pipeline to 2026-04-25 00:00:00+00:00, run_after=2026-04-26 00:00:00+00:00
[2026-04-25T18:51:19.983+0000] {processor.py:183} INFO - Processing /opt/airflow/dags/monitoring_pipeline_dag.py took 0.092 seconds
[2026-04-25T18:51:50.152+0000] {processor.py:161} INFO - Started process (PID=794) to work on /opt/airflow/dags/monitoring_pipeline_dag.py
[2026-04-25T18:51:50.153+0000] {processor.py:830} INFO - Processing file /opt/airflow/dags/monitoring_pipeline_dag.py for tasks to queue
[2026-04-25T18:51:50.154+0000] {logging_mixin.py:188} INFO - [2026-04-25T18:51:50.154+0000] {dagbag.py:545} INFO - Filling up the DagBag from /opt/airflow/dags/monitoring_pipeline_dag.py
[2026-04-25T18:51:50.165+0000] {processor.py:840} INFO - DAG(s) 'monitoring_pipeline' retrieved from /opt/airflow/dags/monitoring_pipeline_dag.py
[2026-04-25T18:51:50.191+0000] {logging_mixin.py:188} INFO - [2026-04-25T18:51:50.191+0000] {dag.py:3096} INFO - Sync 1 DAGs
[2026-04-25T18:51:50.212+0000] {logging_mixin.py:188} INFO - [2026-04-25T18:51:50.212+0000] {dag.py:3954} INFO - Setting next_dagrun for monitoring_pipeline to 2026-04-25 00:00:00+00:00, run_after=2026-04-26 00:00:00+00:00
[2026-04-25T18:51:50.231+0000] {processor.py:183} INFO - Processing /opt/airflow/dags/monitoring_pipeline_dag.py took 0.085 seconds
[2026-04-25T18:52:20.405+0000] {processor.py:161} INFO - Started process (PID=809) to work on /opt/airflow/dags/monitoring_pipeline_dag.py
[2026-04-25T18:52:20.406+0000] {processor.py:830} INFO - Processing file /opt/airflow/dags/monitoring_pipeline_dag.py for tasks to queue
[2026-04-25T18:52:20.408+0000] {logging_mixin.py:188} INFO - [2026-04-25T18:52:20.408+0000] {dagbag.py:545} INFO - Filling up the DagBag from /opt/airflow/dags/monitoring_pipeline_dag.py
[2026-04-25T18:52:20.421+0000] {processor.py:840} INFO - DAG(s) 'monitoring_pipeline' retrieved from /opt/airflow/dags/monitoring_pipeline_dag.py
[2026-04-25T18:52:20.451+0000] {logging_mixin.py:188} INFO - [2026-04-25T18:52:20.451+0000] {dag.py:3096} INFO - Sync 1 DAGs
[2026-04-25T18:52:20.477+0000] {logging_mixin.py:188} INFO - [2026-04-25T18:52:20.476+0000] {dag.py:3954} INFO - Setting next_dagrun for monitoring_pipeline to 2026-04-25 00:00:00+00:00, run_after=2026-04-26 00:00:00+00:00
[2026-04-25T18:52:20.497+0000] {processor.py:183} INFO - Processing /opt/airflow/dags/monitoring_pipeline_dag.py took 0.100 seconds
[2026-04-25T18:52:50.660+0000] {processor.py:161} INFO - Started process (PID=824) to work on /opt/airflow/dags/monitoring_pipeline_dag.py
[2026-04-25T18:52:50.661+0000] {processor.py:830} INFO - Processing file /opt/airflow/dags/monitoring_pipeline_dag.py for tasks to queue
[2026-04-25T18:52:50.663+0000] {logging_mixin.py:188} INFO - [2026-04-25T18:52:50.662+0000] {dagbag.py:545} INFO - Filling up the DagBag from /opt/airflow/dags/monitoring_pipeline_dag.py
[2026-04-25T18:52:50.676+0000] {processor.py:840} INFO - DAG(s) 'monitoring_pipeline' retrieved from /opt/airflow/dags/monitoring_pipeline_dag.py
[2026-04-25T18:52:50.706+0000] {logging_mixin.py:188} INFO - [2026-04-25T18:52:50.706+0000] {dag.py:3096} INFO - Sync 1 DAGs
[2026-04-25T18:52:50.727+0000] {logging_mixin.py:188} INFO - [2026-04-25T18:52:50.727+0000] {dag.py:3954} INFO - Setting next_dagrun for monitoring_pipeline to 2026-04-25 00:00:00+00:00, run_after=2026-04-26 00:00:00+00:00
[2026-04-25T18:52:50.746+0000] {processor.py:183} INFO - Processing /opt/airflow/dags/monitoring_pipeline_dag.py took 0.091 seconds
[2026-04-25T18:53:20.916+0000] {processor.py:161} INFO - Started process (PID=839) to work on /opt/airflow/dags/monitoring_pipeline_dag.py
[2026-04-25T18:53:20.917+0000] {processor.py:830} INFO - Processing file /opt/airflow/dags/monitoring_pipeline_dag.py for tasks to queue
[2026-04-25T18:53:20.919+0000] {logging_mixin.py:188} INFO - [2026-04-25T18:53:20.919+0000] {dagbag.py:545} INFO - Filling up the DagBag from /opt/airflow/dags/monitoring_pipeline_dag.py
[2026-04-25T18:53:20.932+0000] {processor.py:840} INFO - DAG(s) 'monitoring_pipeline' retrieved from /opt/airflow/dags/monitoring_pipeline_dag.py
[2026-04-25T18:53:20.964+0000] {logging_mixin.py:188} INFO - [2026-04-25T18:53:20.963+0000] {dag.py:3096} INFO - Sync 1 DAGs
[2026-04-25T18:53:20.987+0000] {logging_mixin.py:188} INFO - [2026-04-25T18:53:20.987+0000] {dag.py:3954} INFO - Setting next_dagrun for monitoring_pipeline to 2026-04-25 00:00:00+00:00, run_after=2026-04-26 00:00:00+00:00
[2026-04-25T18:53:21.006+0000] {processor.py:183} INFO - Processing /opt/airflow/dags/monitoring_pipeline_dag.py took 0.095 seconds
[2026-04-25T18:53:51.177+0000] {processor.py:161} INFO - Started process (PID=854) to work on /opt/airflow/dags/monitoring_pipeline_dag.py
[2026-04-25T18:53:51.178+0000] {processor.py:830} INFO - Processing file /opt/airflow/dags/monitoring_pipeline_dag.py for tasks to queue
[2026-04-25T18:53:51.182+0000] {logging_mixin.py:188} INFO - [2026-04-25T18:53:51.182+0000] {dagbag.py:545} INFO - Filling up the DagBag from /opt/airflow/dags/monitoring_pipeline_dag.py
[2026-04-25T18:53:51.195+0000] {processor.py:840} INFO - DAG(s) 'monitoring_pipeline' retrieved from /opt/airflow/dags/monitoring_pipeline_dag.py
[2026-04-25T18:53:51.228+0000] {logging_mixin.py:188} INFO - [2026-04-25T18:53:51.228+0000] {dag.py:3096} INFO - Sync 1 DAGs
[2026-04-25T18:53:51.252+0000] {logging_mixin.py:188} INFO - [2026-04-25T18:53:51.252+0000] {dag.py:3954} INFO - Setting next_dagrun for monitoring_pipeline to 2026-04-25 00:00:00+00:00, run_after=2026-04-26 00:00:00+00:00
[2026-04-25T18:53:51.269+0000] {processor.py:183} INFO - Processing /opt/airflow/dags/monitoring_pipeline_dag.py took 0.099 seconds
[2026-04-25T18:54:21.430+0000] {processor.py:161} INFO - Started process (PID=869) to work on /opt/airflow/dags/monitoring_pipeline_dag.py
[2026-04-25T18:54:21.432+0000] {processor.py:830} INFO - Processing file /opt/airflow/dags/monitoring_pipeline_dag.py for tasks to queue
[2026-04-25T18:54:21.434+0000] {logging_mixin.py:188} INFO - [2026-04-25T18:54:21.433+0000] {dagbag.py:545} INFO - Filling up the DagBag from /opt/airflow/dags/monitoring_pipeline_dag.py
[2026-04-25T18:54:21.443+0000] {processor.py:840} INFO - DAG(s) 'monitoring_pipeline' retrieved from /opt/airflow/dags/monitoring_pipeline_dag.py
[2026-04-25T18:54:21.469+0000] {logging_mixin.py:188} INFO - [2026-04-25T18:54:21.469+0000] {dag.py:3096} INFO - Sync 1 DAGs
[2026-04-25T18:54:21.486+0000] {logging_mixin.py:188} INFO - [2026-04-25T18:54:21.486+0000] {dag.py:3954} INFO - Setting next_dagrun for monitoring_pipeline to 2026-04-25 00:00:00+00:00, run_after=2026-04-26 00:00:00+00:00
[2026-04-25T18:54:21.502+0000] {processor.py:183} INFO - Processing /opt/airflow/dags/monitoring_pipeline_dag.py took 0.078 seconds
[2026-04-25T18:54:51.656+0000] {processor.py:161} INFO - Started process (PID=884) to work on /opt/airflow/dags/monitoring_pipeline_dag.py
[2026-04-25T18:54:51.657+0000] {processor.py:830} INFO - Processing file /opt/airflow/dags/monitoring_pipeline_dag.py for tasks to queue
[2026-04-25T18:54:51.658+0000] {logging_mixin.py:188} INFO - [2026-04-25T18:54:51.658+0000] {dagbag.py:545} INFO - Filling up the DagBag from /opt/airflow/dags/monitoring_pipeline_dag.py
[2026-04-25T18:54:51.669+0000] {processor.py:840} INFO - DAG(s) 'monitoring_pipeline' retrieved from /opt/airflow/dags/monitoring_pipeline_dag.py
[2026-04-25T18:54:51.693+0000] {logging_mixin.py:188} INFO - [2026-04-25T18:54:51.692+0000] {dag.py:3096} INFO - Sync 1 DAGs
[2026-04-25T18:54:51.712+0000] {logging_mixin.py:188} INFO - [2026-04-25T18:54:51.712+0000] {dag.py:3954} INFO - Setting next_dagrun for monitoring_pipeline to 2026-04-25 00:00:00+00:00, run_after=2026-04-26 00:00:00+00:00
[2026-04-25T18:54:51.731+0000] {processor.py:183} INFO - Processing /opt/airflow/dags/monitoring_pipeline_dag.py took 0.080 seconds
[2026-04-25T18:55:21.866+0000] {processor.py:161} INFO - Started process (PID=899) to work on /opt/airflow/dags/monitoring_pipeline_dag.py
[2026-04-25T18:55:21.867+0000] {processor.py:830} INFO - Processing file /opt/airflow/dags/monitoring_pipeline_dag.py for tasks to queue
[2026-04-25T18:55:21.868+0000] {logging_mixin.py:188} INFO - [2026-04-25T18:55:21.868+0000] {dagbag.py:545} INFO - Filling up the DagBag from /opt/airflow/dags/monitoring_pipeline_dag.py
[2026-04-25T18:55:21.877+0000] {processor.py:840} INFO - DAG(s) 'monitoring_pipeline' retrieved from /opt/airflow/dags/monitoring_pipeline_dag.py
[2026-04-25T18:55:21.901+0000] {logging_mixin.py:188} INFO - [2026-04-25T18:55:21.901+0000] {dag.py:3096} INFO - Sync 1 DAGs
[2026-04-25T18:55:21.920+0000] {logging_mixin.py:188} INFO - [2026-04-25T18:55:21.920+0000] {dag.py:3954} INFO - Setting next_dagrun for monitoring_pipeline to 2026-04-25 00:00:00+00:00, run_after=2026-04-26 00:00:00+00:00
[2026-04-25T18:55:21.937+0000] {processor.py:183} INFO - Processing /opt/airflow/dags/monitoring_pipeline_dag.py took 0.076 seconds
[2026-04-25T18:55:52.095+0000] {processor.py:161} INFO - Started process (PID=914) to work on /opt/airflow/dags/monitoring_pipeline_dag.py
[2026-04-25T18:55:52.096+0000] {processor.py:830} INFO - Processing file /opt/airflow/dags/monitoring_pipeline_dag.py for tasks to queue
[2026-04-25T18:55:52.097+0000] {logging_mixin.py:188} INFO - [2026-04-25T18:55:52.097+0000] {dagbag.py:545} INFO - Filling up the DagBag from /opt/airflow/dags/monitoring_pipeline_dag.py
[2026-04-25T18:55:52.110+0000] {processor.py:840} INFO - DAG(s) 'monitoring_pipeline' retrieved from /opt/airflow/dags/monitoring_pipeline_dag.py
[2026-04-25T18:55:52.135+0000] {logging_mixin.py:188} INFO - [2026-04-25T18:55:52.135+0000] {dag.py:3096} INFO - Sync 1 DAGs
[2026-04-25T18:55:52.155+0000] {logging_mixin.py:188} INFO - [2026-04-25T18:55:52.155+0000] {dag.py:3954} INFO - Setting next_dagrun for monitoring_pipeline to 2026-04-25 00:00:00+00:00, run_after=2026-04-26 00:00:00+00:00
[2026-04-25T18:55:52.173+0000] {processor.py:183} INFO - Processing /opt/airflow/dags/monitoring_pipeline_dag.py took 0.083 seconds
[2026-04-25T18:56:13.376+0000] {processor.py:161} INFO - Started process (PID=926) to work on /opt/airflow/dags/monitoring_pipeline_dag.py
[2026-04-25T18:56:13.378+0000] {processor.py:830} INFO - Processing file /opt/airflow/dags/monitoring_pipeline_dag.py for tasks to queue
[2026-04-25T18:56:13.379+0000] {logging_mixin.py:188} INFO - [2026-04-25T18:56:13.379+0000] {dagbag.py:545} INFO - Filling up the DagBag from /opt/airflow/dags/monitoring_pipeline_dag.py
[2026-04-25T18:56:13.390+0000] {processor.py:840} INFO - DAG(s) 'monitoring_pipeline' retrieved from /opt/airflow/dags/monitoring_pipeline_dag.py
[2026-04-25T18:56:13.477+0000] {logging_mixin.py:188} INFO - [2026-04-25T18:56:13.477+0000] {dag.py:3096} INFO - Sync 1 DAGs
[2026-04-25T18:56:13.495+0000] {logging_mixin.py:188} INFO - [2026-04-25T18:56:13.494+0000] {dag.py:3954} INFO - Setting next_dagrun for monitoring_pipeline to 2026-04-25 00:00:00+00:00, run_after=2026-04-26 00:00:00+00:00
[2026-04-25T18:56:13.513+0000] {processor.py:183} INFO - Processing /opt/airflow/dags/monitoring_pipeline_dag.py took 0.144 seconds
[2026-04-25T19:00:02.602+0000] {processor.py:161} INFO - Started process (PID=193) to work on /opt/airflow/dags/monitoring_pipeline_dag.py
[2026-04-25T19:00:02.604+0000] {processor.py:830} INFO - Processing file /opt/airflow/dags/monitoring_pipeline_dag.py for tasks to queue
[2026-04-25T19:00:02.605+0000] {logging_mixin.py:188} INFO - [2026-04-25T19:00:02.605+0000] {dagbag.py:545} INFO - Filling up the DagBag from /opt/airflow/dags/monitoring_pipeline_dag.py
[2026-04-25T19:00:02.621+0000] {processor.py:840} INFO - DAG(s) 'monitoring_pipeline' retrieved from /opt/airflow/dags/monitoring_pipeline_dag.py
[2026-04-25T19:00:02.802+0000] {logging_mixin.py:188} INFO - [2026-04-25T19:00:02.802+0000] {override.py:1829} INFO - Created Permission View: can read on DAG:monitoring_pipeline
[2026-04-25T19:00:02.810+0000] {logging_mixin.py:188} INFO - [2026-04-25T19:00:02.809+0000] {override.py:1829} INFO - Created Permission View: can delete on DAG:monitoring_pipeline
[2026-04-25T19:00:02.815+0000] {logging_mixin.py:188} INFO - [2026-04-25T19:00:02.815+0000] {override.py:1829} INFO - Created Permission View: can edit on DAG:monitoring_pipeline
[2026-04-25T19:00:02.816+0000] {logging_mixin.py:188} INFO - [2026-04-25T19:00:02.815+0000] {dag.py:3096} INFO - Sync 1 DAGs
[2026-04-25T19:00:02.824+0000] {logging_mixin.py:188} INFO - [2026-04-25T19:00:02.824+0000] {dag.py:3118} INFO - Creating ORM DAG for monitoring_pipeline
[2026-04-25T19:00:02.833+0000] {logging_mixin.py:188} INFO - [2026-04-25T19:00:02.833+0000] {dag.py:3954} INFO - Setting next_dagrun for monitoring_pipeline to 2026-04-24 00:00:00+00:00, run_after=2026-04-25 00:00:00+00:00
[2026-04-25T19:00:02.846+0000] {processor.py:183} INFO - Processing /opt/airflow/dags/monitoring_pipeline_dag.py took 0.251 seconds
[2026-04-25T19:00:33.003+0000] {processor.py:161} INFO - Started process (PID=235) to work on /opt/airflow/dags/monitoring_pipeline_dag.py
[2026-04-25T19:00:33.005+0000] {processor.py:830} INFO - Processing file /opt/airflow/dags/monitoring_pipeline_dag.py for tasks to queue
[2026-04-25T19:00:33.007+0000] {logging_mixin.py:188} INFO - [2026-04-25T19:00:33.007+0000] {dagbag.py:545} INFO - Filling up the DagBag from /opt/airflow/dags/monitoring_pipeline_dag.py
[2026-04-25T19:00:33.018+0000] {processor.py:840} INFO - DAG(s) 'monitoring_pipeline' retrieved from /opt/airflow/dags/monitoring_pipeline_dag.py
[2026-04-25T19:00:33.042+0000] {logging_mixin.py:188} INFO - [2026-04-25T19:00:33.042+0000] {dag.py:3096} INFO - Sync 1 DAGs
[2026-04-25T19:00:33.061+0000] {logging_mixin.py:188} INFO - [2026-04-25T19:00:33.061+0000] {dag.py:3954} INFO - Setting next_dagrun for monitoring_pipeline to 2026-04-24 00:00:00+00:00, run_after=2026-04-25 00:00:00+00:00
[2026-04-25T19:00:33.078+0000] {processor.py:183} INFO - Processing /opt/airflow/dags/monitoring_pipeline_dag.py took 0.081 seconds
[2026-04-25T19:01:03.241+0000] {processor.py:161} INFO - Started process (PID=296) to work on /opt/airflow/dags/monitoring_pipeline_dag.py
[2026-04-25T19:01:03.242+0000] {processor.py:830} INFO - Processing file /opt/airflow/dags/monitoring_pipeline_dag.py for tasks to queue
[2026-04-25T19:01:03.243+0000] {logging_mixin.py:188} INFO - [2026-04-25T19:01:03.243+0000] {dagbag.py:545} INFO - Filling up the DagBag from /opt/airflow/dags/monitoring_pipeline_dag.py
[2026-04-25T19:01:03.252+0000] {processor.py:840} INFO - DAG(s) 'monitoring_pipeline' retrieved from /opt/airflow/dags/monitoring_pipeline_dag.py
[2026-04-25T19:01:03.277+0000] {logging_mixin.py:188} INFO - [2026-04-25T19:01:03.277+0000] {dag.py:3096} INFO - Sync 1 DAGs
[2026-04-25T19:01:03.296+0000] {logging_mixin.py:188} INFO - [2026-04-25T19:01:03.296+0000] {dag.py:3954} INFO - Setting next_dagrun for monitoring_pipeline to 2026-04-25 00:00:00+00:00, run_after=2026-04-26 00:00:00+00:00
[2026-04-25T19:01:03.312+0000] {processor.py:183} INFO - Processing /opt/airflow/dags/monitoring_pipeline_dag.py took 0.076 seconds
[2026-04-25T19:01:33.475+0000] {processor.py:161} INFO - Started process (PID=311) to work on /opt/airflow/dags/monitoring_pipeline_dag.py
[2026-04-25T19:01:33.478+0000] {processor.py:830} INFO - Processing file /opt/airflow/dags/monitoring_pipeline_dag.py for tasks to queue
[2026-04-25T19:01:33.480+0000] {logging_mixin.py:188} INFO - [2026-04-25T19:01:33.480+0000] {dagbag.py:545} INFO - Filling up the DagBag from /opt/airflow/dags/monitoring_pipeline_dag.py
[2026-04-25T19:01:33.490+0000] {processor.py:840} INFO - DAG(s) 'monitoring_pipeline' retrieved from /opt/airflow/dags/monitoring_pipeline_dag.py
[2026-04-25T19:01:33.519+0000] {logging_mixin.py:188} INFO - [2026-04-25T19:01:33.519+0000] {dag.py:3096} INFO - Sync 1 DAGs
[2026-04-25T19:01:33.541+0000] {logging_mixin.py:188} INFO - [2026-04-25T19:01:33.541+0000] {dag.py:3954} INFO - Setting next_dagrun for monitoring_pipeline to 2026-04-25 00:00:00+00:00, run_after=2026-04-26 00:00:00+00:00
[2026-04-25T19:01:33.560+0000] {processor.py:183} INFO - Processing /opt/airflow/dags/monitoring_pipeline_dag.py took 0.089 seconds
[2026-04-25T19:02:03.678+0000] {processor.py:161} INFO - Started process (PID=326) to work on /opt/airflow/dags/monitoring_pipeline_dag.py
[2026-04-25T19:02:03.680+0000] {processor.py:830} INFO - Processing file /opt/airflow/dags/monitoring_pipeline_dag.py for tasks to queue
[2026-04-25T19:02:03.682+0000] {logging_mixin.py:188} INFO - [2026-04-25T19:02:03.681+0000] {dagbag.py:545} INFO - Filling up the DagBag from /opt/airflow/dags/monitoring_pipeline_dag.py
[2026-04-25T19:02:03.691+0000] {processor.py:840} INFO - DAG(s) 'monitoring_pipeline' retrieved from /opt/airflow/dags/monitoring_pipeline_dag.py
[2026-04-25T19:02:03.715+0000] {logging_mixin.py:188} INFO - [2026-04-25T19:02:03.715+0000] {dag.py:3096} INFO - Sync 1 DAGs
[2026-04-25T19:02:03.736+0000] {logging_mixin.py:188} INFO - [2026-04-25T19:02:03.736+0000] {dag.py:3954} INFO - Setting next_dagrun for monitoring_pipeline to 2026-04-25 00:00:00+00:00, run_after=2026-04-26 00:00:00+00:00
[2026-04-25T19:02:03.751+0000] {processor.py:183} INFO - Processing /opt/airflow/dags/monitoring_pipeline_dag.py took 0.078 seconds
[2026-04-25T19:02:33.919+0000] {processor.py:161} INFO - Started process (PID=341) to work on /opt/airflow/dags/monitoring_pipeline_dag.py
[2026-04-25T19:02:33.921+0000] {processor.py:830} INFO - Processing file /opt/airflow/dags/monitoring_pipeline_dag.py for tasks to queue
[2026-04-25T19:02:33.922+0000] {logging_mixin.py:188} INFO - [2026-04-25T19:02:33.922+0000] {dagbag.py:545} INFO - Filling up the DagBag from /opt/airflow/dags/monitoring_pipeline_dag.py
[2026-04-25T19:02:33.933+0000] {processor.py:840} INFO - DAG(s) 'monitoring_pipeline' retrieved from /opt/airflow/dags/monitoring_pipeline_dag.py
[2026-04-25T19:02:33.960+0000] {logging_mixin.py:188} INFO - [2026-04-25T19:02:33.960+0000] {dag.py:3096} INFO - Sync 1 DAGs
[2026-04-25T19:02:33.982+0000] {logging_mixin.py:188} INFO - [2026-04-25T19:02:33.981+0000] {dag.py:3954} INFO - Setting next_dagrun for monitoring_pipeline to 2026-04-25 00:00:00+00:00, run_after=2026-04-26 00:00:00+00:00
[2026-04-25T19:02:34.000+0000] {processor.py:183} INFO - Processing /opt/airflow/dags/monitoring_pipeline_dag.py took 0.086 seconds
[2026-04-25T19:03:04.163+0000] {processor.py:161} INFO - Started process (PID=356) to work on /opt/airflow/dags/monitoring_pipeline_dag.py
[2026-04-25T19:03:04.165+0000] {processor.py:830} INFO - Processing file /opt/airflow/dags/monitoring_pipeline_dag.py for tasks to queue
[2026-04-25T19:03:04.167+0000] {logging_mixin.py:188} INFO - [2026-04-25T19:03:04.167+0000] {dagbag.py:545} INFO - Filling up the DagBag from /opt/airflow/dags/monitoring_pipeline_dag.py
[2026-04-25T19:03:04.176+0000] {processor.py:840} INFO - DAG(s) 'monitoring_pipeline' retrieved from /opt/airflow/dags/monitoring_pipeline_dag.py
[2026-04-25T19:03:04.200+0000] {logging_mixin.py:188} INFO - [2026-04-25T19:03:04.200+0000] {dag.py:3096} INFO - Sync 1 DAGs
[2026-04-25T19:03:04.219+0000] {logging_mixin.py:188} INFO - [2026-04-25T19:03:04.219+0000] {dag.py:3954} INFO - Setting next_dagrun for monitoring_pipeline to 2026-04-25 00:00:00+00:00, run_after=2026-04-26 00:00:00+00:00
[2026-04-25T19:03:04.235+0000] {processor.py:183} INFO - Processing /opt/airflow/dags/monitoring_pipeline_dag.py took 0.076 seconds
[2026-04-25T19:03:34.414+0000] {processor.py:161} INFO - Started process (PID=371) to work on /opt/airflow/dags/monitoring_pipeline_dag.py
[2026-04-25T19:03:34.417+0000] {processor.py:830} INFO - Processing file /opt/airflow/dags/monitoring_pipeline_dag.py for tasks to queue
[2026-04-25T19:03:34.420+0000] {logging_mixin.py:188} INFO - [2026-04-25T19:03:34.420+0000] {dagbag.py:545} INFO - Filling up the DagBag from /opt/airflow/dags/monitoring_pipeline_dag.py
[2026-04-25T19:03:34.437+0000] {processor.py:840} INFO - DAG(s) 'monitoring_pipeline' retrieved from /opt/airflow/dags/monitoring_pipeline_dag.py
[2026-04-25T19:03:34.474+0000] {logging_mixin.py:188} INFO - [2026-04-25T19:03:34.473+0000] {dag.py:3096} INFO - Sync 1 DAGs
[2026-04-25T19:03:34.501+0000] {logging_mixin.py:188} INFO - [2026-04-25T19:03:34.501+0000] {dag.py:3954} INFO - Setting next_dagrun for monitoring_pipeline to 2026-04-25 00:00:00+00:00, run_after=2026-04-26 00:00:00+00:00
[2026-04-25T19:03:34.529+0000] {processor.py:183} INFO - Processing /opt/airflow/dags/monitoring_pipeline_dag.py took 0.123 seconds
[2026-04-25T19:07:58.486+0000] {processor.py:161} INFO - Started process (PID=193) to work on /opt/airflow/dags/monitoring_pipeline_dag.py
[2026-04-25T19:07:58.488+0000] {processor.py:830} INFO - Processing file /opt/airflow/dags/monitoring_pipeline_dag.py for tasks to queue
[2026-04-25T19:07:58.490+0000] {logging_mixin.py:188} INFO - [2026-04-25T19:07:58.489+0000] {dagbag.py:545} INFO - Filling up the DagBag from /opt/airflow/dags/monitoring_pipeline_dag.py
[2026-04-25T19:07:58.511+0000] {processor.py:840} INFO - DAG(s) 'monitoring_pipeline' retrieved from /opt/airflow/dags/monitoring_pipeline_dag.py
[2026-04-25T19:07:58.763+0000] {logging_mixin.py:188} INFO - [2026-04-25T19:07:58.762+0000] {override.py:1829} INFO - Created Permission View: can delete on DAG:monitoring_pipeline
[2026-04-25T19:07:58.774+0000] {logging_mixin.py:188} INFO - [2026-04-25T19:07:58.774+0000] {override.py:1829} INFO - Created Permission View: can edit on DAG:monitoring_pipeline
[2026-04-25T19:07:58.781+0000] {logging_mixin.py:188} INFO - [2026-04-25T19:07:58.780+0000] {override.py:1829} INFO - Created Permission View: can read on DAG:monitoring_pipeline
[2026-04-25T19:07:58.781+0000] {logging_mixin.py:188} INFO - [2026-04-25T19:07:58.781+0000] {dag.py:3096} INFO - Sync 1 DAGs
[2026-04-25T19:07:58.793+0000] {logging_mixin.py:188} INFO - [2026-04-25T19:07:58.792+0000] {dag.py:3118} INFO - Creating ORM DAG for monitoring_pipeline
[2026-04-25T19:07:58.806+0000] {logging_mixin.py:188} INFO - [2026-04-25T19:07:58.805+0000] {dag.py:3954} INFO - Setting next_dagrun for monitoring_pipeline to 2026-04-24 00:00:00+00:00, run_after=2026-04-25 00:00:00+00:00
[2026-04-25T19:07:58.824+0000] {processor.py:183} INFO - Processing /opt/airflow/dags/monitoring_pipeline_dag.py took 0.345 seconds
[2026-04-25T19:08:28.994+0000] {processor.py:161} INFO - Started process (PID=209) to work on /opt/airflow/dags/monitoring_pipeline_dag.py
[2026-04-25T19:08:28.997+0000] {processor.py:830} INFO - Processing file /opt/airflow/dags/monitoring_pipeline_dag.py for tasks to queue
[2026-04-25T19:08:28.999+0000] {logging_mixin.py:188} INFO - [2026-04-25T19:08:28.999+0000] {dagbag.py:545} INFO - Filling up the DagBag from /opt/airflow/dags/monitoring_pipeline_dag.py
[2026-04-25T19:08:29.014+0000] {processor.py:840} INFO - DAG(s) 'monitoring_pipeline' retrieved from /opt/airflow/dags/monitoring_pipeline_dag.py
[2026-04-25T19:08:29.046+0000] {logging_mixin.py:188} INFO - [2026-04-25T19:08:29.046+0000] {dag.py:3096} INFO - Sync 1 DAGs
[2026-04-25T19:08:29.072+0000] {logging_mixin.py:188} INFO - [2026-04-25T19:08:29.070+0000] {dag.py:3954} INFO - Setting next_dagrun for monitoring_pipeline to 2026-04-24 00:00:00+00:00, run_after=2026-04-25 00:00:00+00:00
[2026-04-25T19:08:29.092+0000] {processor.py:183} INFO - Processing /opt/airflow/dags/monitoring_pipeline_dag.py took 0.105 seconds
[2026-04-25T19:08:59.338+0000] {processor.py:161} INFO - Started process (PID=224) to work on /opt/airflow/dags/monitoring_pipeline_dag.py
[2026-04-25T19:08:59.340+0000] {processor.py:830} INFO - Processing file /opt/airflow/dags/monitoring_pipeline_dag.py for tasks to queue
[2026-04-25T19:08:59.342+0000] {logging_mixin.py:188} INFO - [2026-04-25T19:08:59.342+0000] {dagbag.py:545} INFO - Filling up the DagBag from /opt/airflow/dags/monitoring_pipeline_dag.py
[2026-04-25T19:08:59.365+0000] {processor.py:840} INFO - DAG(s) 'monitoring_pipeline' retrieved from /opt/airflow/dags/monitoring_pipeline_dag.py
[2026-04-25T19:08:59.430+0000] {logging_mixin.py:188} INFO - [2026-04-25T19:08:59.429+0000] {dag.py:3096} INFO - Sync 1 DAGs
[2026-04-25T19:08:59.474+0000] {logging_mixin.py:188} INFO - [2026-04-25T19:08:59.474+0000] {dag.py:3954} INFO - Setting next_dagrun for monitoring_pipeline to 2026-04-24 00:00:00+00:00, run_after=2026-04-25 00:00:00+00:00
[2026-04-25T19:08:59.539+0000] {processor.py:183} INFO - Processing /opt/airflow/dags/monitoring_pipeline_dag.py took 0.211 seconds
[2026-04-25T19:09:29.769+0000] {processor.py:161} INFO - Started process (PID=239) to work on /opt/airflow/dags/monitoring_pipeline_dag.py
[2026-04-25T19:09:29.771+0000] {processor.py:830} INFO - Processing file /opt/airflow/dags/monitoring_pipeline_dag.py for tasks to queue
[2026-04-25T19:09:29.774+0000] {logging_mixin.py:188} INFO - [2026-04-25T19:09:29.773+0000] {dagbag.py:545} INFO - Filling up the DagBag from /opt/airflow/dags/monitoring_pipeline_dag.py
[2026-04-25T19:09:29.783+0000] {processor.py:840} INFO - DAG(s) 'monitoring_pipeline' retrieved from /opt/airflow/dags/monitoring_pipeline_dag.py
[2026-04-25T19:09:29.808+0000] {logging_mixin.py:188} INFO - [2026-04-25T19:09:29.808+0000] {dag.py:3096} INFO - Sync 1 DAGs
[2026-04-25T19:09:29.830+0000] {logging_mixin.py:188} INFO - [2026-04-25T19:09:29.830+0000] {dag.py:3954} INFO - Setting next_dagrun for monitoring_pipeline to 2026-04-24 00:00:00+00:00, run_after=2026-04-25 00:00:00+00:00
[2026-04-25T19:09:29.852+0000] {processor.py:183} INFO - Processing /opt/airflow/dags/monitoring_pipeline_dag.py took 0.088 seconds
[2026-04-25T19:10:00.013+0000] {processor.py:161} INFO - Started process (PID=254) to work on /opt/airflow/dags/monitoring_pipeline_dag.py
[2026-04-25T19:10:00.014+0000] {processor.py:830} INFO - Processing file /opt/airflow/dags/monitoring_pipeline_dag.py for tasks to queue
[2026-04-25T19:10:00.017+0000] {logging_mixin.py:188} INFO - [2026-04-25T19:10:00.017+0000] {dagbag.py:545} INFO - Filling up the DagBag from /opt/airflow/dags/monitoring_pipeline_dag.py
[2026-04-25T19:10:00.028+0000] {processor.py:840} INFO - DAG(s) 'monitoring_pipeline' retrieved from /opt/airflow/dags/monitoring_pipeline_dag.py
[2026-04-25T19:10:00.053+0000] {logging_mixin.py:188} INFO - [2026-04-25T19:10:00.053+0000] {dag.py:3096} INFO - Sync 1 DAGs
[2026-04-25T19:10:00.075+0000] {logging_mixin.py:188} INFO - [2026-04-25T19:10:00.075+0000] {dag.py:3954} INFO - Setting next_dagrun for monitoring_pipeline to 2026-04-24 00:00:00+00:00, run_after=2026-04-25 00:00:00+00:00
[2026-04-25T19:10:00.093+0000] {processor.py:183} INFO - Processing /opt/airflow/dags/monitoring_pipeline_dag.py took 0.086 seconds
[2026-04-25T19:10:30.262+0000] {processor.py:161} INFO - Started process (PID=269) to work on /opt/airflow/dags/monitoring_pipeline_dag.py
[2026-04-25T19:10:30.263+0000] {processor.py:830} INFO - Processing file /opt/airflow/dags/monitoring_pipeline_dag.py for tasks to queue
[2026-04-25T19:10:30.265+0000] {logging_mixin.py:188} INFO - [2026-04-25T19:10:30.265+0000] {dagbag.py:545} INFO - Filling up the DagBag from /opt/airflow/dags/monitoring_pipeline_dag.py
[2026-04-25T19:10:30.277+0000] {processor.py:840} INFO - DAG(s) 'monitoring_pipeline' retrieved from /opt/airflow/dags/monitoring_pipeline_dag.py
[2026-04-25T19:10:30.304+0000] {logging_mixin.py:188} INFO - [2026-04-25T19:10:30.303+0000] {dag.py:3096} INFO - Sync 1 DAGs
[2026-04-25T19:10:30.328+0000] {logging_mixin.py:188} INFO - [2026-04-25T19:10:30.328+0000] {dag.py:3954} INFO - Setting next_dagrun for monitoring_pipeline to 2026-04-24 00:00:00+00:00, run_after=2026-04-25 00:00:00+00:00
[2026-04-25T19:10:30.345+0000] {processor.py:183} INFO - Processing /opt/airflow/dags/monitoring_pipeline_dag.py took 0.089 seconds
[2026-04-25T19:11:00.526+0000] {processor.py:161} INFO - Started process (PID=284) to work on /opt/airflow/dags/monitoring_pipeline_dag.py
[2026-04-25T19:11:00.529+0000] {processor.py:830} INFO - Processing file /opt/airflow/dags/monitoring_pipeline_dag.py for tasks to queue
[2026-04-25T19:11:00.530+0000] {logging_mixin.py:188} INFO - [2026-04-25T19:11:00.530+0000] {dagbag.py:545} INFO - Filling up the DagBag from /opt/airflow/dags/monitoring_pipeline_dag.py
[2026-04-25T19:11:00.542+0000] {processor.py:840} INFO - DAG(s) 'monitoring_pipeline' retrieved from /opt/airflow/dags/monitoring_pipeline_dag.py
[2026-04-25T19:11:00.568+0000] {logging_mixin.py:188} INFO - [2026-04-25T19:11:00.568+0000] {dag.py:3096} INFO - Sync 1 DAGs
[2026-04-25T19:11:00.588+0000] {logging_mixin.py:188} INFO - [2026-04-25T19:11:00.588+0000] {dag.py:3954} INFO - Setting next_dagrun for monitoring_pipeline to 2026-04-24 00:00:00+00:00, run_after=2026-04-25 00:00:00+00:00
[2026-04-25T19:11:00.604+0000] {processor.py:183} INFO - Processing /opt/airflow/dags/monitoring_pipeline_dag.py took 0.084 seconds
[2026-04-25T19:11:30.761+0000] {processor.py:161} INFO - Started process (PID=299) to work on /opt/airflow/dags/monitoring_pipeline_dag.py
[2026-04-25T19:11:30.763+0000] {processor.py:830} INFO - Processing file /opt/airflow/dags/monitoring_pipeline_dag.py for tasks to queue
[2026-04-25T19:11:30.765+0000] {logging_mixin.py:188} INFO - [2026-04-25T19:11:30.765+0000] {dagbag.py:545} INFO - Filling up the DagBag from /opt/airflow/dags/monitoring_pipeline_dag.py
[2026-04-25T19:11:30.775+0000] {processor.py:840} INFO - DAG(s) 'monitoring_pipeline' retrieved from /opt/airflow/dags/monitoring_pipeline_dag.py
[2026-04-25T19:11:30.804+0000] {logging_mixin.py:188} INFO - [2026-04-25T19:11:30.804+0000] {dag.py:3096} INFO - Sync 1 DAGs
[2026-04-25T19:11:30.827+0000] {logging_mixin.py:188} INFO - [2026-04-25T19:11:30.827+0000] {dag.py:3954} INFO - Setting next_dagrun for monitoring_pipeline to 2026-04-24 00:00:00+00:00, run_after=2026-04-25 00:00:00+00:00
[2026-04-25T19:11:30.848+0000] {processor.py:183} INFO - Processing /opt/airflow/dags/monitoring_pipeline_dag.py took 0.093 seconds
[2026-04-25T19:12:01.010+0000] {processor.py:161} INFO - Started process (PID=340) to work on /opt/airflow/dags/monitoring_pipeline_dag.py
[2026-04-25T19:12:01.011+0000] {processor.py:830} INFO - Processing file /opt/airflow/dags/monitoring_pipeline_dag.py for tasks to queue
[2026-04-25T19:12:01.012+0000] {logging_mixin.py:188} INFO - [2026-04-25T19:12:01.012+0000] {dagbag.py:545} INFO - Filling up the DagBag from /opt/airflow/dags/monitoring_pipeline_dag.py
[2026-04-25T19:12:01.023+0000] {processor.py:840} INFO - DAG(s) 'monitoring_pipeline' retrieved from /opt/airflow/dags/monitoring_pipeline_dag.py
[2026-04-25T19:12:01.049+0000] {logging_mixin.py:188} INFO - [2026-04-25T19:12:01.048+0000] {dag.py:3096} INFO - Sync 1 DAGs
[2026-04-25T19:12:01.072+0000] {logging_mixin.py:188} INFO - [2026-04-25T19:12:01.072+0000] {dag.py:3954} INFO - Setting next_dagrun for monitoring_pipeline to 2026-04-24 00:00:00+00:00, run_after=2026-04-25 00:00:00+00:00
[2026-04-25T19:12:01.092+0000] {processor.py:183} INFO - Processing /opt/airflow/dags/monitoring_pipeline_dag.py took 0.087 seconds
[2026-04-25T19:12:31.258+0000] {processor.py:161} INFO - Started process (PID=355) to work on /opt/airflow/dags/monitoring_pipeline_dag.py
[2026-04-25T19:12:31.260+0000] {processor.py:830} INFO - Processing file /opt/airflow/dags/monitoring_pipeline_dag.py for tasks to queue
[2026-04-25T19:12:31.262+0000] {logging_mixin.py:188} INFO - [2026-04-25T19:12:31.261+0000] {dagbag.py:545} INFO - Filling up the DagBag from /opt/airflow/dags/monitoring_pipeline_dag.py
[2026-04-25T19:12:31.271+0000] {processor.py:840} INFO - DAG(s) 'monitoring_pipeline' retrieved from /opt/airflow/dags/monitoring_pipeline_dag.py
[2026-04-25T19:12:31.297+0000] {logging_mixin.py:188} INFO - [2026-04-25T19:12:31.297+0000] {dag.py:3096} INFO - Sync 1 DAGs
[2026-04-25T19:12:31.318+0000] {logging_mixin.py:188} INFO - [2026-04-25T19:12:31.317+0000] {dag.py:3954} INFO - Setting next_dagrun for monitoring_pipeline to 2026-04-24 00:00:00+00:00, run_after=2026-04-25 00:00:00+00:00
[2026-04-25T19:12:31.335+0000] {processor.py:183} INFO - Processing /opt/airflow/dags/monitoring_pipeline_dag.py took 0.082 seconds
[2026-04-25T19:13:01.522+0000] {processor.py:161} INFO - Started process (PID=508) to work on /opt/airflow/dags/monitoring_pipeline_dag.py
[2026-04-25T19:13:01.524+0000] {processor.py:830} INFO - Processing file /opt/airflow/dags/monitoring_pipeline_dag.py for tasks to queue
[2026-04-25T19:13:01.526+0000] {logging_mixin.py:188} INFO - [2026-04-25T19:13:01.526+0000] {dagbag.py:545} INFO - Filling up the DagBag from /opt/airflow/dags/monitoring_pipeline_dag.py
[2026-04-25T19:13:01.538+0000] {processor.py:840} INFO - DAG(s) 'monitoring_pipeline' retrieved from /opt/airflow/dags/monitoring_pipeline_dag.py
[2026-04-25T19:13:01.566+0000] {logging_mixin.py:188} INFO - [2026-04-25T19:13:01.566+0000] {dag.py:3096} INFO - Sync 1 DAGs
[2026-04-25T19:13:01.588+0000] {logging_mixin.py:188} INFO - [2026-04-25T19:13:01.587+0000] {dag.py:3954} INFO - Setting next_dagrun for monitoring_pipeline to 2026-04-25 00:00:00+00:00, run_after=2026-04-26 00:00:00+00:00
[2026-04-25T19:13:01.607+0000] {processor.py:183} INFO - Processing /opt/airflow/dags/monitoring_pipeline_dag.py took 0.091 seconds
[2026-04-25T19:13:31.774+0000] {processor.py:161} INFO - Started process (PID=523) to work on /opt/airflow/dags/monitoring_pipeline_dag.py
[2026-04-25T19:13:31.775+0000] {processor.py:830} INFO - Processing file /opt/airflow/dags/monitoring_pipeline_dag.py for tasks to queue
[2026-04-25T19:13:31.778+0000] {logging_mixin.py:188} INFO - [2026-04-25T19:13:31.777+0000] {dagbag.py:545} INFO - Filling up the DagBag from /opt/airflow/dags/monitoring_pipeline_dag.py
[2026-04-25T19:13:31.791+0000] {processor.py:840} INFO - DAG(s) 'monitoring_pipeline' retrieved from /opt/airflow/dags/monitoring_pipeline_dag.py
[2026-04-25T19:13:31.823+0000] {logging_mixin.py:188} INFO - [2026-04-25T19:13:31.823+0000] {dag.py:3096} INFO - Sync 1 DAGs
[2026-04-25T19:13:31.845+0000] {logging_mixin.py:188} INFO - [2026-04-25T19:13:31.845+0000] {dag.py:3954} INFO - Setting next_dagrun for monitoring_pipeline to 2026-04-25 00:00:00+00:00, run_after=2026-04-26 00:00:00+00:00
[2026-04-25T19:13:31.866+0000] {processor.py:183} INFO - Processing /opt/airflow/dags/monitoring_pipeline_dag.py took 0.099 seconds
[2026-04-25T19:14:02.031+0000] {processor.py:161} INFO - Started process (PID=538) to work on /opt/airflow/dags/monitoring_pipeline_dag.py
[2026-04-25T19:14:02.034+0000] {processor.py:830} INFO - Processing file /opt/airflow/dags/monitoring_pipeline_dag.py for tasks to queue
[2026-04-25T19:14:02.036+0000] {logging_mixin.py:188} INFO - [2026-04-25T19:14:02.035+0000] {dagbag.py:545} INFO - Filling up the DagBag from /opt/airflow/dags/monitoring_pipeline_dag.py
[2026-04-25T19:14:02.046+0000] {processor.py:840} INFO - DAG(s) 'monitoring_pipeline' retrieved from /opt/airflow/dags/monitoring_pipeline_dag.py
[2026-04-25T19:14:02.073+0000] {logging_mixin.py:188} INFO - [2026-04-25T19:14:02.072+0000] {dag.py:3096} INFO - Sync 1 DAGs
[2026-04-25T19:14:02.093+0000] {logging_mixin.py:188} INFO - [2026-04-25T19:14:02.093+0000] {dag.py:3954} INFO - Setting next_dagrun for monitoring_pipeline to 2026-04-25 00:00:00+00:00, run_after=2026-04-26 00:00:00+00:00
[2026-04-25T19:14:02.114+0000] {processor.py:183} INFO - Processing /opt/airflow/dags/monitoring_pipeline_dag.py took 0.090 seconds
[2026-04-25T19:14:32.290+0000] {processor.py:161} INFO - Started process (PID=553) to work on /opt/airflow/dags/monitoring_pipeline_dag.py
[2026-04-25T19:14:32.291+0000] {processor.py:830} INFO - Processing file /opt/airflow/dags/monitoring_pipeline_dag.py for tasks to queue
[2026-04-25T19:14:32.293+0000] {logging_mixin.py:188} INFO - [2026-04-25T19:14:32.293+0000] {dagbag.py:545} INFO - Filling up the DagBag from /opt/airflow/dags/monitoring_pipeline_dag.py
[2026-04-25T19:14:32.304+0000] {processor.py:840} INFO - DAG(s) 'monitoring_pipeline' retrieved from /opt/airflow/dags/monitoring_pipeline_dag.py
[2026-04-25T19:14:32.333+0000] {logging_mixin.py:188} INFO - [2026-04-25T19:14:32.333+0000] {dag.py:3096} INFO - Sync 1 DAGs
[2026-04-25T19:14:32.356+0000] {logging_mixin.py:188} INFO - [2026-04-25T19:14:32.356+0000] {dag.py:3954} INFO - Setting next_dagrun for monitoring_pipeline to 2026-04-25 00:00:00+00:00, run_after=2026-04-26 00:00:00+00:00
[2026-04-25T19:14:32.373+0000] {processor.py:183} INFO - Processing /opt/airflow/dags/monitoring_pipeline_dag.py took 0.088 seconds
[2026-04-25T19:15:02.558+0000] {processor.py:161} INFO - Started process (PID=568) to work on /opt/airflow/dags/monitoring_pipeline_dag.py
[2026-04-25T19:15:02.559+0000] {processor.py:830} INFO - Processing file /opt/airflow/dags/monitoring_pipeline_dag.py for tasks to queue
[2026-04-25T19:15:02.562+0000] {logging_mixin.py:188} INFO - [2026-04-25T19:15:02.561+0000] {dagbag.py:545} INFO - Filling up the DagBag from /opt/airflow/dags/monitoring_pipeline_dag.py
[2026-04-25T19:15:02.575+0000] {processor.py:840} INFO - DAG(s) 'monitoring_pipeline' retrieved from /opt/airflow/dags/monitoring_pipeline_dag.py
[2026-04-25T19:15:02.602+0000] {logging_mixin.py:188} INFO - [2026-04-25T19:15:02.602+0000] {dag.py:3096} INFO - Sync 1 DAGs
[2026-04-25T19:15:02.623+0000] {logging_mixin.py:188} INFO - [2026-04-25T19:15:02.623+0000] {dag.py:3954} INFO - Setting next_dagrun for monitoring_pipeline to 2026-04-25 00:00:00+00:00, run_after=2026-04-26 00:00:00+00:00
[2026-04-25T19:15:02.644+0000] {processor.py:183} INFO - Processing /opt/airflow/dags/monitoring_pipeline_dag.py took 0.092 seconds
[2026-04-25T19:15:32.825+0000] {processor.py:161} INFO - Started process (PID=583) to work on /opt/airflow/dags/monitoring_pipeline_dag.py
[2026-04-25T19:15:32.828+0000] {processor.py:830} INFO - Processing file /opt/airflow/dags/monitoring_pipeline_dag.py for tasks to queue
[2026-04-25T19:15:32.829+0000] {logging_mixin.py:188} INFO - [2026-04-25T19:15:32.829+0000] {dagbag.py:545} INFO - Filling up the DagBag from /opt/airflow/dags/monitoring_pipeline_dag.py
[2026-04-25T19:15:32.840+0000] {processor.py:840} INFO - DAG(s) 'monitoring_pipeline' retrieved from /opt/airflow/dags/monitoring_pipeline_dag.py
[2026-04-25T19:15:32.871+0000] {logging_mixin.py:188} INFO - [2026-04-25T19:15:32.871+0000] {dag.py:3096} INFO - Sync 1 DAGs
[2026-04-25T19:15:32.896+0000] {logging_mixin.py:188} INFO - [2026-04-25T19:15:32.895+0000] {dag.py:3954} INFO - Setting next_dagrun for monitoring_pipeline to 2026-04-25 00:00:00+00:00, run_after=2026-04-26 00:00:00+00:00
[2026-04-25T19:15:32.916+0000] {processor.py:183} INFO - Processing /opt/airflow/dags/monitoring_pipeline_dag.py took 0.097 seconds
[2026-04-25T19:18:15.287+0000] {processor.py:161} INFO - Started process (PID=175) to work on /opt/airflow/dags/monitoring_pipeline_dag.py
[2026-04-25T19:18:15.288+0000] {processor.py:830} INFO - Processing file /opt/airflow/dags/monitoring_pipeline_dag.py for tasks to queue
[2026-04-25T19:18:15.290+0000] {logging_mixin.py:188} INFO - [2026-04-25T19:18:15.290+0000] {dagbag.py:545} INFO - Filling up the DagBag from /opt/airflow/dags/monitoring_pipeline_dag.py
[2026-04-25T19:18:15.311+0000] {processor.py:840} INFO - DAG(s) 'monitoring_pipeline' retrieved from /opt/airflow/dags/monitoring_pipeline_dag.py
[2026-04-25T19:18:15.522+0000] {logging_mixin.py:188} INFO - [2026-04-25T19:18:15.521+0000] {override.py:1829} INFO - Created Permission View: can edit on DAG:monitoring_pipeline
[2026-04-25T19:18:15.531+0000] {logging_mixin.py:188} INFO - [2026-04-25T19:18:15.530+0000] {override.py:1829} INFO - Created Permission View: can read on DAG:monitoring_pipeline
[2026-04-25T19:18:15.537+0000] {logging_mixin.py:188} INFO - [2026-04-25T19:18:15.537+0000] {override.py:1829} INFO - Created Permission View: can delete on DAG:monitoring_pipeline
[2026-04-25T19:18:15.537+0000] {logging_mixin.py:188} INFO - [2026-04-25T19:18:15.537+0000] {dag.py:3096} INFO - Sync 1 DAGs
[2026-04-25T19:18:15.547+0000] {logging_mixin.py:188} INFO - [2026-04-25T19:18:15.547+0000] {dag.py:3118} INFO - Creating ORM DAG for monitoring_pipeline
[2026-04-25T19:18:15.557+0000] {logging_mixin.py:188} INFO - [2026-04-25T19:18:15.556+0000] {dag.py:3954} INFO - Setting next_dagrun for monitoring_pipeline to 2026-04-24 00:00:00+00:00, run_after=2026-04-25 00:00:00+00:00
[2026-04-25T19:18:15.573+0000] {processor.py:183} INFO - Processing /opt/airflow/dags/monitoring_pipeline_dag.py took 0.291 seconds
[2026-04-25T19:18:45.738+0000] {processor.py:161} INFO - Started process (PID=191) to work on /opt/airflow/dags/monitoring_pipeline_dag.py
[2026-04-25T19:18:45.740+0000] {processor.py:830} INFO - Processing file /opt/airflow/dags/monitoring_pipeline_dag.py for tasks to queue
[2026-04-25T19:18:45.743+0000] {logging_mixin.py:188} INFO - [2026-04-25T19:18:45.742+0000] {dagbag.py:545} INFO - Filling up the DagBag from /opt/airflow/dags/monitoring_pipeline_dag.py
[2026-04-25T19:18:45.755+0000] {processor.py:840} INFO - DAG(s) 'monitoring_pipeline' retrieved from /opt/airflow/dags/monitoring_pipeline_dag.py
[2026-04-25T19:18:45.787+0000] {logging_mixin.py:188} INFO - [2026-04-25T19:18:45.786+0000] {dag.py:3096} INFO - Sync 1 DAGs
[2026-04-25T19:18:45.809+0000] {logging_mixin.py:188} INFO - [2026-04-25T19:18:45.809+0000] {dag.py:3954} INFO - Setting next_dagrun for monitoring_pipeline to 2026-04-24 00:00:00+00:00, run_after=2026-04-25 00:00:00+00:00
[2026-04-25T19:18:45.828+0000] {processor.py:183} INFO - Processing /opt/airflow/dags/monitoring_pipeline_dag.py took 0.096 seconds
[2026-04-25T19:19:15.988+0000] {processor.py:161} INFO - Started process (PID=206) to work on /opt/airflow/dags/monitoring_pipeline_dag.py
[2026-04-25T19:19:15.989+0000] {processor.py:830} INFO - Processing file /opt/airflow/dags/monitoring_pipeline_dag.py for tasks to queue
[2026-04-25T19:19:15.990+0000] {logging_mixin.py:188} INFO - [2026-04-25T19:19:15.990+0000] {dagbag.py:545} INFO - Filling up the DagBag from /opt/airflow/dags/monitoring_pipeline_dag.py
[2026-04-25T19:19:16.003+0000] {processor.py:840} INFO - DAG(s) 'monitoring_pipeline' retrieved from /opt/airflow/dags/monitoring_pipeline_dag.py
[2026-04-25T19:19:16.035+0000] {logging_mixin.py:188} INFO - [2026-04-25T19:19:16.034+0000] {dag.py:3096} INFO - Sync 1 DAGs
[2026-04-25T19:19:16.055+0000] {logging_mixin.py:188} INFO - [2026-04-25T19:19:16.055+0000] {dag.py:3954} INFO - Setting next_dagrun for monitoring_pipeline to 2026-04-24 00:00:00+00:00, run_after=2026-04-25 00:00:00+00:00
[2026-04-25T19:19:16.075+0000] {processor.py:183} INFO - Processing /opt/airflow/dags/monitoring_pipeline_dag.py took 0.093 seconds
[2026-04-25T19:19:46.249+0000] {processor.py:161} INFO - Started process (PID=221) to work on /opt/airflow/dags/monitoring_pipeline_dag.py
[2026-04-25T19:19:46.252+0000] {processor.py:830} INFO - Processing file /opt/airflow/dags/monitoring_pipeline_dag.py for tasks to queue
[2026-04-25T19:19:46.254+0000] {logging_mixin.py:188} INFO - [2026-04-25T19:19:46.253+0000] {dagbag.py:545} INFO - Filling up the DagBag from /opt/airflow/dags/monitoring_pipeline_dag.py
[2026-04-25T19:19:46.263+0000] {processor.py:840} INFO - DAG(s) 'monitoring_pipeline' retrieved from /opt/airflow/dags/monitoring_pipeline_dag.py
[2026-04-25T19:19:46.291+0000] {logging_mixin.py:188} INFO - [2026-04-25T19:19:46.290+0000] {dag.py:3096} INFO - Sync 1 DAGs
[2026-04-25T19:19:46.313+0000] {logging_mixin.py:188} INFO - [2026-04-25T19:19:46.313+0000] {dag.py:3954} INFO - Setting next_dagrun for monitoring_pipeline to 2026-04-24 00:00:00+00:00, run_after=2026-04-25 00:00:00+00:00
[2026-04-25T19:19:46.333+0000] {processor.py:183} INFO - Processing /opt/airflow/dags/monitoring_pipeline_dag.py took 0.089 seconds
[2026-04-25T19:20:16.508+0000] {processor.py:161} INFO - Started process (PID=417) to work on /opt/airflow/dags/monitoring_pipeline_dag.py
[2026-04-25T19:20:16.510+0000] {processor.py:830} INFO - Processing file /opt/airflow/dags/monitoring_pipeline_dag.py for tasks to queue
[2026-04-25T19:20:16.513+0000] {logging_mixin.py:188} INFO - [2026-04-25T19:20:16.512+0000] {dagbag.py:545} INFO - Filling up the DagBag from /opt/airflow/dags/monitoring_pipeline_dag.py
[2026-04-25T19:20:16.523+0000] {processor.py:840} INFO - DAG(s) 'monitoring_pipeline' retrieved from /opt/airflow/dags/monitoring_pipeline_dag.py
[2026-04-25T19:20:16.559+0000] {logging_mixin.py:188} INFO - [2026-04-25T19:20:16.559+0000] {dag.py:3096} INFO - Sync 1 DAGs
[2026-04-25T19:20:16.585+0000] {logging_mixin.py:188} INFO - [2026-04-25T19:20:16.585+0000] {dag.py:3954} INFO - Setting next_dagrun for monitoring_pipeline to 2026-04-25 00:00:00+00:00, run_after=2026-04-26 00:00:00+00:00
[2026-04-25T19:20:16.603+0000] {processor.py:183} INFO - Processing /opt/airflow/dags/monitoring_pipeline_dag.py took 0.102 seconds
[2026-04-25T19:20:46.763+0000] {processor.py:161} INFO - Started process (PID=455) to work on /opt/airflow/dags/monitoring_pipeline_dag.py
[2026-04-25T19:20:46.765+0000] {processor.py:830} INFO - Processing file /opt/airflow/dags/monitoring_pipeline_dag.py for tasks to queue
[2026-04-25T19:20:46.767+0000] {logging_mixin.py:188} INFO - [2026-04-25T19:20:46.767+0000] {dagbag.py:545} INFO - Filling up the DagBag from /opt/airflow/dags/monitoring_pipeline_dag.py
[2026-04-25T19:20:46.778+0000] {processor.py:840} INFO - DAG(s) 'monitoring_pipeline' retrieved from /opt/airflow/dags/monitoring_pipeline_dag.py
[2026-04-25T19:20:46.805+0000] {logging_mixin.py:188} INFO - [2026-04-25T19:20:46.805+0000] {dag.py:3096} INFO - Sync 1 DAGs
[2026-04-25T19:20:46.826+0000] {logging_mixin.py:188} INFO - [2026-04-25T19:20:46.825+0000] {dag.py:3954} INFO - Setting next_dagrun for monitoring_pipeline to 2026-04-25 00:00:00+00:00, run_after=2026-04-26 00:00:00+00:00
[2026-04-25T19:20:46.844+0000] {processor.py:183} INFO - Processing /opt/airflow/dags/monitoring_pipeline_dag.py took 0.086 seconds
[2026-04-25T19:21:17.017+0000] {processor.py:161} INFO - Started process (PID=470) to work on /opt/airflow/dags/monitoring_pipeline_dag.py
[2026-04-25T19:21:17.019+0000] {processor.py:830} INFO - Processing file /opt/airflow/dags/monitoring_pipeline_dag.py for tasks to queue
[2026-04-25T19:21:17.020+0000] {logging_mixin.py:188} INFO - [2026-04-25T19:21:17.020+0000] {dagbag.py:545} INFO - Filling up the DagBag from /opt/airflow/dags/monitoring_pipeline_dag.py
[2026-04-25T19:21:17.031+0000] {processor.py:840} INFO - DAG(s) 'monitoring_pipeline' retrieved from /opt/airflow/dags/monitoring_pipeline_dag.py
[2026-04-25T19:21:17.061+0000] {logging_mixin.py:188} INFO - [2026-04-25T19:21:17.060+0000] {dag.py:3096} INFO - Sync 1 DAGs
[2026-04-25T19:21:17.084+0000] {logging_mixin.py:188} INFO - [2026-04-25T19:21:17.084+0000] {dag.py:3954} INFO - Setting next_dagrun for monitoring_pipeline to 2026-04-25 00:00:00+00:00, run_after=2026-04-26 00:00:00+00:00
[2026-04-25T19:21:17.102+0000] {processor.py:183} INFO - Processing /opt/airflow/dags/monitoring_pipeline_dag.py took 0.090 seconds
[2026-04-25T19:21:47.283+0000] {processor.py:161} INFO - Started process (PID=485) to work on /opt/airflow/dags/monitoring_pipeline_dag.py
[2026-04-25T19:21:47.285+0000] {processor.py:830} INFO - Processing file /opt/airflow/dags/monitoring_pipeline_dag.py for tasks to queue
[2026-04-25T19:21:47.286+0000] {logging_mixin.py:188} INFO - [2026-04-25T19:21:47.286+0000] {dagbag.py:545} INFO - Filling up the DagBag from /opt/airflow/dags/monitoring_pipeline_dag.py
[2026-04-25T19:21:47.296+0000] {processor.py:840} INFO - DAG(s) 'monitoring_pipeline' retrieved from /opt/airflow/dags/monitoring_pipeline_dag.py
[2026-04-25T19:21:47.324+0000] {logging_mixin.py:188} INFO - [2026-04-25T19:21:47.324+0000] {dag.py:3096} INFO - Sync 1 DAGs
[2026-04-25T19:21:47.347+0000] {logging_mixin.py:188} INFO - [2026-04-25T19:21:47.346+0000] {dag.py:3954} INFO - Setting next_dagrun for monitoring_pipeline to 2026-04-25 00:00:00+00:00, run_after=2026-04-26 00:00:00+00:00
[2026-04-25T19:21:47.364+0000] {processor.py:183} INFO - Processing /opt/airflow/dags/monitoring_pipeline_dag.py took 0.087 seconds
[2026-04-25T19:22:17.537+0000] {processor.py:161} INFO - Started process (PID=500) to work on /opt/airflow/dags/monitoring_pipeline_dag.py
[2026-04-25T19:22:17.538+0000] {processor.py:830} INFO - Processing file /opt/airflow/dags/monitoring_pipeline_dag.py for tasks to queue
[2026-04-25T19:22:17.540+0000] {logging_mixin.py:188} INFO - [2026-04-25T19:22:17.539+0000] {dagbag.py:545} INFO - Filling up the DagBag from /opt/airflow/dags/monitoring_pipeline_dag.py
[2026-04-25T19:22:17.550+0000] {processor.py:840} INFO - DAG(s) 'monitoring_pipeline' retrieved from /opt/airflow/dags/monitoring_pipeline_dag.py
[2026-04-25T19:22:17.577+0000] {logging_mixin.py:188} INFO - [2026-04-25T19:22:17.577+0000] {dag.py:3096} INFO - Sync 1 DAGs
[2026-04-25T19:22:17.597+0000] {logging_mixin.py:188} INFO - [2026-04-25T19:22:17.597+0000] {dag.py:3954} INFO - Setting next_dagrun for monitoring_pipeline to 2026-04-25 00:00:00+00:00, run_after=2026-04-26 00:00:00+00:00
[2026-04-25T19:22:17.616+0000] {processor.py:183} INFO - Processing /opt/airflow/dags/monitoring_pipeline_dag.py took 0.084 seconds
[2026-04-25T19:22:47.785+0000] {processor.py:161} INFO - Started process (PID=515) to work on /opt/airflow/dags/monitoring_pipeline_dag.py
[2026-04-25T19:22:47.787+0000] {processor.py:830} INFO - Processing file /opt/airflow/dags/monitoring_pipeline_dag.py for tasks to queue
[2026-04-25T19:22:47.788+0000] {logging_mixin.py:188} INFO - [2026-04-25T19:22:47.788+0000] {dagbag.py:545} INFO - Filling up the DagBag from /opt/airflow/dags/monitoring_pipeline_dag.py
[2026-04-25T19:22:47.798+0000] {processor.py:840} INFO - DAG(s) 'monitoring_pipeline' retrieved from /opt/airflow/dags/monitoring_pipeline_dag.py
[2026-04-25T19:22:47.828+0000] {logging_mixin.py:188} INFO - [2026-04-25T19:22:47.827+0000] {dag.py:3096} INFO - Sync 1 DAGs
[2026-04-25T19:22:47.850+0000] {logging_mixin.py:188} INFO - [2026-04-25T19:22:47.850+0000] {dag.py:3954} INFO - Setting next_dagrun for monitoring_pipeline to 2026-04-25 00:00:00+00:00, run_after=2026-04-26 00:00:00+00:00
[2026-04-25T19:22:47.869+0000] {processor.py:183} INFO - Processing /opt/airflow/dags/monitoring_pipeline_dag.py took 0.089 seconds
[2026-04-25T19:23:18.047+0000] {processor.py:161} INFO - Started process (PID=530) to work on /opt/airflow/dags/monitoring_pipeline_dag.py
[2026-04-25T19:23:18.050+0000] {processor.py:830} INFO - Processing file /opt/airflow/dags/monitoring_pipeline_dag.py for tasks to queue
[2026-04-25T19:23:18.052+0000] {logging_mixin.py:188} INFO - [2026-04-25T19:23:18.051+0000] {dagbag.py:545} INFO - Filling up the DagBag from /opt/airflow/dags/monitoring_pipeline_dag.py
[2026-04-25T19:23:18.064+0000] {processor.py:840} INFO - DAG(s) 'monitoring_pipeline' retrieved from /opt/airflow/dags/monitoring_pipeline_dag.py
[2026-04-25T19:23:18.093+0000] {logging_mixin.py:188} INFO - [2026-04-25T19:23:18.093+0000] {dag.py:3096} INFO - Sync 1 DAGs
[2026-04-25T19:23:18.115+0000] {logging_mixin.py:188} INFO - [2026-04-25T19:23:18.115+0000] {dag.py:3954} INFO - Setting next_dagrun for monitoring_pipeline to 2026-04-25 00:00:00+00:00, run_after=2026-04-26 00:00:00+00:00
[2026-04-25T19:23:18.134+0000] {processor.py:183} INFO - Processing /opt/airflow/dags/monitoring_pipeline_dag.py took 0.092 seconds
[2026-04-25T19:23:48.308+0000] {processor.py:161} INFO - Started process (PID=545) to work on /opt/airflow/dags/monitoring_pipeline_dag.py
[2026-04-25T19:23:48.310+0000] {processor.py:830} INFO - Processing file /opt/airflow/dags/monitoring_pipeline_dag.py for tasks to queue
[2026-04-25T19:23:48.312+0000] {logging_mixin.py:188} INFO - [2026-04-25T19:23:48.311+0000] {dagbag.py:545} INFO - Filling up the DagBag from /opt/airflow/dags/monitoring_pipeline_dag.py
[2026-04-25T19:23:48.323+0000] {processor.py:840} INFO - DAG(s) 'monitoring_pipeline' retrieved from /opt/airflow/dags/monitoring_pipeline_dag.py
[2026-04-25T19:23:48.351+0000] {logging_mixin.py:188} INFO - [2026-04-25T19:23:48.351+0000] {dag.py:3096} INFO - Sync 1 DAGs
[2026-04-25T19:23:48.373+0000] {logging_mixin.py:188} INFO - [2026-04-25T19:23:48.372+0000] {dag.py:3954} INFO - Setting next_dagrun for monitoring_pipeline to 2026-04-25 00:00:00+00:00, run_after=2026-04-26 00:00:00+00:00
[2026-04-25T19:23:48.389+0000] {processor.py:183} INFO - Processing /opt/airflow/dags/monitoring_pipeline_dag.py took 0.086 seconds
[2026-04-25T19:24:18.559+0000] {processor.py:161} INFO - Started process (PID=560) to work on /opt/airflow/dags/monitoring_pipeline_dag.py
[2026-04-25T19:24:18.561+0000] {processor.py:830} INFO - Processing file /opt/airflow/dags/monitoring_pipeline_dag.py for tasks to queue
[2026-04-25T19:24:18.562+0000] {logging_mixin.py:188} INFO - [2026-04-25T19:24:18.562+0000] {dagbag.py:545} INFO - Filling up the DagBag from /opt/airflow/dags/monitoring_pipeline_dag.py
[2026-04-25T19:24:18.572+0000] {processor.py:840} INFO - DAG(s) 'monitoring_pipeline' retrieved from /opt/airflow/dags/monitoring_pipeline_dag.py
[2026-04-25T19:24:18.599+0000] {logging_mixin.py:188} INFO - [2026-04-25T19:24:18.598+0000] {dag.py:3096} INFO - Sync 1 DAGs
[2026-04-25T19:24:18.619+0000] {logging_mixin.py:188} INFO - [2026-04-25T19:24:18.619+0000] {dag.py:3954} INFO - Setting next_dagrun for monitoring_pipeline to 2026-04-25 00:00:00+00:00, run_after=2026-04-26 00:00:00+00:00
[2026-04-25T19:24:18.637+0000] {processor.py:183} INFO - Processing /opt/airflow/dags/monitoring_pipeline_dag.py took 0.083 seconds
[2026-04-25T19:24:48.806+0000] {processor.py:161} INFO - Started process (PID=575) to work on /opt/airflow/dags/monitoring_pipeline_dag.py
[2026-04-25T19:24:48.808+0000] {processor.py:830} INFO - Processing file /opt/airflow/dags/monitoring_pipeline_dag.py for tasks to queue
[2026-04-25T19:24:48.810+0000] {logging_mixin.py:188} INFO - [2026-04-25T19:24:48.810+0000] {dagbag.py:545} INFO - Filling up the DagBag from /opt/airflow/dags/monitoring_pipeline_dag.py
[2026-04-25T19:24:48.822+0000] {processor.py:840} INFO - DAG(s) 'monitoring_pipeline' retrieved from /opt/airflow/dags/monitoring_pipeline_dag.py
[2026-04-25T19:24:48.850+0000] {logging_mixin.py:188} INFO - [2026-04-25T19:24:48.850+0000] {dag.py:3096} INFO - Sync 1 DAGs
[2026-04-25T19:24:48.872+0000] {logging_mixin.py:188} INFO - [2026-04-25T19:24:48.871+0000] {dag.py:3954} INFO - Setting next_dagrun for monitoring_pipeline to 2026-04-25 00:00:00+00:00, run_after=2026-04-26 00:00:00+00:00
[2026-04-25T19:24:48.890+0000] {processor.py:183} INFO - Processing /opt/airflow/dags/monitoring_pipeline_dag.py took 0.090 seconds
[2026-04-25T19:25:19.064+0000] {processor.py:161} INFO - Started process (PID=590) to work on /opt/airflow/dags/monitoring_pipeline_dag.py
[2026-04-25T19:25:19.065+0000] {processor.py:830} INFO - Processing file /opt/airflow/dags/monitoring_pipeline_dag.py for tasks to queue
[2026-04-25T19:25:19.066+0000] {logging_mixin.py:188} INFO - [2026-04-25T19:25:19.066+0000] {dagbag.py:545} INFO - Filling up the DagBag from /opt/airflow/dags/monitoring_pipeline_dag.py
[2026-04-25T19:25:19.078+0000] {processor.py:840} INFO - DAG(s) 'monitoring_pipeline' retrieved from /opt/airflow/dags/monitoring_pipeline_dag.py
[2026-04-25T19:25:19.115+0000] {logging_mixin.py:188} INFO - [2026-04-25T19:25:19.114+0000] {dag.py:3096} INFO - Sync 1 DAGs
[2026-04-25T19:25:19.142+0000] {logging_mixin.py:188} INFO - [2026-04-25T19:25:19.141+0000] {dag.py:3954} INFO - Setting next_dagrun for monitoring_pipeline to 2026-04-25 00:00:00+00:00, run_after=2026-04-26 00:00:00+00:00
[2026-04-25T19:25:19.159+0000] {processor.py:183} INFO - Processing /opt/airflow/dags/monitoring_pipeline_dag.py took 0.102 seconds
