[2026-04-25T17:02:12.074+0000] {processor.py:161} INFO - Started process (PID=186) to work on /opt/airflow/dags/training_pipeline_dag.py
[2026-04-25T17:02:12.074+0000] {processor.py:830} INFO - Processing file /opt/airflow/dags/training_pipeline_dag.py for tasks to queue
[2026-04-25T17:02:12.076+0000] {logging_mixin.py:188} INFO - [2026-04-25T17:02:12.075+0000] {dagbag.py:545} INFO - Filling up the DagBag from /opt/airflow/dags/training_pipeline_dag.py
[2026-04-25T17:02:12.089+0000] {processor.py:840} INFO - DAG(s) 'training_pipeline' retrieved from /opt/airflow/dags/training_pipeline_dag.py
[2026-04-25T17:02:12.204+0000] {logging_mixin.py:188} INFO - [2026-04-25T17:02:12.203+0000] {override.py:1829} INFO - Created Permission View: can read on DAG:training_pipeline
[2026-04-25T17:02:12.219+0000] {logging_mixin.py:188} INFO - [2026-04-25T17:02:12.218+0000] {override.py:1829} INFO - Created Permission View: can delete on DAG:training_pipeline
[2026-04-25T17:02:12.227+0000] {logging_mixin.py:188} INFO - [2026-04-25T17:02:12.226+0000] {override.py:1829} INFO - Created Permission View: can edit on DAG:training_pipeline
[2026-04-25T17:02:12.227+0000] {logging_mixin.py:188} INFO - [2026-04-25T17:02:12.227+0000] {dag.py:3096} INFO - Sync 1 DAGs
[2026-04-25T17:02:12.236+0000] {logging_mixin.py:188} INFO - [2026-04-25T17:02:12.236+0000] {dag.py:3118} INFO - Creating ORM DAG for training_pipeline
[2026-04-25T17:02:12.249+0000] {logging_mixin.py:188} INFO - [2026-04-25T17:02:12.249+0000] {dag.py:3954} INFO - Setting next_dagrun for training_pipeline to 2026-04-24 00:00:00+00:00, run_after=2026-04-25 00:00:00+00:00
[2026-04-25T17:02:12.278+0000] {processor.py:183} INFO - Processing /opt/airflow/dags/training_pipeline_dag.py took 0.210 seconds
[2026-04-25T17:02:43.239+0000] {processor.py:161} INFO - Started process (PID=201) to work on /opt/airflow/dags/training_pipeline_dag.py
[2026-04-25T17:02:43.242+0000] {processor.py:830} INFO - Processing file /opt/airflow/dags/training_pipeline_dag.py for tasks to queue
[2026-04-25T17:02:43.243+0000] {logging_mixin.py:188} INFO - [2026-04-25T17:02:43.243+0000] {dagbag.py:545} INFO - Filling up the DagBag from /opt/airflow/dags/training_pipeline_dag.py
[2026-04-25T17:02:43.257+0000] {processor.py:840} INFO - DAG(s) 'training_pipeline' retrieved from /opt/airflow/dags/training_pipeline_dag.py
[2026-04-25T17:02:43.280+0000] {logging_mixin.py:188} INFO - [2026-04-25T17:02:43.279+0000] {dag.py:3096} INFO - Sync 1 DAGs
[2026-04-25T17:02:43.298+0000] {logging_mixin.py:188} INFO - [2026-04-25T17:02:43.298+0000] {dag.py:3954} INFO - Setting next_dagrun for training_pipeline to 2026-04-24 00:00:00+00:00, run_after=2026-04-25 00:00:00+00:00
[2026-04-25T17:02:43.316+0000] {processor.py:183} INFO - Processing /opt/airflow/dags/training_pipeline_dag.py took 0.081 seconds
[2026-04-25T17:03:13.415+0000] {processor.py:161} INFO - Started process (PID=216) to work on /opt/airflow/dags/training_pipeline_dag.py
[2026-04-25T17:03:13.416+0000] {processor.py:830} INFO - Processing file /opt/airflow/dags/training_pipeline_dag.py for tasks to queue
[2026-04-25T17:03:13.418+0000] {logging_mixin.py:188} INFO - [2026-04-25T17:03:13.417+0000] {dagbag.py:545} INFO - Filling up the DagBag from /opt/airflow/dags/training_pipeline_dag.py
[2026-04-25T17:03:13.426+0000] {processor.py:840} INFO - DAG(s) 'training_pipeline' retrieved from /opt/airflow/dags/training_pipeline_dag.py
[2026-04-25T17:03:13.448+0000] {logging_mixin.py:188} INFO - [2026-04-25T17:03:13.448+0000] {dag.py:3096} INFO - Sync 1 DAGs
[2026-04-25T17:03:13.465+0000] {logging_mixin.py:188} INFO - [2026-04-25T17:03:13.465+0000] {dag.py:3954} INFO - Setting next_dagrun for training_pipeline to 2026-04-24 00:00:00+00:00, run_after=2026-04-25 00:00:00+00:00
[2026-04-25T17:03:13.481+0000] {processor.py:183} INFO - Processing /opt/airflow/dags/training_pipeline_dag.py took 0.071 seconds
[2026-04-25T17:03:43.586+0000] {processor.py:161} INFO - Started process (PID=231) to work on /opt/airflow/dags/training_pipeline_dag.py
[2026-04-25T17:03:43.588+0000] {processor.py:830} INFO - Processing file /opt/airflow/dags/training_pipeline_dag.py for tasks to queue
[2026-04-25T17:03:43.590+0000] {logging_mixin.py:188} INFO - [2026-04-25T17:03:43.590+0000] {dagbag.py:545} INFO - Filling up the DagBag from /opt/airflow/dags/training_pipeline_dag.py
[2026-04-25T17:03:43.598+0000] {processor.py:840} INFO - DAG(s) 'training_pipeline' retrieved from /opt/airflow/dags/training_pipeline_dag.py
[2026-04-25T17:03:43.621+0000] {logging_mixin.py:188} INFO - [2026-04-25T17:03:43.621+0000] {dag.py:3096} INFO - Sync 1 DAGs
[2026-04-25T17:03:43.645+0000] {logging_mixin.py:188} INFO - [2026-04-25T17:03:43.645+0000] {dag.py:3954} INFO - Setting next_dagrun for training_pipeline to 2026-04-24 00:00:00+00:00, run_after=2026-04-25 00:00:00+00:00
[2026-04-25T17:03:43.663+0000] {processor.py:183} INFO - Processing /opt/airflow/dags/training_pipeline_dag.py took 0.081 seconds
[2026-04-25T17:04:13.816+0000] {processor.py:161} INFO - Started process (PID=246) to work on /opt/airflow/dags/training_pipeline_dag.py
[2026-04-25T17:04:13.817+0000] {processor.py:830} INFO - Processing file /opt/airflow/dags/training_pipeline_dag.py for tasks to queue
[2026-04-25T17:04:13.821+0000] {logging_mixin.py:188} INFO - [2026-04-25T17:04:13.820+0000] {dagbag.py:545} INFO - Filling up the DagBag from /opt/airflow/dags/training_pipeline_dag.py
[2026-04-25T17:04:13.835+0000] {processor.py:840} INFO - DAG(s) 'training_pipeline' retrieved from /opt/airflow/dags/training_pipeline_dag.py
[2026-04-25T17:04:13.867+0000] {logging_mixin.py:188} INFO - [2026-04-25T17:04:13.866+0000] {dag.py:3096} INFO - Sync 1 DAGs
[2026-04-25T17:04:13.890+0000] {logging_mixin.py:188} INFO - [2026-04-25T17:04:13.890+0000] {dag.py:3954} INFO - Setting next_dagrun for training_pipeline to 2026-04-24 00:00:00+00:00, run_after=2026-04-25 00:00:00+00:00
[2026-04-25T17:04:13.912+0000] {processor.py:183} INFO - Processing /opt/airflow/dags/training_pipeline_dag.py took 0.105 seconds
[2026-04-25T17:04:44.004+0000] {processor.py:161} INFO - Started process (PID=263) to work on /opt/airflow/dags/training_pipeline_dag.py
[2026-04-25T17:04:44.006+0000] {processor.py:830} INFO - Processing file /opt/airflow/dags/training_pipeline_dag.py for tasks to queue
[2026-04-25T17:04:44.008+0000] {logging_mixin.py:188} INFO - [2026-04-25T17:04:44.007+0000] {dagbag.py:545} INFO - Filling up the DagBag from /opt/airflow/dags/training_pipeline_dag.py
[2026-04-25T17:04:44.017+0000] {processor.py:840} INFO - DAG(s) 'training_pipeline' retrieved from /opt/airflow/dags/training_pipeline_dag.py
[2026-04-25T17:04:44.044+0000] {logging_mixin.py:188} INFO - [2026-04-25T17:04:44.044+0000] {dag.py:3096} INFO - Sync 1 DAGs
[2026-04-25T17:04:44.066+0000] {logging_mixin.py:188} INFO - [2026-04-25T17:04:44.065+0000] {dag.py:3954} INFO - Setting next_dagrun for training_pipeline to 2026-04-24 00:00:00+00:00, run_after=2026-04-25 00:00:00+00:00
[2026-04-25T17:04:44.084+0000] {processor.py:183} INFO - Processing /opt/airflow/dags/training_pipeline_dag.py took 0.084 seconds
[2026-04-25T17:05:14.204+0000] {processor.py:161} INFO - Started process (PID=278) to work on /opt/airflow/dags/training_pipeline_dag.py
[2026-04-25T17:05:14.206+0000] {processor.py:830} INFO - Processing file /opt/airflow/dags/training_pipeline_dag.py for tasks to queue
[2026-04-25T17:05:14.208+0000] {logging_mixin.py:188} INFO - [2026-04-25T17:05:14.207+0000] {dagbag.py:545} INFO - Filling up the DagBag from /opt/airflow/dags/training_pipeline_dag.py
[2026-04-25T17:05:14.218+0000] {processor.py:840} INFO - DAG(s) 'training_pipeline' retrieved from /opt/airflow/dags/training_pipeline_dag.py
[2026-04-25T17:05:14.241+0000] {logging_mixin.py:188} INFO - [2026-04-25T17:05:14.241+0000] {dag.py:3096} INFO - Sync 1 DAGs
[2026-04-25T17:05:14.262+0000] {logging_mixin.py:188} INFO - [2026-04-25T17:05:14.262+0000] {dag.py:3954} INFO - Setting next_dagrun for training_pipeline to 2026-04-24 00:00:00+00:00, run_after=2026-04-25 00:00:00+00:00
[2026-04-25T17:05:14.282+0000] {processor.py:183} INFO - Processing /opt/airflow/dags/training_pipeline_dag.py took 0.083 seconds
[2026-04-25T17:05:44.398+0000] {processor.py:161} INFO - Started process (PID=293) to work on /opt/airflow/dags/training_pipeline_dag.py
[2026-04-25T17:05:44.401+0000] {processor.py:830} INFO - Processing file /opt/airflow/dags/training_pipeline_dag.py for tasks to queue
[2026-04-25T17:05:44.403+0000] {logging_mixin.py:188} INFO - [2026-04-25T17:05:44.402+0000] {dagbag.py:545} INFO - Filling up the DagBag from /opt/airflow/dags/training_pipeline_dag.py
[2026-04-25T17:05:44.412+0000] {processor.py:840} INFO - DAG(s) 'training_pipeline' retrieved from /opt/airflow/dags/training_pipeline_dag.py
[2026-04-25T17:05:44.437+0000] {logging_mixin.py:188} INFO - [2026-04-25T17:05:44.437+0000] {dag.py:3096} INFO - Sync 1 DAGs
[2026-04-25T17:05:44.458+0000] {logging_mixin.py:188} INFO - [2026-04-25T17:05:44.457+0000] {dag.py:3954} INFO - Setting next_dagrun for training_pipeline to 2026-04-24 00:00:00+00:00, run_after=2026-04-25 00:00:00+00:00
[2026-04-25T17:05:44.478+0000] {processor.py:183} INFO - Processing /opt/airflow/dags/training_pipeline_dag.py took 0.085 seconds
[2026-04-25T17:06:14.603+0000] {processor.py:161} INFO - Started process (PID=308) to work on /opt/airflow/dags/training_pipeline_dag.py
[2026-04-25T17:06:14.604+0000] {processor.py:830} INFO - Processing file /opt/airflow/dags/training_pipeline_dag.py for tasks to queue
[2026-04-25T17:06:14.605+0000] {logging_mixin.py:188} INFO - [2026-04-25T17:06:14.605+0000] {dagbag.py:545} INFO - Filling up the DagBag from /opt/airflow/dags/training_pipeline_dag.py
[2026-04-25T17:06:14.615+0000] {processor.py:840} INFO - DAG(s) 'training_pipeline' retrieved from /opt/airflow/dags/training_pipeline_dag.py
[2026-04-25T17:06:14.640+0000] {logging_mixin.py:188} INFO - [2026-04-25T17:06:14.640+0000] {dag.py:3096} INFO - Sync 1 DAGs
[2026-04-25T17:06:14.659+0000] {logging_mixin.py:188} INFO - [2026-04-25T17:06:14.659+0000] {dag.py:3954} INFO - Setting next_dagrun for training_pipeline to 2026-04-24 00:00:00+00:00, run_after=2026-04-25 00:00:00+00:00
[2026-04-25T17:06:14.681+0000] {processor.py:183} INFO - Processing /opt/airflow/dags/training_pipeline_dag.py took 0.083 seconds
[2026-04-25T17:06:44.801+0000] {processor.py:161} INFO - Started process (PID=323) to work on /opt/airflow/dags/training_pipeline_dag.py
[2026-04-25T17:06:44.803+0000] {processor.py:830} INFO - Processing file /opt/airflow/dags/training_pipeline_dag.py for tasks to queue
[2026-04-25T17:06:44.805+0000] {logging_mixin.py:188} INFO - [2026-04-25T17:06:44.804+0000] {dagbag.py:545} INFO - Filling up the DagBag from /opt/airflow/dags/training_pipeline_dag.py
[2026-04-25T17:06:44.815+0000] {processor.py:840} INFO - DAG(s) 'training_pipeline' retrieved from /opt/airflow/dags/training_pipeline_dag.py
[2026-04-25T17:06:44.841+0000] {logging_mixin.py:188} INFO - [2026-04-25T17:06:44.840+0000] {dag.py:3096} INFO - Sync 1 DAGs
[2026-04-25T17:06:44.861+0000] {logging_mixin.py:188} INFO - [2026-04-25T17:06:44.861+0000] {dag.py:3954} INFO - Setting next_dagrun for training_pipeline to 2026-04-24 00:00:00+00:00, run_after=2026-04-25 00:00:00+00:00
[2026-04-25T17:06:44.879+0000] {processor.py:183} INFO - Processing /opt/airflow/dags/training_pipeline_dag.py took 0.083 seconds
[2026-04-25T17:07:15.024+0000] {processor.py:161} INFO - Started process (PID=338) to work on /opt/airflow/dags/training_pipeline_dag.py
[2026-04-25T17:07:15.026+0000] {processor.py:830} INFO - Processing file /opt/airflow/dags/training_pipeline_dag.py for tasks to queue
[2026-04-25T17:07:15.028+0000] {logging_mixin.py:188} INFO - [2026-04-25T17:07:15.028+0000] {dagbag.py:545} INFO - Filling up the DagBag from /opt/airflow/dags/training_pipeline_dag.py
[2026-04-25T17:07:15.038+0000] {processor.py:840} INFO - DAG(s) 'training_pipeline' retrieved from /opt/airflow/dags/training_pipeline_dag.py
[2026-04-25T17:07:15.065+0000] {logging_mixin.py:188} INFO - [2026-04-25T17:07:15.065+0000] {dag.py:3096} INFO - Sync 1 DAGs
[2026-04-25T17:07:15.085+0000] {logging_mixin.py:188} INFO - [2026-04-25T17:07:15.084+0000] {dag.py:3954} INFO - Setting next_dagrun for training_pipeline to 2026-04-24 00:00:00+00:00, run_after=2026-04-25 00:00:00+00:00
[2026-04-25T17:07:15.103+0000] {processor.py:183} INFO - Processing /opt/airflow/dags/training_pipeline_dag.py took 0.084 seconds
[2026-04-25T17:07:45.224+0000] {processor.py:161} INFO - Started process (PID=353) to work on /opt/airflow/dags/training_pipeline_dag.py
[2026-04-25T17:07:45.226+0000] {processor.py:830} INFO - Processing file /opt/airflow/dags/training_pipeline_dag.py for tasks to queue
[2026-04-25T17:07:45.228+0000] {logging_mixin.py:188} INFO - [2026-04-25T17:07:45.227+0000] {dagbag.py:545} INFO - Filling up the DagBag from /opt/airflow/dags/training_pipeline_dag.py
[2026-04-25T17:07:45.239+0000] {processor.py:840} INFO - DAG(s) 'training_pipeline' retrieved from /opt/airflow/dags/training_pipeline_dag.py
[2026-04-25T17:07:45.264+0000] {logging_mixin.py:188} INFO - [2026-04-25T17:07:45.263+0000] {dag.py:3096} INFO - Sync 1 DAGs
[2026-04-25T17:07:45.282+0000] {logging_mixin.py:188} INFO - [2026-04-25T17:07:45.282+0000] {dag.py:3954} INFO - Setting next_dagrun for training_pipeline to 2026-04-24 00:00:00+00:00, run_after=2026-04-25 00:00:00+00:00
[2026-04-25T17:07:45.301+0000] {processor.py:183} INFO - Processing /opt/airflow/dags/training_pipeline_dag.py took 0.083 seconds
[2026-04-25T17:08:15.430+0000] {processor.py:161} INFO - Started process (PID=368) to work on /opt/airflow/dags/training_pipeline_dag.py
[2026-04-25T17:08:15.433+0000] {processor.py:830} INFO - Processing file /opt/airflow/dags/training_pipeline_dag.py for tasks to queue
[2026-04-25T17:08:15.434+0000] {logging_mixin.py:188} INFO - [2026-04-25T17:08:15.434+0000] {dagbag.py:545} INFO - Filling up the DagBag from /opt/airflow/dags/training_pipeline_dag.py
[2026-04-25T17:08:15.444+0000] {processor.py:840} INFO - DAG(s) 'training_pipeline' retrieved from /opt/airflow/dags/training_pipeline_dag.py
[2026-04-25T17:08:15.472+0000] {logging_mixin.py:188} INFO - [2026-04-25T17:08:15.472+0000] {dag.py:3096} INFO - Sync 1 DAGs
[2026-04-25T17:08:15.492+0000] {logging_mixin.py:188} INFO - [2026-04-25T17:08:15.492+0000] {dag.py:3954} INFO - Setting next_dagrun for training_pipeline to 2026-04-24 00:00:00+00:00, run_after=2026-04-25 00:00:00+00:00
[2026-04-25T17:08:15.510+0000] {processor.py:183} INFO - Processing /opt/airflow/dags/training_pipeline_dag.py took 0.085 seconds
[2026-04-25T17:08:45.647+0000] {processor.py:161} INFO - Started process (PID=383) to work on /opt/airflow/dags/training_pipeline_dag.py
[2026-04-25T17:08:45.648+0000] {processor.py:830} INFO - Processing file /opt/airflow/dags/training_pipeline_dag.py for tasks to queue
[2026-04-25T17:08:45.649+0000] {logging_mixin.py:188} INFO - [2026-04-25T17:08:45.649+0000] {dagbag.py:545} INFO - Filling up the DagBag from /opt/airflow/dags/training_pipeline_dag.py
[2026-04-25T17:08:45.660+0000] {processor.py:840} INFO - DAG(s) 'training_pipeline' retrieved from /opt/airflow/dags/training_pipeline_dag.py
[2026-04-25T17:08:45.687+0000] {logging_mixin.py:188} INFO - [2026-04-25T17:08:45.687+0000] {dag.py:3096} INFO - Sync 1 DAGs
[2026-04-25T17:08:45.707+0000] {logging_mixin.py:188} INFO - [2026-04-25T17:08:45.707+0000] {dag.py:3954} INFO - Setting next_dagrun for training_pipeline to 2026-04-24 00:00:00+00:00, run_after=2026-04-25 00:00:00+00:00
[2026-04-25T17:08:45.725+0000] {processor.py:183} INFO - Processing /opt/airflow/dags/training_pipeline_dag.py took 0.085 seconds
[2026-04-25T17:09:15.864+0000] {processor.py:161} INFO - Started process (PID=398) to work on /opt/airflow/dags/training_pipeline_dag.py
[2026-04-25T17:09:15.866+0000] {processor.py:830} INFO - Processing file /opt/airflow/dags/training_pipeline_dag.py for tasks to queue
[2026-04-25T17:09:15.868+0000] {logging_mixin.py:188} INFO - [2026-04-25T17:09:15.868+0000] {dagbag.py:545} INFO - Filling up the DagBag from /opt/airflow/dags/training_pipeline_dag.py
[2026-04-25T17:09:15.878+0000] {processor.py:840} INFO - DAG(s) 'training_pipeline' retrieved from /opt/airflow/dags/training_pipeline_dag.py
[2026-04-25T17:09:15.905+0000] {logging_mixin.py:188} INFO - [2026-04-25T17:09:15.904+0000] {dag.py:3096} INFO - Sync 1 DAGs
[2026-04-25T17:09:15.923+0000] {logging_mixin.py:188} INFO - [2026-04-25T17:09:15.923+0000] {dag.py:3954} INFO - Setting next_dagrun for training_pipeline to 2026-04-24 00:00:00+00:00, run_after=2026-04-25 00:00:00+00:00
[2026-04-25T17:09:15.942+0000] {processor.py:183} INFO - Processing /opt/airflow/dags/training_pipeline_dag.py took 0.083 seconds
[2026-04-25T17:09:46.084+0000] {processor.py:161} INFO - Started process (PID=413) to work on /opt/airflow/dags/training_pipeline_dag.py
[2026-04-25T17:09:46.085+0000] {processor.py:830} INFO - Processing file /opt/airflow/dags/training_pipeline_dag.py for tasks to queue
[2026-04-25T17:09:46.086+0000] {logging_mixin.py:188} INFO - [2026-04-25T17:09:46.086+0000] {dagbag.py:545} INFO - Filling up the DagBag from /opt/airflow/dags/training_pipeline_dag.py
[2026-04-25T17:09:46.097+0000] {processor.py:840} INFO - DAG(s) 'training_pipeline' retrieved from /opt/airflow/dags/training_pipeline_dag.py
[2026-04-25T17:09:46.122+0000] {logging_mixin.py:188} INFO - [2026-04-25T17:09:46.122+0000] {dag.py:3096} INFO - Sync 1 DAGs
[2026-04-25T17:09:46.141+0000] {logging_mixin.py:188} INFO - [2026-04-25T17:09:46.141+0000] {dag.py:3954} INFO - Setting next_dagrun for training_pipeline to 2026-04-24 00:00:00+00:00, run_after=2026-04-25 00:00:00+00:00
[2026-04-25T17:09:46.159+0000] {processor.py:183} INFO - Processing /opt/airflow/dags/training_pipeline_dag.py took 0.081 seconds
[2026-04-25T17:10:16.283+0000] {processor.py:161} INFO - Started process (PID=428) to work on /opt/airflow/dags/training_pipeline_dag.py
[2026-04-25T17:10:16.285+0000] {processor.py:830} INFO - Processing file /opt/airflow/dags/training_pipeline_dag.py for tasks to queue
[2026-04-25T17:10:16.287+0000] {logging_mixin.py:188} INFO - [2026-04-25T17:10:16.287+0000] {dagbag.py:545} INFO - Filling up the DagBag from /opt/airflow/dags/training_pipeline_dag.py
[2026-04-25T17:10:16.297+0000] {processor.py:840} INFO - DAG(s) 'training_pipeline' retrieved from /opt/airflow/dags/training_pipeline_dag.py
[2026-04-25T17:10:16.324+0000] {logging_mixin.py:188} INFO - [2026-04-25T17:10:16.324+0000] {dag.py:3096} INFO - Sync 1 DAGs
[2026-04-25T17:10:16.344+0000] {logging_mixin.py:188} INFO - [2026-04-25T17:10:16.344+0000] {dag.py:3954} INFO - Setting next_dagrun for training_pipeline to 2026-04-24 00:00:00+00:00, run_after=2026-04-25 00:00:00+00:00
[2026-04-25T17:10:16.362+0000] {processor.py:183} INFO - Processing /opt/airflow/dags/training_pipeline_dag.py took 0.084 seconds
[2026-04-25T17:10:46.477+0000] {processor.py:161} INFO - Started process (PID=443) to work on /opt/airflow/dags/training_pipeline_dag.py
[2026-04-25T17:10:46.479+0000] {processor.py:830} INFO - Processing file /opt/airflow/dags/training_pipeline_dag.py for tasks to queue
[2026-04-25T17:10:46.482+0000] {logging_mixin.py:188} INFO - [2026-04-25T17:10:46.481+0000] {dagbag.py:545} INFO - Filling up the DagBag from /opt/airflow/dags/training_pipeline_dag.py
[2026-04-25T17:10:46.491+0000] {processor.py:840} INFO - DAG(s) 'training_pipeline' retrieved from /opt/airflow/dags/training_pipeline_dag.py
[2026-04-25T17:10:46.514+0000] {logging_mixin.py:188} INFO - [2026-04-25T17:10:46.514+0000] {dag.py:3096} INFO - Sync 1 DAGs
[2026-04-25T17:10:46.532+0000] {logging_mixin.py:188} INFO - [2026-04-25T17:10:46.532+0000] {dag.py:3954} INFO - Setting next_dagrun for training_pipeline to 2026-04-24 00:00:00+00:00, run_after=2026-04-25 00:00:00+00:00
[2026-04-25T17:10:46.548+0000] {processor.py:183} INFO - Processing /opt/airflow/dags/training_pipeline_dag.py took 0.076 seconds
[2026-04-25T17:11:16.667+0000] {processor.py:161} INFO - Started process (PID=458) to work on /opt/airflow/dags/training_pipeline_dag.py
[2026-04-25T17:11:16.669+0000] {processor.py:830} INFO - Processing file /opt/airflow/dags/training_pipeline_dag.py for tasks to queue
[2026-04-25T17:11:16.671+0000] {logging_mixin.py:188} INFO - [2026-04-25T17:11:16.671+0000] {dagbag.py:545} INFO - Filling up the DagBag from /opt/airflow/dags/training_pipeline_dag.py
[2026-04-25T17:11:16.681+0000] {processor.py:840} INFO - DAG(s) 'training_pipeline' retrieved from /opt/airflow/dags/training_pipeline_dag.py
[2026-04-25T17:11:16.706+0000] {logging_mixin.py:188} INFO - [2026-04-25T17:11:16.705+0000] {dag.py:3096} INFO - Sync 1 DAGs
[2026-04-25T17:11:16.725+0000] {logging_mixin.py:188} INFO - [2026-04-25T17:11:16.725+0000] {dag.py:3954} INFO - Setting next_dagrun for training_pipeline to 2026-04-24 00:00:00+00:00, run_after=2026-04-25 00:00:00+00:00
[2026-04-25T17:11:16.744+0000] {processor.py:183} INFO - Processing /opt/airflow/dags/training_pipeline_dag.py took 0.082 seconds
[2026-04-25T17:11:46.876+0000] {processor.py:161} INFO - Started process (PID=473) to work on /opt/airflow/dags/training_pipeline_dag.py
[2026-04-25T17:11:46.878+0000] {processor.py:830} INFO - Processing file /opt/airflow/dags/training_pipeline_dag.py for tasks to queue
[2026-04-25T17:11:46.880+0000] {logging_mixin.py:188} INFO - [2026-04-25T17:11:46.880+0000] {dagbag.py:545} INFO - Filling up the DagBag from /opt/airflow/dags/training_pipeline_dag.py
[2026-04-25T17:11:46.889+0000] {processor.py:840} INFO - DAG(s) 'training_pipeline' retrieved from /opt/airflow/dags/training_pipeline_dag.py
[2026-04-25T17:11:46.913+0000] {logging_mixin.py:188} INFO - [2026-04-25T17:11:46.913+0000] {dag.py:3096} INFO - Sync 1 DAGs
[2026-04-25T17:11:46.931+0000] {logging_mixin.py:188} INFO - [2026-04-25T17:11:46.931+0000] {dag.py:3954} INFO - Setting next_dagrun for training_pipeline to 2026-04-24 00:00:00+00:00, run_after=2026-04-25 00:00:00+00:00
[2026-04-25T17:11:46.948+0000] {processor.py:183} INFO - Processing /opt/airflow/dags/training_pipeline_dag.py took 0.077 seconds
[2026-04-25T17:36:10.533+0000] {processor.py:161} INFO - Started process (PID=186) to work on /opt/airflow/dags/training_pipeline_dag.py
[2026-04-25T17:36:10.534+0000] {processor.py:830} INFO - Processing file /opt/airflow/dags/training_pipeline_dag.py for tasks to queue
[2026-04-25T17:36:10.535+0000] {logging_mixin.py:188} INFO - [2026-04-25T17:36:10.535+0000] {dagbag.py:545} INFO - Filling up the DagBag from /opt/airflow/dags/training_pipeline_dag.py
[2026-04-25T17:36:10.548+0000] {processor.py:840} INFO - DAG(s) 'training_pipeline' retrieved from /opt/airflow/dags/training_pipeline_dag.py
[2026-04-25T17:36:10.633+0000] {logging_mixin.py:188} INFO - [2026-04-25T17:36:10.632+0000] {override.py:1829} INFO - Created Permission View: can read on DAG:training_pipeline
[2026-04-25T17:36:10.643+0000] {logging_mixin.py:188} INFO - [2026-04-25T17:36:10.642+0000] {override.py:1829} INFO - Created Permission View: can delete on DAG:training_pipeline
[2026-04-25T17:36:10.649+0000] {logging_mixin.py:188} INFO - [2026-04-25T17:36:10.648+0000] {override.py:1829} INFO - Created Permission View: can edit on DAG:training_pipeline
[2026-04-25T17:36:10.649+0000] {logging_mixin.py:188} INFO - [2026-04-25T17:36:10.649+0000] {dag.py:3096} INFO - Sync 1 DAGs
[2026-04-25T17:36:10.657+0000] {logging_mixin.py:188} INFO - [2026-04-25T17:36:10.657+0000] {dag.py:3118} INFO - Creating ORM DAG for training_pipeline
[2026-04-25T17:36:10.666+0000] {logging_mixin.py:188} INFO - [2026-04-25T17:36:10.666+0000] {dag.py:3954} INFO - Setting next_dagrun for training_pipeline to 2026-04-24 00:00:00+00:00, run_after=2026-04-25 00:00:00+00:00
[2026-04-25T17:36:10.701+0000] {processor.py:183} INFO - Processing /opt/airflow/dags/training_pipeline_dag.py took 0.172 seconds
[2026-04-25T17:36:40.729+0000] {processor.py:161} INFO - Started process (PID=201) to work on /opt/airflow/dags/training_pipeline_dag.py
[2026-04-25T17:36:40.730+0000] {processor.py:830} INFO - Processing file /opt/airflow/dags/training_pipeline_dag.py for tasks to queue
[2026-04-25T17:36:40.731+0000] {logging_mixin.py:188} INFO - [2026-04-25T17:36:40.731+0000] {dagbag.py:545} INFO - Filling up the DagBag from /opt/airflow/dags/training_pipeline_dag.py
[2026-04-25T17:36:40.739+0000] {processor.py:840} INFO - DAG(s) 'training_pipeline' retrieved from /opt/airflow/dags/training_pipeline_dag.py
[2026-04-25T17:36:40.761+0000] {logging_mixin.py:188} INFO - [2026-04-25T17:36:40.760+0000] {dag.py:3096} INFO - Sync 1 DAGs
[2026-04-25T17:36:40.776+0000] {logging_mixin.py:188} INFO - [2026-04-25T17:36:40.776+0000] {dag.py:3954} INFO - Setting next_dagrun for training_pipeline to 2026-04-24 00:00:00+00:00, run_after=2026-04-25 00:00:00+00:00
[2026-04-25T17:36:40.793+0000] {processor.py:183} INFO - Processing /opt/airflow/dags/training_pipeline_dag.py took 0.067 seconds
[2026-04-25T17:37:10.926+0000] {processor.py:161} INFO - Started process (PID=216) to work on /opt/airflow/dags/training_pipeline_dag.py
[2026-04-25T17:37:10.927+0000] {processor.py:830} INFO - Processing file /opt/airflow/dags/training_pipeline_dag.py for tasks to queue
[2026-04-25T17:37:10.928+0000] {logging_mixin.py:188} INFO - [2026-04-25T17:37:10.928+0000] {dagbag.py:545} INFO - Filling up the DagBag from /opt/airflow/dags/training_pipeline_dag.py
[2026-04-25T17:37:10.937+0000] {processor.py:840} INFO - DAG(s) 'training_pipeline' retrieved from /opt/airflow/dags/training_pipeline_dag.py
[2026-04-25T17:37:10.960+0000] {logging_mixin.py:188} INFO - [2026-04-25T17:37:10.960+0000] {dag.py:3096} INFO - Sync 1 DAGs
[2026-04-25T17:37:10.977+0000] {logging_mixin.py:188} INFO - [2026-04-25T17:37:10.977+0000] {dag.py:3954} INFO - Setting next_dagrun for training_pipeline to 2026-04-24 00:00:00+00:00, run_after=2026-04-25 00:00:00+00:00
[2026-04-25T17:37:10.991+0000] {processor.py:183} INFO - Processing /opt/airflow/dags/training_pipeline_dag.py took 0.070 seconds
[2026-04-25T17:37:41.169+0000] {processor.py:161} INFO - Started process (PID=231) to work on /opt/airflow/dags/training_pipeline_dag.py
[2026-04-25T17:37:41.170+0000] {processor.py:830} INFO - Processing file /opt/airflow/dags/training_pipeline_dag.py for tasks to queue
[2026-04-25T17:37:41.172+0000] {logging_mixin.py:188} INFO - [2026-04-25T17:37:41.172+0000] {dagbag.py:545} INFO - Filling up the DagBag from /opt/airflow/dags/training_pipeline_dag.py
[2026-04-25T17:37:41.181+0000] {processor.py:840} INFO - DAG(s) 'training_pipeline' retrieved from /opt/airflow/dags/training_pipeline_dag.py
[2026-04-25T17:37:41.208+0000] {logging_mixin.py:188} INFO - [2026-04-25T17:37:41.208+0000] {dag.py:3096} INFO - Sync 1 DAGs
[2026-04-25T17:37:41.234+0000] {logging_mixin.py:188} INFO - [2026-04-25T17:37:41.234+0000] {dag.py:3954} INFO - Setting next_dagrun for training_pipeline to 2026-04-24 00:00:00+00:00, run_after=2026-04-25 00:00:00+00:00
[2026-04-25T17:37:41.251+0000] {processor.py:183} INFO - Processing /opt/airflow/dags/training_pipeline_dag.py took 0.086 seconds
[2026-04-25T17:38:11.361+0000] {processor.py:161} INFO - Started process (PID=249) to work on /opt/airflow/dags/training_pipeline_dag.py
[2026-04-25T17:38:11.362+0000] {processor.py:830} INFO - Processing file /opt/airflow/dags/training_pipeline_dag.py for tasks to queue
[2026-04-25T17:38:11.364+0000] {logging_mixin.py:188} INFO - [2026-04-25T17:38:11.363+0000] {dagbag.py:545} INFO - Filling up the DagBag from /opt/airflow/dags/training_pipeline_dag.py
[2026-04-25T17:38:11.373+0000] {processor.py:840} INFO - DAG(s) 'training_pipeline' retrieved from /opt/airflow/dags/training_pipeline_dag.py
[2026-04-25T17:38:11.393+0000] {logging_mixin.py:188} INFO - [2026-04-25T17:38:11.393+0000] {dag.py:3096} INFO - Sync 1 DAGs
[2026-04-25T17:38:11.410+0000] {logging_mixin.py:188} INFO - [2026-04-25T17:38:11.410+0000] {dag.py:3954} INFO - Setting next_dagrun for training_pipeline to 2026-04-24 00:00:00+00:00, run_after=2026-04-25 00:00:00+00:00
[2026-04-25T17:38:11.423+0000] {processor.py:183} INFO - Processing /opt/airflow/dags/training_pipeline_dag.py took 0.067 seconds
[2026-04-25T17:38:41.580+0000] {processor.py:161} INFO - Started process (PID=264) to work on /opt/airflow/dags/training_pipeline_dag.py
[2026-04-25T17:38:41.581+0000] {processor.py:830} INFO - Processing file /opt/airflow/dags/training_pipeline_dag.py for tasks to queue
[2026-04-25T17:38:41.583+0000] {logging_mixin.py:188} INFO - [2026-04-25T17:38:41.582+0000] {dagbag.py:545} INFO - Filling up the DagBag from /opt/airflow/dags/training_pipeline_dag.py
[2026-04-25T17:38:41.593+0000] {processor.py:840} INFO - DAG(s) 'training_pipeline' retrieved from /opt/airflow/dags/training_pipeline_dag.py
[2026-04-25T17:38:41.620+0000] {logging_mixin.py:188} INFO - [2026-04-25T17:38:41.620+0000] {dag.py:3096} INFO - Sync 1 DAGs
[2026-04-25T17:38:41.640+0000] {logging_mixin.py:188} INFO - [2026-04-25T17:38:41.640+0000] {dag.py:3954} INFO - Setting next_dagrun for training_pipeline to 2026-04-24 00:00:00+00:00, run_after=2026-04-25 00:00:00+00:00
[2026-04-25T17:38:41.657+0000] {processor.py:183} INFO - Processing /opt/airflow/dags/training_pipeline_dag.py took 0.084 seconds
[2026-04-25T17:39:11.779+0000] {processor.py:161} INFO - Started process (PID=279) to work on /opt/airflow/dags/training_pipeline_dag.py
[2026-04-25T17:39:11.780+0000] {processor.py:830} INFO - Processing file /opt/airflow/dags/training_pipeline_dag.py for tasks to queue
[2026-04-25T17:39:11.781+0000] {logging_mixin.py:188} INFO - [2026-04-25T17:39:11.781+0000] {dagbag.py:545} INFO - Filling up the DagBag from /opt/airflow/dags/training_pipeline_dag.py
[2026-04-25T17:39:11.789+0000] {processor.py:840} INFO - DAG(s) 'training_pipeline' retrieved from /opt/airflow/dags/training_pipeline_dag.py
[2026-04-25T17:39:11.811+0000] {logging_mixin.py:188} INFO - [2026-04-25T17:39:11.811+0000] {dag.py:3096} INFO - Sync 1 DAGs
[2026-04-25T17:39:11.827+0000] {logging_mixin.py:188} INFO - [2026-04-25T17:39:11.827+0000] {dag.py:3954} INFO - Setting next_dagrun for training_pipeline to 2026-04-24 00:00:00+00:00, run_after=2026-04-25 00:00:00+00:00
[2026-04-25T17:39:11.841+0000] {processor.py:183} INFO - Processing /opt/airflow/dags/training_pipeline_dag.py took 0.066 seconds
[2026-04-25T17:39:42.012+0000] {processor.py:161} INFO - Started process (PID=294) to work on /opt/airflow/dags/training_pipeline_dag.py
[2026-04-25T17:39:42.013+0000] {processor.py:830} INFO - Processing file /opt/airflow/dags/training_pipeline_dag.py for tasks to queue
[2026-04-25T17:39:42.015+0000] {logging_mixin.py:188} INFO - [2026-04-25T17:39:42.014+0000] {dagbag.py:545} INFO - Filling up the DagBag from /opt/airflow/dags/training_pipeline_dag.py
[2026-04-25T17:39:42.024+0000] {processor.py:840} INFO - DAG(s) 'training_pipeline' retrieved from /opt/airflow/dags/training_pipeline_dag.py
[2026-04-25T17:39:42.045+0000] {logging_mixin.py:188} INFO - [2026-04-25T17:39:42.045+0000] {dag.py:3096} INFO - Sync 1 DAGs
[2026-04-25T17:39:42.061+0000] {logging_mixin.py:188} INFO - [2026-04-25T17:39:42.061+0000] {dag.py:3954} INFO - Setting next_dagrun for training_pipeline to 2026-04-24 00:00:00+00:00, run_after=2026-04-25 00:00:00+00:00
[2026-04-25T17:39:42.076+0000] {processor.py:183} INFO - Processing /opt/airflow/dags/training_pipeline_dag.py took 0.069 seconds
[2026-04-25T17:40:12.227+0000] {processor.py:161} INFO - Started process (PID=309) to work on /opt/airflow/dags/training_pipeline_dag.py
[2026-04-25T17:40:12.229+0000] {processor.py:830} INFO - Processing file /opt/airflow/dags/training_pipeline_dag.py for tasks to queue
[2026-04-25T17:40:12.230+0000] {logging_mixin.py:188} INFO - [2026-04-25T17:40:12.230+0000] {dagbag.py:545} INFO - Filling up the DagBag from /opt/airflow/dags/training_pipeline_dag.py
[2026-04-25T17:40:12.239+0000] {processor.py:840} INFO - DAG(s) 'training_pipeline' retrieved from /opt/airflow/dags/training_pipeline_dag.py
[2026-04-25T17:40:12.264+0000] {logging_mixin.py:188} INFO - [2026-04-25T17:40:12.264+0000] {dag.py:3096} INFO - Sync 1 DAGs
[2026-04-25T17:40:12.282+0000] {logging_mixin.py:188} INFO - [2026-04-25T17:40:12.282+0000] {dag.py:3954} INFO - Setting next_dagrun for training_pipeline to 2026-04-24 00:00:00+00:00, run_after=2026-04-25 00:00:00+00:00
[2026-04-25T17:40:12.299+0000] {processor.py:183} INFO - Processing /opt/airflow/dags/training_pipeline_dag.py took 0.077 seconds
[2026-04-25T17:40:42.441+0000] {processor.py:161} INFO - Started process (PID=324) to work on /opt/airflow/dags/training_pipeline_dag.py
[2026-04-25T17:40:42.442+0000] {processor.py:830} INFO - Processing file /opt/airflow/dags/training_pipeline_dag.py for tasks to queue
[2026-04-25T17:40:42.444+0000] {logging_mixin.py:188} INFO - [2026-04-25T17:40:42.443+0000] {dagbag.py:545} INFO - Filling up the DagBag from /opt/airflow/dags/training_pipeline_dag.py
[2026-04-25T17:40:42.453+0000] {processor.py:840} INFO - DAG(s) 'training_pipeline' retrieved from /opt/airflow/dags/training_pipeline_dag.py
[2026-04-25T17:40:42.476+0000] {logging_mixin.py:188} INFO - [2026-04-25T17:40:42.475+0000] {dag.py:3096} INFO - Sync 1 DAGs
[2026-04-25T17:40:42.494+0000] {logging_mixin.py:188} INFO - [2026-04-25T17:40:42.494+0000] {dag.py:3954} INFO - Setting next_dagrun for training_pipeline to 2026-04-24 00:00:00+00:00, run_after=2026-04-25 00:00:00+00:00
[2026-04-25T17:40:42.511+0000] {processor.py:183} INFO - Processing /opt/airflow/dags/training_pipeline_dag.py took 0.075 seconds
[2026-04-25T17:41:12.665+0000] {processor.py:161} INFO - Started process (PID=339) to work on /opt/airflow/dags/training_pipeline_dag.py
[2026-04-25T17:41:12.667+0000] {processor.py:830} INFO - Processing file /opt/airflow/dags/training_pipeline_dag.py for tasks to queue
[2026-04-25T17:41:12.668+0000] {logging_mixin.py:188} INFO - [2026-04-25T17:41:12.668+0000] {dagbag.py:545} INFO - Filling up the DagBag from /opt/airflow/dags/training_pipeline_dag.py
[2026-04-25T17:41:12.677+0000] {processor.py:840} INFO - DAG(s) 'training_pipeline' retrieved from /opt/airflow/dags/training_pipeline_dag.py
[2026-04-25T17:41:12.701+0000] {logging_mixin.py:188} INFO - [2026-04-25T17:41:12.701+0000] {dag.py:3096} INFO - Sync 1 DAGs
[2026-04-25T17:41:12.718+0000] {logging_mixin.py:188} INFO - [2026-04-25T17:41:12.718+0000] {dag.py:3954} INFO - Setting next_dagrun for training_pipeline to 2026-04-24 00:00:00+00:00, run_after=2026-04-25 00:00:00+00:00
[2026-04-25T17:41:12.733+0000] {processor.py:183} INFO - Processing /opt/airflow/dags/training_pipeline_dag.py took 0.073 seconds
[2026-04-25T17:42:19.410+0000] {processor.py:161} INFO - Started process (PID=186) to work on /opt/airflow/dags/training_pipeline_dag.py
[2026-04-25T17:42:19.411+0000] {processor.py:830} INFO - Processing file /opt/airflow/dags/training_pipeline_dag.py for tasks to queue
[2026-04-25T17:42:19.412+0000] {logging_mixin.py:188} INFO - [2026-04-25T17:42:19.412+0000] {dagbag.py:545} INFO - Filling up the DagBag from /opt/airflow/dags/training_pipeline_dag.py
[2026-04-25T17:42:19.426+0000] {processor.py:840} INFO - DAG(s) 'training_pipeline' retrieved from /opt/airflow/dags/training_pipeline_dag.py
[2026-04-25T17:42:19.507+0000] {logging_mixin.py:188} INFO - [2026-04-25T17:42:19.507+0000] {override.py:1829} INFO - Created Permission View: can read on DAG:training_pipeline
[2026-04-25T17:42:19.514+0000] {logging_mixin.py:188} INFO - [2026-04-25T17:42:19.514+0000] {override.py:1829} INFO - Created Permission View: can delete on DAG:training_pipeline
[2026-04-25T17:42:19.520+0000] {logging_mixin.py:188} INFO - [2026-04-25T17:42:19.519+0000] {override.py:1829} INFO - Created Permission View: can edit on DAG:training_pipeline
[2026-04-25T17:42:19.520+0000] {logging_mixin.py:188} INFO - [2026-04-25T17:42:19.520+0000] {dag.py:3096} INFO - Sync 1 DAGs
[2026-04-25T17:42:19.527+0000] {logging_mixin.py:188} INFO - [2026-04-25T17:42:19.527+0000] {dag.py:3118} INFO - Creating ORM DAG for training_pipeline
[2026-04-25T17:42:19.534+0000] {logging_mixin.py:188} INFO - [2026-04-25T17:42:19.534+0000] {dag.py:3954} INFO - Setting next_dagrun for training_pipeline to 2026-04-24 00:00:00+00:00, run_after=2026-04-25 00:00:00+00:00
[2026-04-25T17:42:19.546+0000] {processor.py:183} INFO - Processing /opt/airflow/dags/training_pipeline_dag.py took 0.141 seconds
[2026-04-25T17:42:49.605+0000] {processor.py:161} INFO - Started process (PID=226) to work on /opt/airflow/dags/training_pipeline_dag.py
[2026-04-25T17:42:49.606+0000] {processor.py:830} INFO - Processing file /opt/airflow/dags/training_pipeline_dag.py for tasks to queue
[2026-04-25T17:42:49.607+0000] {logging_mixin.py:188} INFO - [2026-04-25T17:42:49.607+0000] {dagbag.py:545} INFO - Filling up the DagBag from /opt/airflow/dags/training_pipeline_dag.py
[2026-04-25T17:42:49.616+0000] {processor.py:840} INFO - DAG(s) 'training_pipeline' retrieved from /opt/airflow/dags/training_pipeline_dag.py
[2026-04-25T17:42:49.640+0000] {logging_mixin.py:188} INFO - [2026-04-25T17:42:49.640+0000] {dag.py:3096} INFO - Sync 1 DAGs
[2026-04-25T17:42:49.656+0000] {logging_mixin.py:188} INFO - [2026-04-25T17:42:49.656+0000] {dag.py:3954} INFO - Setting next_dagrun for training_pipeline to 2026-04-24 00:00:00+00:00, run_after=2026-04-25 00:00:00+00:00
[2026-04-25T17:42:49.671+0000] {processor.py:183} INFO - Processing /opt/airflow/dags/training_pipeline_dag.py took 0.071 seconds
[2026-04-25T17:43:19.807+0000] {processor.py:161} INFO - Started process (PID=241) to work on /opt/airflow/dags/training_pipeline_dag.py
[2026-04-25T17:43:19.808+0000] {processor.py:830} INFO - Processing file /opt/airflow/dags/training_pipeline_dag.py for tasks to queue
[2026-04-25T17:43:19.809+0000] {logging_mixin.py:188} INFO - [2026-04-25T17:43:19.809+0000] {dagbag.py:545} INFO - Filling up the DagBag from /opt/airflow/dags/training_pipeline_dag.py
[2026-04-25T17:43:19.818+0000] {processor.py:840} INFO - DAG(s) 'training_pipeline' retrieved from /opt/airflow/dags/training_pipeline_dag.py
[2026-04-25T17:43:19.839+0000] {logging_mixin.py:188} INFO - [2026-04-25T17:43:19.839+0000] {dag.py:3096} INFO - Sync 1 DAGs
[2026-04-25T17:43:19.855+0000] {logging_mixin.py:188} INFO - [2026-04-25T17:43:19.855+0000] {dag.py:3954} INFO - Setting next_dagrun for training_pipeline to 2026-04-24 00:00:00+00:00, run_after=2026-04-25 00:00:00+00:00
[2026-04-25T17:43:19.872+0000] {processor.py:183} INFO - Processing /opt/airflow/dags/training_pipeline_dag.py took 0.070 seconds
[2026-04-25T17:43:50.014+0000] {processor.py:161} INFO - Started process (PID=258) to work on /opt/airflow/dags/training_pipeline_dag.py
[2026-04-25T17:43:50.016+0000] {processor.py:830} INFO - Processing file /opt/airflow/dags/training_pipeline_dag.py for tasks to queue
[2026-04-25T17:43:50.017+0000] {logging_mixin.py:188} INFO - [2026-04-25T17:43:50.017+0000] {dagbag.py:545} INFO - Filling up the DagBag from /opt/airflow/dags/training_pipeline_dag.py
[2026-04-25T17:43:50.027+0000] {processor.py:840} INFO - DAG(s) 'training_pipeline' retrieved from /opt/airflow/dags/training_pipeline_dag.py
[2026-04-25T17:43:50.051+0000] {logging_mixin.py:188} INFO - [2026-04-25T17:43:50.050+0000] {dag.py:3096} INFO - Sync 1 DAGs
[2026-04-25T17:43:50.070+0000] {logging_mixin.py:188} INFO - [2026-04-25T17:43:50.069+0000] {dag.py:3954} INFO - Setting next_dagrun for training_pipeline to 2026-04-24 00:00:00+00:00, run_after=2026-04-25 00:00:00+00:00
[2026-04-25T17:43:50.085+0000] {processor.py:183} INFO - Processing /opt/airflow/dags/training_pipeline_dag.py took 0.075 seconds
[2026-04-25T17:44:20.226+0000] {processor.py:161} INFO - Started process (PID=276) to work on /opt/airflow/dags/training_pipeline_dag.py
[2026-04-25T17:44:20.227+0000] {processor.py:830} INFO - Processing file /opt/airflow/dags/training_pipeline_dag.py for tasks to queue
[2026-04-25T17:44:20.228+0000] {logging_mixin.py:188} INFO - [2026-04-25T17:44:20.228+0000] {dagbag.py:545} INFO - Filling up the DagBag from /opt/airflow/dags/training_pipeline_dag.py
[2026-04-25T17:44:20.238+0000] {processor.py:840} INFO - DAG(s) 'training_pipeline' retrieved from /opt/airflow/dags/training_pipeline_dag.py
[2026-04-25T17:44:20.261+0000] {logging_mixin.py:188} INFO - [2026-04-25T17:44:20.261+0000] {dag.py:3096} INFO - Sync 1 DAGs
[2026-04-25T17:44:20.279+0000] {logging_mixin.py:188} INFO - [2026-04-25T17:44:20.279+0000] {dag.py:3954} INFO - Setting next_dagrun for training_pipeline to 2026-04-24 00:00:00+00:00, run_after=2026-04-25 00:00:00+00:00
[2026-04-25T17:44:20.294+0000] {processor.py:183} INFO - Processing /opt/airflow/dags/training_pipeline_dag.py took 0.072 seconds
[2026-04-25T17:44:50.424+0000] {processor.py:161} INFO - Started process (PID=292) to work on /opt/airflow/dags/training_pipeline_dag.py
[2026-04-25T17:44:50.425+0000] {processor.py:830} INFO - Processing file /opt/airflow/dags/training_pipeline_dag.py for tasks to queue
[2026-04-25T17:44:50.429+0000] {logging_mixin.py:188} INFO - [2026-04-25T17:44:50.428+0000] {dagbag.py:545} INFO - Filling up the DagBag from /opt/airflow/dags/training_pipeline_dag.py
[2026-04-25T17:44:50.442+0000] {processor.py:840} INFO - DAG(s) 'training_pipeline' retrieved from /opt/airflow/dags/training_pipeline_dag.py
[2026-04-25T17:44:50.474+0000] {logging_mixin.py:188} INFO - [2026-04-25T17:44:50.474+0000] {dag.py:3096} INFO - Sync 1 DAGs
[2026-04-25T17:44:50.499+0000] {logging_mixin.py:188} INFO - [2026-04-25T17:44:50.498+0000] {dag.py:3954} INFO - Setting next_dagrun for training_pipeline to 2026-04-24 00:00:00+00:00, run_after=2026-04-25 00:00:00+00:00
[2026-04-25T17:44:50.523+0000] {processor.py:183} INFO - Processing /opt/airflow/dags/training_pipeline_dag.py took 0.109 seconds
[2026-04-25T17:45:34.977+0000] {processor.py:161} INFO - Started process (PID=186) to work on /opt/airflow/dags/training_pipeline_dag.py
[2026-04-25T17:45:34.978+0000] {processor.py:830} INFO - Processing file /opt/airflow/dags/training_pipeline_dag.py for tasks to queue
[2026-04-25T17:45:34.979+0000] {logging_mixin.py:188} INFO - [2026-04-25T17:45:34.979+0000] {dagbag.py:545} INFO - Filling up the DagBag from /opt/airflow/dags/training_pipeline_dag.py
[2026-04-25T17:45:34.991+0000] {processor.py:840} INFO - DAG(s) 'training_pipeline' retrieved from /opt/airflow/dags/training_pipeline_dag.py
[2026-04-25T17:45:35.107+0000] {logging_mixin.py:188} INFO - [2026-04-25T17:45:35.106+0000] {override.py:1829} INFO - Created Permission View: can edit on DAG:training_pipeline
[2026-04-25T17:45:35.125+0000] {logging_mixin.py:188} INFO - [2026-04-25T17:45:35.124+0000] {override.py:1829} INFO - Created Permission View: can delete on DAG:training_pipeline
[2026-04-25T17:45:35.137+0000] {logging_mixin.py:188} INFO - [2026-04-25T17:45:35.136+0000] {override.py:1829} INFO - Created Permission View: can read on DAG:training_pipeline
[2026-04-25T17:45:35.137+0000] {logging_mixin.py:188} INFO - [2026-04-25T17:45:35.137+0000] {dag.py:3096} INFO - Sync 1 DAGs
[2026-04-25T17:45:35.150+0000] {logging_mixin.py:188} INFO - [2026-04-25T17:45:35.149+0000] {dag.py:3118} INFO - Creating ORM DAG for training_pipeline
[2026-04-25T17:45:35.159+0000] {logging_mixin.py:188} INFO - [2026-04-25T17:45:35.159+0000] {dag.py:3954} INFO - Setting next_dagrun for training_pipeline to 2026-04-24 00:00:00+00:00, run_after=2026-04-25 00:00:00+00:00
[2026-04-25T17:45:35.174+0000] {processor.py:183} INFO - Processing /opt/airflow/dags/training_pipeline_dag.py took 0.201 seconds
[2026-04-25T17:46:06.182+0000] {processor.py:161} INFO - Started process (PID=231) to work on /opt/airflow/dags/training_pipeline_dag.py
[2026-04-25T17:46:06.185+0000] {processor.py:830} INFO - Processing file /opt/airflow/dags/training_pipeline_dag.py for tasks to queue
[2026-04-25T17:46:06.186+0000] {logging_mixin.py:188} INFO - [2026-04-25T17:46:06.186+0000] {dagbag.py:545} INFO - Filling up the DagBag from /opt/airflow/dags/training_pipeline_dag.py
[2026-04-25T17:46:06.195+0000] {processor.py:840} INFO - DAG(s) 'training_pipeline' retrieved from /opt/airflow/dags/training_pipeline_dag.py
[2026-04-25T17:46:06.219+0000] {logging_mixin.py:188} INFO - [2026-04-25T17:46:06.219+0000] {dag.py:3096} INFO - Sync 1 DAGs
[2026-04-25T17:46:06.237+0000] {logging_mixin.py:188} INFO - [2026-04-25T17:46:06.236+0000] {dag.py:3954} INFO - Setting next_dagrun for training_pipeline to 2026-04-24 00:00:00+00:00, run_after=2026-04-25 00:00:00+00:00
[2026-04-25T17:46:06.251+0000] {processor.py:183} INFO - Processing /opt/airflow/dags/training_pipeline_dag.py took 0.074 seconds
[2026-04-25T17:46:36.385+0000] {processor.py:161} INFO - Started process (PID=246) to work on /opt/airflow/dags/training_pipeline_dag.py
[2026-04-25T17:46:36.388+0000] {processor.py:830} INFO - Processing file /opt/airflow/dags/training_pipeline_dag.py for tasks to queue
[2026-04-25T17:46:36.390+0000] {logging_mixin.py:188} INFO - [2026-04-25T17:46:36.390+0000] {dagbag.py:545} INFO - Filling up the DagBag from /opt/airflow/dags/training_pipeline_dag.py
[2026-04-25T17:46:36.401+0000] {processor.py:840} INFO - DAG(s) 'training_pipeline' retrieved from /opt/airflow/dags/training_pipeline_dag.py
[2026-04-25T17:46:36.425+0000] {logging_mixin.py:188} INFO - [2026-04-25T17:46:36.425+0000] {dag.py:3096} INFO - Sync 1 DAGs
[2026-04-25T17:46:36.443+0000] {logging_mixin.py:188} INFO - [2026-04-25T17:46:36.442+0000] {dag.py:3954} INFO - Setting next_dagrun for training_pipeline to 2026-04-24 00:00:00+00:00, run_after=2026-04-25 00:00:00+00:00
[2026-04-25T17:46:36.459+0000] {processor.py:183} INFO - Processing /opt/airflow/dags/training_pipeline_dag.py took 0.078 seconds
[2026-04-25T17:47:06.595+0000] {processor.py:161} INFO - Started process (PID=261) to work on /opt/airflow/dags/training_pipeline_dag.py
[2026-04-25T17:47:06.597+0000] {processor.py:830} INFO - Processing file /opt/airflow/dags/training_pipeline_dag.py for tasks to queue
[2026-04-25T17:47:06.599+0000] {logging_mixin.py:188} INFO - [2026-04-25T17:47:06.599+0000] {dagbag.py:545} INFO - Filling up the DagBag from /opt/airflow/dags/training_pipeline_dag.py
[2026-04-25T17:47:06.608+0000] {processor.py:840} INFO - DAG(s) 'training_pipeline' retrieved from /opt/airflow/dags/training_pipeline_dag.py
[2026-04-25T17:47:06.632+0000] {logging_mixin.py:188} INFO - [2026-04-25T17:47:06.632+0000] {dag.py:3096} INFO - Sync 1 DAGs
[2026-04-25T17:47:06.652+0000] {logging_mixin.py:188} INFO - [2026-04-25T17:47:06.651+0000] {dag.py:3954} INFO - Setting next_dagrun for training_pipeline to 2026-04-24 00:00:00+00:00, run_after=2026-04-25 00:00:00+00:00
[2026-04-25T17:47:06.667+0000] {processor.py:183} INFO - Processing /opt/airflow/dags/training_pipeline_dag.py took 0.076 seconds
[2026-04-25T17:47:36.840+0000] {processor.py:161} INFO - Started process (PID=276) to work on /opt/airflow/dags/training_pipeline_dag.py
[2026-04-25T17:47:36.843+0000] {processor.py:830} INFO - Processing file /opt/airflow/dags/training_pipeline_dag.py for tasks to queue
[2026-04-25T17:47:36.845+0000] {logging_mixin.py:188} INFO - [2026-04-25T17:47:36.844+0000] {dagbag.py:545} INFO - Filling up the DagBag from /opt/airflow/dags/training_pipeline_dag.py
[2026-04-25T17:47:36.854+0000] {processor.py:840} INFO - DAG(s) 'training_pipeline' retrieved from /opt/airflow/dags/training_pipeline_dag.py
[2026-04-25T17:47:36.877+0000] {logging_mixin.py:188} INFO - [2026-04-25T17:47:36.877+0000] {dag.py:3096} INFO - Sync 1 DAGs
[2026-04-25T17:47:36.896+0000] {logging_mixin.py:188} INFO - [2026-04-25T17:47:36.896+0000] {dag.py:3954} INFO - Setting next_dagrun for training_pipeline to 2026-04-24 00:00:00+00:00, run_after=2026-04-25 00:00:00+00:00
[2026-04-25T17:47:36.915+0000] {processor.py:183} INFO - Processing /opt/airflow/dags/training_pipeline_dag.py took 0.079 seconds
[2026-04-25T17:48:07.061+0000] {processor.py:161} INFO - Started process (PID=291) to work on /opt/airflow/dags/training_pipeline_dag.py
[2026-04-25T17:48:07.063+0000] {processor.py:830} INFO - Processing file /opt/airflow/dags/training_pipeline_dag.py for tasks to queue
[2026-04-25T17:48:07.065+0000] {logging_mixin.py:188} INFO - [2026-04-25T17:48:07.064+0000] {dagbag.py:545} INFO - Filling up the DagBag from /opt/airflow/dags/training_pipeline_dag.py
[2026-04-25T17:48:07.075+0000] {processor.py:840} INFO - DAG(s) 'training_pipeline' retrieved from /opt/airflow/dags/training_pipeline_dag.py
[2026-04-25T17:48:07.098+0000] {logging_mixin.py:188} INFO - [2026-04-25T17:48:07.098+0000] {dag.py:3096} INFO - Sync 1 DAGs
[2026-04-25T17:48:07.119+0000] {logging_mixin.py:188} INFO - [2026-04-25T17:48:07.119+0000] {dag.py:3954} INFO - Setting next_dagrun for training_pipeline to 2026-04-24 00:00:00+00:00, run_after=2026-04-25 00:00:00+00:00
[2026-04-25T17:48:07.142+0000] {processor.py:183} INFO - Processing /opt/airflow/dags/training_pipeline_dag.py took 0.085 seconds
[2026-04-25T17:48:37.285+0000] {processor.py:161} INFO - Started process (PID=306) to work on /opt/airflow/dags/training_pipeline_dag.py
[2026-04-25T17:48:37.287+0000] {processor.py:830} INFO - Processing file /opt/airflow/dags/training_pipeline_dag.py for tasks to queue
[2026-04-25T17:48:37.289+0000] {logging_mixin.py:188} INFO - [2026-04-25T17:48:37.289+0000] {dagbag.py:545} INFO - Filling up the DagBag from /opt/airflow/dags/training_pipeline_dag.py
[2026-04-25T17:48:37.299+0000] {processor.py:840} INFO - DAG(s) 'training_pipeline' retrieved from /opt/airflow/dags/training_pipeline_dag.py
[2026-04-25T17:48:37.326+0000] {logging_mixin.py:188} INFO - [2026-04-25T17:48:37.325+0000] {dag.py:3096} INFO - Sync 1 DAGs
[2026-04-25T17:48:37.346+0000] {logging_mixin.py:188} INFO - [2026-04-25T17:48:37.346+0000] {dag.py:3954} INFO - Setting next_dagrun for training_pipeline to 2026-04-24 00:00:00+00:00, run_after=2026-04-25 00:00:00+00:00
[2026-04-25T17:48:37.364+0000] {processor.py:183} INFO - Processing /opt/airflow/dags/training_pipeline_dag.py took 0.083 seconds
[2026-04-25T17:49:07.515+0000] {processor.py:161} INFO - Started process (PID=321) to work on /opt/airflow/dags/training_pipeline_dag.py
[2026-04-25T17:49:07.518+0000] {processor.py:830} INFO - Processing file /opt/airflow/dags/training_pipeline_dag.py for tasks to queue
[2026-04-25T17:49:07.519+0000] {logging_mixin.py:188} INFO - [2026-04-25T17:49:07.519+0000] {dagbag.py:545} INFO - Filling up the DagBag from /opt/airflow/dags/training_pipeline_dag.py
[2026-04-25T17:49:07.531+0000] {processor.py:840} INFO - DAG(s) 'training_pipeline' retrieved from /opt/airflow/dags/training_pipeline_dag.py
[2026-04-25T17:49:07.554+0000] {logging_mixin.py:188} INFO - [2026-04-25T17:49:07.554+0000] {dag.py:3096} INFO - Sync 1 DAGs
[2026-04-25T17:49:07.573+0000] {logging_mixin.py:188} INFO - [2026-04-25T17:49:07.572+0000] {dag.py:3954} INFO - Setting next_dagrun for training_pipeline to 2026-04-24 00:00:00+00:00, run_after=2026-04-25 00:00:00+00:00
[2026-04-25T17:49:07.590+0000] {processor.py:183} INFO - Processing /opt/airflow/dags/training_pipeline_dag.py took 0.080 seconds
[2026-04-25T17:49:37.748+0000] {processor.py:161} INFO - Started process (PID=336) to work on /opt/airflow/dags/training_pipeline_dag.py
[2026-04-25T17:49:37.752+0000] {processor.py:830} INFO - Processing file /opt/airflow/dags/training_pipeline_dag.py for tasks to queue
[2026-04-25T17:49:37.754+0000] {logging_mixin.py:188} INFO - [2026-04-25T17:49:37.753+0000] {dagbag.py:545} INFO - Filling up the DagBag from /opt/airflow/dags/training_pipeline_dag.py
[2026-04-25T17:49:37.766+0000] {processor.py:840} INFO - DAG(s) 'training_pipeline' retrieved from /opt/airflow/dags/training_pipeline_dag.py
[2026-04-25T17:49:37.792+0000] {logging_mixin.py:188} INFO - [2026-04-25T17:49:37.791+0000] {dag.py:3096} INFO - Sync 1 DAGs
[2026-04-25T17:49:37.810+0000] {logging_mixin.py:188} INFO - [2026-04-25T17:49:37.810+0000] {dag.py:3954} INFO - Setting next_dagrun for training_pipeline to 2026-04-24 00:00:00+00:00, run_after=2026-04-25 00:00:00+00:00
[2026-04-25T17:49:37.829+0000] {processor.py:183} INFO - Processing /opt/airflow/dags/training_pipeline_dag.py took 0.086 seconds
[2026-04-25T17:50:07.959+0000] {processor.py:161} INFO - Started process (PID=351) to work on /opt/airflow/dags/training_pipeline_dag.py
[2026-04-25T17:50:07.962+0000] {processor.py:830} INFO - Processing file /opt/airflow/dags/training_pipeline_dag.py for tasks to queue
[2026-04-25T17:50:07.964+0000] {logging_mixin.py:188} INFO - [2026-04-25T17:50:07.964+0000] {dagbag.py:545} INFO - Filling up the DagBag from /opt/airflow/dags/training_pipeline_dag.py
[2026-04-25T17:50:07.975+0000] {processor.py:840} INFO - DAG(s) 'training_pipeline' retrieved from /opt/airflow/dags/training_pipeline_dag.py
[2026-04-25T17:50:08.002+0000] {logging_mixin.py:188} INFO - [2026-04-25T17:50:08.001+0000] {dag.py:3096} INFO - Sync 1 DAGs
[2026-04-25T17:50:08.023+0000] {logging_mixin.py:188} INFO - [2026-04-25T17:50:08.023+0000] {dag.py:3954} INFO - Setting next_dagrun for training_pipeline to 2026-04-24 00:00:00+00:00, run_after=2026-04-25 00:00:00+00:00
[2026-04-25T17:50:08.042+0000] {processor.py:183} INFO - Processing /opt/airflow/dags/training_pipeline_dag.py took 0.088 seconds
[2026-04-25T17:50:38.220+0000] {processor.py:161} INFO - Started process (PID=366) to work on /opt/airflow/dags/training_pipeline_dag.py
[2026-04-25T17:50:38.222+0000] {processor.py:830} INFO - Processing file /opt/airflow/dags/training_pipeline_dag.py for tasks to queue
[2026-04-25T17:50:38.224+0000] {logging_mixin.py:188} INFO - [2026-04-25T17:50:38.224+0000] {dagbag.py:545} INFO - Filling up the DagBag from /opt/airflow/dags/training_pipeline_dag.py
[2026-04-25T17:50:38.237+0000] {processor.py:840} INFO - DAG(s) 'training_pipeline' retrieved from /opt/airflow/dags/training_pipeline_dag.py
[2026-04-25T17:50:38.265+0000] {logging_mixin.py:188} INFO - [2026-04-25T17:50:38.265+0000] {dag.py:3096} INFO - Sync 1 DAGs
[2026-04-25T17:50:38.286+0000] {logging_mixin.py:188} INFO - [2026-04-25T17:50:38.286+0000] {dag.py:3954} INFO - Setting next_dagrun for training_pipeline to 2026-04-24 00:00:00+00:00, run_after=2026-04-25 00:00:00+00:00
[2026-04-25T17:50:38.306+0000] {processor.py:183} INFO - Processing /opt/airflow/dags/training_pipeline_dag.py took 0.091 seconds
[2026-04-25T17:51:08.444+0000] {processor.py:161} INFO - Started process (PID=381) to work on /opt/airflow/dags/training_pipeline_dag.py
[2026-04-25T17:51:08.447+0000] {processor.py:830} INFO - Processing file /opt/airflow/dags/training_pipeline_dag.py for tasks to queue
[2026-04-25T17:51:08.448+0000] {logging_mixin.py:188} INFO - [2026-04-25T17:51:08.448+0000] {dagbag.py:545} INFO - Filling up the DagBag from /opt/airflow/dags/training_pipeline_dag.py
[2026-04-25T17:51:08.458+0000] {processor.py:840} INFO - DAG(s) 'training_pipeline' retrieved from /opt/airflow/dags/training_pipeline_dag.py
[2026-04-25T17:51:08.482+0000] {logging_mixin.py:188} INFO - [2026-04-25T17:51:08.482+0000] {dag.py:3096} INFO - Sync 1 DAGs
[2026-04-25T17:51:08.501+0000] {logging_mixin.py:188} INFO - [2026-04-25T17:51:08.500+0000] {dag.py:3954} INFO - Setting next_dagrun for training_pipeline to 2026-04-24 00:00:00+00:00, run_after=2026-04-25 00:00:00+00:00
[2026-04-25T17:51:08.521+0000] {processor.py:183} INFO - Processing /opt/airflow/dags/training_pipeline_dag.py took 0.082 seconds
[2026-04-25T17:51:38.682+0000] {processor.py:161} INFO - Started process (PID=396) to work on /opt/airflow/dags/training_pipeline_dag.py
[2026-04-25T17:51:38.683+0000] {processor.py:830} INFO - Processing file /opt/airflow/dags/training_pipeline_dag.py for tasks to queue
[2026-04-25T17:51:38.685+0000] {logging_mixin.py:188} INFO - [2026-04-25T17:51:38.684+0000] {dagbag.py:545} INFO - Filling up the DagBag from /opt/airflow/dags/training_pipeline_dag.py
[2026-04-25T17:51:38.694+0000] {processor.py:840} INFO - DAG(s) 'training_pipeline' retrieved from /opt/airflow/dags/training_pipeline_dag.py
[2026-04-25T17:51:38.717+0000] {logging_mixin.py:188} INFO - [2026-04-25T17:51:38.717+0000] {dag.py:3096} INFO - Sync 1 DAGs
[2026-04-25T17:51:38.736+0000] {logging_mixin.py:188} INFO - [2026-04-25T17:51:38.735+0000] {dag.py:3954} INFO - Setting next_dagrun for training_pipeline to 2026-04-24 00:00:00+00:00, run_after=2026-04-25 00:00:00+00:00
[2026-04-25T17:51:38.751+0000] {processor.py:183} INFO - Processing /opt/airflow/dags/training_pipeline_dag.py took 0.074 seconds
[2026-04-25T17:52:08.923+0000] {processor.py:161} INFO - Started process (PID=411) to work on /opt/airflow/dags/training_pipeline_dag.py
[2026-04-25T17:52:08.924+0000] {processor.py:830} INFO - Processing file /opt/airflow/dags/training_pipeline_dag.py for tasks to queue
[2026-04-25T17:52:08.925+0000] {logging_mixin.py:188} INFO - [2026-04-25T17:52:08.925+0000] {dagbag.py:545} INFO - Filling up the DagBag from /opt/airflow/dags/training_pipeline_dag.py
[2026-04-25T17:52:08.939+0000] {processor.py:840} INFO - DAG(s) 'training_pipeline' retrieved from /opt/airflow/dags/training_pipeline_dag.py
[2026-04-25T17:52:08.966+0000] {logging_mixin.py:188} INFO - [2026-04-25T17:52:08.966+0000] {dag.py:3096} INFO - Sync 1 DAGs
[2026-04-25T17:52:08.987+0000] {logging_mixin.py:188} INFO - [2026-04-25T17:52:08.987+0000] {dag.py:3954} INFO - Setting next_dagrun for training_pipeline to 2026-04-24 00:00:00+00:00, run_after=2026-04-25 00:00:00+00:00
[2026-04-25T17:52:09.007+0000] {processor.py:183} INFO - Processing /opt/airflow/dags/training_pipeline_dag.py took 0.089 seconds
[2026-04-25T17:52:39.182+0000] {processor.py:161} INFO - Started process (PID=426) to work on /opt/airflow/dags/training_pipeline_dag.py
[2026-04-25T17:52:39.185+0000] {processor.py:830} INFO - Processing file /opt/airflow/dags/training_pipeline_dag.py for tasks to queue
[2026-04-25T17:52:39.186+0000] {logging_mixin.py:188} INFO - [2026-04-25T17:52:39.186+0000] {dagbag.py:545} INFO - Filling up the DagBag from /opt/airflow/dags/training_pipeline_dag.py
[2026-04-25T17:52:39.198+0000] {processor.py:840} INFO - DAG(s) 'training_pipeline' retrieved from /opt/airflow/dags/training_pipeline_dag.py
[2026-04-25T17:52:39.226+0000] {logging_mixin.py:188} INFO - [2026-04-25T17:52:39.226+0000] {dag.py:3096} INFO - Sync 1 DAGs
[2026-04-25T17:52:39.247+0000] {logging_mixin.py:188} INFO - [2026-04-25T17:52:39.247+0000] {dag.py:3954} INFO - Setting next_dagrun for training_pipeline to 2026-04-24 00:00:00+00:00, run_after=2026-04-25 00:00:00+00:00
[2026-04-25T17:52:39.269+0000] {processor.py:183} INFO - Processing /opt/airflow/dags/training_pipeline_dag.py took 0.093 seconds
[2026-04-25T17:53:38.042+0000] {processor.py:161} INFO - Started process (PID=186) to work on /opt/airflow/dags/training_pipeline_dag.py
[2026-04-25T17:53:38.043+0000] {processor.py:830} INFO - Processing file /opt/airflow/dags/training_pipeline_dag.py for tasks to queue
[2026-04-25T17:53:38.044+0000] {logging_mixin.py:188} INFO - [2026-04-25T17:53:38.044+0000] {dagbag.py:545} INFO - Filling up the DagBag from /opt/airflow/dags/training_pipeline_dag.py
[2026-04-25T17:53:38.059+0000] {processor.py:840} INFO - DAG(s) 'training_pipeline' retrieved from /opt/airflow/dags/training_pipeline_dag.py
[2026-04-25T17:53:38.151+0000] {logging_mixin.py:188} INFO - [2026-04-25T17:53:38.150+0000] {override.py:1829} INFO - Created Permission View: can read on DAG:training_pipeline
[2026-04-25T17:53:38.159+0000] {logging_mixin.py:188} INFO - [2026-04-25T17:53:38.159+0000] {override.py:1829} INFO - Created Permission View: can edit on DAG:training_pipeline
[2026-04-25T17:53:38.165+0000] {logging_mixin.py:188} INFO - [2026-04-25T17:53:38.165+0000] {override.py:1829} INFO - Created Permission View: can delete on DAG:training_pipeline
[2026-04-25T17:53:38.165+0000] {logging_mixin.py:188} INFO - [2026-04-25T17:53:38.165+0000] {dag.py:3096} INFO - Sync 1 DAGs
[2026-04-25T17:53:38.174+0000] {logging_mixin.py:188} INFO - [2026-04-25T17:53:38.173+0000] {dag.py:3118} INFO - Creating ORM DAG for training_pipeline
[2026-04-25T17:53:38.183+0000] {logging_mixin.py:188} INFO - [2026-04-25T17:53:38.182+0000] {dag.py:3954} INFO - Setting next_dagrun for training_pipeline to 2026-04-24 00:00:00+00:00, run_after=2026-04-25 00:00:00+00:00
[2026-04-25T17:53:38.204+0000] {processor.py:183} INFO - Processing /opt/airflow/dags/training_pipeline_dag.py took 0.167 seconds
[2026-04-25T17:54:08.256+0000] {processor.py:161} INFO - Started process (PID=200) to work on /opt/airflow/dags/training_pipeline_dag.py
[2026-04-25T17:54:08.257+0000] {processor.py:830} INFO - Processing file /opt/airflow/dags/training_pipeline_dag.py for tasks to queue
[2026-04-25T17:54:08.258+0000] {logging_mixin.py:188} INFO - [2026-04-25T17:54:08.258+0000] {dagbag.py:545} INFO - Filling up the DagBag from /opt/airflow/dags/training_pipeline_dag.py
[2026-04-25T17:54:08.268+0000] {processor.py:840} INFO - DAG(s) 'training_pipeline' retrieved from /opt/airflow/dags/training_pipeline_dag.py
[2026-04-25T17:54:08.290+0000] {logging_mixin.py:188} INFO - [2026-04-25T17:54:08.290+0000] {dag.py:3096} INFO - Sync 1 DAGs
[2026-04-25T17:54:08.308+0000] {logging_mixin.py:188} INFO - [2026-04-25T17:54:08.307+0000] {dag.py:3954} INFO - Setting next_dagrun for training_pipeline to 2026-04-24 00:00:00+00:00, run_after=2026-04-25 00:00:00+00:00
[2026-04-25T17:54:08.324+0000] {processor.py:183} INFO - Processing /opt/airflow/dags/training_pipeline_dag.py took 0.073 seconds
[2026-04-25T17:54:38.471+0000] {processor.py:161} INFO - Started process (PID=214) to work on /opt/airflow/dags/training_pipeline_dag.py
[2026-04-25T17:54:38.473+0000] {processor.py:830} INFO - Processing file /opt/airflow/dags/training_pipeline_dag.py for tasks to queue
[2026-04-25T17:54:38.474+0000] {logging_mixin.py:188} INFO - [2026-04-25T17:54:38.474+0000] {dagbag.py:545} INFO - Filling up the DagBag from /opt/airflow/dags/training_pipeline_dag.py
[2026-04-25T17:54:38.486+0000] {processor.py:840} INFO - DAG(s) 'training_pipeline' retrieved from /opt/airflow/dags/training_pipeline_dag.py
[2026-04-25T17:54:38.511+0000] {logging_mixin.py:188} INFO - [2026-04-25T17:54:38.510+0000] {dag.py:3096} INFO - Sync 1 DAGs
[2026-04-25T17:54:38.530+0000] {logging_mixin.py:188} INFO - [2026-04-25T17:54:38.530+0000] {dag.py:3954} INFO - Setting next_dagrun for training_pipeline to 2026-04-24 00:00:00+00:00, run_after=2026-04-25 00:00:00+00:00
[2026-04-25T17:54:38.549+0000] {processor.py:183} INFO - Processing /opt/airflow/dags/training_pipeline_dag.py took 0.082 seconds
[2026-04-25T17:55:08.707+0000] {processor.py:161} INFO - Started process (PID=232) to work on /opt/airflow/dags/training_pipeline_dag.py
[2026-04-25T17:55:08.708+0000] {processor.py:830} INFO - Processing file /opt/airflow/dags/training_pipeline_dag.py for tasks to queue
[2026-04-25T17:55:08.709+0000] {logging_mixin.py:188} INFO - [2026-04-25T17:55:08.709+0000] {dagbag.py:545} INFO - Filling up the DagBag from /opt/airflow/dags/training_pipeline_dag.py
[2026-04-25T17:55:08.719+0000] {processor.py:840} INFO - DAG(s) 'training_pipeline' retrieved from /opt/airflow/dags/training_pipeline_dag.py
[2026-04-25T17:55:08.744+0000] {logging_mixin.py:188} INFO - [2026-04-25T17:55:08.743+0000] {dag.py:3096} INFO - Sync 1 DAGs
[2026-04-25T17:55:08.762+0000] {logging_mixin.py:188} INFO - [2026-04-25T17:55:08.762+0000] {dag.py:3954} INFO - Setting next_dagrun for training_pipeline to 2026-04-24 00:00:00+00:00, run_after=2026-04-25 00:00:00+00:00
[2026-04-25T17:55:08.781+0000] {processor.py:183} INFO - Processing /opt/airflow/dags/training_pipeline_dag.py took 0.081 seconds
[2026-04-25T17:55:38.951+0000] {processor.py:161} INFO - Started process (PID=247) to work on /opt/airflow/dags/training_pipeline_dag.py
[2026-04-25T17:55:38.953+0000] {processor.py:830} INFO - Processing file /opt/airflow/dags/training_pipeline_dag.py for tasks to queue
[2026-04-25T17:55:38.954+0000] {logging_mixin.py:188} INFO - [2026-04-25T17:55:38.954+0000] {dagbag.py:545} INFO - Filling up the DagBag from /opt/airflow/dags/training_pipeline_dag.py
[2026-04-25T17:55:38.965+0000] {processor.py:840} INFO - DAG(s) 'training_pipeline' retrieved from /opt/airflow/dags/training_pipeline_dag.py
[2026-04-25T17:55:38.992+0000] {logging_mixin.py:188} INFO - [2026-04-25T17:55:38.992+0000] {dag.py:3096} INFO - Sync 1 DAGs
[2026-04-25T17:55:39.014+0000] {logging_mixin.py:188} INFO - [2026-04-25T17:55:39.013+0000] {dag.py:3954} INFO - Setting next_dagrun for training_pipeline to 2026-04-24 00:00:00+00:00, run_after=2026-04-25 00:00:00+00:00
[2026-04-25T17:55:39.033+0000] {processor.py:183} INFO - Processing /opt/airflow/dags/training_pipeline_dag.py took 0.087 seconds
[2026-04-25T17:56:09.188+0000] {processor.py:161} INFO - Started process (PID=262) to work on /opt/airflow/dags/training_pipeline_dag.py
[2026-04-25T17:56:09.189+0000] {processor.py:830} INFO - Processing file /opt/airflow/dags/training_pipeline_dag.py for tasks to queue
[2026-04-25T17:56:09.190+0000] {logging_mixin.py:188} INFO - [2026-04-25T17:56:09.190+0000] {dagbag.py:545} INFO - Filling up the DagBag from /opt/airflow/dags/training_pipeline_dag.py
[2026-04-25T17:56:09.201+0000] {processor.py:840} INFO - DAG(s) 'training_pipeline' retrieved from /opt/airflow/dags/training_pipeline_dag.py
[2026-04-25T17:56:09.226+0000] {logging_mixin.py:188} INFO - [2026-04-25T17:56:09.226+0000] {dag.py:3096} INFO - Sync 1 DAGs
[2026-04-25T17:56:09.246+0000] {logging_mixin.py:188} INFO - [2026-04-25T17:56:09.246+0000] {dag.py:3954} INFO - Setting next_dagrun for training_pipeline to 2026-04-24 00:00:00+00:00, run_after=2026-04-25 00:00:00+00:00
[2026-04-25T17:56:09.263+0000] {processor.py:183} INFO - Processing /opt/airflow/dags/training_pipeline_dag.py took 0.080 seconds
[2026-04-25T17:56:39.431+0000] {processor.py:161} INFO - Started process (PID=279) to work on /opt/airflow/dags/training_pipeline_dag.py
[2026-04-25T17:56:39.433+0000] {processor.py:830} INFO - Processing file /opt/airflow/dags/training_pipeline_dag.py for tasks to queue
[2026-04-25T17:56:39.436+0000] {logging_mixin.py:188} INFO - [2026-04-25T17:56:39.435+0000] {dagbag.py:545} INFO - Filling up the DagBag from /opt/airflow/dags/training_pipeline_dag.py
[2026-04-25T17:56:39.446+0000] {processor.py:840} INFO - DAG(s) 'training_pipeline' retrieved from /opt/airflow/dags/training_pipeline_dag.py
[2026-04-25T17:56:39.475+0000] {logging_mixin.py:188} INFO - [2026-04-25T17:56:39.474+0000] {dag.py:3096} INFO - Sync 1 DAGs
[2026-04-25T17:56:39.495+0000] {logging_mixin.py:188} INFO - [2026-04-25T17:56:39.494+0000] {dag.py:3954} INFO - Setting next_dagrun for training_pipeline to 2026-04-24 00:00:00+00:00, run_after=2026-04-25 00:00:00+00:00
[2026-04-25T17:56:39.514+0000] {processor.py:183} INFO - Processing /opt/airflow/dags/training_pipeline_dag.py took 0.088 seconds
[2026-04-25T17:57:09.650+0000] {processor.py:161} INFO - Started process (PID=294) to work on /opt/airflow/dags/training_pipeline_dag.py
[2026-04-25T17:57:09.652+0000] {processor.py:830} INFO - Processing file /opt/airflow/dags/training_pipeline_dag.py for tasks to queue
[2026-04-25T17:57:09.653+0000] {logging_mixin.py:188} INFO - [2026-04-25T17:57:09.653+0000] {dagbag.py:545} INFO - Filling up the DagBag from /opt/airflow/dags/training_pipeline_dag.py
[2026-04-25T17:57:09.663+0000] {processor.py:840} INFO - DAG(s) 'training_pipeline' retrieved from /opt/airflow/dags/training_pipeline_dag.py
[2026-04-25T17:57:09.687+0000] {logging_mixin.py:188} INFO - [2026-04-25T17:57:09.687+0000] {dag.py:3096} INFO - Sync 1 DAGs
[2026-04-25T17:57:09.705+0000] {logging_mixin.py:188} INFO - [2026-04-25T17:57:09.705+0000] {dag.py:3954} INFO - Setting next_dagrun for training_pipeline to 2026-04-24 00:00:00+00:00, run_after=2026-04-25 00:00:00+00:00
[2026-04-25T17:57:09.722+0000] {processor.py:183} INFO - Processing /opt/airflow/dags/training_pipeline_dag.py took 0.076 seconds
[2026-04-25T17:57:39.925+0000] {processor.py:161} INFO - Started process (PID=307) to work on /opt/airflow/dags/training_pipeline_dag.py
[2026-04-25T17:57:39.926+0000] {processor.py:830} INFO - Processing file /opt/airflow/dags/training_pipeline_dag.py for tasks to queue
[2026-04-25T17:57:39.927+0000] {logging_mixin.py:188} INFO - [2026-04-25T17:57:39.927+0000] {dagbag.py:545} INFO - Filling up the DagBag from /opt/airflow/dags/training_pipeline_dag.py
[2026-04-25T17:57:39.938+0000] {processor.py:840} INFO - DAG(s) 'training_pipeline' retrieved from /opt/airflow/dags/training_pipeline_dag.py
[2026-04-25T17:57:39.963+0000] {logging_mixin.py:188} INFO - [2026-04-25T17:57:39.963+0000] {dag.py:3096} INFO - Sync 1 DAGs
[2026-04-25T17:57:39.981+0000] {logging_mixin.py:188} INFO - [2026-04-25T17:57:39.981+0000] {dag.py:3954} INFO - Setting next_dagrun for training_pipeline to 2026-04-24 00:00:00+00:00, run_after=2026-04-25 00:00:00+00:00
[2026-04-25T17:57:40.000+0000] {processor.py:183} INFO - Processing /opt/airflow/dags/training_pipeline_dag.py took 0.081 seconds
[2026-04-25T17:59:33.737+0000] {processor.py:161} INFO - Started process (PID=186) to work on /opt/airflow/dags/training_pipeline_dag.py
[2026-04-25T17:59:33.738+0000] {processor.py:830} INFO - Processing file /opt/airflow/dags/training_pipeline_dag.py for tasks to queue
[2026-04-25T17:59:33.740+0000] {logging_mixin.py:188} INFO - [2026-04-25T17:59:33.740+0000] {dagbag.py:545} INFO - Filling up the DagBag from /opt/airflow/dags/training_pipeline_dag.py
[2026-04-25T17:59:33.755+0000] {processor.py:840} INFO - DAG(s) 'training_pipeline' retrieved from /opt/airflow/dags/training_pipeline_dag.py
[2026-04-25T17:59:33.861+0000] {logging_mixin.py:188} INFO - [2026-04-25T17:59:33.860+0000] {override.py:1829} INFO - Created Permission View: can read on DAG:training_pipeline
[2026-04-25T17:59:33.874+0000] {logging_mixin.py:188} INFO - [2026-04-25T17:59:33.873+0000] {override.py:1829} INFO - Created Permission View: can delete on DAG:training_pipeline
[2026-04-25T17:59:33.882+0000] {logging_mixin.py:188} INFO - [2026-04-25T17:59:33.882+0000] {override.py:1829} INFO - Created Permission View: can edit on DAG:training_pipeline
[2026-04-25T17:59:33.882+0000] {logging_mixin.py:188} INFO - [2026-04-25T17:59:33.882+0000] {dag.py:3096} INFO - Sync 1 DAGs
[2026-04-25T17:59:33.893+0000] {logging_mixin.py:188} INFO - [2026-04-25T17:59:33.893+0000] {dag.py:3118} INFO - Creating ORM DAG for training_pipeline
[2026-04-25T17:59:33.905+0000] {logging_mixin.py:188} INFO - [2026-04-25T17:59:33.904+0000] {dag.py:3954} INFO - Setting next_dagrun for training_pipeline to 2026-04-24 00:00:00+00:00, run_after=2026-04-25 00:00:00+00:00
[2026-04-25T17:59:33.924+0000] {processor.py:183} INFO - Processing /opt/airflow/dags/training_pipeline_dag.py took 0.192 seconds
[2026-04-25T18:00:03.949+0000] {processor.py:161} INFO - Started process (PID=199) to work on /opt/airflow/dags/training_pipeline_dag.py
[2026-04-25T18:00:03.950+0000] {processor.py:830} INFO - Processing file /opt/airflow/dags/training_pipeline_dag.py for tasks to queue
[2026-04-25T18:00:03.952+0000] {logging_mixin.py:188} INFO - [2026-04-25T18:00:03.951+0000] {dagbag.py:545} INFO - Filling up the DagBag from /opt/airflow/dags/training_pipeline_dag.py
[2026-04-25T18:00:03.961+0000] {processor.py:840} INFO - DAG(s) 'training_pipeline' retrieved from /opt/airflow/dags/training_pipeline_dag.py
[2026-04-25T18:00:03.986+0000] {logging_mixin.py:188} INFO - [2026-04-25T18:00:03.985+0000] {dag.py:3096} INFO - Sync 1 DAGs
[2026-04-25T18:00:04.004+0000] {logging_mixin.py:188} INFO - [2026-04-25T18:00:04.003+0000] {dag.py:3954} INFO - Setting next_dagrun for training_pipeline to 2026-04-24 00:00:00+00:00, run_after=2026-04-25 00:00:00+00:00
[2026-04-25T18:00:04.020+0000] {processor.py:183} INFO - Processing /opt/airflow/dags/training_pipeline_dag.py took 0.075 seconds
[2026-04-25T18:00:34.176+0000] {processor.py:161} INFO - Started process (PID=214) to work on /opt/airflow/dags/training_pipeline_dag.py
[2026-04-25T18:00:34.177+0000] {processor.py:830} INFO - Processing file /opt/airflow/dags/training_pipeline_dag.py for tasks to queue
[2026-04-25T18:00:34.178+0000] {logging_mixin.py:188} INFO - [2026-04-25T18:00:34.178+0000] {dagbag.py:545} INFO - Filling up the DagBag from /opt/airflow/dags/training_pipeline_dag.py
[2026-04-25T18:00:34.188+0000] {processor.py:840} INFO - DAG(s) 'training_pipeline' retrieved from /opt/airflow/dags/training_pipeline_dag.py
[2026-04-25T18:00:34.211+0000] {logging_mixin.py:188} INFO - [2026-04-25T18:00:34.210+0000] {dag.py:3096} INFO - Sync 1 DAGs
[2026-04-25T18:00:34.229+0000] {logging_mixin.py:188} INFO - [2026-04-25T18:00:34.229+0000] {dag.py:3954} INFO - Setting next_dagrun for training_pipeline to 2026-04-24 00:00:00+00:00, run_after=2026-04-25 00:00:00+00:00
[2026-04-25T18:00:34.249+0000] {processor.py:183} INFO - Processing /opt/airflow/dags/training_pipeline_dag.py took 0.078 seconds
[2026-04-25T18:01:04.400+0000] {processor.py:161} INFO - Started process (PID=230) to work on /opt/airflow/dags/training_pipeline_dag.py
[2026-04-25T18:01:04.402+0000] {processor.py:830} INFO - Processing file /opt/airflow/dags/training_pipeline_dag.py for tasks to queue
[2026-04-25T18:01:04.403+0000] {logging_mixin.py:188} INFO - [2026-04-25T18:01:04.403+0000] {dagbag.py:545} INFO - Filling up the DagBag from /opt/airflow/dags/training_pipeline_dag.py
[2026-04-25T18:01:04.412+0000] {processor.py:840} INFO - DAG(s) 'training_pipeline' retrieved from /opt/airflow/dags/training_pipeline_dag.py
[2026-04-25T18:01:04.436+0000] {logging_mixin.py:188} INFO - [2026-04-25T18:01:04.436+0000] {dag.py:3096} INFO - Sync 1 DAGs
[2026-04-25T18:01:04.455+0000] {logging_mixin.py:188} INFO - [2026-04-25T18:01:04.454+0000] {dag.py:3954} INFO - Setting next_dagrun for training_pipeline to 2026-04-24 00:00:00+00:00, run_after=2026-04-25 00:00:00+00:00
[2026-04-25T18:01:04.477+0000] {processor.py:183} INFO - Processing /opt/airflow/dags/training_pipeline_dag.py took 0.081 seconds
[2026-04-25T18:01:34.639+0000] {processor.py:161} INFO - Started process (PID=247) to work on /opt/airflow/dags/training_pipeline_dag.py
[2026-04-25T18:01:34.640+0000] {processor.py:830} INFO - Processing file /opt/airflow/dags/training_pipeline_dag.py for tasks to queue
[2026-04-25T18:01:34.642+0000] {logging_mixin.py:188} INFO - [2026-04-25T18:01:34.641+0000] {dagbag.py:545} INFO - Filling up the DagBag from /opt/airflow/dags/training_pipeline_dag.py
[2026-04-25T18:01:34.651+0000] {processor.py:840} INFO - DAG(s) 'training_pipeline' retrieved from /opt/airflow/dags/training_pipeline_dag.py
[2026-04-25T18:01:34.675+0000] {logging_mixin.py:188} INFO - [2026-04-25T18:01:34.675+0000] {dag.py:3096} INFO - Sync 1 DAGs
[2026-04-25T18:01:34.694+0000] {logging_mixin.py:188} INFO - [2026-04-25T18:01:34.694+0000] {dag.py:3954} INFO - Setting next_dagrun for training_pipeline to 2026-04-24 00:00:00+00:00, run_after=2026-04-25 00:00:00+00:00
[2026-04-25T18:01:34.710+0000] {processor.py:183} INFO - Processing /opt/airflow/dags/training_pipeline_dag.py took 0.076 seconds
[2026-04-25T18:02:04.864+0000] {processor.py:161} INFO - Started process (PID=264) to work on /opt/airflow/dags/training_pipeline_dag.py
[2026-04-25T18:02:04.866+0000] {processor.py:830} INFO - Processing file /opt/airflow/dags/training_pipeline_dag.py for tasks to queue
[2026-04-25T18:02:04.867+0000] {logging_mixin.py:188} INFO - [2026-04-25T18:02:04.867+0000] {dagbag.py:545} INFO - Filling up the DagBag from /opt/airflow/dags/training_pipeline_dag.py
[2026-04-25T18:02:04.877+0000] {processor.py:840} INFO - DAG(s) 'training_pipeline' retrieved from /opt/airflow/dags/training_pipeline_dag.py
[2026-04-25T18:02:04.900+0000] {logging_mixin.py:188} INFO - [2026-04-25T18:02:04.900+0000] {dag.py:3096} INFO - Sync 1 DAGs
[2026-04-25T18:02:04.919+0000] {logging_mixin.py:188} INFO - [2026-04-25T18:02:04.919+0000] {dag.py:3954} INFO - Setting next_dagrun for training_pipeline to 2026-04-24 00:00:00+00:00, run_after=2026-04-25 00:00:00+00:00
[2026-04-25T18:02:04.935+0000] {processor.py:183} INFO - Processing /opt/airflow/dags/training_pipeline_dag.py took 0.076 seconds
[2026-04-25T18:02:35.098+0000] {processor.py:161} INFO - Started process (PID=279) to work on /opt/airflow/dags/training_pipeline_dag.py
[2026-04-25T18:02:35.099+0000] {processor.py:830} INFO - Processing file /opt/airflow/dags/training_pipeline_dag.py for tasks to queue
[2026-04-25T18:02:35.100+0000] {logging_mixin.py:188} INFO - [2026-04-25T18:02:35.100+0000] {dagbag.py:545} INFO - Filling up the DagBag from /opt/airflow/dags/training_pipeline_dag.py
[2026-04-25T18:02:35.110+0000] {processor.py:840} INFO - DAG(s) 'training_pipeline' retrieved from /opt/airflow/dags/training_pipeline_dag.py
[2026-04-25T18:02:35.133+0000] {logging_mixin.py:188} INFO - [2026-04-25T18:02:35.133+0000] {dag.py:3096} INFO - Sync 1 DAGs
[2026-04-25T18:02:35.152+0000] {logging_mixin.py:188} INFO - [2026-04-25T18:02:35.152+0000] {dag.py:3954} INFO - Setting next_dagrun for training_pipeline to 2026-04-24 00:00:00+00:00, run_after=2026-04-25 00:00:00+00:00
[2026-04-25T18:02:35.172+0000] {processor.py:183} INFO - Processing /opt/airflow/dags/training_pipeline_dag.py took 0.079 seconds
[2026-04-25T18:03:05.339+0000] {processor.py:161} INFO - Started process (PID=293) to work on /opt/airflow/dags/training_pipeline_dag.py
[2026-04-25T18:03:05.340+0000] {processor.py:830} INFO - Processing file /opt/airflow/dags/training_pipeline_dag.py for tasks to queue
[2026-04-25T18:03:05.341+0000] {logging_mixin.py:188} INFO - [2026-04-25T18:03:05.341+0000] {dagbag.py:545} INFO - Filling up the DagBag from /opt/airflow/dags/training_pipeline_dag.py
[2026-04-25T18:03:05.353+0000] {processor.py:840} INFO - DAG(s) 'training_pipeline' retrieved from /opt/airflow/dags/training_pipeline_dag.py
[2026-04-25T18:03:05.382+0000] {logging_mixin.py:188} INFO - [2026-04-25T18:03:05.382+0000] {dag.py:3096} INFO - Sync 1 DAGs
[2026-04-25T18:03:05.402+0000] {logging_mixin.py:188} INFO - [2026-04-25T18:03:05.402+0000] {dag.py:3954} INFO - Setting next_dagrun for training_pipeline to 2026-04-24 00:00:00+00:00, run_after=2026-04-25 00:00:00+00:00
[2026-04-25T18:03:05.420+0000] {processor.py:183} INFO - Processing /opt/airflow/dags/training_pipeline_dag.py took 0.088 seconds
[2026-04-25T18:03:35.565+0000] {processor.py:161} INFO - Started process (PID=308) to work on /opt/airflow/dags/training_pipeline_dag.py
[2026-04-25T18:03:35.566+0000] {processor.py:830} INFO - Processing file /opt/airflow/dags/training_pipeline_dag.py for tasks to queue
[2026-04-25T18:03:35.568+0000] {logging_mixin.py:188} INFO - [2026-04-25T18:03:35.568+0000] {dagbag.py:545} INFO - Filling up the DagBag from /opt/airflow/dags/training_pipeline_dag.py
[2026-04-25T18:03:35.578+0000] {processor.py:840} INFO - DAG(s) 'training_pipeline' retrieved from /opt/airflow/dags/training_pipeline_dag.py
[2026-04-25T18:03:35.605+0000] {logging_mixin.py:188} INFO - [2026-04-25T18:03:35.604+0000] {dag.py:3096} INFO - Sync 1 DAGs
[2026-04-25T18:03:35.627+0000] {logging_mixin.py:188} INFO - [2026-04-25T18:03:35.626+0000] {dag.py:3954} INFO - Setting next_dagrun for training_pipeline to 2026-04-24 00:00:00+00:00, run_after=2026-04-25 00:00:00+00:00
[2026-04-25T18:03:35.648+0000] {processor.py:183} INFO - Processing /opt/airflow/dags/training_pipeline_dag.py took 0.087 seconds
[2026-04-25T18:04:05.786+0000] {processor.py:161} INFO - Started process (PID=322) to work on /opt/airflow/dags/training_pipeline_dag.py
[2026-04-25T18:04:05.787+0000] {processor.py:830} INFO - Processing file /opt/airflow/dags/training_pipeline_dag.py for tasks to queue
[2026-04-25T18:04:05.788+0000] {logging_mixin.py:188} INFO - [2026-04-25T18:04:05.788+0000] {dagbag.py:545} INFO - Filling up the DagBag from /opt/airflow/dags/training_pipeline_dag.py
[2026-04-25T18:04:05.798+0000] {processor.py:840} INFO - DAG(s) 'training_pipeline' retrieved from /opt/airflow/dags/training_pipeline_dag.py
[2026-04-25T18:04:05.825+0000] {logging_mixin.py:188} INFO - [2026-04-25T18:04:05.825+0000] {dag.py:3096} INFO - Sync 1 DAGs
[2026-04-25T18:04:05.844+0000] {logging_mixin.py:188} INFO - [2026-04-25T18:04:05.844+0000] {dag.py:3954} INFO - Setting next_dagrun for training_pipeline to 2026-04-24 00:00:00+00:00, run_after=2026-04-25 00:00:00+00:00
[2026-04-25T18:04:05.860+0000] {processor.py:183} INFO - Processing /opt/airflow/dags/training_pipeline_dag.py took 0.079 seconds
[2026-04-25T18:04:36.019+0000] {processor.py:161} INFO - Started process (PID=337) to work on /opt/airflow/dags/training_pipeline_dag.py
[2026-04-25T18:04:36.020+0000] {processor.py:830} INFO - Processing file /opt/airflow/dags/training_pipeline_dag.py for tasks to queue
[2026-04-25T18:04:36.021+0000] {logging_mixin.py:188} INFO - [2026-04-25T18:04:36.021+0000] {dagbag.py:545} INFO - Filling up the DagBag from /opt/airflow/dags/training_pipeline_dag.py
[2026-04-25T18:04:36.032+0000] {processor.py:840} INFO - DAG(s) 'training_pipeline' retrieved from /opt/airflow/dags/training_pipeline_dag.py
[2026-04-25T18:04:36.057+0000] {logging_mixin.py:188} INFO - [2026-04-25T18:04:36.057+0000] {dag.py:3096} INFO - Sync 1 DAGs
[2026-04-25T18:04:36.076+0000] {logging_mixin.py:188} INFO - [2026-04-25T18:04:36.076+0000] {dag.py:3954} INFO - Setting next_dagrun for training_pipeline to 2026-04-24 00:00:00+00:00, run_after=2026-04-25 00:00:00+00:00
[2026-04-25T18:04:36.096+0000] {processor.py:183} INFO - Processing /opt/airflow/dags/training_pipeline_dag.py took 0.083 seconds
[2026-04-25T18:05:06.239+0000] {processor.py:161} INFO - Started process (PID=354) to work on /opt/airflow/dags/training_pipeline_dag.py
[2026-04-25T18:05:06.240+0000] {processor.py:830} INFO - Processing file /opt/airflow/dags/training_pipeline_dag.py for tasks to queue
[2026-04-25T18:05:06.241+0000] {logging_mixin.py:188} INFO - [2026-04-25T18:05:06.241+0000] {dagbag.py:545} INFO - Filling up the DagBag from /opt/airflow/dags/training_pipeline_dag.py
[2026-04-25T18:05:06.251+0000] {processor.py:840} INFO - DAG(s) 'training_pipeline' retrieved from /opt/airflow/dags/training_pipeline_dag.py
[2026-04-25T18:05:06.275+0000] {logging_mixin.py:188} INFO - [2026-04-25T18:05:06.274+0000] {dag.py:3096} INFO - Sync 1 DAGs
[2026-04-25T18:05:06.294+0000] {logging_mixin.py:188} INFO - [2026-04-25T18:05:06.293+0000] {dag.py:3954} INFO - Setting next_dagrun for training_pipeline to 2026-04-24 00:00:00+00:00, run_after=2026-04-25 00:00:00+00:00
[2026-04-25T18:05:06.312+0000] {processor.py:183} INFO - Processing /opt/airflow/dags/training_pipeline_dag.py took 0.078 seconds
[2026-04-25T18:05:36.478+0000] {processor.py:161} INFO - Started process (PID=367) to work on /opt/airflow/dags/training_pipeline_dag.py
[2026-04-25T18:05:36.480+0000] {processor.py:830} INFO - Processing file /opt/airflow/dags/training_pipeline_dag.py for tasks to queue
[2026-04-25T18:05:36.481+0000] {logging_mixin.py:188} INFO - [2026-04-25T18:05:36.481+0000] {dagbag.py:545} INFO - Filling up the DagBag from /opt/airflow/dags/training_pipeline_dag.py
[2026-04-25T18:05:36.492+0000] {processor.py:840} INFO - DAG(s) 'training_pipeline' retrieved from /opt/airflow/dags/training_pipeline_dag.py
[2026-04-25T18:05:36.518+0000] {logging_mixin.py:188} INFO - [2026-04-25T18:05:36.517+0000] {dag.py:3096} INFO - Sync 1 DAGs
[2026-04-25T18:05:36.535+0000] {logging_mixin.py:188} INFO - [2026-04-25T18:05:36.535+0000] {dag.py:3954} INFO - Setting next_dagrun for training_pipeline to 2026-04-24 00:00:00+00:00, run_after=2026-04-25 00:00:00+00:00
[2026-04-25T18:05:36.551+0000] {processor.py:183} INFO - Processing /opt/airflow/dags/training_pipeline_dag.py took 0.080 seconds
[2026-04-25T18:06:06.702+0000] {processor.py:161} INFO - Started process (PID=384) to work on /opt/airflow/dags/training_pipeline_dag.py
[2026-04-25T18:06:06.703+0000] {processor.py:830} INFO - Processing file /opt/airflow/dags/training_pipeline_dag.py for tasks to queue
[2026-04-25T18:06:06.704+0000] {logging_mixin.py:188} INFO - [2026-04-25T18:06:06.704+0000] {dagbag.py:545} INFO - Filling up the DagBag from /opt/airflow/dags/training_pipeline_dag.py
[2026-04-25T18:06:06.714+0000] {processor.py:840} INFO - DAG(s) 'training_pipeline' retrieved from /opt/airflow/dags/training_pipeline_dag.py
[2026-04-25T18:06:06.741+0000] {logging_mixin.py:188} INFO - [2026-04-25T18:06:06.741+0000] {dag.py:3096} INFO - Sync 1 DAGs
[2026-04-25T18:06:06.761+0000] {logging_mixin.py:188} INFO - [2026-04-25T18:06:06.761+0000] {dag.py:3954} INFO - Setting next_dagrun for training_pipeline to 2026-04-24 00:00:00+00:00, run_after=2026-04-25 00:00:00+00:00
[2026-04-25T18:06:06.778+0000] {processor.py:183} INFO - Processing /opt/airflow/dags/training_pipeline_dag.py took 0.081 seconds
[2026-04-25T18:06:36.930+0000] {processor.py:161} INFO - Started process (PID=397) to work on /opt/airflow/dags/training_pipeline_dag.py
[2026-04-25T18:06:36.931+0000] {processor.py:830} INFO - Processing file /opt/airflow/dags/training_pipeline_dag.py for tasks to queue
[2026-04-25T18:06:36.932+0000] {logging_mixin.py:188} INFO - [2026-04-25T18:06:36.932+0000] {dagbag.py:545} INFO - Filling up the DagBag from /opt/airflow/dags/training_pipeline_dag.py
[2026-04-25T18:06:36.942+0000] {processor.py:840} INFO - DAG(s) 'training_pipeline' retrieved from /opt/airflow/dags/training_pipeline_dag.py
[2026-04-25T18:06:36.967+0000] {logging_mixin.py:188} INFO - [2026-04-25T18:06:36.966+0000] {dag.py:3096} INFO - Sync 1 DAGs
[2026-04-25T18:06:36.986+0000] {logging_mixin.py:188} INFO - [2026-04-25T18:06:36.986+0000] {dag.py:3954} INFO - Setting next_dagrun for training_pipeline to 2026-04-24 00:00:00+00:00, run_after=2026-04-25 00:00:00+00:00
[2026-04-25T18:06:37.003+0000] {processor.py:183} INFO - Processing /opt/airflow/dags/training_pipeline_dag.py took 0.079 seconds
[2026-04-25T18:07:07.182+0000] {processor.py:161} INFO - Started process (PID=412) to work on /opt/airflow/dags/training_pipeline_dag.py
[2026-04-25T18:07:07.183+0000] {processor.py:830} INFO - Processing file /opt/airflow/dags/training_pipeline_dag.py for tasks to queue
[2026-04-25T18:07:07.184+0000] {logging_mixin.py:188} INFO - [2026-04-25T18:07:07.184+0000] {dagbag.py:545} INFO - Filling up the DagBag from /opt/airflow/dags/training_pipeline_dag.py
[2026-04-25T18:07:07.195+0000] {processor.py:840} INFO - DAG(s) 'training_pipeline' retrieved from /opt/airflow/dags/training_pipeline_dag.py
[2026-04-25T18:07:07.222+0000] {logging_mixin.py:188} INFO - [2026-04-25T18:07:07.222+0000] {dag.py:3096} INFO - Sync 1 DAGs
[2026-04-25T18:07:07.244+0000] {logging_mixin.py:188} INFO - [2026-04-25T18:07:07.243+0000] {dag.py:3954} INFO - Setting next_dagrun for training_pipeline to 2026-04-24 00:00:00+00:00, run_after=2026-04-25 00:00:00+00:00
[2026-04-25T18:07:07.262+0000] {processor.py:183} INFO - Processing /opt/airflow/dags/training_pipeline_dag.py took 0.086 seconds
[2026-04-25T18:07:37.401+0000] {processor.py:161} INFO - Started process (PID=429) to work on /opt/airflow/dags/training_pipeline_dag.py
[2026-04-25T18:07:37.402+0000] {processor.py:830} INFO - Processing file /opt/airflow/dags/training_pipeline_dag.py for tasks to queue
[2026-04-25T18:07:37.404+0000] {logging_mixin.py:188} INFO - [2026-04-25T18:07:37.404+0000] {dagbag.py:545} INFO - Filling up the DagBag from /opt/airflow/dags/training_pipeline_dag.py
[2026-04-25T18:07:37.414+0000] {processor.py:840} INFO - DAG(s) 'training_pipeline' retrieved from /opt/airflow/dags/training_pipeline_dag.py
[2026-04-25T18:07:37.438+0000] {logging_mixin.py:188} INFO - [2026-04-25T18:07:37.437+0000] {dag.py:3096} INFO - Sync 1 DAGs
[2026-04-25T18:07:37.456+0000] {logging_mixin.py:188} INFO - [2026-04-25T18:07:37.456+0000] {dag.py:3954} INFO - Setting next_dagrun for training_pipeline to 2026-04-24 00:00:00+00:00, run_after=2026-04-25 00:00:00+00:00
[2026-04-25T18:07:37.471+0000] {processor.py:183} INFO - Processing /opt/airflow/dags/training_pipeline_dag.py took 0.076 seconds
[2026-04-25T18:08:07.624+0000] {processor.py:161} INFO - Started process (PID=444) to work on /opt/airflow/dags/training_pipeline_dag.py
[2026-04-25T18:08:07.625+0000] {processor.py:830} INFO - Processing file /opt/airflow/dags/training_pipeline_dag.py for tasks to queue
[2026-04-25T18:08:07.627+0000] {logging_mixin.py:188} INFO - [2026-04-25T18:08:07.626+0000] {dagbag.py:545} INFO - Filling up the DagBag from /opt/airflow/dags/training_pipeline_dag.py
[2026-04-25T18:08:07.637+0000] {processor.py:840} INFO - DAG(s) 'training_pipeline' retrieved from /opt/airflow/dags/training_pipeline_dag.py
[2026-04-25T18:08:07.660+0000] {logging_mixin.py:188} INFO - [2026-04-25T18:08:07.660+0000] {dag.py:3096} INFO - Sync 1 DAGs
[2026-04-25T18:08:07.678+0000] {logging_mixin.py:188} INFO - [2026-04-25T18:08:07.678+0000] {dag.py:3954} INFO - Setting next_dagrun for training_pipeline to 2026-04-24 00:00:00+00:00, run_after=2026-04-25 00:00:00+00:00
[2026-04-25T18:08:07.694+0000] {processor.py:183} INFO - Processing /opt/airflow/dags/training_pipeline_dag.py took 0.075 seconds
[2026-04-25T18:08:37.862+0000] {processor.py:161} INFO - Started process (PID=457) to work on /opt/airflow/dags/training_pipeline_dag.py
[2026-04-25T18:08:37.863+0000] {processor.py:830} INFO - Processing file /opt/airflow/dags/training_pipeline_dag.py for tasks to queue
[2026-04-25T18:08:37.865+0000] {logging_mixin.py:188} INFO - [2026-04-25T18:08:37.865+0000] {dagbag.py:545} INFO - Filling up the DagBag from /opt/airflow/dags/training_pipeline_dag.py
[2026-04-25T18:08:37.876+0000] {processor.py:840} INFO - DAG(s) 'training_pipeline' retrieved from /opt/airflow/dags/training_pipeline_dag.py
[2026-04-25T18:08:37.900+0000] {logging_mixin.py:188} INFO - [2026-04-25T18:08:37.899+0000] {dag.py:3096} INFO - Sync 1 DAGs
[2026-04-25T18:08:37.918+0000] {logging_mixin.py:188} INFO - [2026-04-25T18:08:37.918+0000] {dag.py:3954} INFO - Setting next_dagrun for training_pipeline to 2026-04-24 00:00:00+00:00, run_after=2026-04-25 00:00:00+00:00
[2026-04-25T18:08:37.933+0000] {processor.py:183} INFO - Processing /opt/airflow/dags/training_pipeline_dag.py took 0.076 seconds
[2026-04-25T18:09:08.091+0000] {processor.py:161} INFO - Started process (PID=472) to work on /opt/airflow/dags/training_pipeline_dag.py
[2026-04-25T18:09:08.092+0000] {processor.py:830} INFO - Processing file /opt/airflow/dags/training_pipeline_dag.py for tasks to queue
[2026-04-25T18:09:08.094+0000] {logging_mixin.py:188} INFO - [2026-04-25T18:09:08.093+0000] {dagbag.py:545} INFO - Filling up the DagBag from /opt/airflow/dags/training_pipeline_dag.py
[2026-04-25T18:09:08.104+0000] {processor.py:840} INFO - DAG(s) 'training_pipeline' retrieved from /opt/airflow/dags/training_pipeline_dag.py
[2026-04-25T18:09:08.128+0000] {logging_mixin.py:188} INFO - [2026-04-25T18:09:08.128+0000] {dag.py:3096} INFO - Sync 1 DAGs
[2026-04-25T18:09:08.149+0000] {logging_mixin.py:188} INFO - [2026-04-25T18:09:08.149+0000] {dag.py:3954} INFO - Setting next_dagrun for training_pipeline to 2026-04-24 00:00:00+00:00, run_after=2026-04-25 00:00:00+00:00
[2026-04-25T18:09:08.166+0000] {processor.py:183} INFO - Processing /opt/airflow/dags/training_pipeline_dag.py took 0.081 seconds
[2026-04-25T18:09:38.340+0000] {processor.py:161} INFO - Started process (PID=487) to work on /opt/airflow/dags/training_pipeline_dag.py
[2026-04-25T18:09:38.341+0000] {processor.py:830} INFO - Processing file /opt/airflow/dags/training_pipeline_dag.py for tasks to queue
[2026-04-25T18:09:38.342+0000] {logging_mixin.py:188} INFO - [2026-04-25T18:09:38.342+0000] {dagbag.py:545} INFO - Filling up the DagBag from /opt/airflow/dags/training_pipeline_dag.py
[2026-04-25T18:09:38.352+0000] {processor.py:840} INFO - DAG(s) 'training_pipeline' retrieved from /opt/airflow/dags/training_pipeline_dag.py
[2026-04-25T18:09:38.376+0000] {logging_mixin.py:188} INFO - [2026-04-25T18:09:38.376+0000] {dag.py:3096} INFO - Sync 1 DAGs
[2026-04-25T18:09:38.395+0000] {logging_mixin.py:188} INFO - [2026-04-25T18:09:38.395+0000] {dag.py:3954} INFO - Setting next_dagrun for training_pipeline to 2026-04-24 00:00:00+00:00, run_after=2026-04-25 00:00:00+00:00
[2026-04-25T18:09:38.413+0000] {processor.py:183} INFO - Processing /opt/airflow/dags/training_pipeline_dag.py took 0.079 seconds
[2026-04-25T18:10:08.598+0000] {processor.py:161} INFO - Started process (PID=504) to work on /opt/airflow/dags/training_pipeline_dag.py
[2026-04-25T18:10:08.599+0000] {processor.py:830} INFO - Processing file /opt/airflow/dags/training_pipeline_dag.py for tasks to queue
[2026-04-25T18:10:08.600+0000] {logging_mixin.py:188} INFO - [2026-04-25T18:10:08.600+0000] {dagbag.py:545} INFO - Filling up the DagBag from /opt/airflow/dags/training_pipeline_dag.py
[2026-04-25T18:10:08.609+0000] {processor.py:840} INFO - DAG(s) 'training_pipeline' retrieved from /opt/airflow/dags/training_pipeline_dag.py
[2026-04-25T18:10:08.633+0000] {logging_mixin.py:188} INFO - [2026-04-25T18:10:08.633+0000] {dag.py:3096} INFO - Sync 1 DAGs
[2026-04-25T18:10:08.652+0000] {logging_mixin.py:188} INFO - [2026-04-25T18:10:08.652+0000] {dag.py:3954} INFO - Setting next_dagrun for training_pipeline to 2026-04-24 00:00:00+00:00, run_after=2026-04-25 00:00:00+00:00
[2026-04-25T18:10:08.669+0000] {processor.py:183} INFO - Processing /opt/airflow/dags/training_pipeline_dag.py took 0.076 seconds
[2026-04-25T18:10:38.831+0000] {processor.py:161} INFO - Started process (PID=517) to work on /opt/airflow/dags/training_pipeline_dag.py
[2026-04-25T18:10:38.832+0000] {processor.py:830} INFO - Processing file /opt/airflow/dags/training_pipeline_dag.py for tasks to queue
[2026-04-25T18:10:38.833+0000] {logging_mixin.py:188} INFO - [2026-04-25T18:10:38.833+0000] {dagbag.py:545} INFO - Filling up the DagBag from /opt/airflow/dags/training_pipeline_dag.py
[2026-04-25T18:10:38.843+0000] {processor.py:840} INFO - DAG(s) 'training_pipeline' retrieved from /opt/airflow/dags/training_pipeline_dag.py
[2026-04-25T18:10:38.867+0000] {logging_mixin.py:188} INFO - [2026-04-25T18:10:38.866+0000] {dag.py:3096} INFO - Sync 1 DAGs
[2026-04-25T18:10:38.886+0000] {logging_mixin.py:188} INFO - [2026-04-25T18:10:38.885+0000] {dag.py:3954} INFO - Setting next_dagrun for training_pipeline to 2026-04-24 00:00:00+00:00, run_after=2026-04-25 00:00:00+00:00
[2026-04-25T18:10:38.901+0000] {processor.py:183} INFO - Processing /opt/airflow/dags/training_pipeline_dag.py took 0.076 seconds
[2026-04-25T18:11:09.060+0000] {processor.py:161} INFO - Started process (PID=532) to work on /opt/airflow/dags/training_pipeline_dag.py
[2026-04-25T18:11:09.061+0000] {processor.py:830} INFO - Processing file /opt/airflow/dags/training_pipeline_dag.py for tasks to queue
[2026-04-25T18:11:09.062+0000] {logging_mixin.py:188} INFO - [2026-04-25T18:11:09.062+0000] {dagbag.py:545} INFO - Filling up the DagBag from /opt/airflow/dags/training_pipeline_dag.py
[2026-04-25T18:11:09.071+0000] {processor.py:840} INFO - DAG(s) 'training_pipeline' retrieved from /opt/airflow/dags/training_pipeline_dag.py
[2026-04-25T18:11:09.096+0000] {logging_mixin.py:188} INFO - [2026-04-25T18:11:09.096+0000] {dag.py:3096} INFO - Sync 1 DAGs
[2026-04-25T18:11:09.114+0000] {logging_mixin.py:188} INFO - [2026-04-25T18:11:09.113+0000] {dag.py:3954} INFO - Setting next_dagrun for training_pipeline to 2026-04-24 00:00:00+00:00, run_after=2026-04-25 00:00:00+00:00
[2026-04-25T18:11:09.129+0000] {processor.py:183} INFO - Processing /opt/airflow/dags/training_pipeline_dag.py took 0.074 seconds
[2026-04-25T18:11:39.294+0000] {processor.py:161} INFO - Started process (PID=549) to work on /opt/airflow/dags/training_pipeline_dag.py
[2026-04-25T18:11:39.295+0000] {processor.py:830} INFO - Processing file /opt/airflow/dags/training_pipeline_dag.py for tasks to queue
[2026-04-25T18:11:39.297+0000] {logging_mixin.py:188} INFO - [2026-04-25T18:11:39.296+0000] {dagbag.py:545} INFO - Filling up the DagBag from /opt/airflow/dags/training_pipeline_dag.py
[2026-04-25T18:11:39.307+0000] {processor.py:840} INFO - DAG(s) 'training_pipeline' retrieved from /opt/airflow/dags/training_pipeline_dag.py
[2026-04-25T18:11:39.332+0000] {logging_mixin.py:188} INFO - [2026-04-25T18:11:39.331+0000] {dag.py:3096} INFO - Sync 1 DAGs
[2026-04-25T18:11:39.350+0000] {logging_mixin.py:188} INFO - [2026-04-25T18:11:39.350+0000] {dag.py:3954} INFO - Setting next_dagrun for training_pipeline to 2026-04-24 00:00:00+00:00, run_after=2026-04-25 00:00:00+00:00
[2026-04-25T18:11:39.368+0000] {processor.py:183} INFO - Processing /opt/airflow/dags/training_pipeline_dag.py took 0.079 seconds
[2026-04-25T18:12:09.515+0000] {processor.py:161} INFO - Started process (PID=562) to work on /opt/airflow/dags/training_pipeline_dag.py
[2026-04-25T18:12:09.516+0000] {processor.py:830} INFO - Processing file /opt/airflow/dags/training_pipeline_dag.py for tasks to queue
[2026-04-25T18:12:09.517+0000] {logging_mixin.py:188} INFO - [2026-04-25T18:12:09.517+0000] {dagbag.py:545} INFO - Filling up the DagBag from /opt/airflow/dags/training_pipeline_dag.py
[2026-04-25T18:12:09.527+0000] {processor.py:840} INFO - DAG(s) 'training_pipeline' retrieved from /opt/airflow/dags/training_pipeline_dag.py
[2026-04-25T18:12:09.552+0000] {logging_mixin.py:188} INFO - [2026-04-25T18:12:09.551+0000] {dag.py:3096} INFO - Sync 1 DAGs
[2026-04-25T18:12:09.570+0000] {logging_mixin.py:188} INFO - [2026-04-25T18:12:09.570+0000] {dag.py:3954} INFO - Setting next_dagrun for training_pipeline to 2026-04-24 00:00:00+00:00, run_after=2026-04-25 00:00:00+00:00
[2026-04-25T18:12:09.588+0000] {processor.py:183} INFO - Processing /opt/airflow/dags/training_pipeline_dag.py took 0.079 seconds
[2026-04-25T18:12:39.751+0000] {processor.py:161} INFO - Started process (PID=577) to work on /opt/airflow/dags/training_pipeline_dag.py
[2026-04-25T18:12:39.752+0000] {processor.py:830} INFO - Processing file /opt/airflow/dags/training_pipeline_dag.py for tasks to queue
[2026-04-25T18:12:39.753+0000] {logging_mixin.py:188} INFO - [2026-04-25T18:12:39.753+0000] {dagbag.py:545} INFO - Filling up the DagBag from /opt/airflow/dags/training_pipeline_dag.py
[2026-04-25T18:12:39.763+0000] {processor.py:840} INFO - DAG(s) 'training_pipeline' retrieved from /opt/airflow/dags/training_pipeline_dag.py
[2026-04-25T18:12:39.786+0000] {logging_mixin.py:188} INFO - [2026-04-25T18:12:39.786+0000] {dag.py:3096} INFO - Sync 1 DAGs
[2026-04-25T18:12:39.806+0000] {logging_mixin.py:188} INFO - [2026-04-25T18:12:39.806+0000] {dag.py:3954} INFO - Setting next_dagrun for training_pipeline to 2026-04-24 00:00:00+00:00, run_after=2026-04-25 00:00:00+00:00
[2026-04-25T18:12:39.826+0000] {processor.py:183} INFO - Processing /opt/airflow/dags/training_pipeline_dag.py took 0.080 seconds
[2026-04-25T18:13:09.986+0000] {processor.py:161} INFO - Started process (PID=592) to work on /opt/airflow/dags/training_pipeline_dag.py
[2026-04-25T18:13:09.987+0000] {processor.py:830} INFO - Processing file /opt/airflow/dags/training_pipeline_dag.py for tasks to queue
[2026-04-25T18:13:09.989+0000] {logging_mixin.py:188} INFO - [2026-04-25T18:13:09.988+0000] {dagbag.py:545} INFO - Filling up the DagBag from /opt/airflow/dags/training_pipeline_dag.py
[2026-04-25T18:13:09.999+0000] {processor.py:840} INFO - DAG(s) 'training_pipeline' retrieved from /opt/airflow/dags/training_pipeline_dag.py
[2026-04-25T18:13:10.022+0000] {logging_mixin.py:188} INFO - [2026-04-25T18:13:10.022+0000] {dag.py:3096} INFO - Sync 1 DAGs
[2026-04-25T18:13:10.042+0000] {logging_mixin.py:188} INFO - [2026-04-25T18:13:10.042+0000] {dag.py:3954} INFO - Setting next_dagrun for training_pipeline to 2026-04-24 00:00:00+00:00, run_after=2026-04-25 00:00:00+00:00
[2026-04-25T18:13:10.058+0000] {processor.py:183} INFO - Processing /opt/airflow/dags/training_pipeline_dag.py took 0.077 seconds
[2026-04-25T18:13:40.228+0000] {processor.py:161} INFO - Started process (PID=609) to work on /opt/airflow/dags/training_pipeline_dag.py
[2026-04-25T18:13:40.229+0000] {processor.py:830} INFO - Processing file /opt/airflow/dags/training_pipeline_dag.py for tasks to queue
[2026-04-25T18:13:40.231+0000] {logging_mixin.py:188} INFO - [2026-04-25T18:13:40.231+0000] {dagbag.py:545} INFO - Filling up the DagBag from /opt/airflow/dags/training_pipeline_dag.py
[2026-04-25T18:13:40.241+0000] {processor.py:840} INFO - DAG(s) 'training_pipeline' retrieved from /opt/airflow/dags/training_pipeline_dag.py
[2026-04-25T18:13:40.267+0000] {logging_mixin.py:188} INFO - [2026-04-25T18:13:40.267+0000] {dag.py:3096} INFO - Sync 1 DAGs
[2026-04-25T18:13:40.286+0000] {logging_mixin.py:188} INFO - [2026-04-25T18:13:40.285+0000] {dag.py:3954} INFO - Setting next_dagrun for training_pipeline to 2026-04-24 00:00:00+00:00, run_after=2026-04-25 00:00:00+00:00
[2026-04-25T18:13:40.301+0000] {processor.py:183} INFO - Processing /opt/airflow/dags/training_pipeline_dag.py took 0.078 seconds
[2026-04-25T18:14:10.456+0000] {processor.py:161} INFO - Started process (PID=622) to work on /opt/airflow/dags/training_pipeline_dag.py
[2026-04-25T18:14:10.458+0000] {processor.py:830} INFO - Processing file /opt/airflow/dags/training_pipeline_dag.py for tasks to queue
[2026-04-25T18:14:10.459+0000] {logging_mixin.py:188} INFO - [2026-04-25T18:14:10.459+0000] {dagbag.py:545} INFO - Filling up the DagBag from /opt/airflow/dags/training_pipeline_dag.py
[2026-04-25T18:14:10.469+0000] {processor.py:840} INFO - DAG(s) 'training_pipeline' retrieved from /opt/airflow/dags/training_pipeline_dag.py
[2026-04-25T18:14:10.493+0000] {logging_mixin.py:188} INFO - [2026-04-25T18:14:10.493+0000] {dag.py:3096} INFO - Sync 1 DAGs
[2026-04-25T18:14:10.512+0000] {logging_mixin.py:188} INFO - [2026-04-25T18:14:10.512+0000] {dag.py:3954} INFO - Setting next_dagrun for training_pipeline to 2026-04-24 00:00:00+00:00, run_after=2026-04-25 00:00:00+00:00
[2026-04-25T18:14:10.530+0000] {processor.py:183} INFO - Processing /opt/airflow/dags/training_pipeline_dag.py took 0.079 seconds
[2026-04-25T18:14:40.682+0000] {processor.py:161} INFO - Started process (PID=637) to work on /opt/airflow/dags/training_pipeline_dag.py
[2026-04-25T18:14:40.682+0000] {processor.py:830} INFO - Processing file /opt/airflow/dags/training_pipeline_dag.py for tasks to queue
[2026-04-25T18:14:40.684+0000] {logging_mixin.py:188} INFO - [2026-04-25T18:14:40.684+0000] {dagbag.py:545} INFO - Filling up the DagBag from /opt/airflow/dags/training_pipeline_dag.py
[2026-04-25T18:14:40.693+0000] {processor.py:840} INFO - DAG(s) 'training_pipeline' retrieved from /opt/airflow/dags/training_pipeline_dag.py
[2026-04-25T18:14:40.717+0000] {logging_mixin.py:188} INFO - [2026-04-25T18:14:40.717+0000] {dag.py:3096} INFO - Sync 1 DAGs
[2026-04-25T18:14:40.736+0000] {logging_mixin.py:188} INFO - [2026-04-25T18:14:40.736+0000] {dag.py:3954} INFO - Setting next_dagrun for training_pipeline to 2026-04-24 00:00:00+00:00, run_after=2026-04-25 00:00:00+00:00
[2026-04-25T18:14:40.753+0000] {processor.py:183} INFO - Processing /opt/airflow/dags/training_pipeline_dag.py took 0.077 seconds
[2026-04-25T18:15:10.931+0000] {processor.py:161} INFO - Started process (PID=654) to work on /opt/airflow/dags/training_pipeline_dag.py
[2026-04-25T18:15:10.933+0000] {processor.py:830} INFO - Processing file /opt/airflow/dags/training_pipeline_dag.py for tasks to queue
[2026-04-25T18:15:10.934+0000] {logging_mixin.py:188} INFO - [2026-04-25T18:15:10.934+0000] {dagbag.py:545} INFO - Filling up the DagBag from /opt/airflow/dags/training_pipeline_dag.py
[2026-04-25T18:15:10.945+0000] {processor.py:840} INFO - DAG(s) 'training_pipeline' retrieved from /opt/airflow/dags/training_pipeline_dag.py
[2026-04-25T18:15:10.973+0000] {logging_mixin.py:188} INFO - [2026-04-25T18:15:10.973+0000] {dag.py:3096} INFO - Sync 1 DAGs
[2026-04-25T18:15:10.994+0000] {logging_mixin.py:188} INFO - [2026-04-25T18:15:10.994+0000] {dag.py:3954} INFO - Setting next_dagrun for training_pipeline to 2026-04-24 00:00:00+00:00, run_after=2026-04-25 00:00:00+00:00
[2026-04-25T18:15:11.014+0000] {processor.py:183} INFO - Processing /opt/airflow/dags/training_pipeline_dag.py took 0.089 seconds
[2026-04-25T18:15:41.164+0000] {processor.py:161} INFO - Started process (PID=667) to work on /opt/airflow/dags/training_pipeline_dag.py
[2026-04-25T18:15:41.166+0000] {processor.py:830} INFO - Processing file /opt/airflow/dags/training_pipeline_dag.py for tasks to queue
[2026-04-25T18:15:41.168+0000] {logging_mixin.py:188} INFO - [2026-04-25T18:15:41.167+0000] {dagbag.py:545} INFO - Filling up the DagBag from /opt/airflow/dags/training_pipeline_dag.py
[2026-04-25T18:15:41.179+0000] {processor.py:840} INFO - DAG(s) 'training_pipeline' retrieved from /opt/airflow/dags/training_pipeline_dag.py
[2026-04-25T18:15:41.207+0000] {logging_mixin.py:188} INFO - [2026-04-25T18:15:41.206+0000] {dag.py:3096} INFO - Sync 1 DAGs
[2026-04-25T18:15:41.227+0000] {logging_mixin.py:188} INFO - [2026-04-25T18:15:41.227+0000] {dag.py:3954} INFO - Setting next_dagrun for training_pipeline to 2026-04-24 00:00:00+00:00, run_after=2026-04-25 00:00:00+00:00
[2026-04-25T18:15:41.245+0000] {processor.py:183} INFO - Processing /opt/airflow/dags/training_pipeline_dag.py took 0.087 seconds
[2026-04-25T18:16:11.403+0000] {processor.py:161} INFO - Started process (PID=682) to work on /opt/airflow/dags/training_pipeline_dag.py
[2026-04-25T18:16:11.404+0000] {processor.py:830} INFO - Processing file /opt/airflow/dags/training_pipeline_dag.py for tasks to queue
[2026-04-25T18:16:11.406+0000] {logging_mixin.py:188} INFO - [2026-04-25T18:16:11.406+0000] {dagbag.py:545} INFO - Filling up the DagBag from /opt/airflow/dags/training_pipeline_dag.py
[2026-04-25T18:16:11.417+0000] {processor.py:840} INFO - DAG(s) 'training_pipeline' retrieved from /opt/airflow/dags/training_pipeline_dag.py
[2026-04-25T18:16:11.442+0000] {logging_mixin.py:188} INFO - [2026-04-25T18:16:11.442+0000] {dag.py:3096} INFO - Sync 1 DAGs
[2026-04-25T18:16:11.461+0000] {logging_mixin.py:188} INFO - [2026-04-25T18:16:11.461+0000] {dag.py:3954} INFO - Setting next_dagrun for training_pipeline to 2026-04-24 00:00:00+00:00, run_after=2026-04-25 00:00:00+00:00
[2026-04-25T18:16:11.477+0000] {processor.py:183} INFO - Processing /opt/airflow/dags/training_pipeline_dag.py took 0.080 seconds
[2026-04-25T18:16:41.627+0000] {processor.py:161} INFO - Started process (PID=697) to work on /opt/airflow/dags/training_pipeline_dag.py
[2026-04-25T18:16:41.628+0000] {processor.py:830} INFO - Processing file /opt/airflow/dags/training_pipeline_dag.py for tasks to queue
[2026-04-25T18:16:41.630+0000] {logging_mixin.py:188} INFO - [2026-04-25T18:16:41.629+0000] {dagbag.py:545} INFO - Filling up the DagBag from /opt/airflow/dags/training_pipeline_dag.py
[2026-04-25T18:16:41.639+0000] {processor.py:840} INFO - DAG(s) 'training_pipeline' retrieved from /opt/airflow/dags/training_pipeline_dag.py
[2026-04-25T18:16:41.665+0000] {logging_mixin.py:188} INFO - [2026-04-25T18:16:41.664+0000] {dag.py:3096} INFO - Sync 1 DAGs
[2026-04-25T18:16:41.682+0000] {logging_mixin.py:188} INFO - [2026-04-25T18:16:41.682+0000] {dag.py:3954} INFO - Setting next_dagrun for training_pipeline to 2026-04-24 00:00:00+00:00, run_after=2026-04-25 00:00:00+00:00
[2026-04-25T18:16:41.701+0000] {processor.py:183} INFO - Processing /opt/airflow/dags/training_pipeline_dag.py took 0.079 seconds
[2026-04-25T18:17:11.869+0000] {processor.py:161} INFO - Started process (PID=712) to work on /opt/airflow/dags/training_pipeline_dag.py
[2026-04-25T18:17:11.870+0000] {processor.py:830} INFO - Processing file /opt/airflow/dags/training_pipeline_dag.py for tasks to queue
[2026-04-25T18:17:11.871+0000] {logging_mixin.py:188} INFO - [2026-04-25T18:17:11.871+0000] {dagbag.py:545} INFO - Filling up the DagBag from /opt/airflow/dags/training_pipeline_dag.py
[2026-04-25T18:17:11.882+0000] {processor.py:840} INFO - DAG(s) 'training_pipeline' retrieved from /opt/airflow/dags/training_pipeline_dag.py
[2026-04-25T18:17:11.906+0000] {logging_mixin.py:188} INFO - [2026-04-25T18:17:11.905+0000] {dag.py:3096} INFO - Sync 1 DAGs
[2026-04-25T18:17:11.926+0000] {logging_mixin.py:188} INFO - [2026-04-25T18:17:11.926+0000] {dag.py:3954} INFO - Setting next_dagrun for training_pipeline to 2026-04-24 00:00:00+00:00, run_after=2026-04-25 00:00:00+00:00
[2026-04-25T18:17:11.947+0000] {processor.py:183} INFO - Processing /opt/airflow/dags/training_pipeline_dag.py took 0.084 seconds
[2026-04-25T18:17:42.084+0000] {processor.py:161} INFO - Started process (PID=727) to work on /opt/airflow/dags/training_pipeline_dag.py
[2026-04-25T18:17:42.086+0000] {processor.py:830} INFO - Processing file /opt/airflow/dags/training_pipeline_dag.py for tasks to queue
[2026-04-25T18:17:42.087+0000] {logging_mixin.py:188} INFO - [2026-04-25T18:17:42.087+0000] {dagbag.py:545} INFO - Filling up the DagBag from /opt/airflow/dags/training_pipeline_dag.py
[2026-04-25T18:17:42.097+0000] {processor.py:840} INFO - DAG(s) 'training_pipeline' retrieved from /opt/airflow/dags/training_pipeline_dag.py
[2026-04-25T18:17:42.121+0000] {logging_mixin.py:188} INFO - [2026-04-25T18:17:42.120+0000] {dag.py:3096} INFO - Sync 1 DAGs
[2026-04-25T18:17:42.139+0000] {logging_mixin.py:188} INFO - [2026-04-25T18:17:42.139+0000] {dag.py:3954} INFO - Setting next_dagrun for training_pipeline to 2026-04-24 00:00:00+00:00, run_after=2026-04-25 00:00:00+00:00
[2026-04-25T18:17:42.154+0000] {processor.py:183} INFO - Processing /opt/airflow/dags/training_pipeline_dag.py took 0.075 seconds
[2026-04-25T18:18:12.312+0000] {processor.py:161} INFO - Started process (PID=744) to work on /opt/airflow/dags/training_pipeline_dag.py
[2026-04-25T18:18:12.313+0000] {processor.py:830} INFO - Processing file /opt/airflow/dags/training_pipeline_dag.py for tasks to queue
[2026-04-25T18:18:12.314+0000] {logging_mixin.py:188} INFO - [2026-04-25T18:18:12.314+0000] {dagbag.py:545} INFO - Filling up the DagBag from /opt/airflow/dags/training_pipeline_dag.py
[2026-04-25T18:18:12.324+0000] {processor.py:840} INFO - DAG(s) 'training_pipeline' retrieved from /opt/airflow/dags/training_pipeline_dag.py
[2026-04-25T18:18:12.348+0000] {logging_mixin.py:188} INFO - [2026-04-25T18:18:12.348+0000] {dag.py:3096} INFO - Sync 1 DAGs
[2026-04-25T18:18:12.367+0000] {logging_mixin.py:188} INFO - [2026-04-25T18:18:12.367+0000] {dag.py:3954} INFO - Setting next_dagrun for training_pipeline to 2026-04-24 00:00:00+00:00, run_after=2026-04-25 00:00:00+00:00
[2026-04-25T18:18:12.384+0000] {processor.py:183} INFO - Processing /opt/airflow/dags/training_pipeline_dag.py took 0.077 seconds
[2026-04-25T18:18:42.546+0000] {processor.py:161} INFO - Started process (PID=759) to work on /opt/airflow/dags/training_pipeline_dag.py
[2026-04-25T18:18:42.546+0000] {processor.py:830} INFO - Processing file /opt/airflow/dags/training_pipeline_dag.py for tasks to queue
[2026-04-25T18:18:42.548+0000] {logging_mixin.py:188} INFO - [2026-04-25T18:18:42.548+0000] {dagbag.py:545} INFO - Filling up the DagBag from /opt/airflow/dags/training_pipeline_dag.py
[2026-04-25T18:18:42.557+0000] {processor.py:840} INFO - DAG(s) 'training_pipeline' retrieved from /opt/airflow/dags/training_pipeline_dag.py
[2026-04-25T18:18:42.583+0000] {logging_mixin.py:188} INFO - [2026-04-25T18:18:42.582+0000] {dag.py:3096} INFO - Sync 1 DAGs
[2026-04-25T18:18:42.605+0000] {logging_mixin.py:188} INFO - [2026-04-25T18:18:42.604+0000] {dag.py:3954} INFO - Setting next_dagrun for training_pipeline to 2026-04-24 00:00:00+00:00, run_after=2026-04-25 00:00:00+00:00
[2026-04-25T18:18:42.625+0000] {processor.py:183} INFO - Processing /opt/airflow/dags/training_pipeline_dag.py took 0.084 seconds
[2026-04-25T18:19:12.778+0000] {processor.py:161} INFO - Started process (PID=774) to work on /opt/airflow/dags/training_pipeline_dag.py
[2026-04-25T18:19:12.779+0000] {processor.py:830} INFO - Processing file /opt/airflow/dags/training_pipeline_dag.py for tasks to queue
[2026-04-25T18:19:12.781+0000] {logging_mixin.py:188} INFO - [2026-04-25T18:19:12.781+0000] {dagbag.py:545} INFO - Filling up the DagBag from /opt/airflow/dags/training_pipeline_dag.py
[2026-04-25T18:19:12.792+0000] {processor.py:840} INFO - DAG(s) 'training_pipeline' retrieved from /opt/airflow/dags/training_pipeline_dag.py
[2026-04-25T18:19:12.817+0000] {logging_mixin.py:188} INFO - [2026-04-25T18:19:12.817+0000] {dag.py:3096} INFO - Sync 1 DAGs
[2026-04-25T18:19:12.838+0000] {logging_mixin.py:188} INFO - [2026-04-25T18:19:12.837+0000] {dag.py:3954} INFO - Setting next_dagrun for training_pipeline to 2026-04-24 00:00:00+00:00, run_after=2026-04-25 00:00:00+00:00
[2026-04-25T18:19:12.855+0000] {processor.py:183} INFO - Processing /opt/airflow/dags/training_pipeline_dag.py took 0.082 seconds
[2026-04-25T18:19:43.035+0000] {processor.py:161} INFO - Started process (PID=787) to work on /opt/airflow/dags/training_pipeline_dag.py
[2026-04-25T18:19:43.036+0000] {processor.py:830} INFO - Processing file /opt/airflow/dags/training_pipeline_dag.py for tasks to queue
[2026-04-25T18:19:43.037+0000] {logging_mixin.py:188} INFO - [2026-04-25T18:19:43.037+0000] {dagbag.py:545} INFO - Filling up the DagBag from /opt/airflow/dags/training_pipeline_dag.py
[2026-04-25T18:19:43.047+0000] {processor.py:840} INFO - DAG(s) 'training_pipeline' retrieved from /opt/airflow/dags/training_pipeline_dag.py
[2026-04-25T18:19:43.073+0000] {logging_mixin.py:188} INFO - [2026-04-25T18:19:43.073+0000] {dag.py:3096} INFO - Sync 1 DAGs
[2026-04-25T18:19:43.093+0000] {logging_mixin.py:188} INFO - [2026-04-25T18:19:43.093+0000] {dag.py:3954} INFO - Setting next_dagrun for training_pipeline to 2026-04-24 00:00:00+00:00, run_after=2026-04-25 00:00:00+00:00
[2026-04-25T18:19:43.111+0000] {processor.py:183} INFO - Processing /opt/airflow/dags/training_pipeline_dag.py took 0.083 seconds
[2026-04-25T18:20:32.895+0000] {processor.py:161} INFO - Started process (PID=204) to work on /opt/airflow/dags/training_pipeline_dag.py
[2026-04-25T18:20:32.896+0000] {processor.py:830} INFO - Processing file /opt/airflow/dags/training_pipeline_dag.py for tasks to queue
[2026-04-25T18:20:32.898+0000] {logging_mixin.py:188} INFO - [2026-04-25T18:20:32.898+0000] {dagbag.py:545} INFO - Filling up the DagBag from /opt/airflow/dags/training_pipeline_dag.py
[2026-04-25T18:20:32.913+0000] {processor.py:840} INFO - DAG(s) 'training_pipeline' retrieved from /opt/airflow/dags/training_pipeline_dag.py
[2026-04-25T18:20:33.058+0000] {logging_mixin.py:188} INFO - [2026-04-25T18:20:33.058+0000] {override.py:1829} INFO - Created Permission View: can delete on DAG:training_pipeline
[2026-04-25T18:20:33.074+0000] {logging_mixin.py:188} INFO - [2026-04-25T18:20:33.074+0000] {override.py:1829} INFO - Created Permission View: can edit on DAG:training_pipeline
[2026-04-25T18:20:33.081+0000] {logging_mixin.py:188} INFO - [2026-04-25T18:20:33.080+0000] {override.py:1829} INFO - Created Permission View: can read on DAG:training_pipeline
[2026-04-25T18:20:33.081+0000] {logging_mixin.py:188} INFO - [2026-04-25T18:20:33.081+0000] {dag.py:3096} INFO - Sync 1 DAGs
[2026-04-25T18:20:33.091+0000] {logging_mixin.py:188} INFO - [2026-04-25T18:20:33.090+0000] {dag.py:3118} INFO - Creating ORM DAG for training_pipeline
[2026-04-25T18:20:33.100+0000] {logging_mixin.py:188} INFO - [2026-04-25T18:20:33.100+0000] {dag.py:3954} INFO - Setting next_dagrun for training_pipeline to 2026-04-24 00:00:00+00:00, run_after=2026-04-25 00:00:00+00:00
[2026-04-25T18:20:33.121+0000] {processor.py:183} INFO - Processing /opt/airflow/dags/training_pipeline_dag.py took 0.231 seconds
[2026-04-25T18:21:03.148+0000] {processor.py:161} INFO - Started process (PID=217) to work on /opt/airflow/dags/training_pipeline_dag.py
[2026-04-25T18:21:03.149+0000] {processor.py:830} INFO - Processing file /opt/airflow/dags/training_pipeline_dag.py for tasks to queue
[2026-04-25T18:21:03.151+0000] {logging_mixin.py:188} INFO - [2026-04-25T18:21:03.150+0000] {dagbag.py:545} INFO - Filling up the DagBag from /opt/airflow/dags/training_pipeline_dag.py
[2026-04-25T18:21:03.159+0000] {processor.py:840} INFO - DAG(s) 'training_pipeline' retrieved from /opt/airflow/dags/training_pipeline_dag.py
[2026-04-25T18:21:03.180+0000] {logging_mixin.py:188} INFO - [2026-04-25T18:21:03.180+0000] {dag.py:3096} INFO - Sync 1 DAGs
[2026-04-25T18:21:03.199+0000] {logging_mixin.py:188} INFO - [2026-04-25T18:21:03.199+0000] {dag.py:3954} INFO - Setting next_dagrun for training_pipeline to 2026-04-24 00:00:00+00:00, run_after=2026-04-25 00:00:00+00:00
[2026-04-25T18:21:03.214+0000] {processor.py:183} INFO - Processing /opt/airflow/dags/training_pipeline_dag.py took 0.071 seconds
[2026-04-25T18:21:33.385+0000] {processor.py:161} INFO - Started process (PID=232) to work on /opt/airflow/dags/training_pipeline_dag.py
[2026-04-25T18:21:33.386+0000] {processor.py:830} INFO - Processing file /opt/airflow/dags/training_pipeline_dag.py for tasks to queue
[2026-04-25T18:21:33.388+0000] {logging_mixin.py:188} INFO - [2026-04-25T18:21:33.387+0000] {dagbag.py:545} INFO - Filling up the DagBag from /opt/airflow/dags/training_pipeline_dag.py
[2026-04-25T18:21:33.397+0000] {processor.py:840} INFO - DAG(s) 'training_pipeline' retrieved from /opt/airflow/dags/training_pipeline_dag.py
[2026-04-25T18:21:33.418+0000] {logging_mixin.py:188} INFO - [2026-04-25T18:21:33.418+0000] {dag.py:3096} INFO - Sync 1 DAGs
[2026-04-25T18:21:33.435+0000] {logging_mixin.py:188} INFO - [2026-04-25T18:21:33.435+0000] {dag.py:3954} INFO - Setting next_dagrun for training_pipeline to 2026-04-24 00:00:00+00:00, run_after=2026-04-25 00:00:00+00:00
[2026-04-25T18:21:33.450+0000] {processor.py:183} INFO - Processing /opt/airflow/dags/training_pipeline_dag.py took 0.070 seconds
[2026-04-25T18:22:03.632+0000] {processor.py:161} INFO - Started process (PID=248) to work on /opt/airflow/dags/training_pipeline_dag.py
[2026-04-25T18:22:03.632+0000] {processor.py:830} INFO - Processing file /opt/airflow/dags/training_pipeline_dag.py for tasks to queue
[2026-04-25T18:22:03.634+0000] {logging_mixin.py:188} INFO - [2026-04-25T18:22:03.634+0000] {dagbag.py:545} INFO - Filling up the DagBag from /opt/airflow/dags/training_pipeline_dag.py
[2026-04-25T18:22:03.643+0000] {processor.py:840} INFO - DAG(s) 'training_pipeline' retrieved from /opt/airflow/dags/training_pipeline_dag.py
[2026-04-25T18:22:03.665+0000] {logging_mixin.py:188} INFO - [2026-04-25T18:22:03.665+0000] {dag.py:3096} INFO - Sync 1 DAGs
[2026-04-25T18:22:03.684+0000] {logging_mixin.py:188} INFO - [2026-04-25T18:22:03.684+0000] {dag.py:3954} INFO - Setting next_dagrun for training_pipeline to 2026-04-24 00:00:00+00:00, run_after=2026-04-25 00:00:00+00:00
[2026-04-25T18:22:03.701+0000] {processor.py:183} INFO - Processing /opt/airflow/dags/training_pipeline_dag.py took 0.073 seconds
[2026-04-25T18:23:40.875+0000] {processor.py:161} INFO - Started process (PID=204) to work on /opt/airflow/dags/training_pipeline_dag.py
[2026-04-25T18:23:40.875+0000] {processor.py:830} INFO - Processing file /opt/airflow/dags/training_pipeline_dag.py for tasks to queue
[2026-04-25T18:23:40.877+0000] {logging_mixin.py:188} INFO - [2026-04-25T18:23:40.877+0000] {dagbag.py:545} INFO - Filling up the DagBag from /opt/airflow/dags/training_pipeline_dag.py
[2026-04-25T18:23:40.890+0000] {processor.py:840} INFO - DAG(s) 'training_pipeline' retrieved from /opt/airflow/dags/training_pipeline_dag.py
[2026-04-25T18:23:40.903+0000] {logging_mixin.py:188} INFO - [2026-04-25T18:23:40.902+0000] {dag.py:3096} INFO - Sync 1 DAGs
[2026-04-25T18:23:40.924+0000] {logging_mixin.py:188} INFO - [2026-04-25T18:23:40.924+0000] {dag.py:3954} INFO - Setting next_dagrun for training_pipeline to 2026-04-24 00:00:00+00:00, run_after=2026-04-25 00:00:00+00:00
[2026-04-25T18:23:40.945+0000] {processor.py:183} INFO - Processing /opt/airflow/dags/training_pipeline_dag.py took 0.075 seconds
[2026-04-25T18:24:11.254+0000] {processor.py:161} INFO - Started process (PID=219) to work on /opt/airflow/dags/training_pipeline_dag.py
[2026-04-25T18:24:11.255+0000] {processor.py:830} INFO - Processing file /opt/airflow/dags/training_pipeline_dag.py for tasks to queue
[2026-04-25T18:24:11.256+0000] {logging_mixin.py:188} INFO - [2026-04-25T18:24:11.256+0000] {dagbag.py:545} INFO - Filling up the DagBag from /opt/airflow/dags/training_pipeline_dag.py
[2026-04-25T18:24:11.264+0000] {processor.py:840} INFO - DAG(s) 'training_pipeline' retrieved from /opt/airflow/dags/training_pipeline_dag.py
[2026-04-25T18:24:11.343+0000] {logging_mixin.py:188} INFO - [2026-04-25T18:24:11.343+0000] {dag.py:3096} INFO - Sync 1 DAGs
[2026-04-25T18:24:11.359+0000] {logging_mixin.py:188} INFO - [2026-04-25T18:24:11.359+0000] {dag.py:3954} INFO - Setting next_dagrun for training_pipeline to 2026-04-24 00:00:00+00:00, run_after=2026-04-25 00:00:00+00:00
[2026-04-25T18:24:11.374+0000] {processor.py:183} INFO - Processing /opt/airflow/dags/training_pipeline_dag.py took 0.125 seconds
[2026-04-25T18:24:41.469+0000] {processor.py:161} INFO - Started process (PID=235) to work on /opt/airflow/dags/training_pipeline_dag.py
[2026-04-25T18:24:41.470+0000] {processor.py:830} INFO - Processing file /opt/airflow/dags/training_pipeline_dag.py for tasks to queue
[2026-04-25T18:24:41.471+0000] {logging_mixin.py:188} INFO - [2026-04-25T18:24:41.471+0000] {dagbag.py:545} INFO - Filling up the DagBag from /opt/airflow/dags/training_pipeline_dag.py
[2026-04-25T18:24:41.479+0000] {processor.py:840} INFO - DAG(s) 'training_pipeline' retrieved from /opt/airflow/dags/training_pipeline_dag.py
[2026-04-25T18:24:41.502+0000] {logging_mixin.py:188} INFO - [2026-04-25T18:24:41.502+0000] {dag.py:3096} INFO - Sync 1 DAGs
[2026-04-25T18:24:41.519+0000] {logging_mixin.py:188} INFO - [2026-04-25T18:24:41.518+0000] {dag.py:3954} INFO - Setting next_dagrun for training_pipeline to 2026-04-24 00:00:00+00:00, run_after=2026-04-25 00:00:00+00:00
[2026-04-25T18:24:41.534+0000] {processor.py:183} INFO - Processing /opt/airflow/dags/training_pipeline_dag.py took 0.071 seconds
[2026-04-25T18:25:11.687+0000] {processor.py:161} INFO - Started process (PID=252) to work on /opt/airflow/dags/training_pipeline_dag.py
[2026-04-25T18:25:11.689+0000] {processor.py:830} INFO - Processing file /opt/airflow/dags/training_pipeline_dag.py for tasks to queue
[2026-04-25T18:25:11.691+0000] {logging_mixin.py:188} INFO - [2026-04-25T18:25:11.690+0000] {dagbag.py:545} INFO - Filling up the DagBag from /opt/airflow/dags/training_pipeline_dag.py
[2026-04-25T18:25:11.700+0000] {processor.py:840} INFO - DAG(s) 'training_pipeline' retrieved from /opt/airflow/dags/training_pipeline_dag.py
[2026-04-25T18:25:11.724+0000] {logging_mixin.py:188} INFO - [2026-04-25T18:25:11.723+0000] {dag.py:3096} INFO - Sync 1 DAGs
[2026-04-25T18:25:11.742+0000] {logging_mixin.py:188} INFO - [2026-04-25T18:25:11.742+0000] {dag.py:3954} INFO - Setting next_dagrun for training_pipeline to 2026-04-24 00:00:00+00:00, run_after=2026-04-25 00:00:00+00:00
[2026-04-25T18:25:11.756+0000] {processor.py:183} INFO - Processing /opt/airflow/dags/training_pipeline_dag.py took 0.073 seconds
[2026-04-25T18:25:41.955+0000] {processor.py:161} INFO - Started process (PID=267) to work on /opt/airflow/dags/training_pipeline_dag.py
[2026-04-25T18:25:41.957+0000] {processor.py:830} INFO - Processing file /opt/airflow/dags/training_pipeline_dag.py for tasks to queue
[2026-04-25T18:25:41.960+0000] {logging_mixin.py:188} INFO - [2026-04-25T18:25:41.959+0000] {dagbag.py:545} INFO - Filling up the DagBag from /opt/airflow/dags/training_pipeline_dag.py
[2026-04-25T18:25:41.971+0000] {processor.py:840} INFO - DAG(s) 'training_pipeline' retrieved from /opt/airflow/dags/training_pipeline_dag.py
[2026-04-25T18:25:42.004+0000] {logging_mixin.py:188} INFO - [2026-04-25T18:25:42.004+0000] {dag.py:3096} INFO - Sync 1 DAGs
[2026-04-25T18:25:42.027+0000] {logging_mixin.py:188} INFO - [2026-04-25T18:25:42.027+0000] {dag.py:3954} INFO - Setting next_dagrun for training_pipeline to 2026-04-24 00:00:00+00:00, run_after=2026-04-25 00:00:00+00:00
[2026-04-25T18:25:42.046+0000] {processor.py:183} INFO - Processing /opt/airflow/dags/training_pipeline_dag.py took 0.096 seconds
[2026-04-25T18:26:12.186+0000] {processor.py:161} INFO - Started process (PID=282) to work on /opt/airflow/dags/training_pipeline_dag.py
[2026-04-25T18:26:12.188+0000] {processor.py:830} INFO - Processing file /opt/airflow/dags/training_pipeline_dag.py for tasks to queue
[2026-04-25T18:26:12.189+0000] {logging_mixin.py:188} INFO - [2026-04-25T18:26:12.189+0000] {dagbag.py:545} INFO - Filling up the DagBag from /opt/airflow/dags/training_pipeline_dag.py
[2026-04-25T18:26:12.199+0000] {processor.py:840} INFO - DAG(s) 'training_pipeline' retrieved from /opt/airflow/dags/training_pipeline_dag.py
[2026-04-25T18:26:12.223+0000] {logging_mixin.py:188} INFO - [2026-04-25T18:26:12.223+0000] {dag.py:3096} INFO - Sync 1 DAGs
[2026-04-25T18:26:12.242+0000] {logging_mixin.py:188} INFO - [2026-04-25T18:26:12.241+0000] {dag.py:3954} INFO - Setting next_dagrun for training_pipeline to 2026-04-24 00:00:00+00:00, run_after=2026-04-25 00:00:00+00:00
[2026-04-25T18:26:12.258+0000] {processor.py:183} INFO - Processing /opt/airflow/dags/training_pipeline_dag.py took 0.077 seconds
[2026-04-25T18:26:34.457+0000] {processor.py:161} INFO - Started process (PID=203) to work on /opt/airflow/dags/training_pipeline_dag.py
[2026-04-25T18:26:34.459+0000] {processor.py:830} INFO - Processing file /opt/airflow/dags/training_pipeline_dag.py for tasks to queue
[2026-04-25T18:26:34.460+0000] {logging_mixin.py:188} INFO - [2026-04-25T18:26:34.460+0000] {dagbag.py:545} INFO - Filling up the DagBag from /opt/airflow/dags/training_pipeline_dag.py
[2026-04-25T18:26:34.470+0000] {processor.py:840} INFO - DAG(s) 'training_pipeline' retrieved from /opt/airflow/dags/training_pipeline_dag.py
[2026-04-25T18:26:34.493+0000] {logging_mixin.py:188} INFO - [2026-04-25T18:26:34.493+0000] {dag.py:3096} INFO - Sync 1 DAGs
[2026-04-25T18:26:34.512+0000] {logging_mixin.py:188} INFO - [2026-04-25T18:26:34.512+0000] {dag.py:3954} INFO - Setting next_dagrun for training_pipeline to 2026-04-24 00:00:00+00:00, run_after=2026-04-25 00:00:00+00:00
[2026-04-25T18:26:34.532+0000] {processor.py:183} INFO - Processing /opt/airflow/dags/training_pipeline_dag.py took 0.080 seconds
[2026-04-25T18:27:04.698+0000] {processor.py:161} INFO - Started process (PID=221) to work on /opt/airflow/dags/training_pipeline_dag.py
[2026-04-25T18:27:04.699+0000] {processor.py:830} INFO - Processing file /opt/airflow/dags/training_pipeline_dag.py for tasks to queue
[2026-04-25T18:27:04.701+0000] {logging_mixin.py:188} INFO - [2026-04-25T18:27:04.701+0000] {dagbag.py:545} INFO - Filling up the DagBag from /opt/airflow/dags/training_pipeline_dag.py
[2026-04-25T18:27:04.711+0000] {processor.py:840} INFO - DAG(s) 'training_pipeline' retrieved from /opt/airflow/dags/training_pipeline_dag.py
[2026-04-25T18:27:04.735+0000] {logging_mixin.py:188} INFO - [2026-04-25T18:27:04.734+0000] {dag.py:3096} INFO - Sync 1 DAGs
[2026-04-25T18:27:04.755+0000] {logging_mixin.py:188} INFO - [2026-04-25T18:27:04.754+0000] {dag.py:3954} INFO - Setting next_dagrun for training_pipeline to 2026-04-24 00:00:00+00:00, run_after=2026-04-25 00:00:00+00:00
[2026-04-25T18:27:04.772+0000] {processor.py:183} INFO - Processing /opt/airflow/dags/training_pipeline_dag.py took 0.079 seconds
[2026-04-25T18:27:34.960+0000] {processor.py:161} INFO - Started process (PID=234) to work on /opt/airflow/dags/training_pipeline_dag.py
[2026-04-25T18:27:34.962+0000] {processor.py:830} INFO - Processing file /opt/airflow/dags/training_pipeline_dag.py for tasks to queue
[2026-04-25T18:27:34.965+0000] {logging_mixin.py:188} INFO - [2026-04-25T18:27:34.965+0000] {dagbag.py:545} INFO - Filling up the DagBag from /opt/airflow/dags/training_pipeline_dag.py
[2026-04-25T18:27:34.980+0000] {processor.py:840} INFO - DAG(s) 'training_pipeline' retrieved from /opt/airflow/dags/training_pipeline_dag.py
[2026-04-25T18:27:35.022+0000] {logging_mixin.py:188} INFO - [2026-04-25T18:27:35.022+0000] {dag.py:3096} INFO - Sync 1 DAGs
[2026-04-25T18:27:35.050+0000] {logging_mixin.py:188} INFO - [2026-04-25T18:27:35.050+0000] {dag.py:3954} INFO - Setting next_dagrun for training_pipeline to 2026-04-24 00:00:00+00:00, run_after=2026-04-25 00:00:00+00:00
[2026-04-25T18:27:35.077+0000] {processor.py:183} INFO - Processing /opt/airflow/dags/training_pipeline_dag.py took 0.136 seconds
[2026-04-25T18:28:05.195+0000] {processor.py:161} INFO - Started process (PID=249) to work on /opt/airflow/dags/training_pipeline_dag.py
[2026-04-25T18:28:05.196+0000] {processor.py:830} INFO - Processing file /opt/airflow/dags/training_pipeline_dag.py for tasks to queue
[2026-04-25T18:28:05.198+0000] {logging_mixin.py:188} INFO - [2026-04-25T18:28:05.197+0000] {dagbag.py:545} INFO - Filling up the DagBag from /opt/airflow/dags/training_pipeline_dag.py
[2026-04-25T18:28:05.209+0000] {processor.py:840} INFO - DAG(s) 'training_pipeline' retrieved from /opt/airflow/dags/training_pipeline_dag.py
[2026-04-25T18:28:05.236+0000] {logging_mixin.py:188} INFO - [2026-04-25T18:28:05.236+0000] {dag.py:3096} INFO - Sync 1 DAGs
[2026-04-25T18:28:05.259+0000] {logging_mixin.py:188} INFO - [2026-04-25T18:28:05.258+0000] {dag.py:3954} INFO - Setting next_dagrun for training_pipeline to 2026-04-24 00:00:00+00:00, run_after=2026-04-25 00:00:00+00:00
[2026-04-25T18:28:05.280+0000] {processor.py:183} INFO - Processing /opt/airflow/dags/training_pipeline_dag.py took 0.091 seconds
[2026-04-25T18:28:35.441+0000] {processor.py:161} INFO - Started process (PID=266) to work on /opt/airflow/dags/training_pipeline_dag.py
[2026-04-25T18:28:35.443+0000] {processor.py:830} INFO - Processing file /opt/airflow/dags/training_pipeline_dag.py for tasks to queue
[2026-04-25T18:28:35.445+0000] {logging_mixin.py:188} INFO - [2026-04-25T18:28:35.445+0000] {dagbag.py:545} INFO - Filling up the DagBag from /opt/airflow/dags/training_pipeline_dag.py
[2026-04-25T18:28:35.457+0000] {processor.py:840} INFO - DAG(s) 'training_pipeline' retrieved from /opt/airflow/dags/training_pipeline_dag.py
[2026-04-25T18:28:35.484+0000] {logging_mixin.py:188} INFO - [2026-04-25T18:28:35.483+0000] {dag.py:3096} INFO - Sync 1 DAGs
[2026-04-25T18:28:35.505+0000] {logging_mixin.py:188} INFO - [2026-04-25T18:28:35.504+0000] {dag.py:3954} INFO - Setting next_dagrun for training_pipeline to 2026-04-24 00:00:00+00:00, run_after=2026-04-25 00:00:00+00:00
[2026-04-25T18:28:35.522+0000] {processor.py:183} INFO - Processing /opt/airflow/dags/training_pipeline_dag.py took 0.087 seconds
[2026-04-25T18:29:05.674+0000] {processor.py:161} INFO - Started process (PID=280) to work on /opt/airflow/dags/training_pipeline_dag.py
[2026-04-25T18:29:05.675+0000] {processor.py:830} INFO - Processing file /opt/airflow/dags/training_pipeline_dag.py for tasks to queue
[2026-04-25T18:29:05.676+0000] {logging_mixin.py:188} INFO - [2026-04-25T18:29:05.676+0000] {dagbag.py:545} INFO - Filling up the DagBag from /opt/airflow/dags/training_pipeline_dag.py
[2026-04-25T18:29:05.686+0000] {processor.py:840} INFO - DAG(s) 'training_pipeline' retrieved from /opt/airflow/dags/training_pipeline_dag.py
[2026-04-25T18:29:05.709+0000] {logging_mixin.py:188} INFO - [2026-04-25T18:29:05.709+0000] {dag.py:3096} INFO - Sync 1 DAGs
[2026-04-25T18:29:05.730+0000] {logging_mixin.py:188} INFO - [2026-04-25T18:29:05.730+0000] {dag.py:3954} INFO - Setting next_dagrun for training_pipeline to 2026-04-24 00:00:00+00:00, run_after=2026-04-25 00:00:00+00:00
[2026-04-25T18:29:05.748+0000] {processor.py:183} INFO - Processing /opt/airflow/dags/training_pipeline_dag.py took 0.080 seconds
[2026-04-25T18:29:35.942+0000] {processor.py:161} INFO - Started process (PID=294) to work on /opt/airflow/dags/training_pipeline_dag.py
[2026-04-25T18:29:35.945+0000] {processor.py:830} INFO - Processing file /opt/airflow/dags/training_pipeline_dag.py for tasks to queue
[2026-04-25T18:29:35.947+0000] {logging_mixin.py:188} INFO - [2026-04-25T18:29:35.946+0000] {dagbag.py:545} INFO - Filling up the DagBag from /opt/airflow/dags/training_pipeline_dag.py
[2026-04-25T18:29:35.957+0000] {processor.py:840} INFO - DAG(s) 'training_pipeline' retrieved from /opt/airflow/dags/training_pipeline_dag.py
[2026-04-25T18:29:35.983+0000] {logging_mixin.py:188} INFO - [2026-04-25T18:29:35.983+0000] {dag.py:3096} INFO - Sync 1 DAGs
[2026-04-25T18:29:36.003+0000] {logging_mixin.py:188} INFO - [2026-04-25T18:29:36.002+0000] {dag.py:3954} INFO - Setting next_dagrun for training_pipeline to 2026-04-24 00:00:00+00:00, run_after=2026-04-25 00:00:00+00:00
[2026-04-25T18:29:36.020+0000] {processor.py:183} INFO - Processing /opt/airflow/dags/training_pipeline_dag.py took 0.084 seconds
[2026-04-25T18:31:08.867+0000] {processor.py:161} INFO - Started process (PID=204) to work on /opt/airflow/dags/training_pipeline_dag.py
[2026-04-25T18:31:08.868+0000] {processor.py:830} INFO - Processing file /opt/airflow/dags/training_pipeline_dag.py for tasks to queue
[2026-04-25T18:31:08.869+0000] {logging_mixin.py:188} INFO - [2026-04-25T18:31:08.869+0000] {dagbag.py:545} INFO - Filling up the DagBag from /opt/airflow/dags/training_pipeline_dag.py
[2026-04-25T18:31:08.883+0000] {processor.py:840} INFO - DAG(s) 'training_pipeline' retrieved from /opt/airflow/dags/training_pipeline_dag.py
[2026-04-25T18:31:08.979+0000] {logging_mixin.py:188} INFO - [2026-04-25T18:31:08.979+0000] {override.py:1829} INFO - Created Permission View: can edit on DAG:training_pipeline
[2026-04-25T18:31:08.988+0000] {logging_mixin.py:188} INFO - [2026-04-25T18:31:08.988+0000] {override.py:1829} INFO - Created Permission View: can read on DAG:training_pipeline
[2026-04-25T18:31:08.995+0000] {logging_mixin.py:188} INFO - [2026-04-25T18:31:08.995+0000] {override.py:1829} INFO - Created Permission View: can delete on DAG:training_pipeline
[2026-04-25T18:31:08.996+0000] {logging_mixin.py:188} INFO - [2026-04-25T18:31:08.995+0000] {dag.py:3096} INFO - Sync 1 DAGs
[2026-04-25T18:31:09.007+0000] {logging_mixin.py:188} INFO - [2026-04-25T18:31:09.006+0000] {dag.py:3118} INFO - Creating ORM DAG for training_pipeline
[2026-04-25T18:31:09.025+0000] {logging_mixin.py:188} INFO - [2026-04-25T18:31:09.025+0000] {dag.py:3954} INFO - Setting next_dagrun for training_pipeline to 2026-04-24 00:00:00+00:00, run_after=2026-04-25 00:00:00+00:00
[2026-04-25T18:31:09.054+0000] {processor.py:183} INFO - Processing /opt/airflow/dags/training_pipeline_dag.py took 0.193 seconds
[2026-04-25T18:31:39.095+0000] {processor.py:161} INFO - Started process (PID=243) to work on /opt/airflow/dags/training_pipeline_dag.py
[2026-04-25T18:31:39.097+0000] {processor.py:830} INFO - Processing file /opt/airflow/dags/training_pipeline_dag.py for tasks to queue
[2026-04-25T18:31:39.099+0000] {logging_mixin.py:188} INFO - [2026-04-25T18:31:39.098+0000] {dagbag.py:545} INFO - Filling up the DagBag from /opt/airflow/dags/training_pipeline_dag.py
[2026-04-25T18:31:39.109+0000] {processor.py:840} INFO - DAG(s) 'training_pipeline' retrieved from /opt/airflow/dags/training_pipeline_dag.py
[2026-04-25T18:31:39.135+0000] {logging_mixin.py:188} INFO - [2026-04-25T18:31:39.134+0000] {dag.py:3096} INFO - Sync 1 DAGs
[2026-04-25T18:31:39.153+0000] {logging_mixin.py:188} INFO - [2026-04-25T18:31:39.153+0000] {dag.py:3954} INFO - Setting next_dagrun for training_pipeline to 2026-04-24 00:00:00+00:00, run_after=2026-04-25 00:00:00+00:00
[2026-04-25T18:31:39.173+0000] {processor.py:183} INFO - Processing /opt/airflow/dags/training_pipeline_dag.py took 0.082 seconds
[2026-04-25T18:32:09.331+0000] {processor.py:161} INFO - Started process (PID=258) to work on /opt/airflow/dags/training_pipeline_dag.py
[2026-04-25T18:32:09.331+0000] {processor.py:830} INFO - Processing file /opt/airflow/dags/training_pipeline_dag.py for tasks to queue
[2026-04-25T18:32:09.333+0000] {logging_mixin.py:188} INFO - [2026-04-25T18:32:09.333+0000] {dagbag.py:545} INFO - Filling up the DagBag from /opt/airflow/dags/training_pipeline_dag.py
[2026-04-25T18:32:09.343+0000] {processor.py:840} INFO - DAG(s) 'training_pipeline' retrieved from /opt/airflow/dags/training_pipeline_dag.py
[2026-04-25T18:32:09.366+0000] {logging_mixin.py:188} INFO - [2026-04-25T18:32:09.366+0000] {dag.py:3096} INFO - Sync 1 DAGs
[2026-04-25T18:32:09.386+0000] {logging_mixin.py:188} INFO - [2026-04-25T18:32:09.385+0000] {dag.py:3954} INFO - Setting next_dagrun for training_pipeline to 2026-04-24 00:00:00+00:00, run_after=2026-04-25 00:00:00+00:00
[2026-04-25T18:32:09.407+0000] {processor.py:183} INFO - Processing /opt/airflow/dags/training_pipeline_dag.py took 0.082 seconds
[2026-04-25T18:32:39.565+0000] {processor.py:161} INFO - Started process (PID=275) to work on /opt/airflow/dags/training_pipeline_dag.py
[2026-04-25T18:32:39.567+0000] {processor.py:830} INFO - Processing file /opt/airflow/dags/training_pipeline_dag.py for tasks to queue
[2026-04-25T18:32:39.569+0000] {logging_mixin.py:188} INFO - [2026-04-25T18:32:39.568+0000] {dagbag.py:545} INFO - Filling up the DagBag from /opt/airflow/dags/training_pipeline_dag.py
[2026-04-25T18:32:39.578+0000] {processor.py:840} INFO - DAG(s) 'training_pipeline' retrieved from /opt/airflow/dags/training_pipeline_dag.py
[2026-04-25T18:32:39.601+0000] {logging_mixin.py:188} INFO - [2026-04-25T18:32:39.601+0000] {dag.py:3096} INFO - Sync 1 DAGs
[2026-04-25T18:32:39.621+0000] {logging_mixin.py:188} INFO - [2026-04-25T18:32:39.621+0000] {dag.py:3954} INFO - Setting next_dagrun for training_pipeline to 2026-04-24 00:00:00+00:00, run_after=2026-04-25 00:00:00+00:00
[2026-04-25T18:32:39.640+0000] {processor.py:183} INFO - Processing /opt/airflow/dags/training_pipeline_dag.py took 0.079 seconds
[2026-04-25T18:34:11.656+0000] {processor.py:161} INFO - Started process (PID=204) to work on /opt/airflow/dags/training_pipeline_dag.py
[2026-04-25T18:34:11.658+0000] {processor.py:830} INFO - Processing file /opt/airflow/dags/training_pipeline_dag.py for tasks to queue
[2026-04-25T18:34:11.659+0000] {logging_mixin.py:188} INFO - [2026-04-25T18:34:11.659+0000] {dagbag.py:545} INFO - Filling up the DagBag from /opt/airflow/dags/training_pipeline_dag.py
[2026-04-25T18:34:11.672+0000] {processor.py:840} INFO - DAG(s) 'training_pipeline' retrieved from /opt/airflow/dags/training_pipeline_dag.py
[2026-04-25T18:34:11.796+0000] {logging_mixin.py:188} INFO - [2026-04-25T18:34:11.794+0000] {override.py:1829} INFO - Created Permission View: can delete on DAG:training_pipeline
[2026-04-25T18:34:11.816+0000] {logging_mixin.py:188} INFO - [2026-04-25T18:34:11.815+0000] {override.py:1829} INFO - Created Permission View: can read on DAG:training_pipeline
[2026-04-25T18:34:11.827+0000] {logging_mixin.py:188} INFO - [2026-04-25T18:34:11.826+0000] {override.py:1829} INFO - Created Permission View: can edit on DAG:training_pipeline
[2026-04-25T18:34:11.828+0000] {logging_mixin.py:188} INFO - [2026-04-25T18:34:11.827+0000] {dag.py:3096} INFO - Sync 1 DAGs
[2026-04-25T18:34:11.837+0000] {logging_mixin.py:188} INFO - [2026-04-25T18:34:11.837+0000] {dag.py:3118} INFO - Creating ORM DAG for training_pipeline
[2026-04-25T18:34:11.850+0000] {logging_mixin.py:188} INFO - [2026-04-25T18:34:11.849+0000] {dag.py:3954} INFO - Setting next_dagrun for training_pipeline to 2026-04-24 00:00:00+00:00, run_after=2026-04-25 00:00:00+00:00
[2026-04-25T18:34:11.870+0000] {processor.py:183} INFO - Processing /opt/airflow/dags/training_pipeline_dag.py took 0.219 seconds
[2026-04-25T18:34:42.882+0000] {processor.py:161} INFO - Started process (PID=245) to work on /opt/airflow/dags/training_pipeline_dag.py
[2026-04-25T18:34:42.884+0000] {processor.py:830} INFO - Processing file /opt/airflow/dags/training_pipeline_dag.py for tasks to queue
[2026-04-25T18:34:42.886+0000] {logging_mixin.py:188} INFO - [2026-04-25T18:34:42.885+0000] {dagbag.py:545} INFO - Filling up the DagBag from /opt/airflow/dags/training_pipeline_dag.py
[2026-04-25T18:34:42.896+0000] {processor.py:840} INFO - DAG(s) 'training_pipeline' retrieved from /opt/airflow/dags/training_pipeline_dag.py
[2026-04-25T18:34:42.922+0000] {logging_mixin.py:188} INFO - [2026-04-25T18:34:42.922+0000] {dag.py:3096} INFO - Sync 1 DAGs
[2026-04-25T18:34:42.941+0000] {logging_mixin.py:188} INFO - [2026-04-25T18:34:42.940+0000] {dag.py:3954} INFO - Setting next_dagrun for training_pipeline to 2026-04-24 00:00:00+00:00, run_after=2026-04-25 00:00:00+00:00
[2026-04-25T18:34:42.959+0000] {processor.py:183} INFO - Processing /opt/airflow/dags/training_pipeline_dag.py took 0.082 seconds
[2026-04-25T18:35:13.112+0000] {processor.py:161} INFO - Started process (PID=260) to work on /opt/airflow/dags/training_pipeline_dag.py
[2026-04-25T18:35:13.114+0000] {processor.py:830} INFO - Processing file /opt/airflow/dags/training_pipeline_dag.py for tasks to queue
[2026-04-25T18:35:13.117+0000] {logging_mixin.py:188} INFO - [2026-04-25T18:35:13.116+0000] {dagbag.py:545} INFO - Filling up the DagBag from /opt/airflow/dags/training_pipeline_dag.py
[2026-04-25T18:35:13.125+0000] {processor.py:840} INFO - DAG(s) 'training_pipeline' retrieved from /opt/airflow/dags/training_pipeline_dag.py
[2026-04-25T18:35:13.151+0000] {logging_mixin.py:188} INFO - [2026-04-25T18:35:13.151+0000] {dag.py:3096} INFO - Sync 1 DAGs
[2026-04-25T18:35:13.175+0000] {logging_mixin.py:188} INFO - [2026-04-25T18:35:13.174+0000] {dag.py:3954} INFO - Setting next_dagrun for training_pipeline to 2026-04-24 00:00:00+00:00, run_after=2026-04-25 00:00:00+00:00
[2026-04-25T18:35:13.200+0000] {processor.py:183} INFO - Processing /opt/airflow/dags/training_pipeline_dag.py took 0.092 seconds
[2026-04-25T18:35:43.322+0000] {processor.py:161} INFO - Started process (PID=275) to work on /opt/airflow/dags/training_pipeline_dag.py
[2026-04-25T18:35:43.324+0000] {processor.py:830} INFO - Processing file /opt/airflow/dags/training_pipeline_dag.py for tasks to queue
[2026-04-25T18:35:43.326+0000] {logging_mixin.py:188} INFO - [2026-04-25T18:35:43.326+0000] {dagbag.py:545} INFO - Filling up the DagBag from /opt/airflow/dags/training_pipeline_dag.py
[2026-04-25T18:35:43.336+0000] {processor.py:840} INFO - DAG(s) 'training_pipeline' retrieved from /opt/airflow/dags/training_pipeline_dag.py
[2026-04-25T18:35:43.361+0000] {logging_mixin.py:188} INFO - [2026-04-25T18:35:43.360+0000] {dag.py:3096} INFO - Sync 1 DAGs
[2026-04-25T18:35:43.384+0000] {logging_mixin.py:188} INFO - [2026-04-25T18:35:43.383+0000] {dag.py:3954} INFO - Setting next_dagrun for training_pipeline to 2026-04-24 00:00:00+00:00, run_after=2026-04-25 00:00:00+00:00
[2026-04-25T18:35:43.406+0000] {processor.py:183} INFO - Processing /opt/airflow/dags/training_pipeline_dag.py took 0.089 seconds
[2026-04-25T18:36:13.559+0000] {processor.py:161} INFO - Started process (PID=290) to work on /opt/airflow/dags/training_pipeline_dag.py
[2026-04-25T18:36:13.561+0000] {processor.py:830} INFO - Processing file /opt/airflow/dags/training_pipeline_dag.py for tasks to queue
[2026-04-25T18:36:13.562+0000] {logging_mixin.py:188} INFO - [2026-04-25T18:36:13.562+0000] {dagbag.py:545} INFO - Filling up the DagBag from /opt/airflow/dags/training_pipeline_dag.py
[2026-04-25T18:36:13.572+0000] {processor.py:840} INFO - DAG(s) 'training_pipeline' retrieved from /opt/airflow/dags/training_pipeline_dag.py
[2026-04-25T18:36:13.595+0000] {logging_mixin.py:188} INFO - [2026-04-25T18:36:13.595+0000] {dag.py:3096} INFO - Sync 1 DAGs
[2026-04-25T18:36:13.616+0000] {logging_mixin.py:188} INFO - [2026-04-25T18:36:13.616+0000] {dag.py:3954} INFO - Setting next_dagrun for training_pipeline to 2026-04-24 00:00:00+00:00, run_after=2026-04-25 00:00:00+00:00
[2026-04-25T18:36:13.633+0000] {processor.py:183} INFO - Processing /opt/airflow/dags/training_pipeline_dag.py took 0.080 seconds
[2026-04-25T18:36:43.800+0000] {processor.py:161} INFO - Started process (PID=305) to work on /opt/airflow/dags/training_pipeline_dag.py
[2026-04-25T18:36:43.803+0000] {processor.py:830} INFO - Processing file /opt/airflow/dags/training_pipeline_dag.py for tasks to queue
[2026-04-25T18:36:43.804+0000] {logging_mixin.py:188} INFO - [2026-04-25T18:36:43.804+0000] {dagbag.py:545} INFO - Filling up the DagBag from /opt/airflow/dags/training_pipeline_dag.py
[2026-04-25T18:36:43.815+0000] {processor.py:840} INFO - DAG(s) 'training_pipeline' retrieved from /opt/airflow/dags/training_pipeline_dag.py
[2026-04-25T18:36:43.839+0000] {logging_mixin.py:188} INFO - [2026-04-25T18:36:43.839+0000] {dag.py:3096} INFO - Sync 1 DAGs
[2026-04-25T18:36:43.858+0000] {logging_mixin.py:188} INFO - [2026-04-25T18:36:43.858+0000] {dag.py:3954} INFO - Setting next_dagrun for training_pipeline to 2026-04-24 00:00:00+00:00, run_after=2026-04-25 00:00:00+00:00
[2026-04-25T18:36:43.874+0000] {processor.py:183} INFO - Processing /opt/airflow/dags/training_pipeline_dag.py took 0.079 seconds
[2026-04-25T18:37:14.037+0000] {processor.py:161} INFO - Started process (PID=320) to work on /opt/airflow/dags/training_pipeline_dag.py
[2026-04-25T18:37:14.039+0000] {processor.py:830} INFO - Processing file /opt/airflow/dags/training_pipeline_dag.py for tasks to queue
[2026-04-25T18:37:14.041+0000] {logging_mixin.py:188} INFO - [2026-04-25T18:37:14.040+0000] {dagbag.py:545} INFO - Filling up the DagBag from /opt/airflow/dags/training_pipeline_dag.py
[2026-04-25T18:37:14.051+0000] {processor.py:840} INFO - DAG(s) 'training_pipeline' retrieved from /opt/airflow/dags/training_pipeline_dag.py
[2026-04-25T18:37:14.075+0000] {logging_mixin.py:188} INFO - [2026-04-25T18:37:14.075+0000] {dag.py:3096} INFO - Sync 1 DAGs
[2026-04-25T18:37:14.093+0000] {logging_mixin.py:188} INFO - [2026-04-25T18:37:14.093+0000] {dag.py:3954} INFO - Setting next_dagrun for training_pipeline to 2026-04-24 00:00:00+00:00, run_after=2026-04-25 00:00:00+00:00
[2026-04-25T18:37:14.110+0000] {processor.py:183} INFO - Processing /opt/airflow/dags/training_pipeline_dag.py took 0.078 seconds
[2026-04-25T18:37:44.279+0000] {processor.py:161} INFO - Started process (PID=335) to work on /opt/airflow/dags/training_pipeline_dag.py
[2026-04-25T18:37:44.282+0000] {processor.py:830} INFO - Processing file /opt/airflow/dags/training_pipeline_dag.py for tasks to queue
[2026-04-25T18:37:44.283+0000] {logging_mixin.py:188} INFO - [2026-04-25T18:37:44.283+0000] {dagbag.py:545} INFO - Filling up the DagBag from /opt/airflow/dags/training_pipeline_dag.py
[2026-04-25T18:37:44.293+0000] {processor.py:840} INFO - DAG(s) 'training_pipeline' retrieved from /opt/airflow/dags/training_pipeline_dag.py
[2026-04-25T18:37:44.317+0000] {logging_mixin.py:188} INFO - [2026-04-25T18:37:44.317+0000] {dag.py:3096} INFO - Sync 1 DAGs
[2026-04-25T18:37:44.336+0000] {logging_mixin.py:188} INFO - [2026-04-25T18:37:44.336+0000] {dag.py:3954} INFO - Setting next_dagrun for training_pipeline to 2026-04-24 00:00:00+00:00, run_after=2026-04-25 00:00:00+00:00
[2026-04-25T18:37:44.353+0000] {processor.py:183} INFO - Processing /opt/airflow/dags/training_pipeline_dag.py took 0.079 seconds
[2026-04-25T18:38:14.517+0000] {processor.py:161} INFO - Started process (PID=396) to work on /opt/airflow/dags/training_pipeline_dag.py
[2026-04-25T18:38:14.519+0000] {processor.py:830} INFO - Processing file /opt/airflow/dags/training_pipeline_dag.py for tasks to queue
[2026-04-25T18:38:14.522+0000] {logging_mixin.py:188} INFO - [2026-04-25T18:38:14.521+0000] {dagbag.py:545} INFO - Filling up the DagBag from /opt/airflow/dags/training_pipeline_dag.py
[2026-04-25T18:38:14.534+0000] {processor.py:840} INFO - DAG(s) 'training_pipeline' retrieved from /opt/airflow/dags/training_pipeline_dag.py
[2026-04-25T18:38:14.562+0000] {logging_mixin.py:188} INFO - [2026-04-25T18:38:14.562+0000] {dag.py:3096} INFO - Sync 1 DAGs
[2026-04-25T18:38:14.586+0000] {logging_mixin.py:188} INFO - [2026-04-25T18:38:14.586+0000] {dag.py:3954} INFO - Setting next_dagrun for training_pipeline to 2026-04-24 00:00:00+00:00, run_after=2026-04-25 00:00:00+00:00
[2026-04-25T18:38:14.610+0000] {processor.py:183} INFO - Processing /opt/airflow/dags/training_pipeline_dag.py took 0.099 seconds
[2026-04-25T18:38:44.751+0000] {processor.py:161} INFO - Started process (PID=411) to work on /opt/airflow/dags/training_pipeline_dag.py
[2026-04-25T18:38:44.753+0000] {processor.py:830} INFO - Processing file /opt/airflow/dags/training_pipeline_dag.py for tasks to queue
[2026-04-25T18:38:44.755+0000] {logging_mixin.py:188} INFO - [2026-04-25T18:38:44.755+0000] {dagbag.py:545} INFO - Filling up the DagBag from /opt/airflow/dags/training_pipeline_dag.py
[2026-04-25T18:38:44.767+0000] {processor.py:840} INFO - DAG(s) 'training_pipeline' retrieved from /opt/airflow/dags/training_pipeline_dag.py
[2026-04-25T18:38:44.792+0000] {logging_mixin.py:188} INFO - [2026-04-25T18:38:44.791+0000] {dag.py:3096} INFO - Sync 1 DAGs
[2026-04-25T18:38:44.814+0000] {logging_mixin.py:188} INFO - [2026-04-25T18:38:44.813+0000] {dag.py:3954} INFO - Setting next_dagrun for training_pipeline to 2026-04-24 00:00:00+00:00, run_after=2026-04-25 00:00:00+00:00
[2026-04-25T18:38:44.833+0000] {processor.py:183} INFO - Processing /opt/airflow/dags/training_pipeline_dag.py took 0.087 seconds
[2026-04-25T18:39:15.003+0000] {processor.py:161} INFO - Started process (PID=426) to work on /opt/airflow/dags/training_pipeline_dag.py
[2026-04-25T18:39:15.005+0000] {processor.py:830} INFO - Processing file /opt/airflow/dags/training_pipeline_dag.py for tasks to queue
[2026-04-25T18:39:15.007+0000] {logging_mixin.py:188} INFO - [2026-04-25T18:39:15.006+0000] {dagbag.py:545} INFO - Filling up the DagBag from /opt/airflow/dags/training_pipeline_dag.py
[2026-04-25T18:39:15.019+0000] {processor.py:840} INFO - DAG(s) 'training_pipeline' retrieved from /opt/airflow/dags/training_pipeline_dag.py
[2026-04-25T18:39:15.049+0000] {logging_mixin.py:188} INFO - [2026-04-25T18:39:15.048+0000] {dag.py:3096} INFO - Sync 1 DAGs
[2026-04-25T18:39:15.070+0000] {logging_mixin.py:188} INFO - [2026-04-25T18:39:15.070+0000] {dag.py:3954} INFO - Setting next_dagrun for training_pipeline to 2026-04-24 00:00:00+00:00, run_after=2026-04-25 00:00:00+00:00
[2026-04-25T18:39:15.090+0000] {processor.py:183} INFO - Processing /opt/airflow/dags/training_pipeline_dag.py took 0.092 seconds
[2026-04-25T18:39:45.243+0000] {processor.py:161} INFO - Started process (PID=441) to work on /opt/airflow/dags/training_pipeline_dag.py
[2026-04-25T18:39:45.246+0000] {processor.py:830} INFO - Processing file /opt/airflow/dags/training_pipeline_dag.py for tasks to queue
[2026-04-25T18:39:45.247+0000] {logging_mixin.py:188} INFO - [2026-04-25T18:39:45.247+0000] {dagbag.py:545} INFO - Filling up the DagBag from /opt/airflow/dags/training_pipeline_dag.py
[2026-04-25T18:39:45.257+0000] {processor.py:840} INFO - DAG(s) 'training_pipeline' retrieved from /opt/airflow/dags/training_pipeline_dag.py
[2026-04-25T18:39:45.287+0000] {logging_mixin.py:188} INFO - [2026-04-25T18:39:45.287+0000] {dag.py:3096} INFO - Sync 1 DAGs
[2026-04-25T18:39:45.313+0000] {logging_mixin.py:188} INFO - [2026-04-25T18:39:45.313+0000] {dag.py:3954} INFO - Setting next_dagrun for training_pipeline to 2026-04-24 00:00:00+00:00, run_after=2026-04-25 00:00:00+00:00
[2026-04-25T18:39:45.337+0000] {processor.py:183} INFO - Processing /opt/airflow/dags/training_pipeline_dag.py took 0.099 seconds
[2026-04-25T18:40:15.495+0000] {processor.py:161} INFO - Started process (PID=456) to work on /opt/airflow/dags/training_pipeline_dag.py
[2026-04-25T18:40:15.496+0000] {processor.py:830} INFO - Processing file /opt/airflow/dags/training_pipeline_dag.py for tasks to queue
[2026-04-25T18:40:15.498+0000] {logging_mixin.py:188} INFO - [2026-04-25T18:40:15.498+0000] {dagbag.py:545} INFO - Filling up the DagBag from /opt/airflow/dags/training_pipeline_dag.py
[2026-04-25T18:40:15.508+0000] {processor.py:840} INFO - DAG(s) 'training_pipeline' retrieved from /opt/airflow/dags/training_pipeline_dag.py
[2026-04-25T18:40:15.533+0000] {logging_mixin.py:188} INFO - [2026-04-25T18:40:15.533+0000] {dag.py:3096} INFO - Sync 1 DAGs
[2026-04-25T18:40:15.554+0000] {logging_mixin.py:188} INFO - [2026-04-25T18:40:15.554+0000] {dag.py:3954} INFO - Setting next_dagrun for training_pipeline to 2026-04-24 00:00:00+00:00, run_after=2026-04-25 00:00:00+00:00
[2026-04-25T18:40:15.573+0000] {processor.py:183} INFO - Processing /opt/airflow/dags/training_pipeline_dag.py took 0.084 seconds
[2026-04-25T18:40:45.748+0000] {processor.py:161} INFO - Started process (PID=471) to work on /opt/airflow/dags/training_pipeline_dag.py
[2026-04-25T18:40:45.751+0000] {processor.py:830} INFO - Processing file /opt/airflow/dags/training_pipeline_dag.py for tasks to queue
[2026-04-25T18:40:45.753+0000] {logging_mixin.py:188} INFO - [2026-04-25T18:40:45.752+0000] {dagbag.py:545} INFO - Filling up the DagBag from /opt/airflow/dags/training_pipeline_dag.py
[2026-04-25T18:40:45.763+0000] {processor.py:840} INFO - DAG(s) 'training_pipeline' retrieved from /opt/airflow/dags/training_pipeline_dag.py
[2026-04-25T18:40:45.787+0000] {logging_mixin.py:188} INFO - [2026-04-25T18:40:45.787+0000] {dag.py:3096} INFO - Sync 1 DAGs
[2026-04-25T18:40:45.807+0000] {logging_mixin.py:188} INFO - [2026-04-25T18:40:45.807+0000] {dag.py:3954} INFO - Setting next_dagrun for training_pipeline to 2026-04-24 00:00:00+00:00, run_after=2026-04-25 00:00:00+00:00
[2026-04-25T18:40:45.825+0000] {processor.py:183} INFO - Processing /opt/airflow/dags/training_pipeline_dag.py took 0.082 seconds
[2026-04-25T18:41:15.982+0000] {processor.py:161} INFO - Started process (PID=486) to work on /opt/airflow/dags/training_pipeline_dag.py
[2026-04-25T18:41:15.983+0000] {processor.py:830} INFO - Processing file /opt/airflow/dags/training_pipeline_dag.py for tasks to queue
[2026-04-25T18:41:15.985+0000] {logging_mixin.py:188} INFO - [2026-04-25T18:41:15.985+0000] {dagbag.py:545} INFO - Filling up the DagBag from /opt/airflow/dags/training_pipeline_dag.py
[2026-04-25T18:41:15.995+0000] {processor.py:840} INFO - DAG(s) 'training_pipeline' retrieved from /opt/airflow/dags/training_pipeline_dag.py
[2026-04-25T18:41:16.019+0000] {logging_mixin.py:188} INFO - [2026-04-25T18:41:16.019+0000] {dag.py:3096} INFO - Sync 1 DAGs
[2026-04-25T18:41:16.038+0000] {logging_mixin.py:188} INFO - [2026-04-25T18:41:16.038+0000] {dag.py:3954} INFO - Setting next_dagrun for training_pipeline to 2026-04-24 00:00:00+00:00, run_after=2026-04-25 00:00:00+00:00
[2026-04-25T18:41:16.057+0000] {processor.py:183} INFO - Processing /opt/airflow/dags/training_pipeline_dag.py took 0.079 seconds
[2026-04-25T18:41:46.220+0000] {processor.py:161} INFO - Started process (PID=501) to work on /opt/airflow/dags/training_pipeline_dag.py
[2026-04-25T18:41:46.223+0000] {processor.py:830} INFO - Processing file /opt/airflow/dags/training_pipeline_dag.py for tasks to queue
[2026-04-25T18:41:46.224+0000] {logging_mixin.py:188} INFO - [2026-04-25T18:41:46.224+0000] {dagbag.py:545} INFO - Filling up the DagBag from /opt/airflow/dags/training_pipeline_dag.py
[2026-04-25T18:41:46.235+0000] {processor.py:840} INFO - DAG(s) 'training_pipeline' retrieved from /opt/airflow/dags/training_pipeline_dag.py
[2026-04-25T18:41:46.259+0000] {logging_mixin.py:188} INFO - [2026-04-25T18:41:46.259+0000] {dag.py:3096} INFO - Sync 1 DAGs
[2026-04-25T18:41:46.278+0000] {logging_mixin.py:188} INFO - [2026-04-25T18:41:46.278+0000] {dag.py:3954} INFO - Setting next_dagrun for training_pipeline to 2026-04-24 00:00:00+00:00, run_after=2026-04-25 00:00:00+00:00
[2026-04-25T18:41:46.295+0000] {processor.py:183} INFO - Processing /opt/airflow/dags/training_pipeline_dag.py took 0.080 seconds
[2026-04-25T18:42:16.467+0000] {processor.py:161} INFO - Started process (PID=516) to work on /opt/airflow/dags/training_pipeline_dag.py
[2026-04-25T18:42:16.469+0000] {processor.py:830} INFO - Processing file /opt/airflow/dags/training_pipeline_dag.py for tasks to queue
[2026-04-25T18:42:16.472+0000] {logging_mixin.py:188} INFO - [2026-04-25T18:42:16.472+0000] {dagbag.py:545} INFO - Filling up the DagBag from /opt/airflow/dags/training_pipeline_dag.py
[2026-04-25T18:42:16.483+0000] {processor.py:840} INFO - DAG(s) 'training_pipeline' retrieved from /opt/airflow/dags/training_pipeline_dag.py
[2026-04-25T18:42:16.508+0000] {logging_mixin.py:188} INFO - [2026-04-25T18:42:16.508+0000] {dag.py:3096} INFO - Sync 1 DAGs
[2026-04-25T18:42:16.528+0000] {logging_mixin.py:188} INFO - [2026-04-25T18:42:16.528+0000] {dag.py:3954} INFO - Setting next_dagrun for training_pipeline to 2026-04-24 00:00:00+00:00, run_after=2026-04-25 00:00:00+00:00
[2026-04-25T18:42:16.546+0000] {processor.py:183} INFO - Processing /opt/airflow/dags/training_pipeline_dag.py took 0.084 seconds
[2026-04-25T18:42:46.716+0000] {processor.py:161} INFO - Started process (PID=531) to work on /opt/airflow/dags/training_pipeline_dag.py
[2026-04-25T18:42:46.718+0000] {processor.py:830} INFO - Processing file /opt/airflow/dags/training_pipeline_dag.py for tasks to queue
[2026-04-25T18:42:46.721+0000] {logging_mixin.py:188} INFO - [2026-04-25T18:42:46.720+0000] {dagbag.py:545} INFO - Filling up the DagBag from /opt/airflow/dags/training_pipeline_dag.py
[2026-04-25T18:42:46.730+0000] {processor.py:840} INFO - DAG(s) 'training_pipeline' retrieved from /opt/airflow/dags/training_pipeline_dag.py
[2026-04-25T18:42:46.755+0000] {logging_mixin.py:188} INFO - [2026-04-25T18:42:46.755+0000] {dag.py:3096} INFO - Sync 1 DAGs
[2026-04-25T18:42:46.773+0000] {logging_mixin.py:188} INFO - [2026-04-25T18:42:46.773+0000] {dag.py:3954} INFO - Setting next_dagrun for training_pipeline to 2026-04-24 00:00:00+00:00, run_after=2026-04-25 00:00:00+00:00
[2026-04-25T18:42:46.791+0000] {processor.py:183} INFO - Processing /opt/airflow/dags/training_pipeline_dag.py took 0.080 seconds
[2026-04-25T18:43:16.963+0000] {processor.py:161} INFO - Started process (PID=546) to work on /opt/airflow/dags/training_pipeline_dag.py
[2026-04-25T18:43:16.965+0000] {processor.py:830} INFO - Processing file /opt/airflow/dags/training_pipeline_dag.py for tasks to queue
[2026-04-25T18:43:16.967+0000] {logging_mixin.py:188} INFO - [2026-04-25T18:43:16.967+0000] {dagbag.py:545} INFO - Filling up the DagBag from /opt/airflow/dags/training_pipeline_dag.py
[2026-04-25T18:43:16.977+0000] {processor.py:840} INFO - DAG(s) 'training_pipeline' retrieved from /opt/airflow/dags/training_pipeline_dag.py
[2026-04-25T18:43:17.002+0000] {logging_mixin.py:188} INFO - [2026-04-25T18:43:17.002+0000] {dag.py:3096} INFO - Sync 1 DAGs
[2026-04-25T18:43:17.021+0000] {logging_mixin.py:188} INFO - [2026-04-25T18:43:17.021+0000] {dag.py:3954} INFO - Setting next_dagrun for training_pipeline to 2026-04-24 00:00:00+00:00, run_after=2026-04-25 00:00:00+00:00
[2026-04-25T18:43:17.039+0000] {processor.py:183} INFO - Processing /opt/airflow/dags/training_pipeline_dag.py took 0.081 seconds
[2026-04-25T18:43:47.212+0000] {processor.py:161} INFO - Started process (PID=561) to work on /opt/airflow/dags/training_pipeline_dag.py
[2026-04-25T18:43:47.215+0000] {processor.py:830} INFO - Processing file /opt/airflow/dags/training_pipeline_dag.py for tasks to queue
[2026-04-25T18:43:47.217+0000] {logging_mixin.py:188} INFO - [2026-04-25T18:43:47.217+0000] {dagbag.py:545} INFO - Filling up the DagBag from /opt/airflow/dags/training_pipeline_dag.py
[2026-04-25T18:43:47.227+0000] {processor.py:840} INFO - DAG(s) 'training_pipeline' retrieved from /opt/airflow/dags/training_pipeline_dag.py
[2026-04-25T18:43:47.253+0000] {logging_mixin.py:188} INFO - [2026-04-25T18:43:47.253+0000] {dag.py:3096} INFO - Sync 1 DAGs
[2026-04-25T18:43:47.274+0000] {logging_mixin.py:188} INFO - [2026-04-25T18:43:47.274+0000] {dag.py:3954} INFO - Setting next_dagrun for training_pipeline to 2026-04-24 00:00:00+00:00, run_after=2026-04-25 00:00:00+00:00
[2026-04-25T18:43:47.294+0000] {processor.py:183} INFO - Processing /opt/airflow/dags/training_pipeline_dag.py took 0.086 seconds
[2026-04-25T18:44:17.461+0000] {processor.py:161} INFO - Started process (PID=576) to work on /opt/airflow/dags/training_pipeline_dag.py
[2026-04-25T18:44:17.464+0000] {processor.py:830} INFO - Processing file /opt/airflow/dags/training_pipeline_dag.py for tasks to queue
[2026-04-25T18:44:17.465+0000] {logging_mixin.py:188} INFO - [2026-04-25T18:44:17.465+0000] {dagbag.py:545} INFO - Filling up the DagBag from /opt/airflow/dags/training_pipeline_dag.py
[2026-04-25T18:44:17.474+0000] {processor.py:840} INFO - DAG(s) 'training_pipeline' retrieved from /opt/airflow/dags/training_pipeline_dag.py
[2026-04-25T18:44:17.498+0000] {logging_mixin.py:188} INFO - [2026-04-25T18:44:17.498+0000] {dag.py:3096} INFO - Sync 1 DAGs
[2026-04-25T18:44:17.518+0000] {logging_mixin.py:188} INFO - [2026-04-25T18:44:17.518+0000] {dag.py:3954} INFO - Setting next_dagrun for training_pipeline to 2026-04-24 00:00:00+00:00, run_after=2026-04-25 00:00:00+00:00
[2026-04-25T18:44:17.536+0000] {processor.py:183} INFO - Processing /opt/airflow/dags/training_pipeline_dag.py took 0.080 seconds
[2026-04-25T18:44:47.705+0000] {processor.py:161} INFO - Started process (PID=591) to work on /opt/airflow/dags/training_pipeline_dag.py
[2026-04-25T18:44:47.708+0000] {processor.py:830} INFO - Processing file /opt/airflow/dags/training_pipeline_dag.py for tasks to queue
[2026-04-25T18:44:47.709+0000] {logging_mixin.py:188} INFO - [2026-04-25T18:44:47.709+0000] {dagbag.py:545} INFO - Filling up the DagBag from /opt/airflow/dags/training_pipeline_dag.py
[2026-04-25T18:44:47.719+0000] {processor.py:840} INFO - DAG(s) 'training_pipeline' retrieved from /opt/airflow/dags/training_pipeline_dag.py
[2026-04-25T18:44:47.742+0000] {logging_mixin.py:188} INFO - [2026-04-25T18:44:47.741+0000] {dag.py:3096} INFO - Sync 1 DAGs
[2026-04-25T18:44:47.760+0000] {logging_mixin.py:188} INFO - [2026-04-25T18:44:47.760+0000] {dag.py:3954} INFO - Setting next_dagrun for training_pipeline to 2026-04-24 00:00:00+00:00, run_after=2026-04-25 00:00:00+00:00
[2026-04-25T18:44:47.777+0000] {processor.py:183} INFO - Processing /opt/airflow/dags/training_pipeline_dag.py took 0.077 seconds
[2026-04-25T18:45:17.928+0000] {processor.py:161} INFO - Started process (PID=606) to work on /opt/airflow/dags/training_pipeline_dag.py
[2026-04-25T18:45:17.930+0000] {processor.py:830} INFO - Processing file /opt/airflow/dags/training_pipeline_dag.py for tasks to queue
[2026-04-25T18:45:17.932+0000] {logging_mixin.py:188} INFO - [2026-04-25T18:45:17.931+0000] {dagbag.py:545} INFO - Filling up the DagBag from /opt/airflow/dags/training_pipeline_dag.py
[2026-04-25T18:45:17.942+0000] {processor.py:840} INFO - DAG(s) 'training_pipeline' retrieved from /opt/airflow/dags/training_pipeline_dag.py
[2026-04-25T18:45:17.965+0000] {logging_mixin.py:188} INFO - [2026-04-25T18:45:17.965+0000] {dag.py:3096} INFO - Sync 1 DAGs
[2026-04-25T18:45:17.985+0000] {logging_mixin.py:188} INFO - [2026-04-25T18:45:17.984+0000] {dag.py:3954} INFO - Setting next_dagrun for training_pipeline to 2026-04-24 00:00:00+00:00, run_after=2026-04-25 00:00:00+00:00
[2026-04-25T18:45:18.002+0000] {processor.py:183} INFO - Processing /opt/airflow/dags/training_pipeline_dag.py took 0.079 seconds
[2026-04-25T18:45:48.172+0000] {processor.py:161} INFO - Started process (PID=621) to work on /opt/airflow/dags/training_pipeline_dag.py
[2026-04-25T18:45:48.174+0000] {processor.py:830} INFO - Processing file /opt/airflow/dags/training_pipeline_dag.py for tasks to queue
[2026-04-25T18:45:48.176+0000] {logging_mixin.py:188} INFO - [2026-04-25T18:45:48.175+0000] {dagbag.py:545} INFO - Filling up the DagBag from /opt/airflow/dags/training_pipeline_dag.py
[2026-04-25T18:45:48.187+0000] {processor.py:840} INFO - DAG(s) 'training_pipeline' retrieved from /opt/airflow/dags/training_pipeline_dag.py
[2026-04-25T18:45:48.212+0000] {logging_mixin.py:188} INFO - [2026-04-25T18:45:48.212+0000] {dag.py:3096} INFO - Sync 1 DAGs
[2026-04-25T18:45:48.232+0000] {logging_mixin.py:188} INFO - [2026-04-25T18:45:48.232+0000] {dag.py:3954} INFO - Setting next_dagrun for training_pipeline to 2026-04-24 00:00:00+00:00, run_after=2026-04-25 00:00:00+00:00
[2026-04-25T18:45:48.250+0000] {processor.py:183} INFO - Processing /opt/airflow/dags/training_pipeline_dag.py took 0.082 seconds
[2026-04-25T18:46:18.428+0000] {processor.py:161} INFO - Started process (PID=636) to work on /opt/airflow/dags/training_pipeline_dag.py
[2026-04-25T18:46:18.430+0000] {processor.py:830} INFO - Processing file /opt/airflow/dags/training_pipeline_dag.py for tasks to queue
[2026-04-25T18:46:18.433+0000] {logging_mixin.py:188} INFO - [2026-04-25T18:46:18.432+0000] {dagbag.py:545} INFO - Filling up the DagBag from /opt/airflow/dags/training_pipeline_dag.py
[2026-04-25T18:46:18.445+0000] {processor.py:840} INFO - DAG(s) 'training_pipeline' retrieved from /opt/airflow/dags/training_pipeline_dag.py
[2026-04-25T18:46:18.475+0000] {logging_mixin.py:188} INFO - [2026-04-25T18:46:18.474+0000] {dag.py:3096} INFO - Sync 1 DAGs
[2026-04-25T18:46:18.497+0000] {logging_mixin.py:188} INFO - [2026-04-25T18:46:18.497+0000] {dag.py:3954} INFO - Setting next_dagrun for training_pipeline to 2026-04-24 00:00:00+00:00, run_after=2026-04-25 00:00:00+00:00
[2026-04-25T18:46:18.517+0000] {processor.py:183} INFO - Processing /opt/airflow/dags/training_pipeline_dag.py took 0.101 seconds
[2026-04-25T18:46:48.664+0000] {processor.py:161} INFO - Started process (PID=651) to work on /opt/airflow/dags/training_pipeline_dag.py
[2026-04-25T18:46:48.667+0000] {processor.py:830} INFO - Processing file /opt/airflow/dags/training_pipeline_dag.py for tasks to queue
[2026-04-25T18:46:48.668+0000] {logging_mixin.py:188} INFO - [2026-04-25T18:46:48.668+0000] {dagbag.py:545} INFO - Filling up the DagBag from /opt/airflow/dags/training_pipeline_dag.py
[2026-04-25T18:46:48.678+0000] {processor.py:840} INFO - DAG(s) 'training_pipeline' retrieved from /opt/airflow/dags/training_pipeline_dag.py
[2026-04-25T18:46:48.702+0000] {logging_mixin.py:188} INFO - [2026-04-25T18:46:48.702+0000] {dag.py:3096} INFO - Sync 1 DAGs
[2026-04-25T18:46:48.720+0000] {logging_mixin.py:188} INFO - [2026-04-25T18:46:48.720+0000] {dag.py:3954} INFO - Setting next_dagrun for training_pipeline to 2026-04-24 00:00:00+00:00, run_after=2026-04-25 00:00:00+00:00
[2026-04-25T18:46:48.737+0000] {processor.py:183} INFO - Processing /opt/airflow/dags/training_pipeline_dag.py took 0.078 seconds
[2026-04-25T18:47:18.906+0000] {processor.py:161} INFO - Started process (PID=666) to work on /opt/airflow/dags/training_pipeline_dag.py
[2026-04-25T18:47:18.909+0000] {processor.py:830} INFO - Processing file /opt/airflow/dags/training_pipeline_dag.py for tasks to queue
[2026-04-25T18:47:18.911+0000] {logging_mixin.py:188} INFO - [2026-04-25T18:47:18.911+0000] {dagbag.py:545} INFO - Filling up the DagBag from /opt/airflow/dags/training_pipeline_dag.py
[2026-04-25T18:47:18.923+0000] {processor.py:840} INFO - DAG(s) 'training_pipeline' retrieved from /opt/airflow/dags/training_pipeline_dag.py
[2026-04-25T18:47:18.954+0000] {logging_mixin.py:188} INFO - [2026-04-25T18:47:18.954+0000] {dag.py:3096} INFO - Sync 1 DAGs
[2026-04-25T18:47:18.987+0000] {logging_mixin.py:188} INFO - [2026-04-25T18:47:18.987+0000] {dag.py:3954} INFO - Setting next_dagrun for training_pipeline to 2026-04-24 00:00:00+00:00, run_after=2026-04-25 00:00:00+00:00
[2026-04-25T18:47:19.024+0000] {processor.py:183} INFO - Processing /opt/airflow/dags/training_pipeline_dag.py took 0.123 seconds
[2026-04-25T18:47:49.162+0000] {processor.py:161} INFO - Started process (PID=681) to work on /opt/airflow/dags/training_pipeline_dag.py
[2026-04-25T18:47:49.165+0000] {processor.py:830} INFO - Processing file /opt/airflow/dags/training_pipeline_dag.py for tasks to queue
[2026-04-25T18:47:49.167+0000] {logging_mixin.py:188} INFO - [2026-04-25T18:47:49.166+0000] {dagbag.py:545} INFO - Filling up the DagBag from /opt/airflow/dags/training_pipeline_dag.py
[2026-04-25T18:47:49.176+0000] {processor.py:840} INFO - DAG(s) 'training_pipeline' retrieved from /opt/airflow/dags/training_pipeline_dag.py
[2026-04-25T18:47:49.201+0000] {logging_mixin.py:188} INFO - [2026-04-25T18:47:49.200+0000] {dag.py:3096} INFO - Sync 1 DAGs
[2026-04-25T18:47:49.221+0000] {logging_mixin.py:188} INFO - [2026-04-25T18:47:49.221+0000] {dag.py:3954} INFO - Setting next_dagrun for training_pipeline to 2026-04-24 00:00:00+00:00, run_after=2026-04-25 00:00:00+00:00
[2026-04-25T18:47:49.239+0000] {processor.py:183} INFO - Processing /opt/airflow/dags/training_pipeline_dag.py took 0.081 seconds
[2026-04-25T18:48:19.421+0000] {processor.py:161} INFO - Started process (PID=696) to work on /opt/airflow/dags/training_pipeline_dag.py
[2026-04-25T18:48:19.424+0000] {processor.py:830} INFO - Processing file /opt/airflow/dags/training_pipeline_dag.py for tasks to queue
[2026-04-25T18:48:19.426+0000] {logging_mixin.py:188} INFO - [2026-04-25T18:48:19.425+0000] {dagbag.py:545} INFO - Filling up the DagBag from /opt/airflow/dags/training_pipeline_dag.py
[2026-04-25T18:48:19.437+0000] {processor.py:840} INFO - DAG(s) 'training_pipeline' retrieved from /opt/airflow/dags/training_pipeline_dag.py
[2026-04-25T18:48:19.465+0000] {logging_mixin.py:188} INFO - [2026-04-25T18:48:19.464+0000] {dag.py:3096} INFO - Sync 1 DAGs
[2026-04-25T18:48:19.483+0000] {logging_mixin.py:188} INFO - [2026-04-25T18:48:19.483+0000] {dag.py:3954} INFO - Setting next_dagrun for training_pipeline to 2026-04-24 00:00:00+00:00, run_after=2026-04-25 00:00:00+00:00
[2026-04-25T18:48:19.504+0000] {processor.py:183} INFO - Processing /opt/airflow/dags/training_pipeline_dag.py took 0.088 seconds
[2026-04-25T18:48:49.700+0000] {processor.py:161} INFO - Started process (PID=711) to work on /opt/airflow/dags/training_pipeline_dag.py
[2026-04-25T18:48:49.702+0000] {processor.py:830} INFO - Processing file /opt/airflow/dags/training_pipeline_dag.py for tasks to queue
[2026-04-25T18:48:49.704+0000] {logging_mixin.py:188} INFO - [2026-04-25T18:48:49.704+0000] {dagbag.py:545} INFO - Filling up the DagBag from /opt/airflow/dags/training_pipeline_dag.py
[2026-04-25T18:48:49.714+0000] {processor.py:840} INFO - DAG(s) 'training_pipeline' retrieved from /opt/airflow/dags/training_pipeline_dag.py
[2026-04-25T18:48:49.738+0000] {logging_mixin.py:188} INFO - [2026-04-25T18:48:49.737+0000] {dag.py:3096} INFO - Sync 1 DAGs
[2026-04-25T18:48:49.757+0000] {logging_mixin.py:188} INFO - [2026-04-25T18:48:49.757+0000] {dag.py:3954} INFO - Setting next_dagrun for training_pipeline to 2026-04-24 00:00:00+00:00, run_after=2026-04-25 00:00:00+00:00
[2026-04-25T18:48:49.775+0000] {processor.py:183} INFO - Processing /opt/airflow/dags/training_pipeline_dag.py took 0.080 seconds
[2026-04-25T18:49:19.973+0000] {processor.py:161} INFO - Started process (PID=726) to work on /opt/airflow/dags/training_pipeline_dag.py
[2026-04-25T18:49:19.975+0000] {processor.py:830} INFO - Processing file /opt/airflow/dags/training_pipeline_dag.py for tasks to queue
[2026-04-25T18:49:19.977+0000] {logging_mixin.py:188} INFO - [2026-04-25T18:49:19.977+0000] {dagbag.py:545} INFO - Filling up the DagBag from /opt/airflow/dags/training_pipeline_dag.py
[2026-04-25T18:49:19.989+0000] {processor.py:840} INFO - DAG(s) 'training_pipeline' retrieved from /opt/airflow/dags/training_pipeline_dag.py
[2026-04-25T18:49:20.013+0000] {logging_mixin.py:188} INFO - [2026-04-25T18:49:20.013+0000] {dag.py:3096} INFO - Sync 1 DAGs
[2026-04-25T18:49:20.033+0000] {logging_mixin.py:188} INFO - [2026-04-25T18:49:20.032+0000] {dag.py:3954} INFO - Setting next_dagrun for training_pipeline to 2026-04-24 00:00:00+00:00, run_after=2026-04-25 00:00:00+00:00
[2026-04-25T18:49:20.050+0000] {processor.py:183} INFO - Processing /opt/airflow/dags/training_pipeline_dag.py took 0.083 seconds
[2026-04-25T18:49:50.232+0000] {processor.py:161} INFO - Started process (PID=741) to work on /opt/airflow/dags/training_pipeline_dag.py
[2026-04-25T18:49:50.234+0000] {processor.py:830} INFO - Processing file /opt/airflow/dags/training_pipeline_dag.py for tasks to queue
[2026-04-25T18:49:50.236+0000] {logging_mixin.py:188} INFO - [2026-04-25T18:49:50.236+0000] {dagbag.py:545} INFO - Filling up the DagBag from /opt/airflow/dags/training_pipeline_dag.py
[2026-04-25T18:49:50.247+0000] {processor.py:840} INFO - DAG(s) 'training_pipeline' retrieved from /opt/airflow/dags/training_pipeline_dag.py
[2026-04-25T18:49:50.271+0000] {logging_mixin.py:188} INFO - [2026-04-25T18:49:50.270+0000] {dag.py:3096} INFO - Sync 1 DAGs
[2026-04-25T18:49:50.290+0000] {logging_mixin.py:188} INFO - [2026-04-25T18:49:50.289+0000] {dag.py:3954} INFO - Setting next_dagrun for training_pipeline to 2026-04-24 00:00:00+00:00, run_after=2026-04-25 00:00:00+00:00
[2026-04-25T18:49:50.307+0000] {processor.py:183} INFO - Processing /opt/airflow/dags/training_pipeline_dag.py took 0.081 seconds
[2026-04-25T18:50:20.483+0000] {processor.py:161} INFO - Started process (PID=756) to work on /opt/airflow/dags/training_pipeline_dag.py
[2026-04-25T18:50:20.484+0000] {processor.py:830} INFO - Processing file /opt/airflow/dags/training_pipeline_dag.py for tasks to queue
[2026-04-25T18:50:20.486+0000] {logging_mixin.py:188} INFO - [2026-04-25T18:50:20.485+0000] {dagbag.py:545} INFO - Filling up the DagBag from /opt/airflow/dags/training_pipeline_dag.py
[2026-04-25T18:50:20.496+0000] {processor.py:840} INFO - DAG(s) 'training_pipeline' retrieved from /opt/airflow/dags/training_pipeline_dag.py
[2026-04-25T18:50:20.519+0000] {logging_mixin.py:188} INFO - [2026-04-25T18:50:20.519+0000] {dag.py:3096} INFO - Sync 1 DAGs
[2026-04-25T18:50:20.540+0000] {logging_mixin.py:188} INFO - [2026-04-25T18:50:20.540+0000] {dag.py:3954} INFO - Setting next_dagrun for training_pipeline to 2026-04-24 00:00:00+00:00, run_after=2026-04-25 00:00:00+00:00
[2026-04-25T18:50:20.561+0000] {processor.py:183} INFO - Processing /opt/airflow/dags/training_pipeline_dag.py took 0.083 seconds
[2026-04-25T18:50:50.744+0000] {processor.py:161} INFO - Started process (PID=771) to work on /opt/airflow/dags/training_pipeline_dag.py
[2026-04-25T18:50:50.746+0000] {processor.py:830} INFO - Processing file /opt/airflow/dags/training_pipeline_dag.py for tasks to queue
[2026-04-25T18:50:50.748+0000] {logging_mixin.py:188} INFO - [2026-04-25T18:50:50.747+0000] {dagbag.py:545} INFO - Filling up the DagBag from /opt/airflow/dags/training_pipeline_dag.py
[2026-04-25T18:50:50.757+0000] {processor.py:840} INFO - DAG(s) 'training_pipeline' retrieved from /opt/airflow/dags/training_pipeline_dag.py
[2026-04-25T18:50:50.780+0000] {logging_mixin.py:188} INFO - [2026-04-25T18:50:50.780+0000] {dag.py:3096} INFO - Sync 1 DAGs
[2026-04-25T18:50:50.798+0000] {logging_mixin.py:188} INFO - [2026-04-25T18:50:50.798+0000] {dag.py:3954} INFO - Setting next_dagrun for training_pipeline to 2026-04-24 00:00:00+00:00, run_after=2026-04-25 00:00:00+00:00
[2026-04-25T18:50:50.814+0000] {processor.py:183} INFO - Processing /opt/airflow/dags/training_pipeline_dag.py took 0.075 seconds
[2026-04-25T18:51:21.003+0000] {processor.py:161} INFO - Started process (PID=786) to work on /opt/airflow/dags/training_pipeline_dag.py
[2026-04-25T18:51:21.004+0000] {processor.py:830} INFO - Processing file /opt/airflow/dags/training_pipeline_dag.py for tasks to queue
[2026-04-25T18:51:21.006+0000] {logging_mixin.py:188} INFO - [2026-04-25T18:51:21.006+0000] {dagbag.py:545} INFO - Filling up the DagBag from /opt/airflow/dags/training_pipeline_dag.py
[2026-04-25T18:51:21.016+0000] {processor.py:840} INFO - DAG(s) 'training_pipeline' retrieved from /opt/airflow/dags/training_pipeline_dag.py
[2026-04-25T18:51:21.043+0000] {logging_mixin.py:188} INFO - [2026-04-25T18:51:21.043+0000] {dag.py:3096} INFO - Sync 1 DAGs
[2026-04-25T18:51:21.062+0000] {logging_mixin.py:188} INFO - [2026-04-25T18:51:21.062+0000] {dag.py:3954} INFO - Setting next_dagrun for training_pipeline to 2026-04-24 00:00:00+00:00, run_after=2026-04-25 00:00:00+00:00
[2026-04-25T18:51:21.079+0000] {processor.py:183} INFO - Processing /opt/airflow/dags/training_pipeline_dag.py took 0.082 seconds
[2026-04-25T18:51:51.250+0000] {processor.py:161} INFO - Started process (PID=801) to work on /opt/airflow/dags/training_pipeline_dag.py
[2026-04-25T18:51:51.252+0000] {processor.py:830} INFO - Processing file /opt/airflow/dags/training_pipeline_dag.py for tasks to queue
[2026-04-25T18:51:51.255+0000] {logging_mixin.py:188} INFO - [2026-04-25T18:51:51.254+0000] {dagbag.py:545} INFO - Filling up the DagBag from /opt/airflow/dags/training_pipeline_dag.py
[2026-04-25T18:51:51.265+0000] {processor.py:840} INFO - DAG(s) 'training_pipeline' retrieved from /opt/airflow/dags/training_pipeline_dag.py
[2026-04-25T18:51:51.290+0000] {logging_mixin.py:188} INFO - [2026-04-25T18:51:51.289+0000] {dag.py:3096} INFO - Sync 1 DAGs
[2026-04-25T18:51:51.312+0000] {logging_mixin.py:188} INFO - [2026-04-25T18:51:51.312+0000] {dag.py:3954} INFO - Setting next_dagrun for training_pipeline to 2026-04-24 00:00:00+00:00, run_after=2026-04-25 00:00:00+00:00
[2026-04-25T18:51:51.331+0000] {processor.py:183} INFO - Processing /opt/airflow/dags/training_pipeline_dag.py took 0.087 seconds
[2026-04-25T18:52:21.506+0000] {processor.py:161} INFO - Started process (PID=816) to work on /opt/airflow/dags/training_pipeline_dag.py
[2026-04-25T18:52:21.507+0000] {processor.py:830} INFO - Processing file /opt/airflow/dags/training_pipeline_dag.py for tasks to queue
[2026-04-25T18:52:21.509+0000] {logging_mixin.py:188} INFO - [2026-04-25T18:52:21.508+0000] {dagbag.py:545} INFO - Filling up the DagBag from /opt/airflow/dags/training_pipeline_dag.py
[2026-04-25T18:52:21.518+0000] {processor.py:840} INFO - DAG(s) 'training_pipeline' retrieved from /opt/airflow/dags/training_pipeline_dag.py
[2026-04-25T18:52:21.541+0000] {logging_mixin.py:188} INFO - [2026-04-25T18:52:21.541+0000] {dag.py:3096} INFO - Sync 1 DAGs
[2026-04-25T18:52:21.560+0000] {logging_mixin.py:188} INFO - [2026-04-25T18:52:21.560+0000] {dag.py:3954} INFO - Setting next_dagrun for training_pipeline to 2026-04-24 00:00:00+00:00, run_after=2026-04-25 00:00:00+00:00
[2026-04-25T18:52:21.577+0000] {processor.py:183} INFO - Processing /opt/airflow/dags/training_pipeline_dag.py took 0.077 seconds
[2026-04-25T18:52:51.761+0000] {processor.py:161} INFO - Started process (PID=831) to work on /opt/airflow/dags/training_pipeline_dag.py
[2026-04-25T18:52:51.762+0000] {processor.py:830} INFO - Processing file /opt/airflow/dags/training_pipeline_dag.py for tasks to queue
[2026-04-25T18:52:51.764+0000] {logging_mixin.py:188} INFO - [2026-04-25T18:52:51.764+0000] {dagbag.py:545} INFO - Filling up the DagBag from /opt/airflow/dags/training_pipeline_dag.py
[2026-04-25T18:52:51.773+0000] {processor.py:840} INFO - DAG(s) 'training_pipeline' retrieved from /opt/airflow/dags/training_pipeline_dag.py
[2026-04-25T18:52:51.796+0000] {logging_mixin.py:188} INFO - [2026-04-25T18:52:51.796+0000] {dag.py:3096} INFO - Sync 1 DAGs
[2026-04-25T18:52:51.816+0000] {logging_mixin.py:188} INFO - [2026-04-25T18:52:51.816+0000] {dag.py:3954} INFO - Setting next_dagrun for training_pipeline to 2026-04-24 00:00:00+00:00, run_after=2026-04-25 00:00:00+00:00
[2026-04-25T18:52:51.835+0000] {processor.py:183} INFO - Processing /opt/airflow/dags/training_pipeline_dag.py took 0.080 seconds
[2026-04-25T18:53:22.022+0000] {processor.py:161} INFO - Started process (PID=846) to work on /opt/airflow/dags/training_pipeline_dag.py
[2026-04-25T18:53:22.024+0000] {processor.py:830} INFO - Processing file /opt/airflow/dags/training_pipeline_dag.py for tasks to queue
[2026-04-25T18:53:22.027+0000] {logging_mixin.py:188} INFO - [2026-04-25T18:53:22.027+0000] {dagbag.py:545} INFO - Filling up the DagBag from /opt/airflow/dags/training_pipeline_dag.py
[2026-04-25T18:53:22.036+0000] {processor.py:840} INFO - DAG(s) 'training_pipeline' retrieved from /opt/airflow/dags/training_pipeline_dag.py
[2026-04-25T18:53:22.064+0000] {logging_mixin.py:188} INFO - [2026-04-25T18:53:22.063+0000] {dag.py:3096} INFO - Sync 1 DAGs
[2026-04-25T18:53:22.086+0000] {logging_mixin.py:188} INFO - [2026-04-25T18:53:22.085+0000] {dag.py:3954} INFO - Setting next_dagrun for training_pipeline to 2026-04-24 00:00:00+00:00, run_after=2026-04-25 00:00:00+00:00
[2026-04-25T18:53:22.104+0000] {processor.py:183} INFO - Processing /opt/airflow/dags/training_pipeline_dag.py took 0.087 seconds
[2026-04-25T18:53:52.285+0000] {processor.py:161} INFO - Started process (PID=861) to work on /opt/airflow/dags/training_pipeline_dag.py
[2026-04-25T18:53:52.287+0000] {processor.py:830} INFO - Processing file /opt/airflow/dags/training_pipeline_dag.py for tasks to queue
[2026-04-25T18:53:52.289+0000] {logging_mixin.py:188} INFO - [2026-04-25T18:53:52.289+0000] {dagbag.py:545} INFO - Filling up the DagBag from /opt/airflow/dags/training_pipeline_dag.py
[2026-04-25T18:53:52.299+0000] {processor.py:840} INFO - DAG(s) 'training_pipeline' retrieved from /opt/airflow/dags/training_pipeline_dag.py
[2026-04-25T18:53:52.321+0000] {logging_mixin.py:188} INFO - [2026-04-25T18:53:52.321+0000] {dag.py:3096} INFO - Sync 1 DAGs
[2026-04-25T18:53:52.339+0000] {logging_mixin.py:188} INFO - [2026-04-25T18:53:52.339+0000] {dag.py:3954} INFO - Setting next_dagrun for training_pipeline to 2026-04-24 00:00:00+00:00, run_after=2026-04-25 00:00:00+00:00
[2026-04-25T18:53:52.355+0000] {processor.py:183} INFO - Processing /opt/airflow/dags/training_pipeline_dag.py took 0.075 seconds
[2026-04-25T18:54:22.514+0000] {processor.py:161} INFO - Started process (PID=876) to work on /opt/airflow/dags/training_pipeline_dag.py
[2026-04-25T18:54:22.516+0000] {processor.py:830} INFO - Processing file /opt/airflow/dags/training_pipeline_dag.py for tasks to queue
[2026-04-25T18:54:22.517+0000] {logging_mixin.py:188} INFO - [2026-04-25T18:54:22.517+0000] {dagbag.py:545} INFO - Filling up the DagBag from /opt/airflow/dags/training_pipeline_dag.py
[2026-04-25T18:54:22.525+0000] {processor.py:840} INFO - DAG(s) 'training_pipeline' retrieved from /opt/airflow/dags/training_pipeline_dag.py
[2026-04-25T18:54:22.547+0000] {logging_mixin.py:188} INFO - [2026-04-25T18:54:22.547+0000] {dag.py:3096} INFO - Sync 1 DAGs
[2026-04-25T18:54:22.563+0000] {logging_mixin.py:188} INFO - [2026-04-25T18:54:22.563+0000] {dag.py:3954} INFO - Setting next_dagrun for training_pipeline to 2026-04-24 00:00:00+00:00, run_after=2026-04-25 00:00:00+00:00
[2026-04-25T18:54:22.576+0000] {processor.py:183} INFO - Processing /opt/airflow/dags/training_pipeline_dag.py took 0.067 seconds
[2026-04-25T18:54:52.743+0000] {processor.py:161} INFO - Started process (PID=891) to work on /opt/airflow/dags/training_pipeline_dag.py
[2026-04-25T18:54:52.746+0000] {processor.py:830} INFO - Processing file /opt/airflow/dags/training_pipeline_dag.py for tasks to queue
[2026-04-25T18:54:52.747+0000] {logging_mixin.py:188} INFO - [2026-04-25T18:54:52.747+0000] {dagbag.py:545} INFO - Filling up the DagBag from /opt/airflow/dags/training_pipeline_dag.py
[2026-04-25T18:54:52.755+0000] {processor.py:840} INFO - DAG(s) 'training_pipeline' retrieved from /opt/airflow/dags/training_pipeline_dag.py
[2026-04-25T18:54:52.776+0000] {logging_mixin.py:188} INFO - [2026-04-25T18:54:52.776+0000] {dag.py:3096} INFO - Sync 1 DAGs
[2026-04-25T18:54:52.791+0000] {logging_mixin.py:188} INFO - [2026-04-25T18:54:52.791+0000] {dag.py:3954} INFO - Setting next_dagrun for training_pipeline to 2026-04-24 00:00:00+00:00, run_after=2026-04-25 00:00:00+00:00
[2026-04-25T18:54:52.807+0000] {processor.py:183} INFO - Processing /opt/airflow/dags/training_pipeline_dag.py took 0.069 seconds
[2026-04-25T18:55:22.952+0000] {processor.py:161} INFO - Started process (PID=906) to work on /opt/airflow/dags/training_pipeline_dag.py
[2026-04-25T18:55:22.954+0000] {processor.py:830} INFO - Processing file /opt/airflow/dags/training_pipeline_dag.py for tasks to queue
[2026-04-25T18:55:22.955+0000] {logging_mixin.py:188} INFO - [2026-04-25T18:55:22.955+0000] {dagbag.py:545} INFO - Filling up the DagBag from /opt/airflow/dags/training_pipeline_dag.py
[2026-04-25T18:55:22.964+0000] {processor.py:840} INFO - DAG(s) 'training_pipeline' retrieved from /opt/airflow/dags/training_pipeline_dag.py
[2026-04-25T18:55:22.985+0000] {logging_mixin.py:188} INFO - [2026-04-25T18:55:22.985+0000] {dag.py:3096} INFO - Sync 1 DAGs
[2026-04-25T18:55:23.001+0000] {logging_mixin.py:188} INFO - [2026-04-25T18:55:23.001+0000] {dag.py:3954} INFO - Setting next_dagrun for training_pipeline to 2026-04-24 00:00:00+00:00, run_after=2026-04-25 00:00:00+00:00
[2026-04-25T18:55:23.015+0000] {processor.py:183} INFO - Processing /opt/airflow/dags/training_pipeline_dag.py took 0.067 seconds
[2026-04-25T18:55:53.192+0000] {processor.py:161} INFO - Started process (PID=921) to work on /opt/airflow/dags/training_pipeline_dag.py
[2026-04-25T18:55:53.193+0000] {processor.py:830} INFO - Processing file /opt/airflow/dags/training_pipeline_dag.py for tasks to queue
[2026-04-25T18:55:53.194+0000] {logging_mixin.py:188} INFO - [2026-04-25T18:55:53.194+0000] {dagbag.py:545} INFO - Filling up the DagBag from /opt/airflow/dags/training_pipeline_dag.py
[2026-04-25T18:55:53.204+0000] {processor.py:840} INFO - DAG(s) 'training_pipeline' retrieved from /opt/airflow/dags/training_pipeline_dag.py
[2026-04-25T18:55:53.228+0000] {logging_mixin.py:188} INFO - [2026-04-25T18:55:53.228+0000] {dag.py:3096} INFO - Sync 1 DAGs
[2026-04-25T18:55:53.248+0000] {logging_mixin.py:188} INFO - [2026-04-25T18:55:53.247+0000] {dag.py:3954} INFO - Setting next_dagrun for training_pipeline to 2026-04-24 00:00:00+00:00, run_after=2026-04-25 00:00:00+00:00
[2026-04-25T18:55:53.269+0000] {processor.py:183} INFO - Processing /opt/airflow/dags/training_pipeline_dag.py took 0.082 seconds
[2026-04-25T18:56:23.417+0000] {processor.py:161} INFO - Started process (PID=936) to work on /opt/airflow/dags/training_pipeline_dag.py
[2026-04-25T18:56:23.419+0000] {processor.py:830} INFO - Processing file /opt/airflow/dags/training_pipeline_dag.py for tasks to queue
[2026-04-25T18:56:23.421+0000] {logging_mixin.py:188} INFO - [2026-04-25T18:56:23.420+0000] {dagbag.py:545} INFO - Filling up the DagBag from /opt/airflow/dags/training_pipeline_dag.py
[2026-04-25T18:56:23.430+0000] {processor.py:840} INFO - DAG(s) 'training_pipeline' retrieved from /opt/airflow/dags/training_pipeline_dag.py
[2026-04-25T18:56:23.452+0000] {logging_mixin.py:188} INFO - [2026-04-25T18:56:23.451+0000] {dag.py:3096} INFO - Sync 1 DAGs
[2026-04-25T18:56:23.468+0000] {logging_mixin.py:188} INFO - [2026-04-25T18:56:23.467+0000] {dag.py:3954} INFO - Setting next_dagrun for training_pipeline to 2026-04-24 00:00:00+00:00, run_after=2026-04-25 00:00:00+00:00
[2026-04-25T18:56:23.482+0000] {processor.py:183} INFO - Processing /opt/airflow/dags/training_pipeline_dag.py took 0.070 seconds
[2026-04-25T19:00:02.858+0000] {processor.py:161} INFO - Started process (PID=204) to work on /opt/airflow/dags/training_pipeline_dag.py
[2026-04-25T19:00:02.859+0000] {processor.py:830} INFO - Processing file /opt/airflow/dags/training_pipeline_dag.py for tasks to queue
[2026-04-25T19:00:02.860+0000] {logging_mixin.py:188} INFO - [2026-04-25T19:00:02.860+0000] {dagbag.py:545} INFO - Filling up the DagBag from /opt/airflow/dags/training_pipeline_dag.py
[2026-04-25T19:00:02.872+0000] {processor.py:840} INFO - DAG(s) 'training_pipeline' retrieved from /opt/airflow/dags/training_pipeline_dag.py
[2026-04-25T19:00:02.947+0000] {logging_mixin.py:188} INFO - [2026-04-25T19:00:02.946+0000] {override.py:1829} INFO - Created Permission View: can read on DAG:training_pipeline
[2026-04-25T19:00:02.954+0000] {logging_mixin.py:188} INFO - [2026-04-25T19:00:02.953+0000] {override.py:1829} INFO - Created Permission View: can delete on DAG:training_pipeline
[2026-04-25T19:00:02.958+0000] {logging_mixin.py:188} INFO - [2026-04-25T19:00:02.958+0000] {override.py:1829} INFO - Created Permission View: can edit on DAG:training_pipeline
[2026-04-25T19:00:02.959+0000] {logging_mixin.py:188} INFO - [2026-04-25T19:00:02.958+0000] {dag.py:3096} INFO - Sync 1 DAGs
[2026-04-25T19:00:02.966+0000] {logging_mixin.py:188} INFO - [2026-04-25T19:00:02.966+0000] {dag.py:3118} INFO - Creating ORM DAG for training_pipeline
[2026-04-25T19:00:02.974+0000] {logging_mixin.py:188} INFO - [2026-04-25T19:00:02.973+0000] {dag.py:3954} INFO - Setting next_dagrun for training_pipeline to 2026-04-24 00:00:00+00:00, run_after=2026-04-25 00:00:00+00:00
[2026-04-25T19:00:02.987+0000] {processor.py:183} INFO - Processing /opt/airflow/dags/training_pipeline_dag.py took 0.133 seconds
[2026-04-25T19:00:33.091+0000] {processor.py:161} INFO - Started process (PID=245) to work on /opt/airflow/dags/training_pipeline_dag.py
[2026-04-25T19:00:33.093+0000] {processor.py:830} INFO - Processing file /opt/airflow/dags/training_pipeline_dag.py for tasks to queue
[2026-04-25T19:00:33.094+0000] {logging_mixin.py:188} INFO - [2026-04-25T19:00:33.094+0000] {dagbag.py:545} INFO - Filling up the DagBag from /opt/airflow/dags/training_pipeline_dag.py
[2026-04-25T19:00:33.105+0000] {processor.py:840} INFO - DAG(s) 'training_pipeline' retrieved from /opt/airflow/dags/training_pipeline_dag.py
[2026-04-25T19:00:33.129+0000] {logging_mixin.py:188} INFO - [2026-04-25T19:00:33.128+0000] {dag.py:3096} INFO - Sync 1 DAGs
[2026-04-25T19:00:33.147+0000] {logging_mixin.py:188} INFO - [2026-04-25T19:00:33.147+0000] {dag.py:3954} INFO - Setting next_dagrun for training_pipeline to 2026-04-24 00:00:00+00:00, run_after=2026-04-25 00:00:00+00:00
[2026-04-25T19:00:33.163+0000] {processor.py:183} INFO - Processing /opt/airflow/dags/training_pipeline_dag.py took 0.076 seconds
[2026-04-25T19:01:03.326+0000] {processor.py:161} INFO - Started process (PID=306) to work on /opt/airflow/dags/training_pipeline_dag.py
[2026-04-25T19:01:03.327+0000] {processor.py:830} INFO - Processing file /opt/airflow/dags/training_pipeline_dag.py for tasks to queue
[2026-04-25T19:01:03.329+0000] {logging_mixin.py:188} INFO - [2026-04-25T19:01:03.328+0000] {dagbag.py:545} INFO - Filling up the DagBag from /opt/airflow/dags/training_pipeline_dag.py
[2026-04-25T19:01:03.339+0000] {processor.py:840} INFO - DAG(s) 'training_pipeline' retrieved from /opt/airflow/dags/training_pipeline_dag.py
[2026-04-25T19:01:03.361+0000] {logging_mixin.py:188} INFO - [2026-04-25T19:01:03.360+0000] {dag.py:3096} INFO - Sync 1 DAGs
[2026-04-25T19:01:03.377+0000] {logging_mixin.py:188} INFO - [2026-04-25T19:01:03.377+0000] {dag.py:3954} INFO - Setting next_dagrun for training_pipeline to 2026-04-24 00:00:00+00:00, run_after=2026-04-25 00:00:00+00:00
[2026-04-25T19:01:03.392+0000] {processor.py:183} INFO - Processing /opt/airflow/dags/training_pipeline_dag.py took 0.071 seconds
[2026-04-25T19:01:33.573+0000] {processor.py:161} INFO - Started process (PID=321) to work on /opt/airflow/dags/training_pipeline_dag.py
[2026-04-25T19:01:33.574+0000] {processor.py:830} INFO - Processing file /opt/airflow/dags/training_pipeline_dag.py for tasks to queue
[2026-04-25T19:01:33.576+0000] {logging_mixin.py:188} INFO - [2026-04-25T19:01:33.576+0000] {dagbag.py:545} INFO - Filling up the DagBag from /opt/airflow/dags/training_pipeline_dag.py
[2026-04-25T19:01:33.586+0000] {processor.py:840} INFO - DAG(s) 'training_pipeline' retrieved from /opt/airflow/dags/training_pipeline_dag.py
[2026-04-25T19:01:33.610+0000] {logging_mixin.py:188} INFO - [2026-04-25T19:01:33.610+0000] {dag.py:3096} INFO - Sync 1 DAGs
[2026-04-25T19:01:33.631+0000] {logging_mixin.py:188} INFO - [2026-04-25T19:01:33.631+0000] {dag.py:3954} INFO - Setting next_dagrun for training_pipeline to 2026-04-24 00:00:00+00:00, run_after=2026-04-25 00:00:00+00:00
[2026-04-25T19:01:33.649+0000] {processor.py:183} INFO - Processing /opt/airflow/dags/training_pipeline_dag.py took 0.081 seconds
[2026-04-25T19:02:03.763+0000] {processor.py:161} INFO - Started process (PID=336) to work on /opt/airflow/dags/training_pipeline_dag.py
[2026-04-25T19:02:03.764+0000] {processor.py:830} INFO - Processing file /opt/airflow/dags/training_pipeline_dag.py for tasks to queue
[2026-04-25T19:02:03.766+0000] {logging_mixin.py:188} INFO - [2026-04-25T19:02:03.765+0000] {dagbag.py:545} INFO - Filling up the DagBag from /opt/airflow/dags/training_pipeline_dag.py
[2026-04-25T19:02:03.774+0000] {processor.py:840} INFO - DAG(s) 'training_pipeline' retrieved from /opt/airflow/dags/training_pipeline_dag.py
[2026-04-25T19:02:03.797+0000] {logging_mixin.py:188} INFO - [2026-04-25T19:02:03.797+0000] {dag.py:3096} INFO - Sync 1 DAGs
[2026-04-25T19:02:03.816+0000] {logging_mixin.py:188} INFO - [2026-04-25T19:02:03.816+0000] {dag.py:3954} INFO - Setting next_dagrun for training_pipeline to 2026-04-24 00:00:00+00:00, run_after=2026-04-25 00:00:00+00:00
[2026-04-25T19:02:03.830+0000] {processor.py:183} INFO - Processing /opt/airflow/dags/training_pipeline_dag.py took 0.071 seconds
[2026-04-25T19:02:34.014+0000] {processor.py:161} INFO - Started process (PID=351) to work on /opt/airflow/dags/training_pipeline_dag.py
[2026-04-25T19:02:34.016+0000] {processor.py:830} INFO - Processing file /opt/airflow/dags/training_pipeline_dag.py for tasks to queue
[2026-04-25T19:02:34.017+0000] {logging_mixin.py:188} INFO - [2026-04-25T19:02:34.017+0000] {dagbag.py:545} INFO - Filling up the DagBag from /opt/airflow/dags/training_pipeline_dag.py
[2026-04-25T19:02:34.026+0000] {processor.py:840} INFO - DAG(s) 'training_pipeline' retrieved from /opt/airflow/dags/training_pipeline_dag.py
[2026-04-25T19:02:34.052+0000] {logging_mixin.py:188} INFO - [2026-04-25T19:02:34.052+0000] {dag.py:3096} INFO - Sync 1 DAGs
[2026-04-25T19:02:34.069+0000] {logging_mixin.py:188} INFO - [2026-04-25T19:02:34.069+0000] {dag.py:3954} INFO - Setting next_dagrun for training_pipeline to 2026-04-24 00:00:00+00:00, run_after=2026-04-25 00:00:00+00:00
[2026-04-25T19:02:34.085+0000] {processor.py:183} INFO - Processing /opt/airflow/dags/training_pipeline_dag.py took 0.076 seconds
[2026-04-25T19:03:04.249+0000] {processor.py:161} INFO - Started process (PID=366) to work on /opt/airflow/dags/training_pipeline_dag.py
[2026-04-25T19:03:04.249+0000] {processor.py:830} INFO - Processing file /opt/airflow/dags/training_pipeline_dag.py for tasks to queue
[2026-04-25T19:03:04.251+0000] {logging_mixin.py:188} INFO - [2026-04-25T19:03:04.251+0000] {dagbag.py:545} INFO - Filling up the DagBag from /opt/airflow/dags/training_pipeline_dag.py
[2026-04-25T19:03:04.260+0000] {processor.py:840} INFO - DAG(s) 'training_pipeline' retrieved from /opt/airflow/dags/training_pipeline_dag.py
[2026-04-25T19:03:04.283+0000] {logging_mixin.py:188} INFO - [2026-04-25T19:03:04.282+0000] {dag.py:3096} INFO - Sync 1 DAGs
[2026-04-25T19:03:04.301+0000] {logging_mixin.py:188} INFO - [2026-04-25T19:03:04.301+0000] {dag.py:3954} INFO - Setting next_dagrun for training_pipeline to 2026-04-24 00:00:00+00:00, run_after=2026-04-25 00:00:00+00:00
[2026-04-25T19:03:04.317+0000] {processor.py:183} INFO - Processing /opt/airflow/dags/training_pipeline_dag.py took 0.073 seconds
[2026-04-25T19:03:34.548+0000] {processor.py:161} INFO - Started process (PID=381) to work on /opt/airflow/dags/training_pipeline_dag.py
[2026-04-25T19:03:34.550+0000] {processor.py:830} INFO - Processing file /opt/airflow/dags/training_pipeline_dag.py for tasks to queue
[2026-04-25T19:03:34.552+0000] {logging_mixin.py:188} INFO - [2026-04-25T19:03:34.552+0000] {dagbag.py:545} INFO - Filling up the DagBag from /opt/airflow/dags/training_pipeline_dag.py
[2026-04-25T19:03:34.567+0000] {processor.py:840} INFO - DAG(s) 'training_pipeline' retrieved from /opt/airflow/dags/training_pipeline_dag.py
[2026-04-25T19:03:34.599+0000] {logging_mixin.py:188} INFO - [2026-04-25T19:03:34.599+0000] {dag.py:3096} INFO - Sync 1 DAGs
[2026-04-25T19:03:34.617+0000] {logging_mixin.py:188} INFO - [2026-04-25T19:03:34.617+0000] {dag.py:3954} INFO - Setting next_dagrun for training_pipeline to 2026-04-24 00:00:00+00:00, run_after=2026-04-25 00:00:00+00:00
[2026-04-25T19:03:34.637+0000] {processor.py:183} INFO - Processing /opt/airflow/dags/training_pipeline_dag.py took 0.094 seconds
[2026-04-25T19:07:58.842+0000] {processor.py:161} INFO - Started process (PID=204) to work on /opt/airflow/dags/training_pipeline_dag.py
[2026-04-25T19:07:58.844+0000] {processor.py:830} INFO - Processing file /opt/airflow/dags/training_pipeline_dag.py for tasks to queue
[2026-04-25T19:07:58.845+0000] {logging_mixin.py:188} INFO - [2026-04-25T19:07:58.845+0000] {dagbag.py:545} INFO - Filling up the DagBag from /opt/airflow/dags/training_pipeline_dag.py
[2026-04-25T19:07:58.864+0000] {processor.py:840} INFO - DAG(s) 'training_pipeline' retrieved from /opt/airflow/dags/training_pipeline_dag.py
[2026-04-25T19:07:58.971+0000] {logging_mixin.py:188} INFO - [2026-04-25T19:07:58.970+0000] {override.py:1829} INFO - Created Permission View: can delete on DAG:training_pipeline
[2026-04-25T19:07:58.980+0000] {logging_mixin.py:188} INFO - [2026-04-25T19:07:58.980+0000] {override.py:1829} INFO - Created Permission View: can edit on DAG:training_pipeline
[2026-04-25T19:07:58.987+0000] {logging_mixin.py:188} INFO - [2026-04-25T19:07:58.987+0000] {override.py:1829} INFO - Created Permission View: can read on DAG:training_pipeline
[2026-04-25T19:07:58.987+0000] {logging_mixin.py:188} INFO - [2026-04-25T19:07:58.987+0000] {dag.py:3096} INFO - Sync 1 DAGs
[2026-04-25T19:07:58.997+0000] {logging_mixin.py:188} INFO - [2026-04-25T19:07:58.997+0000] {dag.py:3118} INFO - Creating ORM DAG for training_pipeline
[2026-04-25T19:07:59.006+0000] {logging_mixin.py:188} INFO - [2026-04-25T19:07:59.006+0000] {dag.py:3954} INFO - Setting next_dagrun for training_pipeline to 2026-04-24 00:00:00+00:00, run_after=2026-04-25 00:00:00+00:00
[2026-04-25T19:07:59.025+0000] {processor.py:183} INFO - Processing /opt/airflow/dags/training_pipeline_dag.py took 0.188 seconds
[2026-04-25T19:08:29.108+0000] {processor.py:161} INFO - Started process (PID=219) to work on /opt/airflow/dags/training_pipeline_dag.py
[2026-04-25T19:08:29.110+0000] {processor.py:830} INFO - Processing file /opt/airflow/dags/training_pipeline_dag.py for tasks to queue
[2026-04-25T19:08:29.112+0000] {logging_mixin.py:188} INFO - [2026-04-25T19:08:29.111+0000] {dagbag.py:545} INFO - Filling up the DagBag from /opt/airflow/dags/training_pipeline_dag.py
[2026-04-25T19:08:29.123+0000] {processor.py:840} INFO - DAG(s) 'training_pipeline' retrieved from /opt/airflow/dags/training_pipeline_dag.py
[2026-04-25T19:08:29.152+0000] {logging_mixin.py:188} INFO - [2026-04-25T19:08:29.152+0000] {dag.py:3096} INFO - Sync 1 DAGs
[2026-04-25T19:08:29.172+0000] {logging_mixin.py:188} INFO - [2026-04-25T19:08:29.172+0000] {dag.py:3954} INFO - Setting next_dagrun for training_pipeline to 2026-04-24 00:00:00+00:00, run_after=2026-04-25 00:00:00+00:00
[2026-04-25T19:08:29.195+0000] {processor.py:183} INFO - Processing /opt/airflow/dags/training_pipeline_dag.py took 0.091 seconds
[2026-04-25T19:08:59.584+0000] {processor.py:161} INFO - Started process (PID=232) to work on /opt/airflow/dags/training_pipeline_dag.py
[2026-04-25T19:08:59.587+0000] {processor.py:830} INFO - Processing file /opt/airflow/dags/training_pipeline_dag.py for tasks to queue
[2026-04-25T19:08:59.596+0000] {logging_mixin.py:188} INFO - [2026-04-25T19:08:59.595+0000] {dagbag.py:545} INFO - Filling up the DagBag from /opt/airflow/dags/training_pipeline_dag.py
[2026-04-25T19:08:59.640+0000] {processor.py:840} INFO - DAG(s) 'training_pipeline' retrieved from /opt/airflow/dags/training_pipeline_dag.py
[2026-04-25T19:08:59.774+0000] {logging_mixin.py:188} INFO - [2026-04-25T19:08:59.773+0000] {dag.py:3096} INFO - Sync 1 DAGs
[2026-04-25T19:08:59.843+0000] {logging_mixin.py:188} INFO - [2026-04-25T19:08:59.843+0000] {dag.py:3954} INFO - Setting next_dagrun for training_pipeline to 2026-04-24 00:00:00+00:00, run_after=2026-04-25 00:00:00+00:00
[2026-04-25T19:08:59.887+0000] {processor.py:183} INFO - Processing /opt/airflow/dags/training_pipeline_dag.py took 0.318 seconds
[2026-04-25T19:09:30.871+0000] {processor.py:161} INFO - Started process (PID=249) to work on /opt/airflow/dags/training_pipeline_dag.py
[2026-04-25T19:09:30.874+0000] {processor.py:830} INFO - Processing file /opt/airflow/dags/training_pipeline_dag.py for tasks to queue
[2026-04-25T19:09:30.877+0000] {logging_mixin.py:188} INFO - [2026-04-25T19:09:30.876+0000] {dagbag.py:545} INFO - Filling up the DagBag from /opt/airflow/dags/training_pipeline_dag.py
[2026-04-25T19:09:30.886+0000] {processor.py:840} INFO - DAG(s) 'training_pipeline' retrieved from /opt/airflow/dags/training_pipeline_dag.py
[2026-04-25T19:09:30.913+0000] {logging_mixin.py:188} INFO - [2026-04-25T19:09:30.913+0000] {dag.py:3096} INFO - Sync 1 DAGs
[2026-04-25T19:09:30.933+0000] {logging_mixin.py:188} INFO - [2026-04-25T19:09:30.932+0000] {dag.py:3954} INFO - Setting next_dagrun for training_pipeline to 2026-04-24 00:00:00+00:00, run_after=2026-04-25 00:00:00+00:00
[2026-04-25T19:09:30.950+0000] {processor.py:183} INFO - Processing /opt/airflow/dags/training_pipeline_dag.py took 0.085 seconds
[2026-04-25T19:10:01.108+0000] {processor.py:161} INFO - Started process (PID=264) to work on /opt/airflow/dags/training_pipeline_dag.py
[2026-04-25T19:10:01.109+0000] {processor.py:830} INFO - Processing file /opt/airflow/dags/training_pipeline_dag.py for tasks to queue
[2026-04-25T19:10:01.111+0000] {logging_mixin.py:188} INFO - [2026-04-25T19:10:01.111+0000] {dagbag.py:545} INFO - Filling up the DagBag from /opt/airflow/dags/training_pipeline_dag.py
[2026-04-25T19:10:01.120+0000] {processor.py:840} INFO - DAG(s) 'training_pipeline' retrieved from /opt/airflow/dags/training_pipeline_dag.py
[2026-04-25T19:10:01.144+0000] {logging_mixin.py:188} INFO - [2026-04-25T19:10:01.143+0000] {dag.py:3096} INFO - Sync 1 DAGs
[2026-04-25T19:10:01.163+0000] {logging_mixin.py:188} INFO - [2026-04-25T19:10:01.162+0000] {dag.py:3954} INFO - Setting next_dagrun for training_pipeline to 2026-04-24 00:00:00+00:00, run_after=2026-04-25 00:00:00+00:00
[2026-04-25T19:10:01.179+0000] {processor.py:183} INFO - Processing /opt/airflow/dags/training_pipeline_dag.py took 0.077 seconds
[2026-04-25T19:10:31.364+0000] {processor.py:161} INFO - Started process (PID=279) to work on /opt/airflow/dags/training_pipeline_dag.py
[2026-04-25T19:10:31.366+0000] {processor.py:830} INFO - Processing file /opt/airflow/dags/training_pipeline_dag.py for tasks to queue
[2026-04-25T19:10:31.368+0000] {logging_mixin.py:188} INFO - [2026-04-25T19:10:31.367+0000] {dagbag.py:545} INFO - Filling up the DagBag from /opt/airflow/dags/training_pipeline_dag.py
[2026-04-25T19:10:31.378+0000] {processor.py:840} INFO - DAG(s) 'training_pipeline' retrieved from /opt/airflow/dags/training_pipeline_dag.py
[2026-04-25T19:10:31.406+0000] {logging_mixin.py:188} INFO - [2026-04-25T19:10:31.406+0000] {dag.py:3096} INFO - Sync 1 DAGs
[2026-04-25T19:10:31.426+0000] {logging_mixin.py:188} INFO - [2026-04-25T19:10:31.426+0000] {dag.py:3954} INFO - Setting next_dagrun for training_pipeline to 2026-04-24 00:00:00+00:00, run_after=2026-04-25 00:00:00+00:00
[2026-04-25T19:10:31.444+0000] {processor.py:183} INFO - Processing /opt/airflow/dags/training_pipeline_dag.py took 0.085 seconds
[2026-04-25T19:11:01.625+0000] {processor.py:161} INFO - Started process (PID=294) to work on /opt/airflow/dags/training_pipeline_dag.py
[2026-04-25T19:11:01.626+0000] {processor.py:830} INFO - Processing file /opt/airflow/dags/training_pipeline_dag.py for tasks to queue
[2026-04-25T19:11:01.629+0000] {logging_mixin.py:188} INFO - [2026-04-25T19:11:01.628+0000] {dagbag.py:545} INFO - Filling up the DagBag from /opt/airflow/dags/training_pipeline_dag.py
[2026-04-25T19:11:01.641+0000] {processor.py:840} INFO - DAG(s) 'training_pipeline' retrieved from /opt/airflow/dags/training_pipeline_dag.py
[2026-04-25T19:11:01.669+0000] {logging_mixin.py:188} INFO - [2026-04-25T19:11:01.668+0000] {dag.py:3096} INFO - Sync 1 DAGs
[2026-04-25T19:11:01.691+0000] {logging_mixin.py:188} INFO - [2026-04-25T19:11:01.691+0000] {dag.py:3954} INFO - Setting next_dagrun for training_pipeline to 2026-04-24 00:00:00+00:00, run_after=2026-04-25 00:00:00+00:00
[2026-04-25T19:11:01.712+0000] {processor.py:183} INFO - Processing /opt/airflow/dags/training_pipeline_dag.py took 0.092 seconds
[2026-04-25T19:11:31.862+0000] {processor.py:161} INFO - Started process (PID=309) to work on /opt/airflow/dags/training_pipeline_dag.py
[2026-04-25T19:11:31.865+0000] {processor.py:830} INFO - Processing file /opt/airflow/dags/training_pipeline_dag.py for tasks to queue
[2026-04-25T19:11:31.866+0000] {logging_mixin.py:188} INFO - [2026-04-25T19:11:31.866+0000] {dagbag.py:545} INFO - Filling up the DagBag from /opt/airflow/dags/training_pipeline_dag.py
[2026-04-25T19:11:31.876+0000] {processor.py:840} INFO - DAG(s) 'training_pipeline' retrieved from /opt/airflow/dags/training_pipeline_dag.py
[2026-04-25T19:11:31.900+0000] {logging_mixin.py:188} INFO - [2026-04-25T19:11:31.900+0000] {dag.py:3096} INFO - Sync 1 DAGs
[2026-04-25T19:11:31.920+0000] {logging_mixin.py:188} INFO - [2026-04-25T19:11:31.920+0000] {dag.py:3954} INFO - Setting next_dagrun for training_pipeline to 2026-04-24 00:00:00+00:00, run_after=2026-04-25 00:00:00+00:00
[2026-04-25T19:11:31.938+0000] {processor.py:183} INFO - Processing /opt/airflow/dags/training_pipeline_dag.py took 0.081 seconds
[2026-04-25T19:12:02.110+0000] {processor.py:161} INFO - Started process (PID=350) to work on /opt/airflow/dags/training_pipeline_dag.py
[2026-04-25T19:12:02.112+0000] {processor.py:830} INFO - Processing file /opt/airflow/dags/training_pipeline_dag.py for tasks to queue
[2026-04-25T19:12:02.113+0000] {logging_mixin.py:188} INFO - [2026-04-25T19:12:02.113+0000] {dagbag.py:545} INFO - Filling up the DagBag from /opt/airflow/dags/training_pipeline_dag.py
[2026-04-25T19:12:02.125+0000] {processor.py:840} INFO - DAG(s) 'training_pipeline' retrieved from /opt/airflow/dags/training_pipeline_dag.py
[2026-04-25T19:12:02.147+0000] {logging_mixin.py:188} INFO - [2026-04-25T19:12:02.147+0000] {dag.py:3096} INFO - Sync 1 DAGs
[2026-04-25T19:12:02.166+0000] {logging_mixin.py:188} INFO - [2026-04-25T19:12:02.166+0000] {dag.py:3954} INFO - Setting next_dagrun for training_pipeline to 2026-04-24 00:00:00+00:00, run_after=2026-04-25 00:00:00+00:00
[2026-04-25T19:12:02.184+0000] {processor.py:183} INFO - Processing /opt/airflow/dags/training_pipeline_dag.py took 0.080 seconds
[2026-04-25T19:12:32.355+0000] {processor.py:161} INFO - Started process (PID=365) to work on /opt/airflow/dags/training_pipeline_dag.py
[2026-04-25T19:12:32.356+0000] {processor.py:830} INFO - Processing file /opt/airflow/dags/training_pipeline_dag.py for tasks to queue
[2026-04-25T19:12:32.358+0000] {logging_mixin.py:188} INFO - [2026-04-25T19:12:32.358+0000] {dagbag.py:545} INFO - Filling up the DagBag from /opt/airflow/dags/training_pipeline_dag.py
[2026-04-25T19:12:32.368+0000] {processor.py:840} INFO - DAG(s) 'training_pipeline' retrieved from /opt/airflow/dags/training_pipeline_dag.py
[2026-04-25T19:12:32.392+0000] {logging_mixin.py:188} INFO - [2026-04-25T19:12:32.391+0000] {dag.py:3096} INFO - Sync 1 DAGs
[2026-04-25T19:12:32.412+0000] {logging_mixin.py:188} INFO - [2026-04-25T19:12:32.412+0000] {dag.py:3954} INFO - Setting next_dagrun for training_pipeline to 2026-04-24 00:00:00+00:00, run_after=2026-04-25 00:00:00+00:00
[2026-04-25T19:12:32.432+0000] {processor.py:183} INFO - Processing /opt/airflow/dags/training_pipeline_dag.py took 0.083 seconds
[2026-04-25T19:13:02.624+0000] {processor.py:161} INFO - Started process (PID=518) to work on /opt/airflow/dags/training_pipeline_dag.py
[2026-04-25T19:13:02.626+0000] {processor.py:830} INFO - Processing file /opt/airflow/dags/training_pipeline_dag.py for tasks to queue
[2026-04-25T19:13:02.628+0000] {logging_mixin.py:188} INFO - [2026-04-25T19:13:02.628+0000] {dagbag.py:545} INFO - Filling up the DagBag from /opt/airflow/dags/training_pipeline_dag.py
[2026-04-25T19:13:02.637+0000] {processor.py:840} INFO - DAG(s) 'training_pipeline' retrieved from /opt/airflow/dags/training_pipeline_dag.py
[2026-04-25T19:13:02.663+0000] {logging_mixin.py:188} INFO - [2026-04-25T19:13:02.662+0000] {dag.py:3096} INFO - Sync 1 DAGs
[2026-04-25T19:13:02.683+0000] {logging_mixin.py:188} INFO - [2026-04-25T19:13:02.683+0000] {dag.py:3954} INFO - Setting next_dagrun for training_pipeline to 2026-04-24 00:00:00+00:00, run_after=2026-04-25 00:00:00+00:00
[2026-04-25T19:13:02.706+0000] {processor.py:183} INFO - Processing /opt/airflow/dags/training_pipeline_dag.py took 0.087 seconds
[2026-04-25T19:13:32.885+0000] {processor.py:161} INFO - Started process (PID=533) to work on /opt/airflow/dags/training_pipeline_dag.py
[2026-04-25T19:13:32.887+0000] {processor.py:830} INFO - Processing file /opt/airflow/dags/training_pipeline_dag.py for tasks to queue
[2026-04-25T19:13:32.889+0000] {logging_mixin.py:188} INFO - [2026-04-25T19:13:32.888+0000] {dagbag.py:545} INFO - Filling up the DagBag from /opt/airflow/dags/training_pipeline_dag.py
[2026-04-25T19:13:32.899+0000] {processor.py:840} INFO - DAG(s) 'training_pipeline' retrieved from /opt/airflow/dags/training_pipeline_dag.py
[2026-04-25T19:13:32.926+0000] {logging_mixin.py:188} INFO - [2026-04-25T19:13:32.926+0000] {dag.py:3096} INFO - Sync 1 DAGs
[2026-04-25T19:13:32.948+0000] {logging_mixin.py:188} INFO - [2026-04-25T19:13:32.948+0000] {dag.py:3954} INFO - Setting next_dagrun for training_pipeline to 2026-04-24 00:00:00+00:00, run_after=2026-04-25 00:00:00+00:00
[2026-04-25T19:13:32.968+0000] {processor.py:183} INFO - Processing /opt/airflow/dags/training_pipeline_dag.py took 0.088 seconds
[2026-04-25T19:14:03.135+0000] {processor.py:161} INFO - Started process (PID=548) to work on /opt/airflow/dags/training_pipeline_dag.py
[2026-04-25T19:14:03.136+0000] {processor.py:830} INFO - Processing file /opt/airflow/dags/training_pipeline_dag.py for tasks to queue
[2026-04-25T19:14:03.138+0000] {logging_mixin.py:188} INFO - [2026-04-25T19:14:03.138+0000] {dagbag.py:545} INFO - Filling up the DagBag from /opt/airflow/dags/training_pipeline_dag.py
[2026-04-25T19:14:03.149+0000] {processor.py:840} INFO - DAG(s) 'training_pipeline' retrieved from /opt/airflow/dags/training_pipeline_dag.py
[2026-04-25T19:14:03.177+0000] {logging_mixin.py:188} INFO - [2026-04-25T19:14:03.177+0000] {dag.py:3096} INFO - Sync 1 DAGs
[2026-04-25T19:14:03.199+0000] {logging_mixin.py:188} INFO - [2026-04-25T19:14:03.199+0000] {dag.py:3954} INFO - Setting next_dagrun for training_pipeline to 2026-04-24 00:00:00+00:00, run_after=2026-04-25 00:00:00+00:00
[2026-04-25T19:14:03.218+0000] {processor.py:183} INFO - Processing /opt/airflow/dags/training_pipeline_dag.py took 0.089 seconds
[2026-04-25T19:14:33.388+0000] {processor.py:161} INFO - Started process (PID=563) to work on /opt/airflow/dags/training_pipeline_dag.py
[2026-04-25T19:14:33.389+0000] {processor.py:830} INFO - Processing file /opt/airflow/dags/training_pipeline_dag.py for tasks to queue
[2026-04-25T19:14:33.391+0000] {logging_mixin.py:188} INFO - [2026-04-25T19:14:33.390+0000] {dagbag.py:545} INFO - Filling up the DagBag from /opt/airflow/dags/training_pipeline_dag.py
[2026-04-25T19:14:33.401+0000] {processor.py:840} INFO - DAG(s) 'training_pipeline' retrieved from /opt/airflow/dags/training_pipeline_dag.py
[2026-04-25T19:14:33.425+0000] {logging_mixin.py:188} INFO - [2026-04-25T19:14:33.424+0000] {dag.py:3096} INFO - Sync 1 DAGs
[2026-04-25T19:14:33.443+0000] {logging_mixin.py:188} INFO - [2026-04-25T19:14:33.443+0000] {dag.py:3954} INFO - Setting next_dagrun for training_pipeline to 2026-04-24 00:00:00+00:00, run_after=2026-04-25 00:00:00+00:00
[2026-04-25T19:14:33.459+0000] {processor.py:183} INFO - Processing /opt/airflow/dags/training_pipeline_dag.py took 0.076 seconds
[2026-04-25T19:15:03.662+0000] {processor.py:161} INFO - Started process (PID=578) to work on /opt/airflow/dags/training_pipeline_dag.py
[2026-04-25T19:15:03.664+0000] {processor.py:830} INFO - Processing file /opt/airflow/dags/training_pipeline_dag.py for tasks to queue
[2026-04-25T19:15:03.666+0000] {logging_mixin.py:188} INFO - [2026-04-25T19:15:03.665+0000] {dagbag.py:545} INFO - Filling up the DagBag from /opt/airflow/dags/training_pipeline_dag.py
[2026-04-25T19:15:03.676+0000] {processor.py:840} INFO - DAG(s) 'training_pipeline' retrieved from /opt/airflow/dags/training_pipeline_dag.py
[2026-04-25T19:15:03.702+0000] {logging_mixin.py:188} INFO - [2026-04-25T19:15:03.702+0000] {dag.py:3096} INFO - Sync 1 DAGs
[2026-04-25T19:15:03.724+0000] {logging_mixin.py:188} INFO - [2026-04-25T19:15:03.724+0000] {dag.py:3954} INFO - Setting next_dagrun for training_pipeline to 2026-04-24 00:00:00+00:00, run_after=2026-04-25 00:00:00+00:00
[2026-04-25T19:15:03.747+0000] {processor.py:183} INFO - Processing /opt/airflow/dags/training_pipeline_dag.py took 0.090 seconds
[2026-04-25T19:15:33.933+0000] {processor.py:161} INFO - Started process (PID=593) to work on /opt/airflow/dags/training_pipeline_dag.py
[2026-04-25T19:15:33.935+0000] {processor.py:830} INFO - Processing file /opt/airflow/dags/training_pipeline_dag.py for tasks to queue
[2026-04-25T19:15:33.936+0000] {logging_mixin.py:188} INFO - [2026-04-25T19:15:33.936+0000] {dagbag.py:545} INFO - Filling up the DagBag from /opt/airflow/dags/training_pipeline_dag.py
[2026-04-25T19:15:33.947+0000] {processor.py:840} INFO - DAG(s) 'training_pipeline' retrieved from /opt/airflow/dags/training_pipeline_dag.py
[2026-04-25T19:15:33.973+0000] {logging_mixin.py:188} INFO - [2026-04-25T19:15:33.973+0000] {dag.py:3096} INFO - Sync 1 DAGs
[2026-04-25T19:15:33.994+0000] {logging_mixin.py:188} INFO - [2026-04-25T19:15:33.994+0000] {dag.py:3954} INFO - Setting next_dagrun for training_pipeline to 2026-04-24 00:00:00+00:00, run_after=2026-04-25 00:00:00+00:00
[2026-04-25T19:15:34.012+0000] {processor.py:183} INFO - Processing /opt/airflow/dags/training_pipeline_dag.py took 0.084 seconds
[2026-04-25T19:18:15.586+0000] {processor.py:161} INFO - Started process (PID=186) to work on /opt/airflow/dags/training_pipeline_dag.py
[2026-04-25T19:18:15.588+0000] {processor.py:830} INFO - Processing file /opt/airflow/dags/training_pipeline_dag.py for tasks to queue
[2026-04-25T19:18:15.589+0000] {logging_mixin.py:188} INFO - [2026-04-25T19:18:15.589+0000] {dagbag.py:545} INFO - Filling up the DagBag from /opt/airflow/dags/training_pipeline_dag.py
[2026-04-25T19:18:15.602+0000] {processor.py:840} INFO - DAG(s) 'training_pipeline' retrieved from /opt/airflow/dags/training_pipeline_dag.py
[2026-04-25T19:18:15.716+0000] {logging_mixin.py:188} INFO - [2026-04-25T19:18:15.715+0000] {override.py:1829} INFO - Created Permission View: can edit on DAG:training_pipeline
[2026-04-25T19:18:15.738+0000] {logging_mixin.py:188} INFO - [2026-04-25T19:18:15.738+0000] {override.py:1829} INFO - Created Permission View: can read on DAG:training_pipeline
[2026-04-25T19:18:15.757+0000] {logging_mixin.py:188} INFO - [2026-04-25T19:18:15.754+0000] {override.py:1829} INFO - Created Permission View: can delete on DAG:training_pipeline
[2026-04-25T19:18:15.757+0000] {logging_mixin.py:188} INFO - [2026-04-25T19:18:15.757+0000] {dag.py:3096} INFO - Sync 1 DAGs
[2026-04-25T19:18:15.772+0000] {logging_mixin.py:188} INFO - [2026-04-25T19:18:15.772+0000] {dag.py:3118} INFO - Creating ORM DAG for training_pipeline
[2026-04-25T19:18:15.781+0000] {logging_mixin.py:188} INFO - [2026-04-25T19:18:15.781+0000] {dag.py:3954} INFO - Setting next_dagrun for training_pipeline to 2026-04-24 00:00:00+00:00, run_after=2026-04-25 00:00:00+00:00
[2026-04-25T19:18:15.798+0000] {processor.py:183} INFO - Processing /opt/airflow/dags/training_pipeline_dag.py took 0.216 seconds
[2026-04-25T19:18:45.848+0000] {processor.py:161} INFO - Started process (PID=201) to work on /opt/airflow/dags/training_pipeline_dag.py
[2026-04-25T19:18:45.849+0000] {processor.py:830} INFO - Processing file /opt/airflow/dags/training_pipeline_dag.py for tasks to queue
[2026-04-25T19:18:45.851+0000] {logging_mixin.py:188} INFO - [2026-04-25T19:18:45.850+0000] {dagbag.py:545} INFO - Filling up the DagBag from /opt/airflow/dags/training_pipeline_dag.py
[2026-04-25T19:18:45.862+0000] {processor.py:840} INFO - DAG(s) 'training_pipeline' retrieved from /opt/airflow/dags/training_pipeline_dag.py
[2026-04-25T19:18:45.889+0000] {logging_mixin.py:188} INFO - [2026-04-25T19:18:45.889+0000] {dag.py:3096} INFO - Sync 1 DAGs
[2026-04-25T19:18:45.911+0000] {logging_mixin.py:188} INFO - [2026-04-25T19:18:45.910+0000] {dag.py:3954} INFO - Setting next_dagrun for training_pipeline to 2026-04-24 00:00:00+00:00, run_after=2026-04-25 00:00:00+00:00
[2026-04-25T19:18:45.929+0000] {processor.py:183} INFO - Processing /opt/airflow/dags/training_pipeline_dag.py took 0.087 seconds
[2026-04-25T19:19:16.087+0000] {processor.py:161} INFO - Started process (PID=216) to work on /opt/airflow/dags/training_pipeline_dag.py
[2026-04-25T19:19:16.088+0000] {processor.py:830} INFO - Processing file /opt/airflow/dags/training_pipeline_dag.py for tasks to queue
[2026-04-25T19:19:16.090+0000] {logging_mixin.py:188} INFO - [2026-04-25T19:19:16.089+0000] {dagbag.py:545} INFO - Filling up the DagBag from /opt/airflow/dags/training_pipeline_dag.py
[2026-04-25T19:19:16.100+0000] {processor.py:840} INFO - DAG(s) 'training_pipeline' retrieved from /opt/airflow/dags/training_pipeline_dag.py
[2026-04-25T19:19:16.123+0000] {logging_mixin.py:188} INFO - [2026-04-25T19:19:16.122+0000] {dag.py:3096} INFO - Sync 1 DAGs
[2026-04-25T19:19:16.141+0000] {logging_mixin.py:188} INFO - [2026-04-25T19:19:16.141+0000] {dag.py:3954} INFO - Setting next_dagrun for training_pipeline to 2026-04-24 00:00:00+00:00, run_after=2026-04-25 00:00:00+00:00
[2026-04-25T19:19:16.159+0000] {processor.py:183} INFO - Processing /opt/airflow/dags/training_pipeline_dag.py took 0.076 seconds
[2026-04-25T19:19:46.348+0000] {processor.py:161} INFO - Started process (PID=231) to work on /opt/airflow/dags/training_pipeline_dag.py
[2026-04-25T19:19:46.349+0000] {processor.py:830} INFO - Processing file /opt/airflow/dags/training_pipeline_dag.py for tasks to queue
[2026-04-25T19:19:46.351+0000] {logging_mixin.py:188} INFO - [2026-04-25T19:19:46.351+0000] {dagbag.py:545} INFO - Filling up the DagBag from /opt/airflow/dags/training_pipeline_dag.py
[2026-04-25T19:19:46.361+0000] {processor.py:840} INFO - DAG(s) 'training_pipeline' retrieved from /opt/airflow/dags/training_pipeline_dag.py
[2026-04-25T19:19:46.388+0000] {logging_mixin.py:188} INFO - [2026-04-25T19:19:46.388+0000] {dag.py:3096} INFO - Sync 1 DAGs
[2026-04-25T19:19:46.411+0000] {logging_mixin.py:188} INFO - [2026-04-25T19:19:46.411+0000] {dag.py:3954} INFO - Setting next_dagrun for training_pipeline to 2026-04-24 00:00:00+00:00, run_after=2026-04-25 00:00:00+00:00
[2026-04-25T19:19:46.430+0000] {processor.py:183} INFO - Processing /opt/airflow/dags/training_pipeline_dag.py took 0.087 seconds
[2026-04-25T19:20:16.617+0000] {processor.py:161} INFO - Started process (PID=426) to work on /opt/airflow/dags/training_pipeline_dag.py
[2026-04-25T19:20:16.618+0000] {processor.py:830} INFO - Processing file /opt/airflow/dags/training_pipeline_dag.py for tasks to queue
[2026-04-25T19:20:16.620+0000] {logging_mixin.py:188} INFO - [2026-04-25T19:20:16.620+0000] {dagbag.py:545} INFO - Filling up the DagBag from /opt/airflow/dags/training_pipeline_dag.py
[2026-04-25T19:20:16.630+0000] {processor.py:840} INFO - DAG(s) 'training_pipeline' retrieved from /opt/airflow/dags/training_pipeline_dag.py
[2026-04-25T19:20:16.658+0000] {logging_mixin.py:188} INFO - [2026-04-25T19:20:16.657+0000] {dag.py:3096} INFO - Sync 1 DAGs
[2026-04-25T19:20:16.678+0000] {logging_mixin.py:188} INFO - [2026-04-25T19:20:16.678+0000] {dag.py:3954} INFO - Setting next_dagrun for training_pipeline to 2026-04-24 00:00:00+00:00, run_after=2026-04-25 00:00:00+00:00
[2026-04-25T19:20:16.695+0000] {processor.py:183} INFO - Processing /opt/airflow/dags/training_pipeline_dag.py took 0.083 seconds
[2026-04-25T19:20:46.857+0000] {processor.py:161} INFO - Started process (PID=465) to work on /opt/airflow/dags/training_pipeline_dag.py
[2026-04-25T19:20:46.858+0000] {processor.py:830} INFO - Processing file /opt/airflow/dags/training_pipeline_dag.py for tasks to queue
[2026-04-25T19:20:46.860+0000] {logging_mixin.py:188} INFO - [2026-04-25T19:20:46.859+0000] {dagbag.py:545} INFO - Filling up the DagBag from /opt/airflow/dags/training_pipeline_dag.py
[2026-04-25T19:20:46.870+0000] {processor.py:840} INFO - DAG(s) 'training_pipeline' retrieved from /opt/airflow/dags/training_pipeline_dag.py
[2026-04-25T19:20:46.894+0000] {logging_mixin.py:188} INFO - [2026-04-25T19:20:46.894+0000] {dag.py:3096} INFO - Sync 1 DAGs
[2026-04-25T19:20:46.914+0000] {logging_mixin.py:188} INFO - [2026-04-25T19:20:46.914+0000] {dag.py:3954} INFO - Setting next_dagrun for training_pipeline to 2026-04-24 00:00:00+00:00, run_after=2026-04-25 00:00:00+00:00
[2026-04-25T19:20:46.932+0000] {processor.py:183} INFO - Processing /opt/airflow/dags/training_pipeline_dag.py took 0.080 seconds
[2026-04-25T19:21:17.119+0000] {processor.py:161} INFO - Started process (PID=480) to work on /opt/airflow/dags/training_pipeline_dag.py
[2026-04-25T19:21:17.120+0000] {processor.py:830} INFO - Processing file /opt/airflow/dags/training_pipeline_dag.py for tasks to queue
[2026-04-25T19:21:17.121+0000] {logging_mixin.py:188} INFO - [2026-04-25T19:21:17.121+0000] {dagbag.py:545} INFO - Filling up the DagBag from /opt/airflow/dags/training_pipeline_dag.py
[2026-04-25T19:21:17.132+0000] {processor.py:840} INFO - DAG(s) 'training_pipeline' retrieved from /opt/airflow/dags/training_pipeline_dag.py
[2026-04-25T19:21:17.157+0000] {logging_mixin.py:188} INFO - [2026-04-25T19:21:17.156+0000] {dag.py:3096} INFO - Sync 1 DAGs
[2026-04-25T19:21:17.180+0000] {logging_mixin.py:188} INFO - [2026-04-25T19:21:17.180+0000] {dag.py:3954} INFO - Setting next_dagrun for training_pipeline to 2026-04-24 00:00:00+00:00, run_after=2026-04-25 00:00:00+00:00
[2026-04-25T19:21:17.197+0000] {processor.py:183} INFO - Processing /opt/airflow/dags/training_pipeline_dag.py took 0.083 seconds
[2026-04-25T19:21:47.379+0000] {processor.py:161} INFO - Started process (PID=495) to work on /opt/airflow/dags/training_pipeline_dag.py
[2026-04-25T19:21:47.381+0000] {processor.py:830} INFO - Processing file /opt/airflow/dags/training_pipeline_dag.py for tasks to queue
[2026-04-25T19:21:47.382+0000] {logging_mixin.py:188} INFO - [2026-04-25T19:21:47.382+0000] {dagbag.py:545} INFO - Filling up the DagBag from /opt/airflow/dags/training_pipeline_dag.py
[2026-04-25T19:21:47.393+0000] {processor.py:840} INFO - DAG(s) 'training_pipeline' retrieved from /opt/airflow/dags/training_pipeline_dag.py
[2026-04-25T19:21:47.417+0000] {logging_mixin.py:188} INFO - [2026-04-25T19:21:47.417+0000] {dag.py:3096} INFO - Sync 1 DAGs
[2026-04-25T19:21:47.437+0000] {logging_mixin.py:188} INFO - [2026-04-25T19:21:47.437+0000] {dag.py:3954} INFO - Setting next_dagrun for training_pipeline to 2026-04-24 00:00:00+00:00, run_after=2026-04-25 00:00:00+00:00
[2026-04-25T19:21:47.454+0000] {processor.py:183} INFO - Processing /opt/airflow/dags/training_pipeline_dag.py took 0.080 seconds
[2026-04-25T19:22:17.629+0000] {processor.py:161} INFO - Started process (PID=510) to work on /opt/airflow/dags/training_pipeline_dag.py
[2026-04-25T19:22:17.630+0000] {processor.py:830} INFO - Processing file /opt/airflow/dags/training_pipeline_dag.py for tasks to queue
[2026-04-25T19:22:17.632+0000] {logging_mixin.py:188} INFO - [2026-04-25T19:22:17.631+0000] {dagbag.py:545} INFO - Filling up the DagBag from /opt/airflow/dags/training_pipeline_dag.py
[2026-04-25T19:22:17.643+0000] {processor.py:840} INFO - DAG(s) 'training_pipeline' retrieved from /opt/airflow/dags/training_pipeline_dag.py
[2026-04-25T19:22:17.666+0000] {logging_mixin.py:188} INFO - [2026-04-25T19:22:17.666+0000] {dag.py:3096} INFO - Sync 1 DAGs
[2026-04-25T19:22:17.685+0000] {logging_mixin.py:188} INFO - [2026-04-25T19:22:17.685+0000] {dag.py:3954} INFO - Setting next_dagrun for training_pipeline to 2026-04-24 00:00:00+00:00, run_after=2026-04-25 00:00:00+00:00
[2026-04-25T19:22:17.704+0000] {processor.py:183} INFO - Processing /opt/airflow/dags/training_pipeline_dag.py took 0.080 seconds
[2026-04-25T19:22:47.887+0000] {processor.py:161} INFO - Started process (PID=525) to work on /opt/airflow/dags/training_pipeline_dag.py
[2026-04-25T19:22:47.888+0000] {processor.py:830} INFO - Processing file /opt/airflow/dags/training_pipeline_dag.py for tasks to queue
[2026-04-25T19:22:47.889+0000] {logging_mixin.py:188} INFO - [2026-04-25T19:22:47.889+0000] {dagbag.py:545} INFO - Filling up the DagBag from /opt/airflow/dags/training_pipeline_dag.py
[2026-04-25T19:22:47.900+0000] {processor.py:840} INFO - DAG(s) 'training_pipeline' retrieved from /opt/airflow/dags/training_pipeline_dag.py
[2026-04-25T19:22:47.926+0000] {logging_mixin.py:188} INFO - [2026-04-25T19:22:47.925+0000] {dag.py:3096} INFO - Sync 1 DAGs
[2026-04-25T19:22:47.948+0000] {logging_mixin.py:188} INFO - [2026-04-25T19:22:47.947+0000] {dag.py:3954} INFO - Setting next_dagrun for training_pipeline to 2026-04-24 00:00:00+00:00, run_after=2026-04-25 00:00:00+00:00
[2026-04-25T19:22:47.968+0000] {processor.py:183} INFO - Processing /opt/airflow/dags/training_pipeline_dag.py took 0.088 seconds
[2026-04-25T19:23:18.147+0000] {processor.py:161} INFO - Started process (PID=540) to work on /opt/airflow/dags/training_pipeline_dag.py
[2026-04-25T19:23:18.148+0000] {processor.py:830} INFO - Processing file /opt/airflow/dags/training_pipeline_dag.py for tasks to queue
[2026-04-25T19:23:18.150+0000] {logging_mixin.py:188} INFO - [2026-04-25T19:23:18.149+0000] {dagbag.py:545} INFO - Filling up the DagBag from /opt/airflow/dags/training_pipeline_dag.py
[2026-04-25T19:23:18.161+0000] {processor.py:840} INFO - DAG(s) 'training_pipeline' retrieved from /opt/airflow/dags/training_pipeline_dag.py
[2026-04-25T19:23:18.187+0000] {logging_mixin.py:188} INFO - [2026-04-25T19:23:18.187+0000] {dag.py:3096} INFO - Sync 1 DAGs
[2026-04-25T19:23:18.208+0000] {logging_mixin.py:188} INFO - [2026-04-25T19:23:18.208+0000] {dag.py:3954} INFO - Setting next_dagrun for training_pipeline to 2026-04-24 00:00:00+00:00, run_after=2026-04-25 00:00:00+00:00
[2026-04-25T19:23:18.227+0000] {processor.py:183} INFO - Processing /opt/airflow/dags/training_pipeline_dag.py took 0.086 seconds
[2026-04-25T19:23:48.403+0000] {processor.py:161} INFO - Started process (PID=555) to work on /opt/airflow/dags/training_pipeline_dag.py
[2026-04-25T19:23:48.405+0000] {processor.py:830} INFO - Processing file /opt/airflow/dags/training_pipeline_dag.py for tasks to queue
[2026-04-25T19:23:48.406+0000] {logging_mixin.py:188} INFO - [2026-04-25T19:23:48.406+0000] {dagbag.py:545} INFO - Filling up the DagBag from /opt/airflow/dags/training_pipeline_dag.py
[2026-04-25T19:23:48.417+0000] {processor.py:840} INFO - DAG(s) 'training_pipeline' retrieved from /opt/airflow/dags/training_pipeline_dag.py
[2026-04-25T19:23:48.443+0000] {logging_mixin.py:188} INFO - [2026-04-25T19:23:48.442+0000] {dag.py:3096} INFO - Sync 1 DAGs
[2026-04-25T19:23:48.462+0000] {logging_mixin.py:188} INFO - [2026-04-25T19:23:48.461+0000] {dag.py:3954} INFO - Setting next_dagrun for training_pipeline to 2026-04-24 00:00:00+00:00, run_after=2026-04-25 00:00:00+00:00
[2026-04-25T19:23:48.477+0000] {processor.py:183} INFO - Processing /opt/airflow/dags/training_pipeline_dag.py took 0.079 seconds
[2026-04-25T19:24:18.650+0000] {processor.py:161} INFO - Started process (PID=570) to work on /opt/airflow/dags/training_pipeline_dag.py
[2026-04-25T19:24:18.652+0000] {processor.py:830} INFO - Processing file /opt/airflow/dags/training_pipeline_dag.py for tasks to queue
[2026-04-25T19:24:18.654+0000] {logging_mixin.py:188} INFO - [2026-04-25T19:24:18.653+0000] {dagbag.py:545} INFO - Filling up the DagBag from /opt/airflow/dags/training_pipeline_dag.py
[2026-04-25T19:24:18.664+0000] {processor.py:840} INFO - DAG(s) 'training_pipeline' retrieved from /opt/airflow/dags/training_pipeline_dag.py
[2026-04-25T19:24:18.690+0000] {logging_mixin.py:188} INFO - [2026-04-25T19:24:18.690+0000] {dag.py:3096} INFO - Sync 1 DAGs
[2026-04-25T19:24:18.709+0000] {logging_mixin.py:188} INFO - [2026-04-25T19:24:18.709+0000] {dag.py:3954} INFO - Setting next_dagrun for training_pipeline to 2026-04-24 00:00:00+00:00, run_after=2026-04-25 00:00:00+00:00
[2026-04-25T19:24:18.728+0000] {processor.py:183} INFO - Processing /opt/airflow/dags/training_pipeline_dag.py took 0.083 seconds
[2026-04-25T19:24:48.907+0000] {processor.py:161} INFO - Started process (PID=585) to work on /opt/airflow/dags/training_pipeline_dag.py
[2026-04-25T19:24:48.909+0000] {processor.py:830} INFO - Processing file /opt/airflow/dags/training_pipeline_dag.py for tasks to queue
[2026-04-25T19:24:48.911+0000] {logging_mixin.py:188} INFO - [2026-04-25T19:24:48.911+0000] {dagbag.py:545} INFO - Filling up the DagBag from /opt/airflow/dags/training_pipeline_dag.py
[2026-04-25T19:24:48.922+0000] {processor.py:840} INFO - DAG(s) 'training_pipeline' retrieved from /opt/airflow/dags/training_pipeline_dag.py
[2026-04-25T19:24:48.950+0000] {logging_mixin.py:188} INFO - [2026-04-25T19:24:48.949+0000] {dag.py:3096} INFO - Sync 1 DAGs
[2026-04-25T19:24:48.971+0000] {logging_mixin.py:188} INFO - [2026-04-25T19:24:48.971+0000] {dag.py:3954} INFO - Setting next_dagrun for training_pipeline to 2026-04-24 00:00:00+00:00, run_after=2026-04-25 00:00:00+00:00
[2026-04-25T19:24:48.991+0000] {processor.py:183} INFO - Processing /opt/airflow/dags/training_pipeline_dag.py took 0.089 seconds
[2026-04-25T19:25:19.177+0000] {processor.py:161} INFO - Started process (PID=600) to work on /opt/airflow/dags/training_pipeline_dag.py
[2026-04-25T19:25:19.178+0000] {processor.py:830} INFO - Processing file /opt/airflow/dags/training_pipeline_dag.py for tasks to queue
[2026-04-25T19:25:19.180+0000] {logging_mixin.py:188} INFO - [2026-04-25T19:25:19.179+0000] {dagbag.py:545} INFO - Filling up the DagBag from /opt/airflow/dags/training_pipeline_dag.py
[2026-04-25T19:25:19.190+0000] {processor.py:840} INFO - DAG(s) 'training_pipeline' retrieved from /opt/airflow/dags/training_pipeline_dag.py
[2026-04-25T19:25:19.217+0000] {logging_mixin.py:188} INFO - [2026-04-25T19:25:19.217+0000] {dag.py:3096} INFO - Sync 1 DAGs
[2026-04-25T19:25:19.236+0000] {logging_mixin.py:188} INFO - [2026-04-25T19:25:19.236+0000] {dag.py:3954} INFO - Setting next_dagrun for training_pipeline to 2026-04-24 00:00:00+00:00, run_after=2026-04-25 00:00:00+00:00
[2026-04-25T19:25:19.254+0000] {processor.py:183} INFO - Processing /opt/airflow/dags/training_pipeline_dag.py took 0.082 seconds
