[2026-04-27T11:29:46.528+0000] {processor.py:161} INFO - Started process (PID=178) to work on /opt/airflow/dags/backfill_pipeline_dag.py
[2026-04-27T11:29:46.528+0000] {processor.py:830} INFO - Processing file /opt/airflow/dags/backfill_pipeline_dag.py for tasks to queue
[2026-04-27T11:29:46.530+0000] {logging_mixin.py:188} INFO - [2026-04-27T11:29:46.530+0000] {dagbag.py:545} INFO - Filling up the DagBag from /opt/airflow/dags/backfill_pipeline_dag.py
[2026-04-27T11:29:46.541+0000] {processor.py:840} INFO - DAG(s) 'backfill_pipeline' retrieved from /opt/airflow/dags/backfill_pipeline_dag.py
[2026-04-27T11:29:46.717+0000] {logging_mixin.py:188} INFO - [2026-04-27T11:29:46.717+0000] {override.py:1829} INFO - Created Permission View: can edit on DAG:backfill_pipeline
[2026-04-27T11:29:46.724+0000] {logging_mixin.py:188} INFO - [2026-04-27T11:29:46.724+0000] {override.py:1829} INFO - Created Permission View: can read on DAG:backfill_pipeline
[2026-04-27T11:29:46.728+0000] {logging_mixin.py:188} INFO - [2026-04-27T11:29:46.728+0000] {override.py:1829} INFO - Created Permission View: can delete on DAG:backfill_pipeline
[2026-04-27T11:29:46.728+0000] {logging_mixin.py:188} INFO - [2026-04-27T11:29:46.728+0000] {dag.py:3096} INFO - Sync 1 DAGs
[2026-04-27T11:29:46.736+0000] {logging_mixin.py:188} INFO - [2026-04-27T11:29:46.736+0000] {dag.py:3118} INFO - Creating ORM DAG for backfill_pipeline
[2026-04-27T11:29:46.736+0000] {logging_mixin.py:188} INFO - [2026-04-27T11:29:46.736+0000] {dag.py:3954} INFO - Setting next_dagrun for backfill_pipeline to None, run_after=None
[2026-04-27T11:29:46.751+0000] {processor.py:183} INFO - Processing /opt/airflow/dags/backfill_pipeline_dag.py took 0.228 seconds
[2026-04-27T11:30:16.869+0000] {processor.py:161} INFO - Started process (PID=196) to work on /opt/airflow/dags/backfill_pipeline_dag.py
[2026-04-27T11:30:16.870+0000] {processor.py:830} INFO - Processing file /opt/airflow/dags/backfill_pipeline_dag.py for tasks to queue
[2026-04-27T11:30:16.871+0000] {logging_mixin.py:188} INFO - [2026-04-27T11:30:16.871+0000] {dagbag.py:545} INFO - Filling up the DagBag from /opt/airflow/dags/backfill_pipeline_dag.py
[2026-04-27T11:30:16.881+0000] {processor.py:840} INFO - DAG(s) 'backfill_pipeline' retrieved from /opt/airflow/dags/backfill_pipeline_dag.py
[2026-04-27T11:30:16.905+0000] {logging_mixin.py:188} INFO - [2026-04-27T11:30:16.905+0000] {dag.py:3096} INFO - Sync 1 DAGs
[2026-04-27T11:30:16.917+0000] {logging_mixin.py:188} INFO - [2026-04-27T11:30:16.917+0000] {dag.py:3954} INFO - Setting next_dagrun for backfill_pipeline to None, run_after=None
[2026-04-27T11:30:16.933+0000] {processor.py:183} INFO - Processing /opt/airflow/dags/backfill_pipeline_dag.py took 0.070 seconds
[2026-04-27T11:30:47.246+0000] {processor.py:161} INFO - Started process (PID=212) to work on /opt/airflow/dags/backfill_pipeline_dag.py
[2026-04-27T11:30:47.247+0000] {processor.py:830} INFO - Processing file /opt/airflow/dags/backfill_pipeline_dag.py for tasks to queue
[2026-04-27T11:30:47.248+0000] {logging_mixin.py:188} INFO - [2026-04-27T11:30:47.248+0000] {dagbag.py:545} INFO - Filling up the DagBag from /opt/airflow/dags/backfill_pipeline_dag.py
[2026-04-27T11:30:47.254+0000] {processor.py:840} INFO - DAG(s) 'backfill_pipeline' retrieved from /opt/airflow/dags/backfill_pipeline_dag.py
[2026-04-27T11:30:47.277+0000] {logging_mixin.py:188} INFO - [2026-04-27T11:30:47.277+0000] {dag.py:3096} INFO - Sync 1 DAGs
[2026-04-27T11:30:47.286+0000] {logging_mixin.py:188} INFO - [2026-04-27T11:30:47.286+0000] {dag.py:3954} INFO - Setting next_dagrun for backfill_pipeline to None, run_after=None
[2026-04-27T11:30:47.303+0000] {processor.py:183} INFO - Processing /opt/airflow/dags/backfill_pipeline_dag.py took 0.062 seconds
[2026-04-27T11:31:17.533+0000] {processor.py:161} INFO - Started process (PID=227) to work on /opt/airflow/dags/backfill_pipeline_dag.py
[2026-04-27T11:31:17.534+0000] {processor.py:830} INFO - Processing file /opt/airflow/dags/backfill_pipeline_dag.py for tasks to queue
[2026-04-27T11:31:17.536+0000] {logging_mixin.py:188} INFO - [2026-04-27T11:31:17.536+0000] {dagbag.py:545} INFO - Filling up the DagBag from /opt/airflow/dags/backfill_pipeline_dag.py
[2026-04-27T11:31:17.548+0000] {processor.py:840} INFO - DAG(s) 'backfill_pipeline' retrieved from /opt/airflow/dags/backfill_pipeline_dag.py
[2026-04-27T11:31:17.574+0000] {logging_mixin.py:188} INFO - [2026-04-27T11:31:17.574+0000] {dag.py:3096} INFO - Sync 1 DAGs
[2026-04-27T11:31:17.584+0000] {logging_mixin.py:188} INFO - [2026-04-27T11:31:17.583+0000] {dag.py:3954} INFO - Setting next_dagrun for backfill_pipeline to None, run_after=None
[2026-04-27T11:31:17.598+0000] {processor.py:183} INFO - Processing /opt/airflow/dags/backfill_pipeline_dag.py took 0.070 seconds
[2026-04-27T11:31:47.840+0000] {processor.py:161} INFO - Started process (PID=242) to work on /opt/airflow/dags/backfill_pipeline_dag.py
[2026-04-27T11:31:47.841+0000] {processor.py:830} INFO - Processing file /opt/airflow/dags/backfill_pipeline_dag.py for tasks to queue
[2026-04-27T11:31:47.842+0000] {logging_mixin.py:188} INFO - [2026-04-27T11:31:47.842+0000] {dagbag.py:545} INFO - Filling up the DagBag from /opt/airflow/dags/backfill_pipeline_dag.py
[2026-04-27T11:31:47.848+0000] {processor.py:840} INFO - DAG(s) 'backfill_pipeline' retrieved from /opt/airflow/dags/backfill_pipeline_dag.py
[2026-04-27T11:31:47.869+0000] {logging_mixin.py:188} INFO - [2026-04-27T11:31:47.869+0000] {dag.py:3096} INFO - Sync 1 DAGs
[2026-04-27T11:31:47.879+0000] {logging_mixin.py:188} INFO - [2026-04-27T11:31:47.879+0000] {dag.py:3954} INFO - Setting next_dagrun for backfill_pipeline to None, run_after=None
[2026-04-27T11:31:47.895+0000] {processor.py:183} INFO - Processing /opt/airflow/dags/backfill_pipeline_dag.py took 0.059 seconds
[2026-04-27T11:32:18.215+0000] {processor.py:161} INFO - Started process (PID=257) to work on /opt/airflow/dags/backfill_pipeline_dag.py
[2026-04-27T11:32:18.215+0000] {processor.py:830} INFO - Processing file /opt/airflow/dags/backfill_pipeline_dag.py for tasks to queue
[2026-04-27T11:32:18.217+0000] {logging_mixin.py:188} INFO - [2026-04-27T11:32:18.217+0000] {dagbag.py:545} INFO - Filling up the DagBag from /opt/airflow/dags/backfill_pipeline_dag.py
[2026-04-27T11:32:18.223+0000] {processor.py:840} INFO - DAG(s) 'backfill_pipeline' retrieved from /opt/airflow/dags/backfill_pipeline_dag.py
[2026-04-27T11:32:18.246+0000] {logging_mixin.py:188} INFO - [2026-04-27T11:32:18.245+0000] {dag.py:3096} INFO - Sync 1 DAGs
[2026-04-27T11:32:18.254+0000] {logging_mixin.py:188} INFO - [2026-04-27T11:32:18.254+0000] {dag.py:3954} INFO - Setting next_dagrun for backfill_pipeline to None, run_after=None
[2026-04-27T11:32:18.273+0000] {processor.py:183} INFO - Processing /opt/airflow/dags/backfill_pipeline_dag.py took 0.063 seconds
[2026-04-27T11:32:48.549+0000] {processor.py:161} INFO - Started process (PID=272) to work on /opt/airflow/dags/backfill_pipeline_dag.py
[2026-04-27T11:32:48.550+0000] {processor.py:830} INFO - Processing file /opt/airflow/dags/backfill_pipeline_dag.py for tasks to queue
[2026-04-27T11:32:48.552+0000] {logging_mixin.py:188} INFO - [2026-04-27T11:32:48.552+0000] {dagbag.py:545} INFO - Filling up the DagBag from /opt/airflow/dags/backfill_pipeline_dag.py
[2026-04-27T11:32:48.559+0000] {processor.py:840} INFO - DAG(s) 'backfill_pipeline' retrieved from /opt/airflow/dags/backfill_pipeline_dag.py
[2026-04-27T11:32:48.582+0000] {logging_mixin.py:188} INFO - [2026-04-27T11:32:48.582+0000] {dag.py:3096} INFO - Sync 1 DAGs
[2026-04-27T11:32:48.591+0000] {logging_mixin.py:188} INFO - [2026-04-27T11:32:48.591+0000] {dag.py:3954} INFO - Setting next_dagrun for backfill_pipeline to None, run_after=None
[2026-04-27T11:32:48.607+0000] {processor.py:183} INFO - Processing /opt/airflow/dags/backfill_pipeline_dag.py took 0.061 seconds
[2026-04-27T11:33:18.807+0000] {processor.py:161} INFO - Started process (PID=287) to work on /opt/airflow/dags/backfill_pipeline_dag.py
[2026-04-27T11:33:18.808+0000] {processor.py:830} INFO - Processing file /opt/airflow/dags/backfill_pipeline_dag.py for tasks to queue
[2026-04-27T11:33:18.809+0000] {logging_mixin.py:188} INFO - [2026-04-27T11:33:18.809+0000] {dagbag.py:545} INFO - Filling up the DagBag from /opt/airflow/dags/backfill_pipeline_dag.py
[2026-04-27T11:33:18.815+0000] {processor.py:840} INFO - DAG(s) 'backfill_pipeline' retrieved from /opt/airflow/dags/backfill_pipeline_dag.py
[2026-04-27T11:33:18.837+0000] {logging_mixin.py:188} INFO - [2026-04-27T11:33:18.837+0000] {dag.py:3096} INFO - Sync 1 DAGs
[2026-04-27T11:33:18.846+0000] {logging_mixin.py:188} INFO - [2026-04-27T11:33:18.846+0000] {dag.py:3954} INFO - Setting next_dagrun for backfill_pipeline to None, run_after=None
[2026-04-27T11:33:18.866+0000] {processor.py:183} INFO - Processing /opt/airflow/dags/backfill_pipeline_dag.py took 0.063 seconds
[2026-04-27T11:33:49.213+0000] {processor.py:161} INFO - Started process (PID=302) to work on /opt/airflow/dags/backfill_pipeline_dag.py
[2026-04-27T11:33:49.214+0000] {processor.py:830} INFO - Processing file /opt/airflow/dags/backfill_pipeline_dag.py for tasks to queue
[2026-04-27T11:33:49.215+0000] {logging_mixin.py:188} INFO - [2026-04-27T11:33:49.215+0000] {dagbag.py:545} INFO - Filling up the DagBag from /opt/airflow/dags/backfill_pipeline_dag.py
[2026-04-27T11:33:49.221+0000] {processor.py:840} INFO - DAG(s) 'backfill_pipeline' retrieved from /opt/airflow/dags/backfill_pipeline_dag.py
[2026-04-27T11:33:49.242+0000] {logging_mixin.py:188} INFO - [2026-04-27T11:33:49.242+0000] {dag.py:3096} INFO - Sync 1 DAGs
[2026-04-27T11:33:49.251+0000] {logging_mixin.py:188} INFO - [2026-04-27T11:33:49.250+0000] {dag.py:3954} INFO - Setting next_dagrun for backfill_pipeline to None, run_after=None
[2026-04-27T11:33:49.266+0000] {processor.py:183} INFO - Processing /opt/airflow/dags/backfill_pipeline_dag.py took 0.057 seconds
[2026-04-27T11:34:19.585+0000] {processor.py:161} INFO - Started process (PID=317) to work on /opt/airflow/dags/backfill_pipeline_dag.py
[2026-04-27T11:34:19.586+0000] {processor.py:830} INFO - Processing file /opt/airflow/dags/backfill_pipeline_dag.py for tasks to queue
[2026-04-27T11:34:19.587+0000] {logging_mixin.py:188} INFO - [2026-04-27T11:34:19.587+0000] {dagbag.py:545} INFO - Filling up the DagBag from /opt/airflow/dags/backfill_pipeline_dag.py
[2026-04-27T11:34:19.593+0000] {processor.py:840} INFO - DAG(s) 'backfill_pipeline' retrieved from /opt/airflow/dags/backfill_pipeline_dag.py
[2026-04-27T11:34:19.616+0000] {logging_mixin.py:188} INFO - [2026-04-27T11:34:19.616+0000] {dag.py:3096} INFO - Sync 1 DAGs
[2026-04-27T11:34:19.625+0000] {logging_mixin.py:188} INFO - [2026-04-27T11:34:19.625+0000] {dag.py:3954} INFO - Setting next_dagrun for backfill_pipeline to None, run_after=None
[2026-04-27T11:34:19.641+0000] {processor.py:183} INFO - Processing /opt/airflow/dags/backfill_pipeline_dag.py took 0.061 seconds
[2026-04-27T11:34:49.892+0000] {processor.py:161} INFO - Started process (PID=332) to work on /opt/airflow/dags/backfill_pipeline_dag.py
[2026-04-27T11:34:49.893+0000] {processor.py:830} INFO - Processing file /opt/airflow/dags/backfill_pipeline_dag.py for tasks to queue
[2026-04-27T11:34:49.895+0000] {logging_mixin.py:188} INFO - [2026-04-27T11:34:49.895+0000] {dagbag.py:545} INFO - Filling up the DagBag from /opt/airflow/dags/backfill_pipeline_dag.py
[2026-04-27T11:34:49.901+0000] {processor.py:840} INFO - DAG(s) 'backfill_pipeline' retrieved from /opt/airflow/dags/backfill_pipeline_dag.py
[2026-04-27T11:34:49.923+0000] {logging_mixin.py:188} INFO - [2026-04-27T11:34:49.923+0000] {dag.py:3096} INFO - Sync 1 DAGs
[2026-04-27T11:34:49.932+0000] {logging_mixin.py:188} INFO - [2026-04-27T11:34:49.932+0000] {dag.py:3954} INFO - Setting next_dagrun for backfill_pipeline to None, run_after=None
[2026-04-27T11:34:49.947+0000] {processor.py:183} INFO - Processing /opt/airflow/dags/backfill_pipeline_dag.py took 0.059 seconds
[2026-04-27T11:35:20.109+0000] {processor.py:161} INFO - Started process (PID=347) to work on /opt/airflow/dags/backfill_pipeline_dag.py
[2026-04-27T11:35:20.111+0000] {processor.py:830} INFO - Processing file /opt/airflow/dags/backfill_pipeline_dag.py for tasks to queue
[2026-04-27T11:35:20.112+0000] {logging_mixin.py:188} INFO - [2026-04-27T11:35:20.112+0000] {dagbag.py:545} INFO - Filling up the DagBag from /opt/airflow/dags/backfill_pipeline_dag.py
[2026-04-27T11:35:20.121+0000] {processor.py:840} INFO - DAG(s) 'backfill_pipeline' retrieved from /opt/airflow/dags/backfill_pipeline_dag.py
[2026-04-27T11:35:20.144+0000] {logging_mixin.py:188} INFO - [2026-04-27T11:35:20.144+0000] {dag.py:3096} INFO - Sync 1 DAGs
[2026-04-27T11:35:20.154+0000] {logging_mixin.py:188} INFO - [2026-04-27T11:35:20.153+0000] {dag.py:3954} INFO - Setting next_dagrun for backfill_pipeline to None, run_after=None
[2026-04-27T11:35:20.171+0000] {processor.py:183} INFO - Processing /opt/airflow/dags/backfill_pipeline_dag.py took 0.066 seconds
[2026-04-27T11:37:10.247+0000] {processor.py:161} INFO - Started process (PID=178) to work on /opt/airflow/dags/backfill_pipeline_dag.py
[2026-04-27T11:37:10.248+0000] {processor.py:830} INFO - Processing file /opt/airflow/dags/backfill_pipeline_dag.py for tasks to queue
[2026-04-27T11:37:10.250+0000] {logging_mixin.py:188} INFO - [2026-04-27T11:37:10.249+0000] {dagbag.py:545} INFO - Filling up the DagBag from /opt/airflow/dags/backfill_pipeline_dag.py
[2026-04-27T11:37:10.262+0000] {processor.py:840} INFO - DAG(s) 'backfill_pipeline' retrieved from /opt/airflow/dags/backfill_pipeline_dag.py
[2026-04-27T11:37:10.445+0000] {logging_mixin.py:188} INFO - [2026-04-27T11:37:10.445+0000] {override.py:1829} INFO - Created Permission View: can delete on DAG:backfill_pipeline
[2026-04-27T11:37:10.452+0000] {logging_mixin.py:188} INFO - [2026-04-27T11:37:10.452+0000] {override.py:1829} INFO - Created Permission View: can read on DAG:backfill_pipeline
[2026-04-27T11:37:10.457+0000] {logging_mixin.py:188} INFO - [2026-04-27T11:37:10.456+0000] {override.py:1829} INFO - Created Permission View: can edit on DAG:backfill_pipeline
[2026-04-27T11:37:10.457+0000] {logging_mixin.py:188} INFO - [2026-04-27T11:37:10.457+0000] {dag.py:3096} INFO - Sync 1 DAGs
[2026-04-27T11:37:10.465+0000] {logging_mixin.py:188} INFO - [2026-04-27T11:37:10.465+0000] {dag.py:3118} INFO - Creating ORM DAG for backfill_pipeline
[2026-04-27T11:37:10.465+0000] {logging_mixin.py:188} INFO - [2026-04-27T11:37:10.465+0000] {dag.py:3954} INFO - Setting next_dagrun for backfill_pipeline to None, run_after=None
[2026-04-27T11:37:10.479+0000] {processor.py:183} INFO - Processing /opt/airflow/dags/backfill_pipeline_dag.py took 0.237 seconds
[2026-04-27T11:37:40.597+0000] {processor.py:161} INFO - Started process (PID=196) to work on /opt/airflow/dags/backfill_pipeline_dag.py
[2026-04-27T11:37:40.598+0000] {processor.py:830} INFO - Processing file /opt/airflow/dags/backfill_pipeline_dag.py for tasks to queue
[2026-04-27T11:37:40.600+0000] {logging_mixin.py:188} INFO - [2026-04-27T11:37:40.600+0000] {dagbag.py:545} INFO - Filling up the DagBag from /opt/airflow/dags/backfill_pipeline_dag.py
[2026-04-27T11:37:40.608+0000] {processor.py:840} INFO - DAG(s) 'backfill_pipeline' retrieved from /opt/airflow/dags/backfill_pipeline_dag.py
[2026-04-27T11:37:40.633+0000] {logging_mixin.py:188} INFO - [2026-04-27T11:37:40.633+0000] {dag.py:3096} INFO - Sync 1 DAGs
[2026-04-27T11:37:40.643+0000] {logging_mixin.py:188} INFO - [2026-04-27T11:37:40.643+0000] {dag.py:3954} INFO - Setting next_dagrun for backfill_pipeline to None, run_after=None
[2026-04-27T11:37:40.660+0000] {processor.py:183} INFO - Processing /opt/airflow/dags/backfill_pipeline_dag.py took 0.069 seconds
[2026-04-27T11:38:10.777+0000] {processor.py:161} INFO - Started process (PID=413) to work on /opt/airflow/dags/backfill_pipeline_dag.py
[2026-04-27T11:38:10.778+0000] {processor.py:830} INFO - Processing file /opt/airflow/dags/backfill_pipeline_dag.py for tasks to queue
[2026-04-27T11:38:10.780+0000] {logging_mixin.py:188} INFO - [2026-04-27T11:38:10.780+0000] {dagbag.py:545} INFO - Filling up the DagBag from /opt/airflow/dags/backfill_pipeline_dag.py
[2026-04-27T11:38:10.787+0000] {processor.py:840} INFO - DAG(s) 'backfill_pipeline' retrieved from /opt/airflow/dags/backfill_pipeline_dag.py
[2026-04-27T11:38:10.811+0000] {logging_mixin.py:188} INFO - [2026-04-27T11:38:10.811+0000] {dag.py:3096} INFO - Sync 1 DAGs
[2026-04-27T11:38:10.820+0000] {logging_mixin.py:188} INFO - [2026-04-27T11:38:10.820+0000] {dag.py:3954} INFO - Setting next_dagrun for backfill_pipeline to None, run_after=None
[2026-04-27T11:38:10.838+0000] {processor.py:183} INFO - Processing /opt/airflow/dags/backfill_pipeline_dag.py took 0.065 seconds
[2026-04-27T11:38:41.022+0000] {processor.py:161} INFO - Started process (PID=428) to work on /opt/airflow/dags/backfill_pipeline_dag.py
[2026-04-27T11:38:41.023+0000] {processor.py:830} INFO - Processing file /opt/airflow/dags/backfill_pipeline_dag.py for tasks to queue
[2026-04-27T11:38:41.024+0000] {logging_mixin.py:188} INFO - [2026-04-27T11:38:41.024+0000] {dagbag.py:545} INFO - Filling up the DagBag from /opt/airflow/dags/backfill_pipeline_dag.py
[2026-04-27T11:38:41.031+0000] {processor.py:840} INFO - DAG(s) 'backfill_pipeline' retrieved from /opt/airflow/dags/backfill_pipeline_dag.py
[2026-04-27T11:38:41.052+0000] {logging_mixin.py:188} INFO - [2026-04-27T11:38:41.052+0000] {dag.py:3096} INFO - Sync 1 DAGs
[2026-04-27T11:38:41.061+0000] {logging_mixin.py:188} INFO - [2026-04-27T11:38:41.061+0000] {dag.py:3954} INFO - Setting next_dagrun for backfill_pipeline to None, run_after=None
[2026-04-27T11:38:41.079+0000] {processor.py:183} INFO - Processing /opt/airflow/dags/backfill_pipeline_dag.py took 0.061 seconds
[2026-04-27T11:39:11.269+0000] {processor.py:161} INFO - Started process (PID=442) to work on /opt/airflow/dags/backfill_pipeline_dag.py
[2026-04-27T11:39:11.270+0000] {processor.py:830} INFO - Processing file /opt/airflow/dags/backfill_pipeline_dag.py for tasks to queue
[2026-04-27T11:39:11.271+0000] {logging_mixin.py:188} INFO - [2026-04-27T11:39:11.271+0000] {dagbag.py:545} INFO - Filling up the DagBag from /opt/airflow/dags/backfill_pipeline_dag.py
[2026-04-27T11:39:11.277+0000] {processor.py:840} INFO - DAG(s) 'backfill_pipeline' retrieved from /opt/airflow/dags/backfill_pipeline_dag.py
[2026-04-27T11:39:11.299+0000] {logging_mixin.py:188} INFO - [2026-04-27T11:39:11.299+0000] {dag.py:3096} INFO - Sync 1 DAGs
[2026-04-27T11:39:11.309+0000] {logging_mixin.py:188} INFO - [2026-04-27T11:39:11.309+0000] {dag.py:3954} INFO - Setting next_dagrun for backfill_pipeline to None, run_after=None
[2026-04-27T11:39:11.326+0000] {processor.py:183} INFO - Processing /opt/airflow/dags/backfill_pipeline_dag.py took 0.060 seconds
[2026-04-27T11:39:41.507+0000] {processor.py:161} INFO - Started process (PID=458) to work on /opt/airflow/dags/backfill_pipeline_dag.py
[2026-04-27T11:39:41.507+0000] {processor.py:830} INFO - Processing file /opt/airflow/dags/backfill_pipeline_dag.py for tasks to queue
[2026-04-27T11:39:41.509+0000] {logging_mixin.py:188} INFO - [2026-04-27T11:39:41.508+0000] {dagbag.py:545} INFO - Filling up the DagBag from /opt/airflow/dags/backfill_pipeline_dag.py
[2026-04-27T11:39:41.515+0000] {processor.py:840} INFO - DAG(s) 'backfill_pipeline' retrieved from /opt/airflow/dags/backfill_pipeline_dag.py
[2026-04-27T11:39:41.537+0000] {logging_mixin.py:188} INFO - [2026-04-27T11:39:41.536+0000] {dag.py:3096} INFO - Sync 1 DAGs
[2026-04-27T11:39:41.546+0000] {logging_mixin.py:188} INFO - [2026-04-27T11:39:41.546+0000] {dag.py:3954} INFO - Setting next_dagrun for backfill_pipeline to None, run_after=None
[2026-04-27T11:39:41.560+0000] {processor.py:183} INFO - Processing /opt/airflow/dags/backfill_pipeline_dag.py took 0.058 seconds
[2026-04-27T11:40:11.764+0000] {processor.py:161} INFO - Started process (PID=472) to work on /opt/airflow/dags/backfill_pipeline_dag.py
[2026-04-27T11:40:11.765+0000] {processor.py:830} INFO - Processing file /opt/airflow/dags/backfill_pipeline_dag.py for tasks to queue
[2026-04-27T11:40:11.766+0000] {logging_mixin.py:188} INFO - [2026-04-27T11:40:11.765+0000] {dagbag.py:545} INFO - Filling up the DagBag from /opt/airflow/dags/backfill_pipeline_dag.py
[2026-04-27T11:40:11.772+0000] {processor.py:840} INFO - DAG(s) 'backfill_pipeline' retrieved from /opt/airflow/dags/backfill_pipeline_dag.py
[2026-04-27T11:40:11.793+0000] {logging_mixin.py:188} INFO - [2026-04-27T11:40:11.793+0000] {dag.py:3096} INFO - Sync 1 DAGs
[2026-04-27T11:40:11.803+0000] {logging_mixin.py:188} INFO - [2026-04-27T11:40:11.803+0000] {dag.py:3954} INFO - Setting next_dagrun for backfill_pipeline to None, run_after=None
[2026-04-27T11:40:11.820+0000] {processor.py:183} INFO - Processing /opt/airflow/dags/backfill_pipeline_dag.py took 0.060 seconds
[2026-04-27T11:40:42.159+0000] {processor.py:161} INFO - Started process (PID=488) to work on /opt/airflow/dags/backfill_pipeline_dag.py
[2026-04-27T11:40:42.160+0000] {processor.py:830} INFO - Processing file /opt/airflow/dags/backfill_pipeline_dag.py for tasks to queue
[2026-04-27T11:40:42.161+0000] {logging_mixin.py:188} INFO - [2026-04-27T11:40:42.161+0000] {dagbag.py:545} INFO - Filling up the DagBag from /opt/airflow/dags/backfill_pipeline_dag.py
[2026-04-27T11:40:42.168+0000] {processor.py:840} INFO - DAG(s) 'backfill_pipeline' retrieved from /opt/airflow/dags/backfill_pipeline_dag.py
[2026-04-27T11:40:42.191+0000] {logging_mixin.py:188} INFO - [2026-04-27T11:40:42.191+0000] {dag.py:3096} INFO - Sync 1 DAGs
[2026-04-27T11:40:42.201+0000] {logging_mixin.py:188} INFO - [2026-04-27T11:40:42.201+0000] {dag.py:3954} INFO - Setting next_dagrun for backfill_pipeline to None, run_after=None
[2026-04-27T11:40:42.217+0000] {processor.py:183} INFO - Processing /opt/airflow/dags/backfill_pipeline_dag.py took 0.062 seconds
[2026-04-27T11:41:12.391+0000] {processor.py:161} INFO - Started process (PID=503) to work on /opt/airflow/dags/backfill_pipeline_dag.py
[2026-04-27T11:41:12.392+0000] {processor.py:830} INFO - Processing file /opt/airflow/dags/backfill_pipeline_dag.py for tasks to queue
[2026-04-27T11:41:12.394+0000] {logging_mixin.py:188} INFO - [2026-04-27T11:41:12.393+0000] {dagbag.py:545} INFO - Filling up the DagBag from /opt/airflow/dags/backfill_pipeline_dag.py
[2026-04-27T11:41:12.400+0000] {processor.py:840} INFO - DAG(s) 'backfill_pipeline' retrieved from /opt/airflow/dags/backfill_pipeline_dag.py
[2026-04-27T11:41:12.423+0000] {logging_mixin.py:188} INFO - [2026-04-27T11:41:12.423+0000] {dag.py:3096} INFO - Sync 1 DAGs
[2026-04-27T11:41:12.433+0000] {logging_mixin.py:188} INFO - [2026-04-27T11:41:12.433+0000] {dag.py:3954} INFO - Setting next_dagrun for backfill_pipeline to None, run_after=None
[2026-04-27T11:41:12.451+0000] {processor.py:183} INFO - Processing /opt/airflow/dags/backfill_pipeline_dag.py took 0.064 seconds
[2026-04-27T11:41:42.556+0000] {processor.py:161} INFO - Started process (PID=650) to work on /opt/airflow/dags/backfill_pipeline_dag.py
[2026-04-27T11:41:42.557+0000] {processor.py:830} INFO - Processing file /opt/airflow/dags/backfill_pipeline_dag.py for tasks to queue
[2026-04-27T11:41:42.559+0000] {logging_mixin.py:188} INFO - [2026-04-27T11:41:42.559+0000] {dagbag.py:545} INFO - Filling up the DagBag from /opt/airflow/dags/backfill_pipeline_dag.py
[2026-04-27T11:41:42.567+0000] {processor.py:840} INFO - DAG(s) 'backfill_pipeline' retrieved from /opt/airflow/dags/backfill_pipeline_dag.py
[2026-04-27T11:41:42.593+0000] {logging_mixin.py:188} INFO - [2026-04-27T11:41:42.592+0000] {dag.py:3096} INFO - Sync 1 DAGs
[2026-04-27T11:41:42.603+0000] {logging_mixin.py:188} INFO - [2026-04-27T11:41:42.603+0000] {dag.py:3954} INFO - Setting next_dagrun for backfill_pipeline to None, run_after=None
[2026-04-27T11:41:42.619+0000] {processor.py:183} INFO - Processing /opt/airflow/dags/backfill_pipeline_dag.py took 0.068 seconds
[2026-04-27T11:42:12.809+0000] {processor.py:161} INFO - Started process (PID=665) to work on /opt/airflow/dags/backfill_pipeline_dag.py
[2026-04-27T11:42:12.810+0000] {processor.py:830} INFO - Processing file /opt/airflow/dags/backfill_pipeline_dag.py for tasks to queue
[2026-04-27T11:42:12.812+0000] {logging_mixin.py:188} INFO - [2026-04-27T11:42:12.812+0000] {dagbag.py:545} INFO - Filling up the DagBag from /opt/airflow/dags/backfill_pipeline_dag.py
[2026-04-27T11:42:12.819+0000] {processor.py:840} INFO - DAG(s) 'backfill_pipeline' retrieved from /opt/airflow/dags/backfill_pipeline_dag.py
[2026-04-27T11:42:12.845+0000] {logging_mixin.py:188} INFO - [2026-04-27T11:42:12.845+0000] {dag.py:3096} INFO - Sync 1 DAGs
[2026-04-27T11:42:12.855+0000] {logging_mixin.py:188} INFO - [2026-04-27T11:42:12.855+0000] {dag.py:3954} INFO - Setting next_dagrun for backfill_pipeline to None, run_after=None
[2026-04-27T11:42:12.873+0000] {processor.py:183} INFO - Processing /opt/airflow/dags/backfill_pipeline_dag.py took 0.068 seconds
[2026-04-27T11:42:43.008+0000] {processor.py:161} INFO - Started process (PID=680) to work on /opt/airflow/dags/backfill_pipeline_dag.py
[2026-04-27T11:42:43.009+0000] {processor.py:830} INFO - Processing file /opt/airflow/dags/backfill_pipeline_dag.py for tasks to queue
[2026-04-27T11:42:43.010+0000] {logging_mixin.py:188} INFO - [2026-04-27T11:42:43.010+0000] {dagbag.py:545} INFO - Filling up the DagBag from /opt/airflow/dags/backfill_pipeline_dag.py
[2026-04-27T11:42:43.017+0000] {processor.py:840} INFO - DAG(s) 'backfill_pipeline' retrieved from /opt/airflow/dags/backfill_pipeline_dag.py
[2026-04-27T11:42:43.039+0000] {logging_mixin.py:188} INFO - [2026-04-27T11:42:43.039+0000] {dag.py:3096} INFO - Sync 1 DAGs
[2026-04-27T11:42:43.049+0000] {logging_mixin.py:188} INFO - [2026-04-27T11:42:43.049+0000] {dag.py:3954} INFO - Setting next_dagrun for backfill_pipeline to None, run_after=None
[2026-04-27T11:42:43.065+0000] {processor.py:183} INFO - Processing /opt/airflow/dags/backfill_pipeline_dag.py took 0.061 seconds
[2026-04-27T11:43:13.180+0000] {processor.py:161} INFO - Started process (PID=695) to work on /opt/airflow/dags/backfill_pipeline_dag.py
[2026-04-27T11:43:13.181+0000] {processor.py:830} INFO - Processing file /opt/airflow/dags/backfill_pipeline_dag.py for tasks to queue
[2026-04-27T11:43:13.182+0000] {logging_mixin.py:188} INFO - [2026-04-27T11:43:13.182+0000] {dagbag.py:545} INFO - Filling up the DagBag from /opt/airflow/dags/backfill_pipeline_dag.py
[2026-04-27T11:43:13.188+0000] {processor.py:840} INFO - DAG(s) 'backfill_pipeline' retrieved from /opt/airflow/dags/backfill_pipeline_dag.py
[2026-04-27T11:43:13.210+0000] {logging_mixin.py:188} INFO - [2026-04-27T11:43:13.210+0000] {dag.py:3096} INFO - Sync 1 DAGs
[2026-04-27T11:43:13.220+0000] {logging_mixin.py:188} INFO - [2026-04-27T11:43:13.220+0000] {dag.py:3954} INFO - Setting next_dagrun for backfill_pipeline to None, run_after=None
[2026-04-27T11:43:13.238+0000] {processor.py:183} INFO - Processing /opt/airflow/dags/backfill_pipeline_dag.py took 0.063 seconds
[2026-04-27T11:44:16.290+0000] {processor.py:161} INFO - Started process (PID=178) to work on /opt/airflow/dags/backfill_pipeline_dag.py
[2026-04-27T11:44:16.291+0000] {processor.py:830} INFO - Processing file /opt/airflow/dags/backfill_pipeline_dag.py for tasks to queue
[2026-04-27T11:44:16.293+0000] {logging_mixin.py:188} INFO - [2026-04-27T11:44:16.292+0000] {dagbag.py:545} INFO - Filling up the DagBag from /opt/airflow/dags/backfill_pipeline_dag.py
[2026-04-27T11:44:16.306+0000] {processor.py:840} INFO - DAG(s) 'backfill_pipeline' retrieved from /opt/airflow/dags/backfill_pipeline_dag.py
[2026-04-27T11:44:16.481+0000] {logging_mixin.py:188} INFO - [2026-04-27T11:44:16.481+0000] {override.py:1829} INFO - Created Permission View: can delete on DAG:backfill_pipeline
[2026-04-27T11:44:16.488+0000] {logging_mixin.py:188} INFO - [2026-04-27T11:44:16.488+0000] {override.py:1829} INFO - Created Permission View: can edit on DAG:backfill_pipeline
[2026-04-27T11:44:16.492+0000] {logging_mixin.py:188} INFO - [2026-04-27T11:44:16.492+0000] {override.py:1829} INFO - Created Permission View: can read on DAG:backfill_pipeline
[2026-04-27T11:44:16.493+0000] {logging_mixin.py:188} INFO - [2026-04-27T11:44:16.492+0000] {dag.py:3096} INFO - Sync 1 DAGs
[2026-04-27T11:44:16.500+0000] {logging_mixin.py:188} INFO - [2026-04-27T11:44:16.500+0000] {dag.py:3118} INFO - Creating ORM DAG for backfill_pipeline
[2026-04-27T11:44:16.500+0000] {logging_mixin.py:188} INFO - [2026-04-27T11:44:16.500+0000] {dag.py:3954} INFO - Setting next_dagrun for backfill_pipeline to None, run_after=None
[2026-04-27T11:44:16.514+0000] {processor.py:183} INFO - Processing /opt/airflow/dags/backfill_pipeline_dag.py took 0.229 seconds
[2026-04-27T11:44:46.858+0000] {processor.py:161} INFO - Started process (PID=194) to work on /opt/airflow/dags/backfill_pipeline_dag.py
[2026-04-27T11:44:46.859+0000] {processor.py:830} INFO - Processing file /opt/airflow/dags/backfill_pipeline_dag.py for tasks to queue
[2026-04-27T11:44:46.861+0000] {logging_mixin.py:188} INFO - [2026-04-27T11:44:46.861+0000] {dagbag.py:545} INFO - Filling up the DagBag from /opt/airflow/dags/backfill_pipeline_dag.py
[2026-04-27T11:44:46.868+0000] {processor.py:840} INFO - DAG(s) 'backfill_pipeline' retrieved from /opt/airflow/dags/backfill_pipeline_dag.py
[2026-04-27T11:44:46.893+0000] {logging_mixin.py:188} INFO - [2026-04-27T11:44:46.893+0000] {dag.py:3096} INFO - Sync 1 DAGs
[2026-04-27T11:44:46.903+0000] {logging_mixin.py:188} INFO - [2026-04-27T11:44:46.903+0000] {dag.py:3954} INFO - Setting next_dagrun for backfill_pipeline to None, run_after=None
[2026-04-27T11:44:46.920+0000] {processor.py:183} INFO - Processing /opt/airflow/dags/backfill_pipeline_dag.py took 0.066 seconds
[2026-04-27T11:45:17.112+0000] {processor.py:161} INFO - Started process (PID=347) to work on /opt/airflow/dags/backfill_pipeline_dag.py
[2026-04-27T11:45:17.112+0000] {processor.py:830} INFO - Processing file /opt/airflow/dags/backfill_pipeline_dag.py for tasks to queue
[2026-04-27T11:45:17.114+0000] {logging_mixin.py:188} INFO - [2026-04-27T11:45:17.114+0000] {dagbag.py:545} INFO - Filling up the DagBag from /opt/airflow/dags/backfill_pipeline_dag.py
[2026-04-27T11:45:17.120+0000] {processor.py:840} INFO - DAG(s) 'backfill_pipeline' retrieved from /opt/airflow/dags/backfill_pipeline_dag.py
[2026-04-27T11:45:17.141+0000] {logging_mixin.py:188} INFO - [2026-04-27T11:45:17.141+0000] {dag.py:3096} INFO - Sync 1 DAGs
[2026-04-27T11:45:17.149+0000] {logging_mixin.py:188} INFO - [2026-04-27T11:45:17.149+0000] {dag.py:3954} INFO - Setting next_dagrun for backfill_pipeline to None, run_after=None
[2026-04-27T11:45:17.164+0000] {processor.py:183} INFO - Processing /opt/airflow/dags/backfill_pipeline_dag.py took 0.057 seconds
[2026-04-27T11:45:47.794+0000] {processor.py:161} INFO - Started process (PID=361) to work on /opt/airflow/dags/backfill_pipeline_dag.py
[2026-04-27T11:45:47.795+0000] {processor.py:830} INFO - Processing file /opt/airflow/dags/backfill_pipeline_dag.py for tasks to queue
[2026-04-27T11:45:47.796+0000] {logging_mixin.py:188} INFO - [2026-04-27T11:45:47.796+0000] {dagbag.py:545} INFO - Filling up the DagBag from /opt/airflow/dags/backfill_pipeline_dag.py
[2026-04-27T11:45:47.802+0000] {processor.py:840} INFO - DAG(s) 'backfill_pipeline' retrieved from /opt/airflow/dags/backfill_pipeline_dag.py
[2026-04-27T11:45:47.824+0000] {logging_mixin.py:188} INFO - [2026-04-27T11:45:47.824+0000] {dag.py:3096} INFO - Sync 1 DAGs
[2026-04-27T11:45:47.833+0000] {logging_mixin.py:188} INFO - [2026-04-27T11:45:47.832+0000] {dag.py:3954} INFO - Setting next_dagrun for backfill_pipeline to None, run_after=None
[2026-04-27T11:45:47.851+0000] {processor.py:183} INFO - Processing /opt/airflow/dags/backfill_pipeline_dag.py took 0.061 seconds
[2026-04-27T11:46:18.690+0000] {processor.py:161} INFO - Started process (PID=377) to work on /opt/airflow/dags/backfill_pipeline_dag.py
[2026-04-27T11:46:18.691+0000] {processor.py:830} INFO - Processing file /opt/airflow/dags/backfill_pipeline_dag.py for tasks to queue
[2026-04-27T11:46:18.692+0000] {logging_mixin.py:188} INFO - [2026-04-27T11:46:18.692+0000] {dagbag.py:545} INFO - Filling up the DagBag from /opt/airflow/dags/backfill_pipeline_dag.py
[2026-04-27T11:46:18.700+0000] {processor.py:840} INFO - DAG(s) 'backfill_pipeline' retrieved from /opt/airflow/dags/backfill_pipeline_dag.py
[2026-04-27T11:46:18.722+0000] {logging_mixin.py:188} INFO - [2026-04-27T11:46:18.722+0000] {dag.py:3096} INFO - Sync 1 DAGs
[2026-04-27T11:46:18.732+0000] {logging_mixin.py:188} INFO - [2026-04-27T11:46:18.732+0000] {dag.py:3954} INFO - Setting next_dagrun for backfill_pipeline to None, run_after=None
[2026-04-27T11:46:18.748+0000] {processor.py:183} INFO - Processing /opt/airflow/dags/backfill_pipeline_dag.py took 0.062 seconds
[2026-04-27T11:46:49.029+0000] {processor.py:161} INFO - Started process (PID=392) to work on /opt/airflow/dags/backfill_pipeline_dag.py
[2026-04-27T11:46:49.030+0000] {processor.py:830} INFO - Processing file /opt/airflow/dags/backfill_pipeline_dag.py for tasks to queue
[2026-04-27T11:46:49.031+0000] {logging_mixin.py:188} INFO - [2026-04-27T11:46:49.031+0000] {dagbag.py:545} INFO - Filling up the DagBag from /opt/airflow/dags/backfill_pipeline_dag.py
[2026-04-27T11:46:49.037+0000] {processor.py:840} INFO - DAG(s) 'backfill_pipeline' retrieved from /opt/airflow/dags/backfill_pipeline_dag.py
[2026-04-27T11:46:49.059+0000] {logging_mixin.py:188} INFO - [2026-04-27T11:46:49.059+0000] {dag.py:3096} INFO - Sync 1 DAGs
[2026-04-27T11:46:49.068+0000] {logging_mixin.py:188} INFO - [2026-04-27T11:46:49.068+0000] {dag.py:3954} INFO - Setting next_dagrun for backfill_pipeline to None, run_after=None
[2026-04-27T11:46:49.085+0000] {processor.py:183} INFO - Processing /opt/airflow/dags/backfill_pipeline_dag.py took 0.060 seconds
[2026-04-27T11:47:19.235+0000] {processor.py:161} INFO - Started process (PID=407) to work on /opt/airflow/dags/backfill_pipeline_dag.py
[2026-04-27T11:47:19.236+0000] {processor.py:830} INFO - Processing file /opt/airflow/dags/backfill_pipeline_dag.py for tasks to queue
[2026-04-27T11:47:19.238+0000] {logging_mixin.py:188} INFO - [2026-04-27T11:47:19.237+0000] {dagbag.py:545} INFO - Filling up the DagBag from /opt/airflow/dags/backfill_pipeline_dag.py
[2026-04-27T11:47:19.244+0000] {processor.py:840} INFO - DAG(s) 'backfill_pipeline' retrieved from /opt/airflow/dags/backfill_pipeline_dag.py
[2026-04-27T11:47:19.266+0000] {logging_mixin.py:188} INFO - [2026-04-27T11:47:19.266+0000] {dag.py:3096} INFO - Sync 1 DAGs
[2026-04-27T11:47:19.276+0000] {logging_mixin.py:188} INFO - [2026-04-27T11:47:19.276+0000] {dag.py:3954} INFO - Setting next_dagrun for backfill_pipeline to None, run_after=None
[2026-04-27T11:47:19.292+0000] {processor.py:183} INFO - Processing /opt/airflow/dags/backfill_pipeline_dag.py took 0.061 seconds
[2026-04-27T11:47:49.461+0000] {processor.py:161} INFO - Started process (PID=422) to work on /opt/airflow/dags/backfill_pipeline_dag.py
[2026-04-27T11:47:49.462+0000] {processor.py:830} INFO - Processing file /opt/airflow/dags/backfill_pipeline_dag.py for tasks to queue
[2026-04-27T11:47:49.463+0000] {logging_mixin.py:188} INFO - [2026-04-27T11:47:49.463+0000] {dagbag.py:545} INFO - Filling up the DagBag from /opt/airflow/dags/backfill_pipeline_dag.py
[2026-04-27T11:47:49.470+0000] {processor.py:840} INFO - DAG(s) 'backfill_pipeline' retrieved from /opt/airflow/dags/backfill_pipeline_dag.py
[2026-04-27T11:47:49.491+0000] {logging_mixin.py:188} INFO - [2026-04-27T11:47:49.491+0000] {dag.py:3096} INFO - Sync 1 DAGs
[2026-04-27T11:47:49.501+0000] {logging_mixin.py:188} INFO - [2026-04-27T11:47:49.501+0000] {dag.py:3954} INFO - Setting next_dagrun for backfill_pipeline to None, run_after=None
[2026-04-27T11:47:49.518+0000] {processor.py:183} INFO - Processing /opt/airflow/dags/backfill_pipeline_dag.py took 0.060 seconds
[2026-04-27T11:48:19.723+0000] {processor.py:161} INFO - Started process (PID=437) to work on /opt/airflow/dags/backfill_pipeline_dag.py
[2026-04-27T11:48:19.724+0000] {processor.py:830} INFO - Processing file /opt/airflow/dags/backfill_pipeline_dag.py for tasks to queue
[2026-04-27T11:48:19.725+0000] {logging_mixin.py:188} INFO - [2026-04-27T11:48:19.725+0000] {dagbag.py:545} INFO - Filling up the DagBag from /opt/airflow/dags/backfill_pipeline_dag.py
[2026-04-27T11:48:19.734+0000] {processor.py:840} INFO - DAG(s) 'backfill_pipeline' retrieved from /opt/airflow/dags/backfill_pipeline_dag.py
[2026-04-27T11:48:19.757+0000] {logging_mixin.py:188} INFO - [2026-04-27T11:48:19.757+0000] {dag.py:3096} INFO - Sync 1 DAGs
[2026-04-27T11:48:19.767+0000] {logging_mixin.py:188} INFO - [2026-04-27T11:48:19.767+0000] {dag.py:3954} INFO - Setting next_dagrun for backfill_pipeline to None, run_after=None
[2026-04-27T11:48:19.784+0000] {processor.py:183} INFO - Processing /opt/airflow/dags/backfill_pipeline_dag.py took 0.065 seconds
[2026-04-27T11:48:49.902+0000] {processor.py:161} INFO - Started process (PID=452) to work on /opt/airflow/dags/backfill_pipeline_dag.py
[2026-04-27T11:48:49.903+0000] {processor.py:830} INFO - Processing file /opt/airflow/dags/backfill_pipeline_dag.py for tasks to queue
[2026-04-27T11:48:49.904+0000] {logging_mixin.py:188} INFO - [2026-04-27T11:48:49.903+0000] {dagbag.py:545} INFO - Filling up the DagBag from /opt/airflow/dags/backfill_pipeline_dag.py
[2026-04-27T11:48:49.910+0000] {processor.py:840} INFO - DAG(s) 'backfill_pipeline' retrieved from /opt/airflow/dags/backfill_pipeline_dag.py
[2026-04-27T11:48:49.930+0000] {logging_mixin.py:188} INFO - [2026-04-27T11:48:49.930+0000] {dag.py:3096} INFO - Sync 1 DAGs
[2026-04-27T11:48:49.939+0000] {logging_mixin.py:188} INFO - [2026-04-27T11:48:49.939+0000] {dag.py:3954} INFO - Setting next_dagrun for backfill_pipeline to None, run_after=None
[2026-04-27T11:48:49.954+0000] {processor.py:183} INFO - Processing /opt/airflow/dags/backfill_pipeline_dag.py took 0.057 seconds
[2026-04-27T11:49:51.852+0000] {processor.py:161} INFO - Started process (PID=178) to work on /opt/airflow/dags/backfill_pipeline_dag.py
[2026-04-27T11:49:51.853+0000] {processor.py:830} INFO - Processing file /opt/airflow/dags/backfill_pipeline_dag.py for tasks to queue
[2026-04-27T11:49:51.854+0000] {logging_mixin.py:188} INFO - [2026-04-27T11:49:51.854+0000] {dagbag.py:545} INFO - Filling up the DagBag from /opt/airflow/dags/backfill_pipeline_dag.py
[2026-04-27T11:49:51.867+0000] {processor.py:840} INFO - DAG(s) 'backfill_pipeline' retrieved from /opt/airflow/dags/backfill_pipeline_dag.py
[2026-04-27T11:49:52.044+0000] {logging_mixin.py:188} INFO - [2026-04-27T11:49:52.043+0000] {override.py:1829} INFO - Created Permission View: can delete on DAG:backfill_pipeline
[2026-04-27T11:49:52.051+0000] {logging_mixin.py:188} INFO - [2026-04-27T11:49:52.050+0000] {override.py:1829} INFO - Created Permission View: can edit on DAG:backfill_pipeline
[2026-04-27T11:49:52.055+0000] {logging_mixin.py:188} INFO - [2026-04-27T11:49:52.054+0000] {override.py:1829} INFO - Created Permission View: can read on DAG:backfill_pipeline
[2026-04-27T11:49:52.055+0000] {logging_mixin.py:188} INFO - [2026-04-27T11:49:52.055+0000] {dag.py:3096} INFO - Sync 1 DAGs
[2026-04-27T11:49:52.062+0000] {logging_mixin.py:188} INFO - [2026-04-27T11:49:52.062+0000] {dag.py:3118} INFO - Creating ORM DAG for backfill_pipeline
[2026-04-27T11:49:52.063+0000] {logging_mixin.py:188} INFO - [2026-04-27T11:49:52.063+0000] {dag.py:3954} INFO - Setting next_dagrun for backfill_pipeline to None, run_after=None
[2026-04-27T11:49:52.077+0000] {processor.py:183} INFO - Processing /opt/airflow/dags/backfill_pipeline_dag.py took 0.230 seconds
[2026-04-27T11:50:22.209+0000] {processor.py:161} INFO - Started process (PID=371) to work on /opt/airflow/dags/backfill_pipeline_dag.py
[2026-04-27T11:50:22.210+0000] {processor.py:830} INFO - Processing file /opt/airflow/dags/backfill_pipeline_dag.py for tasks to queue
[2026-04-27T11:50:22.211+0000] {logging_mixin.py:188} INFO - [2026-04-27T11:50:22.211+0000] {dagbag.py:545} INFO - Filling up the DagBag from /opt/airflow/dags/backfill_pipeline_dag.py
[2026-04-27T11:50:22.218+0000] {processor.py:840} INFO - DAG(s) 'backfill_pipeline' retrieved from /opt/airflow/dags/backfill_pipeline_dag.py
[2026-04-27T11:50:22.239+0000] {logging_mixin.py:188} INFO - [2026-04-27T11:50:22.239+0000] {dag.py:3096} INFO - Sync 1 DAGs
[2026-04-27T11:50:22.248+0000] {logging_mixin.py:188} INFO - [2026-04-27T11:50:22.248+0000] {dag.py:3954} INFO - Setting next_dagrun for backfill_pipeline to None, run_after=None
[2026-04-27T11:50:22.264+0000] {processor.py:183} INFO - Processing /opt/airflow/dags/backfill_pipeline_dag.py took 0.060 seconds
[2026-04-27T11:50:52.450+0000] {processor.py:161} INFO - Started process (PID=427) to work on /opt/airflow/dags/backfill_pipeline_dag.py
[2026-04-27T11:50:52.451+0000] {processor.py:830} INFO - Processing file /opt/airflow/dags/backfill_pipeline_dag.py for tasks to queue
[2026-04-27T11:50:52.453+0000] {logging_mixin.py:188} INFO - [2026-04-27T11:50:52.452+0000] {dagbag.py:545} INFO - Filling up the DagBag from /opt/airflow/dags/backfill_pipeline_dag.py
[2026-04-27T11:50:52.459+0000] {processor.py:840} INFO - DAG(s) 'backfill_pipeline' retrieved from /opt/airflow/dags/backfill_pipeline_dag.py
[2026-04-27T11:50:52.480+0000] {logging_mixin.py:188} INFO - [2026-04-27T11:50:52.479+0000] {dag.py:3096} INFO - Sync 1 DAGs
[2026-04-27T11:50:52.488+0000] {logging_mixin.py:188} INFO - [2026-04-27T11:50:52.488+0000] {dag.py:3954} INFO - Setting next_dagrun for backfill_pipeline to None, run_after=None
[2026-04-27T11:50:52.503+0000] {processor.py:183} INFO - Processing /opt/airflow/dags/backfill_pipeline_dag.py took 0.057 seconds
[2026-04-27T11:51:22.658+0000] {processor.py:161} INFO - Started process (PID=494) to work on /opt/airflow/dags/backfill_pipeline_dag.py
[2026-04-27T11:51:22.659+0000] {processor.py:830} INFO - Processing file /opt/airflow/dags/backfill_pipeline_dag.py for tasks to queue
[2026-04-27T11:51:22.660+0000] {logging_mixin.py:188} INFO - [2026-04-27T11:51:22.660+0000] {dagbag.py:545} INFO - Filling up the DagBag from /opt/airflow/dags/backfill_pipeline_dag.py
[2026-04-27T11:51:22.666+0000] {processor.py:840} INFO - DAG(s) 'backfill_pipeline' retrieved from /opt/airflow/dags/backfill_pipeline_dag.py
[2026-04-27T11:51:22.689+0000] {logging_mixin.py:188} INFO - [2026-04-27T11:51:22.688+0000] {dag.py:3096} INFO - Sync 1 DAGs
[2026-04-27T11:51:22.698+0000] {logging_mixin.py:188} INFO - [2026-04-27T11:51:22.698+0000] {dag.py:3954} INFO - Setting next_dagrun for backfill_pipeline to None, run_after=None
[2026-04-27T11:51:22.715+0000] {processor.py:183} INFO - Processing /opt/airflow/dags/backfill_pipeline_dag.py took 0.062 seconds
[2026-04-27T11:51:52.893+0000] {processor.py:161} INFO - Started process (PID=661) to work on /opt/airflow/dags/backfill_pipeline_dag.py
[2026-04-27T11:51:52.894+0000] {processor.py:830} INFO - Processing file /opt/airflow/dags/backfill_pipeline_dag.py for tasks to queue
[2026-04-27T11:51:52.895+0000] {logging_mixin.py:188} INFO - [2026-04-27T11:51:52.895+0000] {dagbag.py:545} INFO - Filling up the DagBag from /opt/airflow/dags/backfill_pipeline_dag.py
[2026-04-27T11:51:52.902+0000] {processor.py:840} INFO - DAG(s) 'backfill_pipeline' retrieved from /opt/airflow/dags/backfill_pipeline_dag.py
[2026-04-27T11:51:52.924+0000] {logging_mixin.py:188} INFO - [2026-04-27T11:51:52.924+0000] {dag.py:3096} INFO - Sync 1 DAGs
[2026-04-27T11:51:52.933+0000] {logging_mixin.py:188} INFO - [2026-04-27T11:51:52.933+0000] {dag.py:3954} INFO - Setting next_dagrun for backfill_pipeline to None, run_after=None
[2026-04-27T11:51:52.949+0000] {processor.py:183} INFO - Processing /opt/airflow/dags/backfill_pipeline_dag.py took 0.060 seconds
[2026-04-27T11:52:23.159+0000] {processor.py:161} INFO - Started process (PID=676) to work on /opt/airflow/dags/backfill_pipeline_dag.py
[2026-04-27T11:52:23.160+0000] {processor.py:830} INFO - Processing file /opt/airflow/dags/backfill_pipeline_dag.py for tasks to queue
[2026-04-27T11:52:23.161+0000] {logging_mixin.py:188} INFO - [2026-04-27T11:52:23.161+0000] {dagbag.py:545} INFO - Filling up the DagBag from /opt/airflow/dags/backfill_pipeline_dag.py
[2026-04-27T11:52:23.168+0000] {processor.py:840} INFO - DAG(s) 'backfill_pipeline' retrieved from /opt/airflow/dags/backfill_pipeline_dag.py
[2026-04-27T11:52:23.191+0000] {logging_mixin.py:188} INFO - [2026-04-27T11:52:23.191+0000] {dag.py:3096} INFO - Sync 1 DAGs
[2026-04-27T11:52:23.201+0000] {logging_mixin.py:188} INFO - [2026-04-27T11:52:23.201+0000] {dag.py:3954} INFO - Setting next_dagrun for backfill_pipeline to None, run_after=None
[2026-04-27T11:52:23.218+0000] {processor.py:183} INFO - Processing /opt/airflow/dags/backfill_pipeline_dag.py took 0.063 seconds
[2026-04-27T11:52:53.424+0000] {processor.py:161} INFO - Started process (PID=690) to work on /opt/airflow/dags/backfill_pipeline_dag.py
[2026-04-27T11:52:53.425+0000] {processor.py:830} INFO - Processing file /opt/airflow/dags/backfill_pipeline_dag.py for tasks to queue
[2026-04-27T11:52:53.426+0000] {logging_mixin.py:188} INFO - [2026-04-27T11:52:53.426+0000] {dagbag.py:545} INFO - Filling up the DagBag from /opt/airflow/dags/backfill_pipeline_dag.py
[2026-04-27T11:52:53.433+0000] {processor.py:840} INFO - DAG(s) 'backfill_pipeline' retrieved from /opt/airflow/dags/backfill_pipeline_dag.py
[2026-04-27T11:52:53.456+0000] {logging_mixin.py:188} INFO - [2026-04-27T11:52:53.456+0000] {dag.py:3096} INFO - Sync 1 DAGs
[2026-04-27T11:52:53.465+0000] {logging_mixin.py:188} INFO - [2026-04-27T11:52:53.465+0000] {dag.py:3954} INFO - Setting next_dagrun for backfill_pipeline to None, run_after=None
[2026-04-27T11:52:53.481+0000] {processor.py:183} INFO - Processing /opt/airflow/dags/backfill_pipeline_dag.py took 0.061 seconds
[2026-04-27T11:53:23.655+0000] {processor.py:161} INFO - Started process (PID=713) to work on /opt/airflow/dags/backfill_pipeline_dag.py
[2026-04-27T11:53:23.656+0000] {processor.py:830} INFO - Processing file /opt/airflow/dags/backfill_pipeline_dag.py for tasks to queue
[2026-04-27T11:53:23.657+0000] {logging_mixin.py:188} INFO - [2026-04-27T11:53:23.657+0000] {dagbag.py:545} INFO - Filling up the DagBag from /opt/airflow/dags/backfill_pipeline_dag.py
[2026-04-27T11:53:23.666+0000] {processor.py:840} INFO - DAG(s) 'backfill_pipeline' retrieved from /opt/airflow/dags/backfill_pipeline_dag.py
[2026-04-27T11:53:23.694+0000] {logging_mixin.py:188} INFO - [2026-04-27T11:53:23.694+0000] {dag.py:3096} INFO - Sync 1 DAGs
[2026-04-27T11:53:23.705+0000] {logging_mixin.py:188} INFO - [2026-04-27T11:53:23.705+0000] {dag.py:3954} INFO - Setting next_dagrun for backfill_pipeline to None, run_after=None
[2026-04-27T11:53:23.723+0000] {processor.py:183} INFO - Processing /opt/airflow/dags/backfill_pipeline_dag.py took 0.072 seconds
[2026-04-27T11:53:53.889+0000] {processor.py:161} INFO - Started process (PID=792) to work on /opt/airflow/dags/backfill_pipeline_dag.py
[2026-04-27T11:53:53.891+0000] {processor.py:830} INFO - Processing file /opt/airflow/dags/backfill_pipeline_dag.py for tasks to queue
[2026-04-27T11:53:53.894+0000] {logging_mixin.py:188} INFO - [2026-04-27T11:53:53.893+0000] {dagbag.py:545} INFO - Filling up the DagBag from /opt/airflow/dags/backfill_pipeline_dag.py
[2026-04-27T11:53:53.902+0000] {processor.py:840} INFO - DAG(s) 'backfill_pipeline' retrieved from /opt/airflow/dags/backfill_pipeline_dag.py
[2026-04-27T11:53:53.928+0000] {logging_mixin.py:188} INFO - [2026-04-27T11:53:53.928+0000] {dag.py:3096} INFO - Sync 1 DAGs
[2026-04-27T11:53:53.940+0000] {logging_mixin.py:188} INFO - [2026-04-27T11:53:53.940+0000] {dag.py:3954} INFO - Setting next_dagrun for backfill_pipeline to None, run_after=None
[2026-04-27T11:53:53.959+0000] {processor.py:183} INFO - Processing /opt/airflow/dags/backfill_pipeline_dag.py took 0.075 seconds
[2026-04-27T11:54:33.625+0000] {processor.py:161} INFO - Started process (PID=178) to work on /opt/airflow/dags/backfill_pipeline_dag.py
[2026-04-27T11:54:33.626+0000] {processor.py:830} INFO - Processing file /opt/airflow/dags/backfill_pipeline_dag.py for tasks to queue
[2026-04-27T11:54:33.627+0000] {logging_mixin.py:188} INFO - [2026-04-27T11:54:33.627+0000] {dagbag.py:545} INFO - Filling up the DagBag from /opt/airflow/dags/backfill_pipeline_dag.py
[2026-04-27T11:54:33.641+0000] {processor.py:840} INFO - DAG(s) 'backfill_pipeline' retrieved from /opt/airflow/dags/backfill_pipeline_dag.py
[2026-04-27T11:54:33.817+0000] {logging_mixin.py:188} INFO - [2026-04-27T11:54:33.816+0000] {override.py:1829} INFO - Created Permission View: can edit on DAG:backfill_pipeline
[2026-04-27T11:54:33.823+0000] {logging_mixin.py:188} INFO - [2026-04-27T11:54:33.823+0000] {override.py:1829} INFO - Created Permission View: can delete on DAG:backfill_pipeline
[2026-04-27T11:54:33.828+0000] {logging_mixin.py:188} INFO - [2026-04-27T11:54:33.828+0000] {override.py:1829} INFO - Created Permission View: can read on DAG:backfill_pipeline
[2026-04-27T11:54:33.828+0000] {logging_mixin.py:188} INFO - [2026-04-27T11:54:33.828+0000] {dag.py:3096} INFO - Sync 1 DAGs
[2026-04-27T11:54:33.836+0000] {logging_mixin.py:188} INFO - [2026-04-27T11:54:33.835+0000] {dag.py:3118} INFO - Creating ORM DAG for backfill_pipeline
[2026-04-27T11:54:33.836+0000] {logging_mixin.py:188} INFO - [2026-04-27T11:54:33.836+0000] {dag.py:3954} INFO - Setting next_dagrun for backfill_pipeline to None, run_after=None
[2026-04-27T11:54:33.849+0000] {processor.py:183} INFO - Processing /opt/airflow/dags/backfill_pipeline_dag.py took 0.229 seconds
[2026-04-27T11:55:03.958+0000] {processor.py:161} INFO - Started process (PID=220) to work on /opt/airflow/dags/backfill_pipeline_dag.py
[2026-04-27T11:55:03.959+0000] {processor.py:830} INFO - Processing file /opt/airflow/dags/backfill_pipeline_dag.py for tasks to queue
[2026-04-27T11:55:03.960+0000] {logging_mixin.py:188} INFO - [2026-04-27T11:55:03.960+0000] {dagbag.py:545} INFO - Filling up the DagBag from /opt/airflow/dags/backfill_pipeline_dag.py
[2026-04-27T11:55:03.967+0000] {processor.py:840} INFO - DAG(s) 'backfill_pipeline' retrieved from /opt/airflow/dags/backfill_pipeline_dag.py
[2026-04-27T11:55:03.990+0000] {logging_mixin.py:188} INFO - [2026-04-27T11:55:03.990+0000] {dag.py:3096} INFO - Sync 1 DAGs
[2026-04-27T11:55:04.000+0000] {logging_mixin.py:188} INFO - [2026-04-27T11:55:03.999+0000] {dag.py:3954} INFO - Setting next_dagrun for backfill_pipeline to None, run_after=None
[2026-04-27T11:55:04.014+0000] {processor.py:183} INFO - Processing /opt/airflow/dags/backfill_pipeline_dag.py took 0.060 seconds
[2026-04-27T11:55:34.145+0000] {processor.py:161} INFO - Started process (PID=501) to work on /opt/airflow/dags/backfill_pipeline_dag.py
[2026-04-27T11:55:34.146+0000] {processor.py:830} INFO - Processing file /opt/airflow/dags/backfill_pipeline_dag.py for tasks to queue
[2026-04-27T11:55:34.147+0000] {logging_mixin.py:188} INFO - [2026-04-27T11:55:34.147+0000] {dagbag.py:545} INFO - Filling up the DagBag from /opt/airflow/dags/backfill_pipeline_dag.py
[2026-04-27T11:55:34.153+0000] {processor.py:840} INFO - DAG(s) 'backfill_pipeline' retrieved from /opt/airflow/dags/backfill_pipeline_dag.py
[2026-04-27T11:55:34.174+0000] {logging_mixin.py:188} INFO - [2026-04-27T11:55:34.174+0000] {dag.py:3096} INFO - Sync 1 DAGs
[2026-04-27T11:55:34.182+0000] {logging_mixin.py:188} INFO - [2026-04-27T11:55:34.182+0000] {dag.py:3954} INFO - Setting next_dagrun for backfill_pipeline to None, run_after=None
[2026-04-27T11:55:34.198+0000] {processor.py:183} INFO - Processing /opt/airflow/dags/backfill_pipeline_dag.py took 0.056 seconds
[2026-04-27T11:56:04.597+0000] {processor.py:161} INFO - Started process (PID=529) to work on /opt/airflow/dags/backfill_pipeline_dag.py
[2026-04-27T11:56:04.598+0000] {processor.py:830} INFO - Processing file /opt/airflow/dags/backfill_pipeline_dag.py for tasks to queue
[2026-04-27T11:56:04.600+0000] {logging_mixin.py:188} INFO - [2026-04-27T11:56:04.599+0000] {dagbag.py:545} INFO - Filling up the DagBag from /opt/airflow/dags/backfill_pipeline_dag.py
[2026-04-27T11:56:04.608+0000] {processor.py:840} INFO - DAG(s) 'backfill_pipeline' retrieved from /opt/airflow/dags/backfill_pipeline_dag.py
[2026-04-27T11:56:04.633+0000] {logging_mixin.py:188} INFO - [2026-04-27T11:56:04.633+0000] {dag.py:3096} INFO - Sync 1 DAGs
[2026-04-27T11:56:04.643+0000] {logging_mixin.py:188} INFO - [2026-04-27T11:56:04.643+0000] {dag.py:3954} INFO - Setting next_dagrun for backfill_pipeline to None, run_after=None
[2026-04-27T11:56:04.659+0000] {processor.py:183} INFO - Processing /opt/airflow/dags/backfill_pipeline_dag.py took 0.066 seconds
[2026-04-27T11:56:48.823+0000] {processor.py:161} INFO - Started process (PID=178) to work on /opt/airflow/dags/backfill_pipeline_dag.py
[2026-04-27T11:56:48.824+0000] {processor.py:830} INFO - Processing file /opt/airflow/dags/backfill_pipeline_dag.py for tasks to queue
[2026-04-27T11:56:48.826+0000] {logging_mixin.py:188} INFO - [2026-04-27T11:56:48.825+0000] {dagbag.py:545} INFO - Filling up the DagBag from /opt/airflow/dags/backfill_pipeline_dag.py
[2026-04-27T11:56:48.838+0000] {processor.py:840} INFO - DAG(s) 'backfill_pipeline' retrieved from /opt/airflow/dags/backfill_pipeline_dag.py
[2026-04-27T11:56:49.010+0000] {logging_mixin.py:188} INFO - [2026-04-27T11:56:49.010+0000] {override.py:1829} INFO - Created Permission View: can edit on DAG:backfill_pipeline
[2026-04-27T11:56:49.017+0000] {logging_mixin.py:188} INFO - [2026-04-27T11:56:49.016+0000] {override.py:1829} INFO - Created Permission View: can read on DAG:backfill_pipeline
[2026-04-27T11:56:49.021+0000] {logging_mixin.py:188} INFO - [2026-04-27T11:56:49.020+0000] {override.py:1829} INFO - Created Permission View: can delete on DAG:backfill_pipeline
[2026-04-27T11:56:49.021+0000] {logging_mixin.py:188} INFO - [2026-04-27T11:56:49.021+0000] {dag.py:3096} INFO - Sync 1 DAGs
[2026-04-27T11:56:49.028+0000] {logging_mixin.py:188} INFO - [2026-04-27T11:56:49.028+0000] {dag.py:3118} INFO - Creating ORM DAG for backfill_pipeline
[2026-04-27T11:56:49.029+0000] {logging_mixin.py:188} INFO - [2026-04-27T11:56:49.029+0000] {dag.py:3954} INFO - Setting next_dagrun for backfill_pipeline to None, run_after=None
[2026-04-27T11:56:49.042+0000] {processor.py:183} INFO - Processing /opt/airflow/dags/backfill_pipeline_dag.py took 0.223 seconds
[2026-04-27T11:57:19.222+0000] {processor.py:161} INFO - Started process (PID=193) to work on /opt/airflow/dags/backfill_pipeline_dag.py
[2026-04-27T11:57:19.224+0000] {processor.py:830} INFO - Processing file /opt/airflow/dags/backfill_pipeline_dag.py for tasks to queue
[2026-04-27T11:57:19.225+0000] {logging_mixin.py:188} INFO - [2026-04-27T11:57:19.225+0000] {dagbag.py:545} INFO - Filling up the DagBag from /opt/airflow/dags/backfill_pipeline_dag.py
[2026-04-27T11:57:19.232+0000] {processor.py:840} INFO - DAG(s) 'backfill_pipeline' retrieved from /opt/airflow/dags/backfill_pipeline_dag.py
[2026-04-27T11:57:19.258+0000] {logging_mixin.py:188} INFO - [2026-04-27T11:57:19.257+0000] {dag.py:3096} INFO - Sync 1 DAGs
[2026-04-27T11:57:19.267+0000] {logging_mixin.py:188} INFO - [2026-04-27T11:57:19.267+0000] {dag.py:3954} INFO - Setting next_dagrun for backfill_pipeline to None, run_after=None
[2026-04-27T11:57:19.283+0000] {processor.py:183} INFO - Processing /opt/airflow/dags/backfill_pipeline_dag.py took 0.066 seconds
[2026-04-27T11:57:49.508+0000] {processor.py:161} INFO - Started process (PID=209) to work on /opt/airflow/dags/backfill_pipeline_dag.py
[2026-04-27T11:57:49.509+0000] {processor.py:830} INFO - Processing file /opt/airflow/dags/backfill_pipeline_dag.py for tasks to queue
[2026-04-27T11:57:49.510+0000] {logging_mixin.py:188} INFO - [2026-04-27T11:57:49.510+0000] {dagbag.py:545} INFO - Filling up the DagBag from /opt/airflow/dags/backfill_pipeline_dag.py
[2026-04-27T11:57:49.517+0000] {processor.py:840} INFO - DAG(s) 'backfill_pipeline' retrieved from /opt/airflow/dags/backfill_pipeline_dag.py
[2026-04-27T11:57:49.539+0000] {logging_mixin.py:188} INFO - [2026-04-27T11:57:49.539+0000] {dag.py:3096} INFO - Sync 1 DAGs
[2026-04-27T11:57:49.548+0000] {logging_mixin.py:188} INFO - [2026-04-27T11:57:49.548+0000] {dag.py:3954} INFO - Setting next_dagrun for backfill_pipeline to None, run_after=None
[2026-04-27T11:57:49.563+0000] {processor.py:183} INFO - Processing /opt/airflow/dags/backfill_pipeline_dag.py took 0.059 seconds
[2026-04-27T11:58:19.737+0000] {processor.py:161} INFO - Started process (PID=341) to work on /opt/airflow/dags/backfill_pipeline_dag.py
[2026-04-27T11:58:19.738+0000] {processor.py:830} INFO - Processing file /opt/airflow/dags/backfill_pipeline_dag.py for tasks to queue
[2026-04-27T11:58:19.739+0000] {logging_mixin.py:188} INFO - [2026-04-27T11:58:19.739+0000] {dagbag.py:545} INFO - Filling up the DagBag from /opt/airflow/dags/backfill_pipeline_dag.py
[2026-04-27T11:58:19.746+0000] {processor.py:840} INFO - DAG(s) 'backfill_pipeline' retrieved from /opt/airflow/dags/backfill_pipeline_dag.py
[2026-04-27T11:58:19.768+0000] {logging_mixin.py:188} INFO - [2026-04-27T11:58:19.768+0000] {dag.py:3096} INFO - Sync 1 DAGs
[2026-04-27T11:58:19.777+0000] {logging_mixin.py:188} INFO - [2026-04-27T11:58:19.777+0000] {dag.py:3954} INFO - Setting next_dagrun for backfill_pipeline to None, run_after=None
[2026-04-27T11:58:19.792+0000] {processor.py:183} INFO - Processing /opt/airflow/dags/backfill_pipeline_dag.py took 0.059 seconds
[2026-04-27T11:58:49.933+0000] {processor.py:161} INFO - Started process (PID=356) to work on /opt/airflow/dags/backfill_pipeline_dag.py
[2026-04-27T11:58:49.933+0000] {processor.py:830} INFO - Processing file /opt/airflow/dags/backfill_pipeline_dag.py for tasks to queue
[2026-04-27T11:58:49.934+0000] {logging_mixin.py:188} INFO - [2026-04-27T11:58:49.934+0000] {dagbag.py:545} INFO - Filling up the DagBag from /opt/airflow/dags/backfill_pipeline_dag.py
[2026-04-27T11:58:49.941+0000] {processor.py:840} INFO - DAG(s) 'backfill_pipeline' retrieved from /opt/airflow/dags/backfill_pipeline_dag.py
[2026-04-27T11:58:49.964+0000] {logging_mixin.py:188} INFO - [2026-04-27T11:58:49.964+0000] {dag.py:3096} INFO - Sync 1 DAGs
[2026-04-27T11:58:49.974+0000] {logging_mixin.py:188} INFO - [2026-04-27T11:58:49.973+0000] {dag.py:3954} INFO - Setting next_dagrun for backfill_pipeline to None, run_after=None
[2026-04-27T11:58:49.990+0000] {processor.py:183} INFO - Processing /opt/airflow/dags/backfill_pipeline_dag.py took 0.062 seconds
[2026-04-27T11:59:20.149+0000] {processor.py:161} INFO - Started process (PID=372) to work on /opt/airflow/dags/backfill_pipeline_dag.py
[2026-04-27T11:59:20.150+0000] {processor.py:830} INFO - Processing file /opt/airflow/dags/backfill_pipeline_dag.py for tasks to queue
[2026-04-27T11:59:20.151+0000] {logging_mixin.py:188} INFO - [2026-04-27T11:59:20.151+0000] {dagbag.py:545} INFO - Filling up the DagBag from /opt/airflow/dags/backfill_pipeline_dag.py
[2026-04-27T11:59:20.158+0000] {processor.py:840} INFO - DAG(s) 'backfill_pipeline' retrieved from /opt/airflow/dags/backfill_pipeline_dag.py
[2026-04-27T11:59:20.182+0000] {logging_mixin.py:188} INFO - [2026-04-27T11:59:20.182+0000] {dag.py:3096} INFO - Sync 1 DAGs
[2026-04-27T11:59:20.191+0000] {logging_mixin.py:188} INFO - [2026-04-27T11:59:20.191+0000] {dag.py:3954} INFO - Setting next_dagrun for backfill_pipeline to None, run_after=None
[2026-04-27T11:59:20.208+0000] {processor.py:183} INFO - Processing /opt/airflow/dags/backfill_pipeline_dag.py took 0.064 seconds
[2026-04-27T11:59:50.419+0000] {processor.py:161} INFO - Started process (PID=386) to work on /opt/airflow/dags/backfill_pipeline_dag.py
[2026-04-27T11:59:50.419+0000] {processor.py:830} INFO - Processing file /opt/airflow/dags/backfill_pipeline_dag.py for tasks to queue
[2026-04-27T11:59:50.421+0000] {logging_mixin.py:188} INFO - [2026-04-27T11:59:50.421+0000] {dagbag.py:545} INFO - Filling up the DagBag from /opt/airflow/dags/backfill_pipeline_dag.py
[2026-04-27T11:59:50.428+0000] {processor.py:840} INFO - DAG(s) 'backfill_pipeline' retrieved from /opt/airflow/dags/backfill_pipeline_dag.py
[2026-04-27T11:59:50.453+0000] {logging_mixin.py:188} INFO - [2026-04-27T11:59:50.452+0000] {dag.py:3096} INFO - Sync 1 DAGs
[2026-04-27T11:59:50.462+0000] {logging_mixin.py:188} INFO - [2026-04-27T11:59:50.461+0000] {dag.py:3954} INFO - Setting next_dagrun for backfill_pipeline to None, run_after=None
[2026-04-27T11:59:50.478+0000] {processor.py:183} INFO - Processing /opt/airflow/dags/backfill_pipeline_dag.py took 0.063 seconds
[2026-04-27T12:00:20.666+0000] {processor.py:161} INFO - Started process (PID=402) to work on /opt/airflow/dags/backfill_pipeline_dag.py
[2026-04-27T12:00:20.667+0000] {processor.py:830} INFO - Processing file /opt/airflow/dags/backfill_pipeline_dag.py for tasks to queue
[2026-04-27T12:00:20.669+0000] {logging_mixin.py:188} INFO - [2026-04-27T12:00:20.668+0000] {dagbag.py:545} INFO - Filling up the DagBag from /opt/airflow/dags/backfill_pipeline_dag.py
[2026-04-27T12:00:20.676+0000] {processor.py:840} INFO - DAG(s) 'backfill_pipeline' retrieved from /opt/airflow/dags/backfill_pipeline_dag.py
[2026-04-27T12:00:20.699+0000] {logging_mixin.py:188} INFO - [2026-04-27T12:00:20.699+0000] {dag.py:3096} INFO - Sync 1 DAGs
[2026-04-27T12:00:20.708+0000] {logging_mixin.py:188} INFO - [2026-04-27T12:00:20.708+0000] {dag.py:3954} INFO - Setting next_dagrun for backfill_pipeline to None, run_after=None
[2026-04-27T12:00:20.725+0000] {processor.py:183} INFO - Processing /opt/airflow/dags/backfill_pipeline_dag.py took 0.063 seconds
[2026-04-27T12:00:50.921+0000] {processor.py:161} INFO - Started process (PID=417) to work on /opt/airflow/dags/backfill_pipeline_dag.py
[2026-04-27T12:00:50.922+0000] {processor.py:830} INFO - Processing file /opt/airflow/dags/backfill_pipeline_dag.py for tasks to queue
[2026-04-27T12:00:50.923+0000] {logging_mixin.py:188} INFO - [2026-04-27T12:00:50.923+0000] {dagbag.py:545} INFO - Filling up the DagBag from /opt/airflow/dags/backfill_pipeline_dag.py
[2026-04-27T12:00:50.929+0000] {processor.py:840} INFO - DAG(s) 'backfill_pipeline' retrieved from /opt/airflow/dags/backfill_pipeline_dag.py
[2026-04-27T12:00:50.953+0000] {logging_mixin.py:188} INFO - [2026-04-27T12:00:50.952+0000] {dag.py:3096} INFO - Sync 1 DAGs
[2026-04-27T12:00:50.962+0000] {logging_mixin.py:188} INFO - [2026-04-27T12:00:50.962+0000] {dag.py:3954} INFO - Setting next_dagrun for backfill_pipeline to None, run_after=None
[2026-04-27T12:00:50.979+0000] {processor.py:183} INFO - Processing /opt/airflow/dags/backfill_pipeline_dag.py took 0.062 seconds
[2026-04-27T12:01:21.196+0000] {processor.py:161} INFO - Started process (PID=432) to work on /opt/airflow/dags/backfill_pipeline_dag.py
[2026-04-27T12:01:21.196+0000] {processor.py:830} INFO - Processing file /opt/airflow/dags/backfill_pipeline_dag.py for tasks to queue
[2026-04-27T12:01:21.198+0000] {logging_mixin.py:188} INFO - [2026-04-27T12:01:21.197+0000] {dagbag.py:545} INFO - Filling up the DagBag from /opt/airflow/dags/backfill_pipeline_dag.py
[2026-04-27T12:01:21.205+0000] {processor.py:840} INFO - DAG(s) 'backfill_pipeline' retrieved from /opt/airflow/dags/backfill_pipeline_dag.py
[2026-04-27T12:01:21.229+0000] {logging_mixin.py:188} INFO - [2026-04-27T12:01:21.229+0000] {dag.py:3096} INFO - Sync 1 DAGs
[2026-04-27T12:01:21.239+0000] {logging_mixin.py:188} INFO - [2026-04-27T12:01:21.239+0000] {dag.py:3954} INFO - Setting next_dagrun for backfill_pipeline to None, run_after=None
[2026-04-27T12:01:21.255+0000] {processor.py:183} INFO - Processing /opt/airflow/dags/backfill_pipeline_dag.py took 0.063 seconds
[2026-04-27T12:01:51.436+0000] {processor.py:161} INFO - Started process (PID=665) to work on /opt/airflow/dags/backfill_pipeline_dag.py
[2026-04-27T12:01:51.436+0000] {processor.py:830} INFO - Processing file /opt/airflow/dags/backfill_pipeline_dag.py for tasks to queue
[2026-04-27T12:01:51.438+0000] {logging_mixin.py:188} INFO - [2026-04-27T12:01:51.438+0000] {dagbag.py:545} INFO - Filling up the DagBag from /opt/airflow/dags/backfill_pipeline_dag.py
[2026-04-27T12:01:51.445+0000] {processor.py:840} INFO - DAG(s) 'backfill_pipeline' retrieved from /opt/airflow/dags/backfill_pipeline_dag.py
[2026-04-27T12:01:51.464+0000] {logging_mixin.py:188} INFO - [2026-04-27T12:01:51.464+0000] {dag.py:3096} INFO - Sync 1 DAGs
[2026-04-27T12:01:51.472+0000] {logging_mixin.py:188} INFO - [2026-04-27T12:01:51.472+0000] {dag.py:3954} INFO - Setting next_dagrun for backfill_pipeline to None, run_after=None
[2026-04-27T12:01:51.488+0000] {processor.py:183} INFO - Processing /opt/airflow/dags/backfill_pipeline_dag.py took 0.056 seconds
[2026-04-27T12:02:21.714+0000] {processor.py:161} INFO - Started process (PID=680) to work on /opt/airflow/dags/backfill_pipeline_dag.py
[2026-04-27T12:02:21.715+0000] {processor.py:830} INFO - Processing file /opt/airflow/dags/backfill_pipeline_dag.py for tasks to queue
[2026-04-27T12:02:21.716+0000] {logging_mixin.py:188} INFO - [2026-04-27T12:02:21.716+0000] {dagbag.py:545} INFO - Filling up the DagBag from /opt/airflow/dags/backfill_pipeline_dag.py
[2026-04-27T12:02:21.722+0000] {processor.py:840} INFO - DAG(s) 'backfill_pipeline' retrieved from /opt/airflow/dags/backfill_pipeline_dag.py
[2026-04-27T12:02:21.742+0000] {logging_mixin.py:188} INFO - [2026-04-27T12:02:21.742+0000] {dag.py:3096} INFO - Sync 1 DAGs
[2026-04-27T12:02:21.751+0000] {logging_mixin.py:188} INFO - [2026-04-27T12:02:21.751+0000] {dag.py:3954} INFO - Setting next_dagrun for backfill_pipeline to None, run_after=None
[2026-04-27T12:02:21.767+0000] {processor.py:183} INFO - Processing /opt/airflow/dags/backfill_pipeline_dag.py took 0.058 seconds
[2026-04-27T12:02:51.965+0000] {processor.py:161} INFO - Started process (PID=694) to work on /opt/airflow/dags/backfill_pipeline_dag.py
[2026-04-27T12:02:51.966+0000] {processor.py:830} INFO - Processing file /opt/airflow/dags/backfill_pipeline_dag.py for tasks to queue
[2026-04-27T12:02:51.967+0000] {logging_mixin.py:188} INFO - [2026-04-27T12:02:51.967+0000] {dagbag.py:545} INFO - Filling up the DagBag from /opt/airflow/dags/backfill_pipeline_dag.py
[2026-04-27T12:02:51.973+0000] {processor.py:840} INFO - DAG(s) 'backfill_pipeline' retrieved from /opt/airflow/dags/backfill_pipeline_dag.py
[2026-04-27T12:02:51.996+0000] {logging_mixin.py:188} INFO - [2026-04-27T12:02:51.996+0000] {dag.py:3096} INFO - Sync 1 DAGs
[2026-04-27T12:02:52.005+0000] {logging_mixin.py:188} INFO - [2026-04-27T12:02:52.005+0000] {dag.py:3954} INFO - Setting next_dagrun for backfill_pipeline to None, run_after=None
[2026-04-27T12:02:52.020+0000] {processor.py:183} INFO - Processing /opt/airflow/dags/backfill_pipeline_dag.py took 0.059 seconds
[2026-04-27T12:03:22.169+0000] {processor.py:161} INFO - Started process (PID=710) to work on /opt/airflow/dags/backfill_pipeline_dag.py
[2026-04-27T12:03:22.171+0000] {processor.py:830} INFO - Processing file /opt/airflow/dags/backfill_pipeline_dag.py for tasks to queue
[2026-04-27T12:03:22.172+0000] {logging_mixin.py:188} INFO - [2026-04-27T12:03:22.172+0000] {dagbag.py:545} INFO - Filling up the DagBag from /opt/airflow/dags/backfill_pipeline_dag.py
[2026-04-27T12:03:22.178+0000] {processor.py:840} INFO - DAG(s) 'backfill_pipeline' retrieved from /opt/airflow/dags/backfill_pipeline_dag.py
[2026-04-27T12:03:22.200+0000] {logging_mixin.py:188} INFO - [2026-04-27T12:03:22.200+0000] {dag.py:3096} INFO - Sync 1 DAGs
[2026-04-27T12:03:22.210+0000] {logging_mixin.py:188} INFO - [2026-04-27T12:03:22.210+0000] {dag.py:3954} INFO - Setting next_dagrun for backfill_pipeline to None, run_after=None
[2026-04-27T12:03:22.226+0000] {processor.py:183} INFO - Processing /opt/airflow/dags/backfill_pipeline_dag.py took 0.061 seconds
[2026-04-27T12:03:52.474+0000] {processor.py:161} INFO - Started process (PID=725) to work on /opt/airflow/dags/backfill_pipeline_dag.py
[2026-04-27T12:03:52.475+0000] {processor.py:830} INFO - Processing file /opt/airflow/dags/backfill_pipeline_dag.py for tasks to queue
[2026-04-27T12:03:52.476+0000] {logging_mixin.py:188} INFO - [2026-04-27T12:03:52.476+0000] {dagbag.py:545} INFO - Filling up the DagBag from /opt/airflow/dags/backfill_pipeline_dag.py
[2026-04-27T12:03:52.482+0000] {processor.py:840} INFO - DAG(s) 'backfill_pipeline' retrieved from /opt/airflow/dags/backfill_pipeline_dag.py
[2026-04-27T12:03:52.504+0000] {logging_mixin.py:188} INFO - [2026-04-27T12:03:52.504+0000] {dag.py:3096} INFO - Sync 1 DAGs
[2026-04-27T12:03:52.515+0000] {logging_mixin.py:188} INFO - [2026-04-27T12:03:52.515+0000] {dag.py:3954} INFO - Setting next_dagrun for backfill_pipeline to None, run_after=None
[2026-04-27T12:03:52.532+0000] {processor.py:183} INFO - Processing /opt/airflow/dags/backfill_pipeline_dag.py took 0.062 seconds
[2026-04-27T12:04:22.684+0000] {processor.py:161} INFO - Started process (PID=740) to work on /opt/airflow/dags/backfill_pipeline_dag.py
[2026-04-27T12:04:22.685+0000] {processor.py:830} INFO - Processing file /opt/airflow/dags/backfill_pipeline_dag.py for tasks to queue
[2026-04-27T12:04:22.686+0000] {logging_mixin.py:188} INFO - [2026-04-27T12:04:22.686+0000] {dagbag.py:545} INFO - Filling up the DagBag from /opt/airflow/dags/backfill_pipeline_dag.py
[2026-04-27T12:04:22.693+0000] {processor.py:840} INFO - DAG(s) 'backfill_pipeline' retrieved from /opt/airflow/dags/backfill_pipeline_dag.py
[2026-04-27T12:04:22.715+0000] {logging_mixin.py:188} INFO - [2026-04-27T12:04:22.715+0000] {dag.py:3096} INFO - Sync 1 DAGs
[2026-04-27T12:04:22.725+0000] {logging_mixin.py:188} INFO - [2026-04-27T12:04:22.725+0000] {dag.py:3954} INFO - Setting next_dagrun for backfill_pipeline to None, run_after=None
[2026-04-27T12:04:22.741+0000] {processor.py:183} INFO - Processing /opt/airflow/dags/backfill_pipeline_dag.py took 0.062 seconds
[2026-04-27T12:04:52.981+0000] {processor.py:161} INFO - Started process (PID=755) to work on /opt/airflow/dags/backfill_pipeline_dag.py
[2026-04-27T12:04:52.982+0000] {processor.py:830} INFO - Processing file /opt/airflow/dags/backfill_pipeline_dag.py for tasks to queue
[2026-04-27T12:04:52.984+0000] {logging_mixin.py:188} INFO - [2026-04-27T12:04:52.983+0000] {dagbag.py:545} INFO - Filling up the DagBag from /opt/airflow/dags/backfill_pipeline_dag.py
[2026-04-27T12:04:52.991+0000] {processor.py:840} INFO - DAG(s) 'backfill_pipeline' retrieved from /opt/airflow/dags/backfill_pipeline_dag.py
[2026-04-27T12:04:53.014+0000] {logging_mixin.py:188} INFO - [2026-04-27T12:04:53.013+0000] {dag.py:3096} INFO - Sync 1 DAGs
[2026-04-27T12:04:53.024+0000] {logging_mixin.py:188} INFO - [2026-04-27T12:04:53.024+0000] {dag.py:3954} INFO - Setting next_dagrun for backfill_pipeline to None, run_after=None
[2026-04-27T12:04:53.041+0000] {processor.py:183} INFO - Processing /opt/airflow/dags/backfill_pipeline_dag.py took 0.064 seconds
[2026-04-27T12:05:23.221+0000] {processor.py:161} INFO - Started process (PID=770) to work on /opt/airflow/dags/backfill_pipeline_dag.py
[2026-04-27T12:05:23.222+0000] {processor.py:830} INFO - Processing file /opt/airflow/dags/backfill_pipeline_dag.py for tasks to queue
[2026-04-27T12:05:23.223+0000] {logging_mixin.py:188} INFO - [2026-04-27T12:05:23.223+0000] {dagbag.py:545} INFO - Filling up the DagBag from /opt/airflow/dags/backfill_pipeline_dag.py
[2026-04-27T12:05:23.230+0000] {processor.py:840} INFO - DAG(s) 'backfill_pipeline' retrieved from /opt/airflow/dags/backfill_pipeline_dag.py
[2026-04-27T12:05:23.251+0000] {logging_mixin.py:188} INFO - [2026-04-27T12:05:23.250+0000] {dag.py:3096} INFO - Sync 1 DAGs
[2026-04-27T12:05:23.260+0000] {logging_mixin.py:188} INFO - [2026-04-27T12:05:23.260+0000] {dag.py:3954} INFO - Setting next_dagrun for backfill_pipeline to None, run_after=None
[2026-04-27T12:05:23.276+0000] {processor.py:183} INFO - Processing /opt/airflow/dags/backfill_pipeline_dag.py took 0.060 seconds
[2026-04-27T12:05:53.445+0000] {processor.py:161} INFO - Started process (PID=785) to work on /opt/airflow/dags/backfill_pipeline_dag.py
[2026-04-27T12:05:53.446+0000] {processor.py:830} INFO - Processing file /opt/airflow/dags/backfill_pipeline_dag.py for tasks to queue
[2026-04-27T12:05:53.447+0000] {logging_mixin.py:188} INFO - [2026-04-27T12:05:53.447+0000] {dagbag.py:545} INFO - Filling up the DagBag from /opt/airflow/dags/backfill_pipeline_dag.py
[2026-04-27T12:05:53.453+0000] {processor.py:840} INFO - DAG(s) 'backfill_pipeline' retrieved from /opt/airflow/dags/backfill_pipeline_dag.py
[2026-04-27T12:05:53.475+0000] {logging_mixin.py:188} INFO - [2026-04-27T12:05:53.474+0000] {dag.py:3096} INFO - Sync 1 DAGs
[2026-04-27T12:05:53.484+0000] {logging_mixin.py:188} INFO - [2026-04-27T12:05:53.484+0000] {dag.py:3954} INFO - Setting next_dagrun for backfill_pipeline to None, run_after=None
[2026-04-27T12:05:53.501+0000] {processor.py:183} INFO - Processing /opt/airflow/dags/backfill_pipeline_dag.py took 0.059 seconds
[2026-04-27T12:06:23.674+0000] {processor.py:161} INFO - Started process (PID=800) to work on /opt/airflow/dags/backfill_pipeline_dag.py
[2026-04-27T12:06:23.675+0000] {processor.py:830} INFO - Processing file /opt/airflow/dags/backfill_pipeline_dag.py for tasks to queue
[2026-04-27T12:06:23.676+0000] {logging_mixin.py:188} INFO - [2026-04-27T12:06:23.676+0000] {dagbag.py:545} INFO - Filling up the DagBag from /opt/airflow/dags/backfill_pipeline_dag.py
[2026-04-27T12:06:23.683+0000] {processor.py:840} INFO - DAG(s) 'backfill_pipeline' retrieved from /opt/airflow/dags/backfill_pipeline_dag.py
[2026-04-27T12:06:23.704+0000] {logging_mixin.py:188} INFO - [2026-04-27T12:06:23.704+0000] {dag.py:3096} INFO - Sync 1 DAGs
[2026-04-27T12:06:23.713+0000] {logging_mixin.py:188} INFO - [2026-04-27T12:06:23.713+0000] {dag.py:3954} INFO - Setting next_dagrun for backfill_pipeline to None, run_after=None
[2026-04-27T12:06:23.729+0000] {processor.py:183} INFO - Processing /opt/airflow/dags/backfill_pipeline_dag.py took 0.059 seconds
[2026-04-27T12:06:53.905+0000] {processor.py:161} INFO - Started process (PID=815) to work on /opt/airflow/dags/backfill_pipeline_dag.py
[2026-04-27T12:06:53.906+0000] {processor.py:830} INFO - Processing file /opt/airflow/dags/backfill_pipeline_dag.py for tasks to queue
[2026-04-27T12:06:53.908+0000] {logging_mixin.py:188} INFO - [2026-04-27T12:06:53.908+0000] {dagbag.py:545} INFO - Filling up the DagBag from /opt/airflow/dags/backfill_pipeline_dag.py
[2026-04-27T12:06:53.915+0000] {processor.py:840} INFO - DAG(s) 'backfill_pipeline' retrieved from /opt/airflow/dags/backfill_pipeline_dag.py
[2026-04-27T12:06:53.937+0000] {logging_mixin.py:188} INFO - [2026-04-27T12:06:53.937+0000] {dag.py:3096} INFO - Sync 1 DAGs
[2026-04-27T12:06:53.947+0000] {logging_mixin.py:188} INFO - [2026-04-27T12:06:53.946+0000] {dag.py:3954} INFO - Setting next_dagrun for backfill_pipeline to None, run_after=None
[2026-04-27T12:06:53.962+0000] {processor.py:183} INFO - Processing /opt/airflow/dags/backfill_pipeline_dag.py took 0.061 seconds
[2026-04-27T12:07:24.127+0000] {processor.py:161} INFO - Started process (PID=830) to work on /opt/airflow/dags/backfill_pipeline_dag.py
[2026-04-27T12:07:24.128+0000] {processor.py:830} INFO - Processing file /opt/airflow/dags/backfill_pipeline_dag.py for tasks to queue
[2026-04-27T12:07:24.130+0000] {logging_mixin.py:188} INFO - [2026-04-27T12:07:24.129+0000] {dagbag.py:545} INFO - Filling up the DagBag from /opt/airflow/dags/backfill_pipeline_dag.py
[2026-04-27T12:07:24.136+0000] {processor.py:840} INFO - DAG(s) 'backfill_pipeline' retrieved from /opt/airflow/dags/backfill_pipeline_dag.py
[2026-04-27T12:07:24.155+0000] {logging_mixin.py:188} INFO - [2026-04-27T12:07:24.155+0000] {dag.py:3096} INFO - Sync 1 DAGs
[2026-04-27T12:07:24.165+0000] {logging_mixin.py:188} INFO - [2026-04-27T12:07:24.165+0000] {dag.py:3954} INFO - Setting next_dagrun for backfill_pipeline to None, run_after=None
[2026-04-27T12:07:24.183+0000] {processor.py:183} INFO - Processing /opt/airflow/dags/backfill_pipeline_dag.py took 0.060 seconds
[2026-04-27T12:07:54.361+0000] {processor.py:161} INFO - Started process (PID=845) to work on /opt/airflow/dags/backfill_pipeline_dag.py
[2026-04-27T12:07:54.362+0000] {processor.py:830} INFO - Processing file /opt/airflow/dags/backfill_pipeline_dag.py for tasks to queue
[2026-04-27T12:07:54.363+0000] {logging_mixin.py:188} INFO - [2026-04-27T12:07:54.363+0000] {dagbag.py:545} INFO - Filling up the DagBag from /opt/airflow/dags/backfill_pipeline_dag.py
[2026-04-27T12:07:54.369+0000] {processor.py:840} INFO - DAG(s) 'backfill_pipeline' retrieved from /opt/airflow/dags/backfill_pipeline_dag.py
[2026-04-27T12:07:54.392+0000] {logging_mixin.py:188} INFO - [2026-04-27T12:07:54.392+0000] {dag.py:3096} INFO - Sync 1 DAGs
[2026-04-27T12:07:54.402+0000] {logging_mixin.py:188} INFO - [2026-04-27T12:07:54.401+0000] {dag.py:3954} INFO - Setting next_dagrun for backfill_pipeline to None, run_after=None
[2026-04-27T12:07:54.418+0000] {processor.py:183} INFO - Processing /opt/airflow/dags/backfill_pipeline_dag.py took 0.061 seconds
[2026-04-27T12:08:24.673+0000] {processor.py:161} INFO - Started process (PID=860) to work on /opt/airflow/dags/backfill_pipeline_dag.py
[2026-04-27T12:08:24.674+0000] {processor.py:830} INFO - Processing file /opt/airflow/dags/backfill_pipeline_dag.py for tasks to queue
[2026-04-27T12:08:24.675+0000] {logging_mixin.py:188} INFO - [2026-04-27T12:08:24.675+0000] {dagbag.py:545} INFO - Filling up the DagBag from /opt/airflow/dags/backfill_pipeline_dag.py
[2026-04-27T12:08:24.682+0000] {processor.py:840} INFO - DAG(s) 'backfill_pipeline' retrieved from /opt/airflow/dags/backfill_pipeline_dag.py
[2026-04-27T12:08:24.704+0000] {logging_mixin.py:188} INFO - [2026-04-27T12:08:24.704+0000] {dag.py:3096} INFO - Sync 1 DAGs
[2026-04-27T12:08:23.663+0000] {logging_mixin.py:188} INFO - [2026-04-27T12:08:23.663+0000] {dag.py:3954} INFO - Setting next_dagrun for backfill_pipeline to None, run_after=None
[2026-04-27T12:08:23.680+0000] {processor.py:183} INFO - Processing /opt/airflow/dags/backfill_pipeline_dag.py took 0.062 seconds
[2026-04-27T12:08:53.937+0000] {processor.py:161} INFO - Started process (PID=874) to work on /opt/airflow/dags/backfill_pipeline_dag.py
[2026-04-27T12:08:53.938+0000] {processor.py:830} INFO - Processing file /opt/airflow/dags/backfill_pipeline_dag.py for tasks to queue
[2026-04-27T12:08:53.939+0000] {logging_mixin.py:188} INFO - [2026-04-27T12:08:53.939+0000] {dagbag.py:545} INFO - Filling up the DagBag from /opt/airflow/dags/backfill_pipeline_dag.py
[2026-04-27T12:08:53.945+0000] {processor.py:840} INFO - DAG(s) 'backfill_pipeline' retrieved from /opt/airflow/dags/backfill_pipeline_dag.py
[2026-04-27T12:08:53.967+0000] {logging_mixin.py:188} INFO - [2026-04-27T12:08:53.966+0000] {dag.py:3096} INFO - Sync 1 DAGs
[2026-04-27T12:08:53.976+0000] {logging_mixin.py:188} INFO - [2026-04-27T12:08:53.976+0000] {dag.py:3954} INFO - Setting next_dagrun for backfill_pipeline to None, run_after=None
[2026-04-27T12:08:53.992+0000] {processor.py:183} INFO - Processing /opt/airflow/dags/backfill_pipeline_dag.py took 0.059 seconds
[2026-04-27T12:09:24.228+0000] {processor.py:161} INFO - Started process (PID=890) to work on /opt/airflow/dags/backfill_pipeline_dag.py
[2026-04-27T12:09:24.229+0000] {processor.py:830} INFO - Processing file /opt/airflow/dags/backfill_pipeline_dag.py for tasks to queue
[2026-04-27T12:09:24.230+0000] {logging_mixin.py:188} INFO - [2026-04-27T12:09:24.230+0000] {dagbag.py:545} INFO - Filling up the DagBag from /opt/airflow/dags/backfill_pipeline_dag.py
[2026-04-27T12:09:24.237+0000] {processor.py:840} INFO - DAG(s) 'backfill_pipeline' retrieved from /opt/airflow/dags/backfill_pipeline_dag.py
[2026-04-27T12:09:24.258+0000] {logging_mixin.py:188} INFO - [2026-04-27T12:09:24.258+0000] {dag.py:3096} INFO - Sync 1 DAGs
[2026-04-27T12:09:24.267+0000] {logging_mixin.py:188} INFO - [2026-04-27T12:09:24.267+0000] {dag.py:3954} INFO - Setting next_dagrun for backfill_pipeline to None, run_after=None
[2026-04-27T12:09:24.284+0000] {processor.py:183} INFO - Processing /opt/airflow/dags/backfill_pipeline_dag.py took 0.060 seconds
[2026-04-27T12:09:54.533+0000] {processor.py:161} INFO - Started process (PID=905) to work on /opt/airflow/dags/backfill_pipeline_dag.py
[2026-04-27T12:09:54.534+0000] {processor.py:830} INFO - Processing file /opt/airflow/dags/backfill_pipeline_dag.py for tasks to queue
[2026-04-27T12:09:54.535+0000] {logging_mixin.py:188} INFO - [2026-04-27T12:09:54.535+0000] {dagbag.py:545} INFO - Filling up the DagBag from /opt/airflow/dags/backfill_pipeline_dag.py
[2026-04-27T12:09:54.542+0000] {processor.py:840} INFO - DAG(s) 'backfill_pipeline' retrieved from /opt/airflow/dags/backfill_pipeline_dag.py
[2026-04-27T12:09:54.563+0000] {logging_mixin.py:188} INFO - [2026-04-27T12:09:54.562+0000] {dag.py:3096} INFO - Sync 1 DAGs
[2026-04-27T12:09:54.572+0000] {logging_mixin.py:188} INFO - [2026-04-27T12:09:54.572+0000] {dag.py:3954} INFO - Setting next_dagrun for backfill_pipeline to None, run_after=None
[2026-04-27T12:09:54.591+0000] {processor.py:183} INFO - Processing /opt/airflow/dags/backfill_pipeline_dag.py took 0.062 seconds
[2026-04-27T12:10:24.810+0000] {processor.py:161} INFO - Started process (PID=920) to work on /opt/airflow/dags/backfill_pipeline_dag.py
[2026-04-27T12:10:24.811+0000] {processor.py:830} INFO - Processing file /opt/airflow/dags/backfill_pipeline_dag.py for tasks to queue
[2026-04-27T12:10:24.812+0000] {logging_mixin.py:188} INFO - [2026-04-27T12:10:24.812+0000] {dagbag.py:545} INFO - Filling up the DagBag from /opt/airflow/dags/backfill_pipeline_dag.py
[2026-04-27T12:10:24.818+0000] {processor.py:840} INFO - DAG(s) 'backfill_pipeline' retrieved from /opt/airflow/dags/backfill_pipeline_dag.py
[2026-04-27T12:10:24.839+0000] {logging_mixin.py:188} INFO - [2026-04-27T12:10:24.839+0000] {dag.py:3096} INFO - Sync 1 DAGs
[2026-04-27T12:10:24.849+0000] {logging_mixin.py:188} INFO - [2026-04-27T12:10:24.849+0000] {dag.py:3954} INFO - Setting next_dagrun for backfill_pipeline to None, run_after=None
[2026-04-27T12:10:24.865+0000] {processor.py:183} INFO - Processing /opt/airflow/dags/backfill_pipeline_dag.py took 0.059 seconds
[2026-04-27T12:10:55.139+0000] {processor.py:161} INFO - Started process (PID=935) to work on /opt/airflow/dags/backfill_pipeline_dag.py
[2026-04-27T12:10:55.140+0000] {processor.py:830} INFO - Processing file /opt/airflow/dags/backfill_pipeline_dag.py for tasks to queue
[2026-04-27T12:10:55.141+0000] {logging_mixin.py:188} INFO - [2026-04-27T12:10:55.141+0000] {dagbag.py:545} INFO - Filling up the DagBag from /opt/airflow/dags/backfill_pipeline_dag.py
[2026-04-27T12:10:55.148+0000] {processor.py:840} INFO - DAG(s) 'backfill_pipeline' retrieved from /opt/airflow/dags/backfill_pipeline_dag.py
[2026-04-27T12:10:55.170+0000] {logging_mixin.py:188} INFO - [2026-04-27T12:10:55.170+0000] {dag.py:3096} INFO - Sync 1 DAGs
[2026-04-27T12:10:55.181+0000] {logging_mixin.py:188} INFO - [2026-04-27T12:10:55.181+0000] {dag.py:3954} INFO - Setting next_dagrun for backfill_pipeline to None, run_after=None
[2026-04-27T12:10:55.198+0000] {processor.py:183} INFO - Processing /opt/airflow/dags/backfill_pipeline_dag.py took 0.063 seconds
[2026-04-27T12:11:25.393+0000] {processor.py:161} INFO - Started process (PID=950) to work on /opt/airflow/dags/backfill_pipeline_dag.py
[2026-04-27T12:11:25.394+0000] {processor.py:830} INFO - Processing file /opt/airflow/dags/backfill_pipeline_dag.py for tasks to queue
[2026-04-27T12:11:25.396+0000] {logging_mixin.py:188} INFO - [2026-04-27T12:11:25.396+0000] {dagbag.py:545} INFO - Filling up the DagBag from /opt/airflow/dags/backfill_pipeline_dag.py
[2026-04-27T12:11:25.411+0000] {processor.py:840} INFO - DAG(s) 'backfill_pipeline' retrieved from /opt/airflow/dags/backfill_pipeline_dag.py
[2026-04-27T12:11:25.443+0000] {logging_mixin.py:188} INFO - [2026-04-27T12:11:25.443+0000] {dag.py:3096} INFO - Sync 1 DAGs
[2026-04-27T12:11:25.454+0000] {logging_mixin.py:188} INFO - [2026-04-27T12:11:25.454+0000] {dag.py:3954} INFO - Setting next_dagrun for backfill_pipeline to None, run_after=None
[2026-04-27T12:11:25.471+0000] {processor.py:183} INFO - Processing /opt/airflow/dags/backfill_pipeline_dag.py took 0.084 seconds
[2026-04-27T12:11:55.708+0000] {processor.py:161} INFO - Started process (PID=965) to work on /opt/airflow/dags/backfill_pipeline_dag.py
[2026-04-27T12:11:55.710+0000] {processor.py:830} INFO - Processing file /opt/airflow/dags/backfill_pipeline_dag.py for tasks to queue
[2026-04-27T12:11:55.715+0000] {logging_mixin.py:188} INFO - [2026-04-27T12:11:55.714+0000] {dagbag.py:545} INFO - Filling up the DagBag from /opt/airflow/dags/backfill_pipeline_dag.py
[2026-04-27T12:11:55.723+0000] {processor.py:840} INFO - DAG(s) 'backfill_pipeline' retrieved from /opt/airflow/dags/backfill_pipeline_dag.py
[2026-04-27T12:11:55.752+0000] {logging_mixin.py:188} INFO - [2026-04-27T12:11:55.752+0000] {dag.py:3096} INFO - Sync 1 DAGs
[2026-04-27T12:11:55.765+0000] {logging_mixin.py:188} INFO - [2026-04-27T12:11:55.764+0000] {dag.py:3954} INFO - Setting next_dagrun for backfill_pipeline to None, run_after=None
[2026-04-27T12:11:55.783+0000] {processor.py:183} INFO - Processing /opt/airflow/dags/backfill_pipeline_dag.py took 0.085 seconds
[2026-04-27T12:12:25.984+0000] {processor.py:161} INFO - Started process (PID=980) to work on /opt/airflow/dags/backfill_pipeline_dag.py
[2026-04-27T12:12:25.985+0000] {processor.py:830} INFO - Processing file /opt/airflow/dags/backfill_pipeline_dag.py for tasks to queue
[2026-04-27T12:12:25.987+0000] {logging_mixin.py:188} INFO - [2026-04-27T12:12:25.986+0000] {dagbag.py:545} INFO - Filling up the DagBag from /opt/airflow/dags/backfill_pipeline_dag.py
[2026-04-27T12:12:25.995+0000] {processor.py:840} INFO - DAG(s) 'backfill_pipeline' retrieved from /opt/airflow/dags/backfill_pipeline_dag.py
[2026-04-27T12:12:26.019+0000] {logging_mixin.py:188} INFO - [2026-04-27T12:12:26.018+0000] {dag.py:3096} INFO - Sync 1 DAGs
[2026-04-27T12:12:26.030+0000] {logging_mixin.py:188} INFO - [2026-04-27T12:12:26.029+0000] {dag.py:3954} INFO - Setting next_dagrun for backfill_pipeline to None, run_after=None
[2026-04-27T12:12:26.046+0000] {processor.py:183} INFO - Processing /opt/airflow/dags/backfill_pipeline_dag.py took 0.067 seconds
[2026-04-27T12:12:56.316+0000] {processor.py:161} INFO - Started process (PID=995) to work on /opt/airflow/dags/backfill_pipeline_dag.py
[2026-04-27T12:12:56.316+0000] {processor.py:830} INFO - Processing file /opt/airflow/dags/backfill_pipeline_dag.py for tasks to queue
[2026-04-27T12:12:56.318+0000] {logging_mixin.py:188} INFO - [2026-04-27T12:12:56.317+0000] {dagbag.py:545} INFO - Filling up the DagBag from /opt/airflow/dags/backfill_pipeline_dag.py
[2026-04-27T12:12:56.324+0000] {processor.py:840} INFO - DAG(s) 'backfill_pipeline' retrieved from /opt/airflow/dags/backfill_pipeline_dag.py
[2026-04-27T12:12:56.348+0000] {logging_mixin.py:188} INFO - [2026-04-27T12:12:56.347+0000] {dag.py:3096} INFO - Sync 1 DAGs
[2026-04-27T12:12:56.357+0000] {logging_mixin.py:188} INFO - [2026-04-27T12:12:56.357+0000] {dag.py:3954} INFO - Setting next_dagrun for backfill_pipeline to None, run_after=None
[2026-04-27T12:12:56.373+0000] {processor.py:183} INFO - Processing /opt/airflow/dags/backfill_pipeline_dag.py took 0.062 seconds
[2026-04-27T12:13:26.586+0000] {processor.py:161} INFO - Started process (PID=1010) to work on /opt/airflow/dags/backfill_pipeline_dag.py
[2026-04-27T12:13:26.587+0000] {processor.py:830} INFO - Processing file /opt/airflow/dags/backfill_pipeline_dag.py for tasks to queue
[2026-04-27T12:13:26.589+0000] {logging_mixin.py:188} INFO - [2026-04-27T12:13:26.588+0000] {dagbag.py:545} INFO - Filling up the DagBag from /opt/airflow/dags/backfill_pipeline_dag.py
[2026-04-27T12:13:26.595+0000] {processor.py:840} INFO - DAG(s) 'backfill_pipeline' retrieved from /opt/airflow/dags/backfill_pipeline_dag.py
[2026-04-27T12:13:26.616+0000] {logging_mixin.py:188} INFO - [2026-04-27T12:13:26.616+0000] {dag.py:3096} INFO - Sync 1 DAGs
[2026-04-27T12:13:26.624+0000] {logging_mixin.py:188} INFO - [2026-04-27T12:13:26.624+0000] {dag.py:3954} INFO - Setting next_dagrun for backfill_pipeline to None, run_after=None
[2026-04-27T12:13:26.641+0000] {processor.py:183} INFO - Processing /opt/airflow/dags/backfill_pipeline_dag.py took 0.059 seconds
[2026-04-27T12:13:56.819+0000] {processor.py:161} INFO - Started process (PID=1025) to work on /opt/airflow/dags/backfill_pipeline_dag.py
[2026-04-27T12:13:56.820+0000] {processor.py:830} INFO - Processing file /opt/airflow/dags/backfill_pipeline_dag.py for tasks to queue
[2026-04-27T12:13:56.821+0000] {logging_mixin.py:188} INFO - [2026-04-27T12:13:56.821+0000] {dagbag.py:545} INFO - Filling up the DagBag from /opt/airflow/dags/backfill_pipeline_dag.py
[2026-04-27T12:13:56.828+0000] {processor.py:840} INFO - DAG(s) 'backfill_pipeline' retrieved from /opt/airflow/dags/backfill_pipeline_dag.py
[2026-04-27T12:13:56.850+0000] {logging_mixin.py:188} INFO - [2026-04-27T12:13:56.849+0000] {dag.py:3096} INFO - Sync 1 DAGs
[2026-04-27T12:13:56.858+0000] {logging_mixin.py:188} INFO - [2026-04-27T12:13:56.858+0000] {dag.py:3954} INFO - Setting next_dagrun for backfill_pipeline to None, run_after=None
[2026-04-27T12:13:56.875+0000] {processor.py:183} INFO - Processing /opt/airflow/dags/backfill_pipeline_dag.py took 0.060 seconds
[2026-04-27T12:14:27.065+0000] {processor.py:161} INFO - Started process (PID=1040) to work on /opt/airflow/dags/backfill_pipeline_dag.py
[2026-04-27T12:14:27.066+0000] {processor.py:830} INFO - Processing file /opt/airflow/dags/backfill_pipeline_dag.py for tasks to queue
[2026-04-27T12:14:27.067+0000] {logging_mixin.py:188} INFO - [2026-04-27T12:14:27.067+0000] {dagbag.py:545} INFO - Filling up the DagBag from /opt/airflow/dags/backfill_pipeline_dag.py
[2026-04-27T12:14:27.074+0000] {processor.py:840} INFO - DAG(s) 'backfill_pipeline' retrieved from /opt/airflow/dags/backfill_pipeline_dag.py
[2026-04-27T12:14:27.093+0000] {logging_mixin.py:188} INFO - [2026-04-27T12:14:27.093+0000] {dag.py:3096} INFO - Sync 1 DAGs
[2026-04-27T12:14:27.101+0000] {logging_mixin.py:188} INFO - [2026-04-27T12:14:27.101+0000] {dag.py:3954} INFO - Setting next_dagrun for backfill_pipeline to None, run_after=None
[2026-04-27T12:14:27.116+0000] {processor.py:183} INFO - Processing /opt/airflow/dags/backfill_pipeline_dag.py took 0.055 seconds
[2026-04-27T12:14:57.345+0000] {processor.py:161} INFO - Started process (PID=1055) to work on /opt/airflow/dags/backfill_pipeline_dag.py
[2026-04-27T12:14:57.346+0000] {processor.py:830} INFO - Processing file /opt/airflow/dags/backfill_pipeline_dag.py for tasks to queue
[2026-04-27T12:14:57.347+0000] {logging_mixin.py:188} INFO - [2026-04-27T12:14:57.347+0000] {dagbag.py:545} INFO - Filling up the DagBag from /opt/airflow/dags/backfill_pipeline_dag.py
[2026-04-27T12:14:57.354+0000] {processor.py:840} INFO - DAG(s) 'backfill_pipeline' retrieved from /opt/airflow/dags/backfill_pipeline_dag.py
[2026-04-27T12:14:57.375+0000] {logging_mixin.py:188} INFO - [2026-04-27T12:14:57.375+0000] {dag.py:3096} INFO - Sync 1 DAGs
[2026-04-27T12:14:57.384+0000] {logging_mixin.py:188} INFO - [2026-04-27T12:14:57.383+0000] {dag.py:3954} INFO - Setting next_dagrun for backfill_pipeline to None, run_after=None
[2026-04-27T12:14:57.400+0000] {processor.py:183} INFO - Processing /opt/airflow/dags/backfill_pipeline_dag.py took 0.059 seconds
[2026-04-27T12:15:27.612+0000] {processor.py:161} INFO - Started process (PID=1069) to work on /opt/airflow/dags/backfill_pipeline_dag.py
[2026-04-27T12:15:27.613+0000] {processor.py:830} INFO - Processing file /opt/airflow/dags/backfill_pipeline_dag.py for tasks to queue
[2026-04-27T12:15:27.614+0000] {logging_mixin.py:188} INFO - [2026-04-27T12:15:27.614+0000] {dagbag.py:545} INFO - Filling up the DagBag from /opt/airflow/dags/backfill_pipeline_dag.py
[2026-04-27T12:15:27.621+0000] {processor.py:840} INFO - DAG(s) 'backfill_pipeline' retrieved from /opt/airflow/dags/backfill_pipeline_dag.py
[2026-04-27T12:15:27.642+0000] {logging_mixin.py:188} INFO - [2026-04-27T12:15:27.642+0000] {dag.py:3096} INFO - Sync 1 DAGs
[2026-04-27T12:15:27.650+0000] {logging_mixin.py:188} INFO - [2026-04-27T12:15:27.650+0000] {dag.py:3954} INFO - Setting next_dagrun for backfill_pipeline to None, run_after=None
[2026-04-27T12:15:27.666+0000] {processor.py:183} INFO - Processing /opt/airflow/dags/backfill_pipeline_dag.py took 0.058 seconds
[2026-04-27T12:15:57.859+0000] {processor.py:161} INFO - Started process (PID=1085) to work on /opt/airflow/dags/backfill_pipeline_dag.py
[2026-04-27T12:15:57.860+0000] {processor.py:830} INFO - Processing file /opt/airflow/dags/backfill_pipeline_dag.py for tasks to queue
[2026-04-27T12:15:57.861+0000] {logging_mixin.py:188} INFO - [2026-04-27T12:15:57.861+0000] {dagbag.py:545} INFO - Filling up the DagBag from /opt/airflow/dags/backfill_pipeline_dag.py
[2026-04-27T12:15:57.868+0000] {processor.py:840} INFO - DAG(s) 'backfill_pipeline' retrieved from /opt/airflow/dags/backfill_pipeline_dag.py
[2026-04-27T12:15:57.892+0000] {logging_mixin.py:188} INFO - [2026-04-27T12:15:57.891+0000] {dag.py:3096} INFO - Sync 1 DAGs
[2026-04-27T12:15:57.901+0000] {logging_mixin.py:188} INFO - [2026-04-27T12:15:57.901+0000] {dag.py:3954} INFO - Setting next_dagrun for backfill_pipeline to None, run_after=None
[2026-04-27T12:15:57.917+0000] {processor.py:183} INFO - Processing /opt/airflow/dags/backfill_pipeline_dag.py took 0.062 seconds
[2026-04-27T12:16:28.092+0000] {processor.py:161} INFO - Started process (PID=1099) to work on /opt/airflow/dags/backfill_pipeline_dag.py
[2026-04-27T12:16:28.093+0000] {processor.py:830} INFO - Processing file /opt/airflow/dags/backfill_pipeline_dag.py for tasks to queue
[2026-04-27T12:16:28.094+0000] {logging_mixin.py:188} INFO - [2026-04-27T12:16:28.094+0000] {dagbag.py:545} INFO - Filling up the DagBag from /opt/airflow/dags/backfill_pipeline_dag.py
[2026-04-27T12:16:28.101+0000] {processor.py:840} INFO - DAG(s) 'backfill_pipeline' retrieved from /opt/airflow/dags/backfill_pipeline_dag.py
[2026-04-27T12:16:28.123+0000] {logging_mixin.py:188} INFO - [2026-04-27T12:16:28.123+0000] {dag.py:3096} INFO - Sync 1 DAGs
[2026-04-27T12:16:28.131+0000] {logging_mixin.py:188} INFO - [2026-04-27T12:16:28.131+0000] {dag.py:3954} INFO - Setting next_dagrun for backfill_pipeline to None, run_after=None
[2026-04-27T12:16:28.146+0000] {processor.py:183} INFO - Processing /opt/airflow/dags/backfill_pipeline_dag.py took 0.058 seconds
[2026-04-27T12:16:58.375+0000] {processor.py:161} INFO - Started process (PID=1115) to work on /opt/airflow/dags/backfill_pipeline_dag.py
[2026-04-27T12:16:58.376+0000] {processor.py:830} INFO - Processing file /opt/airflow/dags/backfill_pipeline_dag.py for tasks to queue
[2026-04-27T12:16:58.378+0000] {logging_mixin.py:188} INFO - [2026-04-27T12:16:58.378+0000] {dagbag.py:545} INFO - Filling up the DagBag from /opt/airflow/dags/backfill_pipeline_dag.py
[2026-04-27T12:16:58.384+0000] {processor.py:840} INFO - DAG(s) 'backfill_pipeline' retrieved from /opt/airflow/dags/backfill_pipeline_dag.py
[2026-04-27T12:16:58.405+0000] {logging_mixin.py:188} INFO - [2026-04-27T12:16:58.405+0000] {dag.py:3096} INFO - Sync 1 DAGs
[2026-04-27T12:16:58.414+0000] {logging_mixin.py:188} INFO - [2026-04-27T12:16:58.414+0000] {dag.py:3954} INFO - Setting next_dagrun for backfill_pipeline to None, run_after=None
[2026-04-27T12:16:58.430+0000] {processor.py:183} INFO - Processing /opt/airflow/dags/backfill_pipeline_dag.py took 0.059 seconds
[2026-04-27T12:17:28.601+0000] {processor.py:161} INFO - Started process (PID=1129) to work on /opt/airflow/dags/backfill_pipeline_dag.py
[2026-04-27T12:17:28.602+0000] {processor.py:830} INFO - Processing file /opt/airflow/dags/backfill_pipeline_dag.py for tasks to queue
[2026-04-27T12:17:28.603+0000] {logging_mixin.py:188} INFO - [2026-04-27T12:17:28.603+0000] {dagbag.py:545} INFO - Filling up the DagBag from /opt/airflow/dags/backfill_pipeline_dag.py
[2026-04-27T12:17:28.609+0000] {processor.py:840} INFO - DAG(s) 'backfill_pipeline' retrieved from /opt/airflow/dags/backfill_pipeline_dag.py
[2026-04-27T12:17:28.630+0000] {logging_mixin.py:188} INFO - [2026-04-27T12:17:28.630+0000] {dag.py:3096} INFO - Sync 1 DAGs
[2026-04-27T12:17:28.639+0000] {logging_mixin.py:188} INFO - [2026-04-27T12:17:28.639+0000] {dag.py:3954} INFO - Setting next_dagrun for backfill_pipeline to None, run_after=None
[2026-04-27T12:17:28.655+0000] {processor.py:183} INFO - Processing /opt/airflow/dags/backfill_pipeline_dag.py took 0.058 seconds
[2026-04-27T12:17:58.827+0000] {processor.py:161} INFO - Started process (PID=1145) to work on /opt/airflow/dags/backfill_pipeline_dag.py
[2026-04-27T12:17:58.829+0000] {processor.py:830} INFO - Processing file /opt/airflow/dags/backfill_pipeline_dag.py for tasks to queue
[2026-04-27T12:17:58.831+0000] {logging_mixin.py:188} INFO - [2026-04-27T12:17:58.830+0000] {dagbag.py:545} INFO - Filling up the DagBag from /opt/airflow/dags/backfill_pipeline_dag.py
[2026-04-27T12:17:58.837+0000] {processor.py:840} INFO - DAG(s) 'backfill_pipeline' retrieved from /opt/airflow/dags/backfill_pipeline_dag.py
[2026-04-27T12:17:58.857+0000] {logging_mixin.py:188} INFO - [2026-04-27T12:17:58.856+0000] {dag.py:3096} INFO - Sync 1 DAGs
[2026-04-27T12:17:58.865+0000] {logging_mixin.py:188} INFO - [2026-04-27T12:17:58.865+0000] {dag.py:3954} INFO - Setting next_dagrun for backfill_pipeline to None, run_after=None
[2026-04-27T12:17:58.880+0000] {processor.py:183} INFO - Processing /opt/airflow/dags/backfill_pipeline_dag.py took 0.057 seconds
[2026-04-27T12:18:29.054+0000] {processor.py:161} INFO - Started process (PID=1159) to work on /opt/airflow/dags/backfill_pipeline_dag.py
[2026-04-27T12:18:29.056+0000] {processor.py:830} INFO - Processing file /opt/airflow/dags/backfill_pipeline_dag.py for tasks to queue
[2026-04-27T12:18:29.057+0000] {logging_mixin.py:188} INFO - [2026-04-27T12:18:29.057+0000] {dagbag.py:545} INFO - Filling up the DagBag from /opt/airflow/dags/backfill_pipeline_dag.py
[2026-04-27T12:18:29.063+0000] {processor.py:840} INFO - DAG(s) 'backfill_pipeline' retrieved from /opt/airflow/dags/backfill_pipeline_dag.py
[2026-04-27T12:18:29.085+0000] {logging_mixin.py:188} INFO - [2026-04-27T12:18:29.084+0000] {dag.py:3096} INFO - Sync 1 DAGs
[2026-04-27T12:18:29.093+0000] {logging_mixin.py:188} INFO - [2026-04-27T12:18:29.093+0000] {dag.py:3954} INFO - Setting next_dagrun for backfill_pipeline to None, run_after=None
[2026-04-27T12:18:29.108+0000] {processor.py:183} INFO - Processing /opt/airflow/dags/backfill_pipeline_dag.py took 0.058 seconds
[2026-04-27T12:18:59.306+0000] {processor.py:161} INFO - Started process (PID=1175) to work on /opt/airflow/dags/backfill_pipeline_dag.py
[2026-04-27T12:18:59.307+0000] {processor.py:830} INFO - Processing file /opt/airflow/dags/backfill_pipeline_dag.py for tasks to queue
[2026-04-27T12:18:59.308+0000] {logging_mixin.py:188} INFO - [2026-04-27T12:18:59.308+0000] {dagbag.py:545} INFO - Filling up the DagBag from /opt/airflow/dags/backfill_pipeline_dag.py
[2026-04-27T12:18:59.314+0000] {processor.py:840} INFO - DAG(s) 'backfill_pipeline' retrieved from /opt/airflow/dags/backfill_pipeline_dag.py
[2026-04-27T12:18:59.335+0000] {logging_mixin.py:188} INFO - [2026-04-27T12:18:59.335+0000] {dag.py:3096} INFO - Sync 1 DAGs
[2026-04-27T12:18:59.343+0000] {logging_mixin.py:188} INFO - [2026-04-27T12:18:59.343+0000] {dag.py:3954} INFO - Setting next_dagrun for backfill_pipeline to None, run_after=None
[2026-04-27T12:18:59.358+0000] {processor.py:183} INFO - Processing /opt/airflow/dags/backfill_pipeline_dag.py took 0.056 seconds
[2026-04-27T12:19:29.589+0000] {processor.py:161} INFO - Started process (PID=1190) to work on /opt/airflow/dags/backfill_pipeline_dag.py
[2026-04-27T12:19:29.590+0000] {processor.py:830} INFO - Processing file /opt/airflow/dags/backfill_pipeline_dag.py for tasks to queue
[2026-04-27T12:19:29.592+0000] {logging_mixin.py:188} INFO - [2026-04-27T12:19:29.591+0000] {dagbag.py:545} INFO - Filling up the DagBag from /opt/airflow/dags/backfill_pipeline_dag.py
[2026-04-27T12:19:29.598+0000] {processor.py:840} INFO - DAG(s) 'backfill_pipeline' retrieved from /opt/airflow/dags/backfill_pipeline_dag.py
[2026-04-27T12:19:29.619+0000] {logging_mixin.py:188} INFO - [2026-04-27T12:19:29.619+0000] {dag.py:3096} INFO - Sync 1 DAGs
[2026-04-27T12:19:29.627+0000] {logging_mixin.py:188} INFO - [2026-04-27T12:19:29.627+0000] {dag.py:3954} INFO - Setting next_dagrun for backfill_pipeline to None, run_after=None
[2026-04-27T12:19:29.643+0000] {processor.py:183} INFO - Processing /opt/airflow/dags/backfill_pipeline_dag.py took 0.057 seconds
[2026-04-27T12:19:59.792+0000] {processor.py:161} INFO - Started process (PID=1205) to work on /opt/airflow/dags/backfill_pipeline_dag.py
[2026-04-27T12:19:59.793+0000] {processor.py:830} INFO - Processing file /opt/airflow/dags/backfill_pipeline_dag.py for tasks to queue
[2026-04-27T12:19:59.794+0000] {logging_mixin.py:188} INFO - [2026-04-27T12:19:59.794+0000] {dagbag.py:545} INFO - Filling up the DagBag from /opt/airflow/dags/backfill_pipeline_dag.py
[2026-04-27T12:19:59.801+0000] {processor.py:840} INFO - DAG(s) 'backfill_pipeline' retrieved from /opt/airflow/dags/backfill_pipeline_dag.py
[2026-04-27T12:19:59.822+0000] {logging_mixin.py:188} INFO - [2026-04-27T12:19:59.822+0000] {dag.py:3096} INFO - Sync 1 DAGs
[2026-04-27T12:19:59.830+0000] {logging_mixin.py:188} INFO - [2026-04-27T12:19:59.830+0000] {dag.py:3954} INFO - Setting next_dagrun for backfill_pipeline to None, run_after=None
[2026-04-27T12:19:59.845+0000] {processor.py:183} INFO - Processing /opt/airflow/dags/backfill_pipeline_dag.py took 0.058 seconds
[2026-04-27T12:20:30.043+0000] {processor.py:161} INFO - Started process (PID=1220) to work on /opt/airflow/dags/backfill_pipeline_dag.py
[2026-04-27T12:20:30.045+0000] {processor.py:830} INFO - Processing file /opt/airflow/dags/backfill_pipeline_dag.py for tasks to queue
[2026-04-27T12:20:30.048+0000] {logging_mixin.py:188} INFO - [2026-04-27T12:20:30.048+0000] {dagbag.py:545} INFO - Filling up the DagBag from /opt/airflow/dags/backfill_pipeline_dag.py
[2026-04-27T12:20:30.063+0000] {processor.py:840} INFO - DAG(s) 'backfill_pipeline' retrieved from /opt/airflow/dags/backfill_pipeline_dag.py
[2026-04-27T12:20:30.092+0000] {logging_mixin.py:188} INFO - [2026-04-27T12:20:30.092+0000] {dag.py:3096} INFO - Sync 1 DAGs
[2026-04-27T12:20:30.105+0000] {logging_mixin.py:188} INFO - [2026-04-27T12:20:30.104+0000] {dag.py:3954} INFO - Setting next_dagrun for backfill_pipeline to None, run_after=None
[2026-04-27T12:20:30.132+0000] {processor.py:183} INFO - Processing /opt/airflow/dags/backfill_pipeline_dag.py took 0.097 seconds
[2026-04-27T12:21:00.332+0000] {processor.py:161} INFO - Started process (PID=1235) to work on /opt/airflow/dags/backfill_pipeline_dag.py
[2026-04-27T12:21:00.333+0000] {processor.py:830} INFO - Processing file /opt/airflow/dags/backfill_pipeline_dag.py for tasks to queue
[2026-04-27T12:21:00.334+0000] {logging_mixin.py:188} INFO - [2026-04-27T12:21:00.334+0000] {dagbag.py:545} INFO - Filling up the DagBag from /opt/airflow/dags/backfill_pipeline_dag.py
[2026-04-27T12:21:00.340+0000] {processor.py:840} INFO - DAG(s) 'backfill_pipeline' retrieved from /opt/airflow/dags/backfill_pipeline_dag.py
[2026-04-27T12:21:00.361+0000] {logging_mixin.py:188} INFO - [2026-04-27T12:21:00.361+0000] {dag.py:3096} INFO - Sync 1 DAGs
[2026-04-27T12:21:00.369+0000] {logging_mixin.py:188} INFO - [2026-04-27T12:21:00.369+0000] {dag.py:3954} INFO - Setting next_dagrun for backfill_pipeline to None, run_after=None
[2026-04-27T12:21:00.385+0000] {processor.py:183} INFO - Processing /opt/airflow/dags/backfill_pipeline_dag.py took 0.057 seconds
[2026-04-27T12:21:30.524+0000] {processor.py:161} INFO - Started process (PID=1249) to work on /opt/airflow/dags/backfill_pipeline_dag.py
[2026-04-27T12:21:30.525+0000] {processor.py:830} INFO - Processing file /opt/airflow/dags/backfill_pipeline_dag.py for tasks to queue
[2026-04-27T12:21:30.526+0000] {logging_mixin.py:188} INFO - [2026-04-27T12:21:30.526+0000] {dagbag.py:545} INFO - Filling up the DagBag from /opt/airflow/dags/backfill_pipeline_dag.py
[2026-04-27T12:21:30.533+0000] {processor.py:840} INFO - DAG(s) 'backfill_pipeline' retrieved from /opt/airflow/dags/backfill_pipeline_dag.py
[2026-04-27T12:21:30.553+0000] {logging_mixin.py:188} INFO - [2026-04-27T12:21:30.553+0000] {dag.py:3096} INFO - Sync 1 DAGs
[2026-04-27T12:21:30.563+0000] {logging_mixin.py:188} INFO - [2026-04-27T12:21:30.563+0000] {dag.py:3954} INFO - Setting next_dagrun for backfill_pipeline to None, run_after=None
[2026-04-27T12:21:30.578+0000] {processor.py:183} INFO - Processing /opt/airflow/dags/backfill_pipeline_dag.py took 0.059 seconds
[2026-04-27T12:22:00.718+0000] {processor.py:161} INFO - Started process (PID=1265) to work on /opt/airflow/dags/backfill_pipeline_dag.py
[2026-04-27T12:22:00.719+0000] {processor.py:830} INFO - Processing file /opt/airflow/dags/backfill_pipeline_dag.py for tasks to queue
[2026-04-27T12:22:00.721+0000] {logging_mixin.py:188} INFO - [2026-04-27T12:22:00.721+0000] {dagbag.py:545} INFO - Filling up the DagBag from /opt/airflow/dags/backfill_pipeline_dag.py
[2026-04-27T12:22:00.727+0000] {processor.py:840} INFO - DAG(s) 'backfill_pipeline' retrieved from /opt/airflow/dags/backfill_pipeline_dag.py
[2026-04-27T12:22:00.747+0000] {logging_mixin.py:188} INFO - [2026-04-27T12:22:00.747+0000] {dag.py:3096} INFO - Sync 1 DAGs
[2026-04-27T12:22:00.755+0000] {logging_mixin.py:188} INFO - [2026-04-27T12:22:00.755+0000] {dag.py:3954} INFO - Setting next_dagrun for backfill_pipeline to None, run_after=None
[2026-04-27T12:22:00.770+0000] {processor.py:183} INFO - Processing /opt/airflow/dags/backfill_pipeline_dag.py took 0.056 seconds
[2026-04-27T12:22:30.960+0000] {processor.py:161} INFO - Started process (PID=1280) to work on /opt/airflow/dags/backfill_pipeline_dag.py
[2026-04-27T12:22:30.961+0000] {processor.py:830} INFO - Processing file /opt/airflow/dags/backfill_pipeline_dag.py for tasks to queue
[2026-04-27T12:22:30.962+0000] {logging_mixin.py:188} INFO - [2026-04-27T12:22:30.962+0000] {dagbag.py:545} INFO - Filling up the DagBag from /opt/airflow/dags/backfill_pipeline_dag.py
[2026-04-27T12:22:30.970+0000] {processor.py:840} INFO - DAG(s) 'backfill_pipeline' retrieved from /opt/airflow/dags/backfill_pipeline_dag.py
[2026-04-27T12:22:30.991+0000] {logging_mixin.py:188} INFO - [2026-04-27T12:22:30.991+0000] {dag.py:3096} INFO - Sync 1 DAGs
[2026-04-27T12:22:30.999+0000] {logging_mixin.py:188} INFO - [2026-04-27T12:22:30.999+0000] {dag.py:3954} INFO - Setting next_dagrun for backfill_pipeline to None, run_after=None
[2026-04-27T12:22:31.015+0000] {processor.py:183} INFO - Processing /opt/airflow/dags/backfill_pipeline_dag.py took 0.060 seconds
[2026-04-27T12:23:01.237+0000] {processor.py:161} INFO - Started process (PID=1295) to work on /opt/airflow/dags/backfill_pipeline_dag.py
[2026-04-27T12:23:01.238+0000] {processor.py:830} INFO - Processing file /opt/airflow/dags/backfill_pipeline_dag.py for tasks to queue
[2026-04-27T12:23:01.239+0000] {logging_mixin.py:188} INFO - [2026-04-27T12:23:01.239+0000] {dagbag.py:545} INFO - Filling up the DagBag from /opt/airflow/dags/backfill_pipeline_dag.py
[2026-04-27T12:23:01.246+0000] {processor.py:840} INFO - DAG(s) 'backfill_pipeline' retrieved from /opt/airflow/dags/backfill_pipeline_dag.py
[2026-04-27T12:23:01.267+0000] {logging_mixin.py:188} INFO - [2026-04-27T12:23:01.267+0000] {dag.py:3096} INFO - Sync 1 DAGs
[2026-04-27T12:23:01.276+0000] {logging_mixin.py:188} INFO - [2026-04-27T12:23:01.276+0000] {dag.py:3954} INFO - Setting next_dagrun for backfill_pipeline to None, run_after=None
[2026-04-27T12:23:01.291+0000] {processor.py:183} INFO - Processing /opt/airflow/dags/backfill_pipeline_dag.py took 0.057 seconds
[2026-04-27T12:23:31.495+0000] {processor.py:161} INFO - Started process (PID=1309) to work on /opt/airflow/dags/backfill_pipeline_dag.py
[2026-04-27T12:23:31.496+0000] {processor.py:830} INFO - Processing file /opt/airflow/dags/backfill_pipeline_dag.py for tasks to queue
[2026-04-27T12:23:31.497+0000] {logging_mixin.py:188} INFO - [2026-04-27T12:23:31.497+0000] {dagbag.py:545} INFO - Filling up the DagBag from /opt/airflow/dags/backfill_pipeline_dag.py
[2026-04-27T12:23:31.504+0000] {processor.py:840} INFO - DAG(s) 'backfill_pipeline' retrieved from /opt/airflow/dags/backfill_pipeline_dag.py
[2026-04-27T12:23:31.525+0000] {logging_mixin.py:188} INFO - [2026-04-27T12:23:31.525+0000] {dag.py:3096} INFO - Sync 1 DAGs
[2026-04-27T12:23:31.533+0000] {logging_mixin.py:188} INFO - [2026-04-27T12:23:31.533+0000] {dag.py:3954} INFO - Setting next_dagrun for backfill_pipeline to None, run_after=None
[2026-04-27T12:23:31.548+0000] {processor.py:183} INFO - Processing /opt/airflow/dags/backfill_pipeline_dag.py took 0.058 seconds
[2026-04-27T12:24:01.712+0000] {processor.py:161} INFO - Started process (PID=1325) to work on /opt/airflow/dags/backfill_pipeline_dag.py
[2026-04-27T12:24:01.713+0000] {processor.py:830} INFO - Processing file /opt/airflow/dags/backfill_pipeline_dag.py for tasks to queue
[2026-04-27T12:24:01.714+0000] {logging_mixin.py:188} INFO - [2026-04-27T12:24:01.714+0000] {dagbag.py:545} INFO - Filling up the DagBag from /opt/airflow/dags/backfill_pipeline_dag.py
[2026-04-27T12:24:01.721+0000] {processor.py:840} INFO - DAG(s) 'backfill_pipeline' retrieved from /opt/airflow/dags/backfill_pipeline_dag.py
[2026-04-27T12:24:01.743+0000] {logging_mixin.py:188} INFO - [2026-04-27T12:24:01.742+0000] {dag.py:3096} INFO - Sync 1 DAGs
[2026-04-27T12:24:01.751+0000] {logging_mixin.py:188} INFO - [2026-04-27T12:24:01.751+0000] {dag.py:3954} INFO - Setting next_dagrun for backfill_pipeline to None, run_after=None
[2026-04-27T12:24:01.766+0000] {processor.py:183} INFO - Processing /opt/airflow/dags/backfill_pipeline_dag.py took 0.059 seconds
[2026-04-27T12:24:31.986+0000] {processor.py:161} INFO - Started process (PID=1340) to work on /opt/airflow/dags/backfill_pipeline_dag.py
[2026-04-27T12:24:31.987+0000] {processor.py:830} INFO - Processing file /opt/airflow/dags/backfill_pipeline_dag.py for tasks to queue
[2026-04-27T12:24:31.988+0000] {logging_mixin.py:188} INFO - [2026-04-27T12:24:31.988+0000] {dagbag.py:545} INFO - Filling up the DagBag from /opt/airflow/dags/backfill_pipeline_dag.py
[2026-04-27T12:24:31.994+0000] {processor.py:840} INFO - DAG(s) 'backfill_pipeline' retrieved from /opt/airflow/dags/backfill_pipeline_dag.py
[2026-04-27T12:24:32.015+0000] {logging_mixin.py:188} INFO - [2026-04-27T12:24:32.015+0000] {dag.py:3096} INFO - Sync 1 DAGs
[2026-04-27T12:24:32.026+0000] {logging_mixin.py:188} INFO - [2026-04-27T12:24:32.026+0000] {dag.py:3954} INFO - Setting next_dagrun for backfill_pipeline to None, run_after=None
[2026-04-27T12:24:32.043+0000] {processor.py:183} INFO - Processing /opt/airflow/dags/backfill_pipeline_dag.py took 0.061 seconds
[2026-04-27T12:25:02.213+0000] {processor.py:161} INFO - Started process (PID=1360) to work on /opt/airflow/dags/backfill_pipeline_dag.py
[2026-04-27T12:25:02.214+0000] {processor.py:830} INFO - Processing file /opt/airflow/dags/backfill_pipeline_dag.py for tasks to queue
[2026-04-27T12:25:02.215+0000] {logging_mixin.py:188} INFO - [2026-04-27T12:25:02.215+0000] {dagbag.py:545} INFO - Filling up the DagBag from /opt/airflow/dags/backfill_pipeline_dag.py
[2026-04-27T12:25:02.221+0000] {processor.py:840} INFO - DAG(s) 'backfill_pipeline' retrieved from /opt/airflow/dags/backfill_pipeline_dag.py
[2026-04-27T12:25:02.243+0000] {logging_mixin.py:188} INFO - [2026-04-27T12:25:02.242+0000] {dag.py:3096} INFO - Sync 1 DAGs
[2026-04-27T12:25:02.251+0000] {logging_mixin.py:188} INFO - [2026-04-27T12:25:02.251+0000] {dag.py:3954} INFO - Setting next_dagrun for backfill_pipeline to None, run_after=None
[2026-04-27T12:25:02.267+0000] {processor.py:183} INFO - Processing /opt/airflow/dags/backfill_pipeline_dag.py took 0.058 seconds
[2026-04-27T12:25:32.419+0000] {processor.py:161} INFO - Started process (PID=1375) to work on /opt/airflow/dags/backfill_pipeline_dag.py
[2026-04-27T12:25:32.420+0000] {processor.py:830} INFO - Processing file /opt/airflow/dags/backfill_pipeline_dag.py for tasks to queue
[2026-04-27T12:25:32.421+0000] {logging_mixin.py:188} INFO - [2026-04-27T12:25:32.421+0000] {dagbag.py:545} INFO - Filling up the DagBag from /opt/airflow/dags/backfill_pipeline_dag.py
[2026-04-27T12:25:32.427+0000] {processor.py:840} INFO - DAG(s) 'backfill_pipeline' retrieved from /opt/airflow/dags/backfill_pipeline_dag.py
[2026-04-27T12:25:32.450+0000] {logging_mixin.py:188} INFO - [2026-04-27T12:25:32.450+0000] {dag.py:3096} INFO - Sync 1 DAGs
[2026-04-27T12:25:32.458+0000] {logging_mixin.py:188} INFO - [2026-04-27T12:25:32.458+0000] {dag.py:3954} INFO - Setting next_dagrun for backfill_pipeline to None, run_after=None
[2026-04-27T12:25:32.476+0000] {processor.py:183} INFO - Processing /opt/airflow/dags/backfill_pipeline_dag.py took 0.061 seconds
[2026-04-27T12:26:02.643+0000] {processor.py:161} INFO - Started process (PID=1390) to work on /opt/airflow/dags/backfill_pipeline_dag.py
[2026-04-27T12:26:02.644+0000] {processor.py:830} INFO - Processing file /opt/airflow/dags/backfill_pipeline_dag.py for tasks to queue
[2026-04-27T12:26:02.645+0000] {logging_mixin.py:188} INFO - [2026-04-27T12:26:02.645+0000] {dagbag.py:545} INFO - Filling up the DagBag from /opt/airflow/dags/backfill_pipeline_dag.py
[2026-04-27T12:26:02.651+0000] {processor.py:840} INFO - DAG(s) 'backfill_pipeline' retrieved from /opt/airflow/dags/backfill_pipeline_dag.py
[2026-04-27T12:26:02.673+0000] {logging_mixin.py:188} INFO - [2026-04-27T12:26:02.673+0000] {dag.py:3096} INFO - Sync 1 DAGs
[2026-04-27T12:26:02.681+0000] {logging_mixin.py:188} INFO - [2026-04-27T12:26:02.681+0000] {dag.py:3954} INFO - Setting next_dagrun for backfill_pipeline to None, run_after=None
[2026-04-27T12:26:02.697+0000] {processor.py:183} INFO - Processing /opt/airflow/dags/backfill_pipeline_dag.py took 0.059 seconds
[2026-04-27T12:26:32.873+0000] {processor.py:161} INFO - Started process (PID=1404) to work on /opt/airflow/dags/backfill_pipeline_dag.py
[2026-04-27T12:26:32.874+0000] {processor.py:830} INFO - Processing file /opt/airflow/dags/backfill_pipeline_dag.py for tasks to queue
[2026-04-27T12:26:32.875+0000] {logging_mixin.py:188} INFO - [2026-04-27T12:26:32.875+0000] {dagbag.py:545} INFO - Filling up the DagBag from /opt/airflow/dags/backfill_pipeline_dag.py
[2026-04-27T12:26:32.881+0000] {processor.py:840} INFO - DAG(s) 'backfill_pipeline' retrieved from /opt/airflow/dags/backfill_pipeline_dag.py
[2026-04-27T12:26:32.903+0000] {logging_mixin.py:188} INFO - [2026-04-27T12:26:32.903+0000] {dag.py:3096} INFO - Sync 1 DAGs
[2026-04-27T12:26:32.912+0000] {logging_mixin.py:188} INFO - [2026-04-27T12:26:32.912+0000] {dag.py:3954} INFO - Setting next_dagrun for backfill_pipeline to None, run_after=None
[2026-04-27T12:26:32.927+0000] {processor.py:183} INFO - Processing /opt/airflow/dags/backfill_pipeline_dag.py took 0.059 seconds
[2026-04-27T12:27:03.142+0000] {processor.py:161} INFO - Started process (PID=1419) to work on /opt/airflow/dags/backfill_pipeline_dag.py
[2026-04-27T12:27:03.143+0000] {processor.py:830} INFO - Processing file /opt/airflow/dags/backfill_pipeline_dag.py for tasks to queue
[2026-04-27T12:27:03.146+0000] {logging_mixin.py:188} INFO - [2026-04-27T12:27:03.145+0000] {dagbag.py:545} INFO - Filling up the DagBag from /opt/airflow/dags/backfill_pipeline_dag.py
[2026-04-27T12:27:03.152+0000] {processor.py:840} INFO - DAG(s) 'backfill_pipeline' retrieved from /opt/airflow/dags/backfill_pipeline_dag.py
[2026-04-27T12:27:03.173+0000] {logging_mixin.py:188} INFO - [2026-04-27T12:27:03.173+0000] {dag.py:3096} INFO - Sync 1 DAGs
[2026-04-27T12:27:03.182+0000] {logging_mixin.py:188} INFO - [2026-04-27T12:27:03.182+0000] {dag.py:3954} INFO - Setting next_dagrun for backfill_pipeline to None, run_after=None
[2026-04-27T12:27:03.200+0000] {processor.py:183} INFO - Processing /opt/airflow/dags/backfill_pipeline_dag.py took 0.062 seconds
[2026-04-27T12:27:33.392+0000] {processor.py:161} INFO - Started process (PID=1435) to work on /opt/airflow/dags/backfill_pipeline_dag.py
[2026-04-27T12:27:33.393+0000] {processor.py:830} INFO - Processing file /opt/airflow/dags/backfill_pipeline_dag.py for tasks to queue
[2026-04-27T12:27:33.394+0000] {logging_mixin.py:188} INFO - [2026-04-27T12:27:33.394+0000] {dagbag.py:545} INFO - Filling up the DagBag from /opt/airflow/dags/backfill_pipeline_dag.py
[2026-04-27T12:27:33.400+0000] {processor.py:840} INFO - DAG(s) 'backfill_pipeline' retrieved from /opt/airflow/dags/backfill_pipeline_dag.py
[2026-04-27T12:27:33.421+0000] {logging_mixin.py:188} INFO - [2026-04-27T12:27:33.421+0000] {dag.py:3096} INFO - Sync 1 DAGs
[2026-04-27T12:27:33.429+0000] {logging_mixin.py:188} INFO - [2026-04-27T12:27:33.429+0000] {dag.py:3954} INFO - Setting next_dagrun for backfill_pipeline to None, run_after=None
[2026-04-27T12:27:33.446+0000] {processor.py:183} INFO - Processing /opt/airflow/dags/backfill_pipeline_dag.py took 0.058 seconds
[2026-04-27T12:28:03.607+0000] {processor.py:161} INFO - Started process (PID=1450) to work on /opt/airflow/dags/backfill_pipeline_dag.py
[2026-04-27T12:28:03.608+0000] {processor.py:830} INFO - Processing file /opt/airflow/dags/backfill_pipeline_dag.py for tasks to queue
[2026-04-27T12:28:03.609+0000] {logging_mixin.py:188} INFO - [2026-04-27T12:28:03.609+0000] {dagbag.py:545} INFO - Filling up the DagBag from /opt/airflow/dags/backfill_pipeline_dag.py
[2026-04-27T12:28:03.616+0000] {processor.py:840} INFO - DAG(s) 'backfill_pipeline' retrieved from /opt/airflow/dags/backfill_pipeline_dag.py
[2026-04-27T12:28:03.638+0000] {logging_mixin.py:188} INFO - [2026-04-27T12:28:03.637+0000] {dag.py:3096} INFO - Sync 1 DAGs
[2026-04-27T12:28:03.647+0000] {logging_mixin.py:188} INFO - [2026-04-27T12:28:03.647+0000] {dag.py:3954} INFO - Setting next_dagrun for backfill_pipeline to None, run_after=None
[2026-04-27T12:28:03.663+0000] {processor.py:183} INFO - Processing /opt/airflow/dags/backfill_pipeline_dag.py took 0.061 seconds
[2026-04-27T12:28:33.835+0000] {processor.py:161} INFO - Started process (PID=1465) to work on /opt/airflow/dags/backfill_pipeline_dag.py
[2026-04-27T12:28:33.836+0000] {processor.py:830} INFO - Processing file /opt/airflow/dags/backfill_pipeline_dag.py for tasks to queue
[2026-04-27T12:28:33.837+0000] {logging_mixin.py:188} INFO - [2026-04-27T12:28:33.837+0000] {dagbag.py:545} INFO - Filling up the DagBag from /opt/airflow/dags/backfill_pipeline_dag.py
[2026-04-27T12:28:33.845+0000] {processor.py:840} INFO - DAG(s) 'backfill_pipeline' retrieved from /opt/airflow/dags/backfill_pipeline_dag.py
[2026-04-27T12:28:33.868+0000] {logging_mixin.py:188} INFO - [2026-04-27T12:28:33.868+0000] {dag.py:3096} INFO - Sync 1 DAGs
[2026-04-27T12:28:33.879+0000] {logging_mixin.py:188} INFO - [2026-04-27T12:28:33.879+0000] {dag.py:3954} INFO - Setting next_dagrun for backfill_pipeline to None, run_after=None
[2026-04-27T12:28:33.897+0000] {processor.py:183} INFO - Processing /opt/airflow/dags/backfill_pipeline_dag.py took 0.067 seconds
[2026-04-27T12:29:04.067+0000] {processor.py:161} INFO - Started process (PID=1480) to work on /opt/airflow/dags/backfill_pipeline_dag.py
[2026-04-27T12:29:04.068+0000] {processor.py:830} INFO - Processing file /opt/airflow/dags/backfill_pipeline_dag.py for tasks to queue
[2026-04-27T12:29:04.069+0000] {logging_mixin.py:188} INFO - [2026-04-27T12:29:04.069+0000] {dagbag.py:545} INFO - Filling up the DagBag from /opt/airflow/dags/backfill_pipeline_dag.py
[2026-04-27T12:29:04.076+0000] {processor.py:840} INFO - DAG(s) 'backfill_pipeline' retrieved from /opt/airflow/dags/backfill_pipeline_dag.py
[2026-04-27T12:29:04.097+0000] {logging_mixin.py:188} INFO - [2026-04-27T12:29:04.097+0000] {dag.py:3096} INFO - Sync 1 DAGs
[2026-04-27T12:29:04.106+0000] {logging_mixin.py:188} INFO - [2026-04-27T12:29:04.106+0000] {dag.py:3954} INFO - Setting next_dagrun for backfill_pipeline to None, run_after=None
[2026-04-27T12:29:04.123+0000] {processor.py:183} INFO - Processing /opt/airflow/dags/backfill_pipeline_dag.py took 0.060 seconds
[2026-04-27T12:29:34.285+0000] {processor.py:161} INFO - Started process (PID=1495) to work on /opt/airflow/dags/backfill_pipeline_dag.py
[2026-04-27T12:29:34.287+0000] {processor.py:830} INFO - Processing file /opt/airflow/dags/backfill_pipeline_dag.py for tasks to queue
[2026-04-27T12:29:34.289+0000] {logging_mixin.py:188} INFO - [2026-04-27T12:29:34.289+0000] {dagbag.py:545} INFO - Filling up the DagBag from /opt/airflow/dags/backfill_pipeline_dag.py
[2026-04-27T12:29:34.297+0000] {processor.py:840} INFO - DAG(s) 'backfill_pipeline' retrieved from /opt/airflow/dags/backfill_pipeline_dag.py
[2026-04-27T12:29:34.318+0000] {logging_mixin.py:188} INFO - [2026-04-27T12:29:34.318+0000] {dag.py:3096} INFO - Sync 1 DAGs
[2026-04-27T12:29:34.327+0000] {logging_mixin.py:188} INFO - [2026-04-27T12:29:34.327+0000] {dag.py:3954} INFO - Setting next_dagrun for backfill_pipeline to None, run_after=None
[2026-04-27T12:29:34.344+0000] {processor.py:183} INFO - Processing /opt/airflow/dags/backfill_pipeline_dag.py took 0.066 seconds
[2026-04-27T12:30:04.505+0000] {processor.py:161} INFO - Started process (PID=1510) to work on /opt/airflow/dags/backfill_pipeline_dag.py
[2026-04-27T12:30:04.506+0000] {processor.py:830} INFO - Processing file /opt/airflow/dags/backfill_pipeline_dag.py for tasks to queue
[2026-04-27T12:30:04.507+0000] {logging_mixin.py:188} INFO - [2026-04-27T12:30:04.507+0000] {dagbag.py:545} INFO - Filling up the DagBag from /opt/airflow/dags/backfill_pipeline_dag.py
[2026-04-27T12:30:04.514+0000] {processor.py:840} INFO - DAG(s) 'backfill_pipeline' retrieved from /opt/airflow/dags/backfill_pipeline_dag.py
[2026-04-27T12:30:04.535+0000] {logging_mixin.py:188} INFO - [2026-04-27T12:30:04.534+0000] {dag.py:3096} INFO - Sync 1 DAGs
[2026-04-27T12:30:04.544+0000] {logging_mixin.py:188} INFO - [2026-04-27T12:30:04.544+0000] {dag.py:3954} INFO - Setting next_dagrun for backfill_pipeline to None, run_after=None
[2026-04-27T12:30:04.559+0000] {processor.py:183} INFO - Processing /opt/airflow/dags/backfill_pipeline_dag.py took 0.059 seconds
[2026-04-27T12:30:34.712+0000] {processor.py:161} INFO - Started process (PID=1525) to work on /opt/airflow/dags/backfill_pipeline_dag.py
[2026-04-27T12:30:34.713+0000] {processor.py:830} INFO - Processing file /opt/airflow/dags/backfill_pipeline_dag.py for tasks to queue
[2026-04-27T12:30:34.714+0000] {logging_mixin.py:188} INFO - [2026-04-27T12:30:34.714+0000] {dagbag.py:545} INFO - Filling up the DagBag from /opt/airflow/dags/backfill_pipeline_dag.py
[2026-04-27T12:30:34.721+0000] {processor.py:840} INFO - DAG(s) 'backfill_pipeline' retrieved from /opt/airflow/dags/backfill_pipeline_dag.py
[2026-04-27T12:30:34.742+0000] {logging_mixin.py:188} INFO - [2026-04-27T12:30:34.742+0000] {dag.py:3096} INFO - Sync 1 DAGs
[2026-04-27T12:30:34.752+0000] {logging_mixin.py:188} INFO - [2026-04-27T12:30:34.752+0000] {dag.py:3954} INFO - Setting next_dagrun for backfill_pipeline to None, run_after=None
[2026-04-27T12:30:34.768+0000] {processor.py:183} INFO - Processing /opt/airflow/dags/backfill_pipeline_dag.py took 0.060 seconds
[2026-04-27T12:31:04.972+0000] {processor.py:161} INFO - Started process (PID=1540) to work on /opt/airflow/dags/backfill_pipeline_dag.py
[2026-04-27T12:31:04.973+0000] {processor.py:830} INFO - Processing file /opt/airflow/dags/backfill_pipeline_dag.py for tasks to queue
[2026-04-27T12:31:04.974+0000] {logging_mixin.py:188} INFO - [2026-04-27T12:31:04.974+0000] {dagbag.py:545} INFO - Filling up the DagBag from /opt/airflow/dags/backfill_pipeline_dag.py
[2026-04-27T12:31:04.981+0000] {processor.py:840} INFO - DAG(s) 'backfill_pipeline' retrieved from /opt/airflow/dags/backfill_pipeline_dag.py
[2026-04-27T12:31:05.002+0000] {logging_mixin.py:188} INFO - [2026-04-27T12:31:05.002+0000] {dag.py:3096} INFO - Sync 1 DAGs
[2026-04-27T12:31:05.014+0000] {logging_mixin.py:188} INFO - [2026-04-27T12:31:05.014+0000] {dag.py:3954} INFO - Setting next_dagrun for backfill_pipeline to None, run_after=None
[2026-04-27T12:31:05.030+0000] {processor.py:183} INFO - Processing /opt/airflow/dags/backfill_pipeline_dag.py took 0.062 seconds
[2026-04-27T12:31:35.204+0000] {processor.py:161} INFO - Started process (PID=1555) to work on /opt/airflow/dags/backfill_pipeline_dag.py
[2026-04-27T12:31:35.205+0000] {processor.py:830} INFO - Processing file /opt/airflow/dags/backfill_pipeline_dag.py for tasks to queue
[2026-04-27T12:31:35.206+0000] {logging_mixin.py:188} INFO - [2026-04-27T12:31:35.206+0000] {dagbag.py:545} INFO - Filling up the DagBag from /opt/airflow/dags/backfill_pipeline_dag.py
[2026-04-27T12:31:35.213+0000] {processor.py:840} INFO - DAG(s) 'backfill_pipeline' retrieved from /opt/airflow/dags/backfill_pipeline_dag.py
[2026-04-27T12:31:35.234+0000] {logging_mixin.py:188} INFO - [2026-04-27T12:31:35.234+0000] {dag.py:3096} INFO - Sync 1 DAGs
[2026-04-27T12:31:35.244+0000] {logging_mixin.py:188} INFO - [2026-04-27T12:31:35.244+0000] {dag.py:3954} INFO - Setting next_dagrun for backfill_pipeline to None, run_after=None
[2026-04-27T12:31:35.261+0000] {processor.py:183} INFO - Processing /opt/airflow/dags/backfill_pipeline_dag.py took 0.061 seconds
[2026-04-27T12:32:05.482+0000] {processor.py:161} INFO - Started process (PID=1570) to work on /opt/airflow/dags/backfill_pipeline_dag.py
[2026-04-27T12:32:05.483+0000] {processor.py:830} INFO - Processing file /opt/airflow/dags/backfill_pipeline_dag.py for tasks to queue
[2026-04-27T12:32:05.484+0000] {logging_mixin.py:188} INFO - [2026-04-27T12:32:05.484+0000] {dagbag.py:545} INFO - Filling up the DagBag from /opt/airflow/dags/backfill_pipeline_dag.py
[2026-04-27T12:32:05.490+0000] {processor.py:840} INFO - DAG(s) 'backfill_pipeline' retrieved from /opt/airflow/dags/backfill_pipeline_dag.py
[2026-04-27T12:32:05.511+0000] {logging_mixin.py:188} INFO - [2026-04-27T12:32:05.511+0000] {dag.py:3096} INFO - Sync 1 DAGs
[2026-04-27T12:32:05.521+0000] {logging_mixin.py:188} INFO - [2026-04-27T12:32:05.521+0000] {dag.py:3954} INFO - Setting next_dagrun for backfill_pipeline to None, run_after=None
[2026-04-27T12:32:05.536+0000] {processor.py:183} INFO - Processing /opt/airflow/dags/backfill_pipeline_dag.py took 0.059 seconds
[2026-04-27T12:32:35.772+0000] {processor.py:161} INFO - Started process (PID=1584) to work on /opt/airflow/dags/backfill_pipeline_dag.py
[2026-04-27T12:32:35.773+0000] {processor.py:830} INFO - Processing file /opt/airflow/dags/backfill_pipeline_dag.py for tasks to queue
[2026-04-27T12:32:35.774+0000] {logging_mixin.py:188} INFO - [2026-04-27T12:32:35.774+0000] {dagbag.py:545} INFO - Filling up the DagBag from /opt/airflow/dags/backfill_pipeline_dag.py
[2026-04-27T12:32:35.781+0000] {processor.py:840} INFO - DAG(s) 'backfill_pipeline' retrieved from /opt/airflow/dags/backfill_pipeline_dag.py
[2026-04-27T12:32:35.803+0000] {logging_mixin.py:188} INFO - [2026-04-27T12:32:35.803+0000] {dag.py:3096} INFO - Sync 1 DAGs
[2026-04-27T12:32:35.813+0000] {logging_mixin.py:188} INFO - [2026-04-27T12:32:35.813+0000] {dag.py:3954} INFO - Setting next_dagrun for backfill_pipeline to None, run_after=None
[2026-04-27T12:32:35.830+0000] {processor.py:183} INFO - Processing /opt/airflow/dags/backfill_pipeline_dag.py took 0.063 seconds
[2026-04-27T12:33:05.992+0000] {processor.py:161} INFO - Started process (PID=1600) to work on /opt/airflow/dags/backfill_pipeline_dag.py
[2026-04-27T12:33:05.993+0000] {processor.py:830} INFO - Processing file /opt/airflow/dags/backfill_pipeline_dag.py for tasks to queue
[2026-04-27T12:33:05.994+0000] {logging_mixin.py:188} INFO - [2026-04-27T12:33:05.994+0000] {dagbag.py:545} INFO - Filling up the DagBag from /opt/airflow/dags/backfill_pipeline_dag.py
[2026-04-27T12:33:06.000+0000] {processor.py:840} INFO - DAG(s) 'backfill_pipeline' retrieved from /opt/airflow/dags/backfill_pipeline_dag.py
[2026-04-27T12:33:06.023+0000] {logging_mixin.py:188} INFO - [2026-04-27T12:33:06.022+0000] {dag.py:3096} INFO - Sync 1 DAGs
[2026-04-27T12:33:06.032+0000] {logging_mixin.py:188} INFO - [2026-04-27T12:33:06.032+0000] {dag.py:3954} INFO - Setting next_dagrun for backfill_pipeline to None, run_after=None
[2026-04-27T12:33:06.049+0000] {processor.py:183} INFO - Processing /opt/airflow/dags/backfill_pipeline_dag.py took 0.062 seconds
[2026-04-27T12:33:36.346+0000] {processor.py:161} INFO - Started process (PID=1615) to work on /opt/airflow/dags/backfill_pipeline_dag.py
[2026-04-27T12:33:36.346+0000] {processor.py:830} INFO - Processing file /opt/airflow/dags/backfill_pipeline_dag.py for tasks to queue
[2026-04-27T12:33:36.348+0000] {logging_mixin.py:188} INFO - [2026-04-27T12:33:36.347+0000] {dagbag.py:545} INFO - Filling up the DagBag from /opt/airflow/dags/backfill_pipeline_dag.py
[2026-04-27T12:33:36.354+0000] {processor.py:840} INFO - DAG(s) 'backfill_pipeline' retrieved from /opt/airflow/dags/backfill_pipeline_dag.py
[2026-04-27T12:33:36.376+0000] {logging_mixin.py:188} INFO - [2026-04-27T12:33:36.376+0000] {dag.py:3096} INFO - Sync 1 DAGs
[2026-04-27T12:33:36.385+0000] {logging_mixin.py:188} INFO - [2026-04-27T12:33:36.385+0000] {dag.py:3954} INFO - Setting next_dagrun for backfill_pipeline to None, run_after=None
[2026-04-27T12:33:36.402+0000] {processor.py:183} INFO - Processing /opt/airflow/dags/backfill_pipeline_dag.py took 0.061 seconds
[2026-04-27T12:34:06.610+0000] {processor.py:161} INFO - Started process (PID=1630) to work on /opt/airflow/dags/backfill_pipeline_dag.py
[2026-04-27T12:34:06.611+0000] {processor.py:830} INFO - Processing file /opt/airflow/dags/backfill_pipeline_dag.py for tasks to queue
[2026-04-27T12:34:06.612+0000] {logging_mixin.py:188} INFO - [2026-04-27T12:34:06.612+0000] {dagbag.py:545} INFO - Filling up the DagBag from /opt/airflow/dags/backfill_pipeline_dag.py
[2026-04-27T12:34:06.618+0000] {processor.py:840} INFO - DAG(s) 'backfill_pipeline' retrieved from /opt/airflow/dags/backfill_pipeline_dag.py
[2026-04-27T12:34:06.640+0000] {logging_mixin.py:188} INFO - [2026-04-27T12:34:06.639+0000] {dag.py:3096} INFO - Sync 1 DAGs
[2026-04-27T12:34:06.649+0000] {logging_mixin.py:188} INFO - [2026-04-27T12:34:06.649+0000] {dag.py:3954} INFO - Setting next_dagrun for backfill_pipeline to None, run_after=None
[2026-04-27T12:34:06.665+0000] {processor.py:183} INFO - Processing /opt/airflow/dags/backfill_pipeline_dag.py took 0.059 seconds
[2026-04-27T12:34:36.917+0000] {processor.py:161} INFO - Started process (PID=1645) to work on /opt/airflow/dags/backfill_pipeline_dag.py
[2026-04-27T12:34:36.918+0000] {processor.py:830} INFO - Processing file /opt/airflow/dags/backfill_pipeline_dag.py for tasks to queue
[2026-04-27T12:34:36.919+0000] {logging_mixin.py:188} INFO - [2026-04-27T12:34:36.919+0000] {dagbag.py:545} INFO - Filling up the DagBag from /opt/airflow/dags/backfill_pipeline_dag.py
[2026-04-27T12:34:36.926+0000] {processor.py:840} INFO - DAG(s) 'backfill_pipeline' retrieved from /opt/airflow/dags/backfill_pipeline_dag.py
[2026-04-27T12:34:36.948+0000] {logging_mixin.py:188} INFO - [2026-04-27T12:34:36.947+0000] {dag.py:3096} INFO - Sync 1 DAGs
[2026-04-27T12:34:36.957+0000] {logging_mixin.py:188} INFO - [2026-04-27T12:34:36.957+0000] {dag.py:3954} INFO - Setting next_dagrun for backfill_pipeline to None, run_after=None
[2026-04-27T12:34:36.973+0000] {processor.py:183} INFO - Processing /opt/airflow/dags/backfill_pipeline_dag.py took 0.060 seconds
[2026-04-27T12:35:07.199+0000] {processor.py:161} INFO - Started process (PID=1659) to work on /opt/airflow/dags/backfill_pipeline_dag.py
[2026-04-27T12:35:07.200+0000] {processor.py:830} INFO - Processing file /opt/airflow/dags/backfill_pipeline_dag.py for tasks to queue
[2026-04-27T12:35:07.201+0000] {logging_mixin.py:188} INFO - [2026-04-27T12:35:07.201+0000] {dagbag.py:545} INFO - Filling up the DagBag from /opt/airflow/dags/backfill_pipeline_dag.py
[2026-04-27T12:35:07.209+0000] {processor.py:840} INFO - DAG(s) 'backfill_pipeline' retrieved from /opt/airflow/dags/backfill_pipeline_dag.py
[2026-04-27T12:35:07.231+0000] {logging_mixin.py:188} INFO - [2026-04-27T12:35:07.231+0000] {dag.py:3096} INFO - Sync 1 DAGs
[2026-04-27T12:35:07.240+0000] {logging_mixin.py:188} INFO - [2026-04-27T12:35:07.240+0000] {dag.py:3954} INFO - Setting next_dagrun for backfill_pipeline to None, run_after=None
[2026-04-27T12:35:07.258+0000] {processor.py:183} INFO - Processing /opt/airflow/dags/backfill_pipeline_dag.py took 0.063 seconds
[2026-04-27T12:35:37.459+0000] {processor.py:161} INFO - Started process (PID=1675) to work on /opt/airflow/dags/backfill_pipeline_dag.py
[2026-04-27T12:35:37.460+0000] {processor.py:830} INFO - Processing file /opt/airflow/dags/backfill_pipeline_dag.py for tasks to queue
[2026-04-27T12:35:37.461+0000] {logging_mixin.py:188} INFO - [2026-04-27T12:35:37.461+0000] {dagbag.py:545} INFO - Filling up the DagBag from /opt/airflow/dags/backfill_pipeline_dag.py
[2026-04-27T12:35:37.467+0000] {processor.py:840} INFO - DAG(s) 'backfill_pipeline' retrieved from /opt/airflow/dags/backfill_pipeline_dag.py
[2026-04-27T12:35:37.487+0000] {logging_mixin.py:188} INFO - [2026-04-27T12:35:37.487+0000] {dag.py:3096} INFO - Sync 1 DAGs
[2026-04-27T12:35:37.497+0000] {logging_mixin.py:188} INFO - [2026-04-27T12:35:37.497+0000] {dag.py:3954} INFO - Setting next_dagrun for backfill_pipeline to None, run_after=None
[2026-04-27T12:35:37.514+0000] {processor.py:183} INFO - Processing /opt/airflow/dags/backfill_pipeline_dag.py took 0.059 seconds
[2026-04-27T12:36:07.704+0000] {processor.py:161} INFO - Started process (PID=1690) to work on /opt/airflow/dags/backfill_pipeline_dag.py
[2026-04-27T12:36:07.704+0000] {processor.py:830} INFO - Processing file /opt/airflow/dags/backfill_pipeline_dag.py for tasks to queue
[2026-04-27T12:36:07.706+0000] {logging_mixin.py:188} INFO - [2026-04-27T12:36:07.706+0000] {dagbag.py:545} INFO - Filling up the DagBag from /opt/airflow/dags/backfill_pipeline_dag.py
[2026-04-27T12:36:07.712+0000] {processor.py:840} INFO - DAG(s) 'backfill_pipeline' retrieved from /opt/airflow/dags/backfill_pipeline_dag.py
[2026-04-27T12:36:07.733+0000] {logging_mixin.py:188} INFO - [2026-04-27T12:36:07.733+0000] {dag.py:3096} INFO - Sync 1 DAGs
[2026-04-27T12:36:07.742+0000] {logging_mixin.py:188} INFO - [2026-04-27T12:36:07.742+0000] {dag.py:3954} INFO - Setting next_dagrun for backfill_pipeline to None, run_after=None
[2026-04-27T12:36:07.759+0000] {processor.py:183} INFO - Processing /opt/airflow/dags/backfill_pipeline_dag.py took 0.060 seconds
[2026-04-27T12:36:37.987+0000] {processor.py:161} INFO - Started process (PID=1705) to work on /opt/airflow/dags/backfill_pipeline_dag.py
[2026-04-27T12:36:37.988+0000] {processor.py:830} INFO - Processing file /opt/airflow/dags/backfill_pipeline_dag.py for tasks to queue
[2026-04-27T12:36:37.990+0000] {logging_mixin.py:188} INFO - [2026-04-27T12:36:37.990+0000] {dagbag.py:545} INFO - Filling up the DagBag from /opt/airflow/dags/backfill_pipeline_dag.py
[2026-04-27T12:36:37.996+0000] {processor.py:840} INFO - DAG(s) 'backfill_pipeline' retrieved from /opt/airflow/dags/backfill_pipeline_dag.py
[2026-04-27T12:36:38.018+0000] {logging_mixin.py:188} INFO - [2026-04-27T12:36:38.018+0000] {dag.py:3096} INFO - Sync 1 DAGs
[2026-04-27T12:36:38.027+0000] {logging_mixin.py:188} INFO - [2026-04-27T12:36:38.026+0000] {dag.py:3954} INFO - Setting next_dagrun for backfill_pipeline to None, run_after=None
[2026-04-27T12:36:38.041+0000] {processor.py:183} INFO - Processing /opt/airflow/dags/backfill_pipeline_dag.py took 0.059 seconds
[2026-04-27T12:37:08.254+0000] {processor.py:161} INFO - Started process (PID=1719) to work on /opt/airflow/dags/backfill_pipeline_dag.py
[2026-04-27T12:37:08.255+0000] {processor.py:830} INFO - Processing file /opt/airflow/dags/backfill_pipeline_dag.py for tasks to queue
[2026-04-27T12:37:08.257+0000] {logging_mixin.py:188} INFO - [2026-04-27T12:37:08.256+0000] {dagbag.py:545} INFO - Filling up the DagBag from /opt/airflow/dags/backfill_pipeline_dag.py
[2026-04-27T12:37:08.263+0000] {processor.py:840} INFO - DAG(s) 'backfill_pipeline' retrieved from /opt/airflow/dags/backfill_pipeline_dag.py
[2026-04-27T12:37:08.284+0000] {logging_mixin.py:188} INFO - [2026-04-27T12:37:08.284+0000] {dag.py:3096} INFO - Sync 1 DAGs
[2026-04-27T12:37:08.293+0000] {logging_mixin.py:188} INFO - [2026-04-27T12:37:08.293+0000] {dag.py:3954} INFO - Setting next_dagrun for backfill_pipeline to None, run_after=None
[2026-04-27T12:37:08.310+0000] {processor.py:183} INFO - Processing /opt/airflow/dags/backfill_pipeline_dag.py took 0.060 seconds
[2026-04-27T12:37:38.487+0000] {processor.py:161} INFO - Started process (PID=1734) to work on /opt/airflow/dags/backfill_pipeline_dag.py
[2026-04-27T12:37:38.488+0000] {processor.py:830} INFO - Processing file /opt/airflow/dags/backfill_pipeline_dag.py for tasks to queue
[2026-04-27T12:37:38.489+0000] {logging_mixin.py:188} INFO - [2026-04-27T12:37:38.489+0000] {dagbag.py:545} INFO - Filling up the DagBag from /opt/airflow/dags/backfill_pipeline_dag.py
[2026-04-27T12:37:38.496+0000] {processor.py:840} INFO - DAG(s) 'backfill_pipeline' retrieved from /opt/airflow/dags/backfill_pipeline_dag.py
[2026-04-27T12:37:38.517+0000] {logging_mixin.py:188} INFO - [2026-04-27T12:37:38.517+0000] {dag.py:3096} INFO - Sync 1 DAGs
[2026-04-27T12:37:38.526+0000] {logging_mixin.py:188} INFO - [2026-04-27T12:37:38.525+0000] {dag.py:3954} INFO - Setting next_dagrun for backfill_pipeline to None, run_after=None
[2026-04-27T12:37:38.542+0000] {processor.py:183} INFO - Processing /opt/airflow/dags/backfill_pipeline_dag.py took 0.059 seconds
[2026-04-27T12:38:08.766+0000] {processor.py:161} INFO - Started process (PID=1749) to work on /opt/airflow/dags/backfill_pipeline_dag.py
[2026-04-27T12:38:08.767+0000] {processor.py:830} INFO - Processing file /opt/airflow/dags/backfill_pipeline_dag.py for tasks to queue
[2026-04-27T12:38:08.768+0000] {logging_mixin.py:188} INFO - [2026-04-27T12:38:08.768+0000] {dagbag.py:545} INFO - Filling up the DagBag from /opt/airflow/dags/backfill_pipeline_dag.py
[2026-04-27T12:38:08.774+0000] {processor.py:840} INFO - DAG(s) 'backfill_pipeline' retrieved from /opt/airflow/dags/backfill_pipeline_dag.py
[2026-04-27T12:38:08.796+0000] {logging_mixin.py:188} INFO - [2026-04-27T12:38:08.796+0000] {dag.py:3096} INFO - Sync 1 DAGs
[2026-04-27T12:38:08.805+0000] {logging_mixin.py:188} INFO - [2026-04-27T12:38:08.805+0000] {dag.py:3954} INFO - Setting next_dagrun for backfill_pipeline to None, run_after=None
[2026-04-27T12:38:08.824+0000] {processor.py:183} INFO - Processing /opt/airflow/dags/backfill_pipeline_dag.py took 0.063 seconds
[2026-04-27T12:38:39.031+0000] {processor.py:161} INFO - Started process (PID=1765) to work on /opt/airflow/dags/backfill_pipeline_dag.py
[2026-04-27T12:38:39.032+0000] {processor.py:830} INFO - Processing file /opt/airflow/dags/backfill_pipeline_dag.py for tasks to queue
[2026-04-27T12:38:39.033+0000] {logging_mixin.py:188} INFO - [2026-04-27T12:38:39.033+0000] {dagbag.py:545} INFO - Filling up the DagBag from /opt/airflow/dags/backfill_pipeline_dag.py
[2026-04-27T12:38:39.039+0000] {processor.py:840} INFO - DAG(s) 'backfill_pipeline' retrieved from /opt/airflow/dags/backfill_pipeline_dag.py
[2026-04-27T12:38:39.061+0000] {logging_mixin.py:188} INFO - [2026-04-27T12:38:39.061+0000] {dag.py:3096} INFO - Sync 1 DAGs
[2026-04-27T12:38:39.071+0000] {logging_mixin.py:188} INFO - [2026-04-27T12:38:39.071+0000] {dag.py:3954} INFO - Setting next_dagrun for backfill_pipeline to None, run_after=None
[2026-04-27T12:38:39.087+0000] {processor.py:183} INFO - Processing /opt/airflow/dags/backfill_pipeline_dag.py took 0.061 seconds
[2026-04-27T12:39:09.331+0000] {processor.py:161} INFO - Started process (PID=1780) to work on /opt/airflow/dags/backfill_pipeline_dag.py
[2026-04-27T12:39:09.332+0000] {processor.py:830} INFO - Processing file /opt/airflow/dags/backfill_pipeline_dag.py for tasks to queue
[2026-04-27T12:39:09.333+0000] {logging_mixin.py:188} INFO - [2026-04-27T12:39:09.333+0000] {dagbag.py:545} INFO - Filling up the DagBag from /opt/airflow/dags/backfill_pipeline_dag.py
[2026-04-27T12:39:09.340+0000] {processor.py:840} INFO - DAG(s) 'backfill_pipeline' retrieved from /opt/airflow/dags/backfill_pipeline_dag.py
[2026-04-27T12:39:09.360+0000] {logging_mixin.py:188} INFO - [2026-04-27T12:39:09.360+0000] {dag.py:3096} INFO - Sync 1 DAGs
[2026-04-27T12:39:09.370+0000] {logging_mixin.py:188} INFO - [2026-04-27T12:39:09.370+0000] {dag.py:3954} INFO - Setting next_dagrun for backfill_pipeline to None, run_after=None
[2026-04-27T12:39:09.386+0000] {processor.py:183} INFO - Processing /opt/airflow/dags/backfill_pipeline_dag.py took 0.060 seconds
[2026-04-27T12:39:39.630+0000] {processor.py:161} INFO - Started process (PID=1795) to work on /opt/airflow/dags/backfill_pipeline_dag.py
[2026-04-27T12:39:39.631+0000] {processor.py:830} INFO - Processing file /opt/airflow/dags/backfill_pipeline_dag.py for tasks to queue
[2026-04-27T12:39:39.632+0000] {logging_mixin.py:188} INFO - [2026-04-27T12:39:39.632+0000] {dagbag.py:545} INFO - Filling up the DagBag from /opt/airflow/dags/backfill_pipeline_dag.py
[2026-04-27T12:39:39.638+0000] {processor.py:840} INFO - DAG(s) 'backfill_pipeline' retrieved from /opt/airflow/dags/backfill_pipeline_dag.py
[2026-04-27T12:39:39.659+0000] {logging_mixin.py:188} INFO - [2026-04-27T12:39:39.659+0000] {dag.py:3096} INFO - Sync 1 DAGs
[2026-04-27T12:39:39.668+0000] {logging_mixin.py:188} INFO - [2026-04-27T12:39:39.668+0000] {dag.py:3954} INFO - Setting next_dagrun for backfill_pipeline to None, run_after=None
[2026-04-27T12:39:39.685+0000] {processor.py:183} INFO - Processing /opt/airflow/dags/backfill_pipeline_dag.py took 0.059 seconds
[2026-04-27T12:40:09.906+0000] {processor.py:161} INFO - Started process (PID=1810) to work on /opt/airflow/dags/backfill_pipeline_dag.py
[2026-04-27T12:40:09.907+0000] {processor.py:830} INFO - Processing file /opt/airflow/dags/backfill_pipeline_dag.py for tasks to queue
[2026-04-27T12:40:09.909+0000] {logging_mixin.py:188} INFO - [2026-04-27T12:40:09.909+0000] {dagbag.py:545} INFO - Filling up the DagBag from /opt/airflow/dags/backfill_pipeline_dag.py
[2026-04-27T12:40:09.915+0000] {processor.py:840} INFO - DAG(s) 'backfill_pipeline' retrieved from /opt/airflow/dags/backfill_pipeline_dag.py
[2026-04-27T12:40:09.936+0000] {logging_mixin.py:188} INFO - [2026-04-27T12:40:09.936+0000] {dag.py:3096} INFO - Sync 1 DAGs
[2026-04-27T12:40:09.945+0000] {logging_mixin.py:188} INFO - [2026-04-27T12:40:09.945+0000] {dag.py:3954} INFO - Setting next_dagrun for backfill_pipeline to None, run_after=None
[2026-04-27T12:40:09.962+0000] {processor.py:183} INFO - Processing /opt/airflow/dags/backfill_pipeline_dag.py took 0.060 seconds
[2026-04-27T12:40:40.161+0000] {processor.py:161} INFO - Started process (PID=1825) to work on /opt/airflow/dags/backfill_pipeline_dag.py
[2026-04-27T12:40:40.161+0000] {processor.py:830} INFO - Processing file /opt/airflow/dags/backfill_pipeline_dag.py for tasks to queue
[2026-04-27T12:40:40.163+0000] {logging_mixin.py:188} INFO - [2026-04-27T12:40:40.163+0000] {dagbag.py:545} INFO - Filling up the DagBag from /opt/airflow/dags/backfill_pipeline_dag.py
[2026-04-27T12:40:40.169+0000] {processor.py:840} INFO - DAG(s) 'backfill_pipeline' retrieved from /opt/airflow/dags/backfill_pipeline_dag.py
[2026-04-27T12:40:40.189+0000] {logging_mixin.py:188} INFO - [2026-04-27T12:40:40.189+0000] {dag.py:3096} INFO - Sync 1 DAGs
[2026-04-27T12:40:40.198+0000] {logging_mixin.py:188} INFO - [2026-04-27T12:40:40.197+0000] {dag.py:3954} INFO - Setting next_dagrun for backfill_pipeline to None, run_after=None
[2026-04-27T12:40:40.214+0000] {processor.py:183} INFO - Processing /opt/airflow/dags/backfill_pipeline_dag.py took 0.057 seconds
[2026-04-27T12:41:10.536+0000] {processor.py:161} INFO - Started process (PID=1840) to work on /opt/airflow/dags/backfill_pipeline_dag.py
[2026-04-27T12:41:10.537+0000] {processor.py:830} INFO - Processing file /opt/airflow/dags/backfill_pipeline_dag.py for tasks to queue
[2026-04-27T12:41:10.539+0000] {logging_mixin.py:188} INFO - [2026-04-27T12:41:10.539+0000] {dagbag.py:545} INFO - Filling up the DagBag from /opt/airflow/dags/backfill_pipeline_dag.py
[2026-04-27T12:41:10.545+0000] {processor.py:840} INFO - DAG(s) 'backfill_pipeline' retrieved from /opt/airflow/dags/backfill_pipeline_dag.py
[2026-04-27T12:41:10.566+0000] {logging_mixin.py:188} INFO - [2026-04-27T12:41:10.566+0000] {dag.py:3096} INFO - Sync 1 DAGs
[2026-04-27T12:41:10.574+0000] {logging_mixin.py:188} INFO - [2026-04-27T12:41:10.574+0000] {dag.py:3954} INFO - Setting next_dagrun for backfill_pipeline to None, run_after=None
[2026-04-27T12:41:10.590+0000] {processor.py:183} INFO - Processing /opt/airflow/dags/backfill_pipeline_dag.py took 0.058 seconds
[2026-04-27T12:41:40.886+0000] {processor.py:161} INFO - Started process (PID=1855) to work on /opt/airflow/dags/backfill_pipeline_dag.py
[2026-04-27T12:41:40.886+0000] {processor.py:830} INFO - Processing file /opt/airflow/dags/backfill_pipeline_dag.py for tasks to queue
[2026-04-27T12:41:40.887+0000] {logging_mixin.py:188} INFO - [2026-04-27T12:41:40.887+0000] {dagbag.py:545} INFO - Filling up the DagBag from /opt/airflow/dags/backfill_pipeline_dag.py
[2026-04-27T12:41:40.894+0000] {processor.py:840} INFO - DAG(s) 'backfill_pipeline' retrieved from /opt/airflow/dags/backfill_pipeline_dag.py
[2026-04-27T12:41:40.913+0000] {logging_mixin.py:188} INFO - [2026-04-27T12:41:40.913+0000] {dag.py:3096} INFO - Sync 1 DAGs
[2026-04-27T12:41:40.922+0000] {logging_mixin.py:188} INFO - [2026-04-27T12:41:40.922+0000] {dag.py:3954} INFO - Setting next_dagrun for backfill_pipeline to None, run_after=None
[2026-04-27T12:41:40.939+0000] {processor.py:183} INFO - Processing /opt/airflow/dags/backfill_pipeline_dag.py took 0.058 seconds
[2026-04-27T12:42:11.189+0000] {processor.py:161} INFO - Started process (PID=1869) to work on /opt/airflow/dags/backfill_pipeline_dag.py
[2026-04-27T12:42:11.190+0000] {processor.py:830} INFO - Processing file /opt/airflow/dags/backfill_pipeline_dag.py for tasks to queue
[2026-04-27T12:42:11.191+0000] {logging_mixin.py:188} INFO - [2026-04-27T12:42:11.191+0000] {dagbag.py:545} INFO - Filling up the DagBag from /opt/airflow/dags/backfill_pipeline_dag.py
[2026-04-27T12:42:11.197+0000] {processor.py:840} INFO - DAG(s) 'backfill_pipeline' retrieved from /opt/airflow/dags/backfill_pipeline_dag.py
[2026-04-27T12:42:11.219+0000] {logging_mixin.py:188} INFO - [2026-04-27T12:42:11.219+0000] {dag.py:3096} INFO - Sync 1 DAGs
[2026-04-27T12:42:11.227+0000] {logging_mixin.py:188} INFO - [2026-04-27T12:42:11.227+0000] {dag.py:3954} INFO - Setting next_dagrun for backfill_pipeline to None, run_after=None
[2026-04-27T12:42:11.243+0000] {processor.py:183} INFO - Processing /opt/airflow/dags/backfill_pipeline_dag.py took 0.058 seconds
[2026-04-27T12:42:41.678+0000] {processor.py:161} INFO - Started process (PID=1885) to work on /opt/airflow/dags/backfill_pipeline_dag.py
[2026-04-27T12:42:41.679+0000] {processor.py:830} INFO - Processing file /opt/airflow/dags/backfill_pipeline_dag.py for tasks to queue
[2026-04-27T12:42:41.680+0000] {logging_mixin.py:188} INFO - [2026-04-27T12:42:41.680+0000] {dagbag.py:545} INFO - Filling up the DagBag from /opt/airflow/dags/backfill_pipeline_dag.py
[2026-04-27T12:42:41.689+0000] {processor.py:840} INFO - DAG(s) 'backfill_pipeline' retrieved from /opt/airflow/dags/backfill_pipeline_dag.py
[2026-04-27T12:42:41.711+0000] {logging_mixin.py:188} INFO - [2026-04-27T12:42:41.711+0000] {dag.py:3096} INFO - Sync 1 DAGs
[2026-04-27T12:42:41.721+0000] {logging_mixin.py:188} INFO - [2026-04-27T12:42:41.720+0000] {dag.py:3954} INFO - Setting next_dagrun for backfill_pipeline to None, run_after=None
[2026-04-27T12:42:41.740+0000] {processor.py:183} INFO - Processing /opt/airflow/dags/backfill_pipeline_dag.py took 0.067 seconds
[2026-04-27T12:43:12.113+0000] {processor.py:161} INFO - Started process (PID=1900) to work on /opt/airflow/dags/backfill_pipeline_dag.py
[2026-04-27T12:43:12.114+0000] {processor.py:830} INFO - Processing file /opt/airflow/dags/backfill_pipeline_dag.py for tasks to queue
[2026-04-27T12:43:12.115+0000] {logging_mixin.py:188} INFO - [2026-04-27T12:43:12.115+0000] {dagbag.py:545} INFO - Filling up the DagBag from /opt/airflow/dags/backfill_pipeline_dag.py
[2026-04-27T12:43:12.121+0000] {processor.py:840} INFO - DAG(s) 'backfill_pipeline' retrieved from /opt/airflow/dags/backfill_pipeline_dag.py
[2026-04-27T12:43:12.142+0000] {logging_mixin.py:188} INFO - [2026-04-27T12:43:12.142+0000] {dag.py:3096} INFO - Sync 1 DAGs
[2026-04-27T12:43:12.151+0000] {logging_mixin.py:188} INFO - [2026-04-27T12:43:12.151+0000] {dag.py:3954} INFO - Setting next_dagrun for backfill_pipeline to None, run_after=None
[2026-04-27T12:43:12.168+0000] {processor.py:183} INFO - Processing /opt/airflow/dags/backfill_pipeline_dag.py took 0.060 seconds
[2026-04-27T12:43:42.455+0000] {processor.py:161} INFO - Started process (PID=1915) to work on /opt/airflow/dags/backfill_pipeline_dag.py
[2026-04-27T12:43:42.455+0000] {processor.py:830} INFO - Processing file /opt/airflow/dags/backfill_pipeline_dag.py for tasks to queue
[2026-04-27T12:43:42.457+0000] {logging_mixin.py:188} INFO - [2026-04-27T12:43:42.456+0000] {dagbag.py:545} INFO - Filling up the DagBag from /opt/airflow/dags/backfill_pipeline_dag.py
[2026-04-27T12:43:42.463+0000] {processor.py:840} INFO - DAG(s) 'backfill_pipeline' retrieved from /opt/airflow/dags/backfill_pipeline_dag.py
[2026-04-27T12:43:42.485+0000] {logging_mixin.py:188} INFO - [2026-04-27T12:43:42.485+0000] {dag.py:3096} INFO - Sync 1 DAGs
[2026-04-27T12:43:42.494+0000] {logging_mixin.py:188} INFO - [2026-04-27T12:43:42.493+0000] {dag.py:3954} INFO - Setting next_dagrun for backfill_pipeline to None, run_after=None
[2026-04-27T12:43:42.511+0000] {processor.py:183} INFO - Processing /opt/airflow/dags/backfill_pipeline_dag.py took 0.061 seconds
[2026-04-27T12:44:12.845+0000] {processor.py:161} INFO - Started process (PID=1930) to work on /opt/airflow/dags/backfill_pipeline_dag.py
[2026-04-27T12:44:12.846+0000] {processor.py:830} INFO - Processing file /opt/airflow/dags/backfill_pipeline_dag.py for tasks to queue
[2026-04-27T12:44:12.847+0000] {logging_mixin.py:188} INFO - [2026-04-27T12:44:12.847+0000] {dagbag.py:545} INFO - Filling up the DagBag from /opt/airflow/dags/backfill_pipeline_dag.py
[2026-04-27T12:44:12.854+0000] {processor.py:840} INFO - DAG(s) 'backfill_pipeline' retrieved from /opt/airflow/dags/backfill_pipeline_dag.py
[2026-04-27T12:44:12.876+0000] {logging_mixin.py:188} INFO - [2026-04-27T12:44:12.876+0000] {dag.py:3096} INFO - Sync 1 DAGs
[2026-04-27T12:44:12.885+0000] {logging_mixin.py:188} INFO - [2026-04-27T12:44:12.885+0000] {dag.py:3954} INFO - Setting next_dagrun for backfill_pipeline to None, run_after=None
[2026-04-27T12:44:12.901+0000] {processor.py:183} INFO - Processing /opt/airflow/dags/backfill_pipeline_dag.py took 0.060 seconds
[2026-04-27T12:44:43.218+0000] {processor.py:161} INFO - Started process (PID=1945) to work on /opt/airflow/dags/backfill_pipeline_dag.py
[2026-04-27T12:44:43.218+0000] {processor.py:830} INFO - Processing file /opt/airflow/dags/backfill_pipeline_dag.py for tasks to queue
[2026-04-27T12:44:43.220+0000] {logging_mixin.py:188} INFO - [2026-04-27T12:44:43.219+0000] {dagbag.py:545} INFO - Filling up the DagBag from /opt/airflow/dags/backfill_pipeline_dag.py
[2026-04-27T12:44:43.225+0000] {processor.py:840} INFO - DAG(s) 'backfill_pipeline' retrieved from /opt/airflow/dags/backfill_pipeline_dag.py
[2026-04-27T12:44:43.245+0000] {logging_mixin.py:188} INFO - [2026-04-27T12:44:43.245+0000] {dag.py:3096} INFO - Sync 1 DAGs
[2026-04-27T12:44:43.254+0000] {logging_mixin.py:188} INFO - [2026-04-27T12:44:43.254+0000] {dag.py:3954} INFO - Setting next_dagrun for backfill_pipeline to None, run_after=None
[2026-04-27T12:44:43.270+0000] {processor.py:183} INFO - Processing /opt/airflow/dags/backfill_pipeline_dag.py took 0.057 seconds
[2026-04-27T12:45:13.481+0000] {processor.py:161} INFO - Started process (PID=1960) to work on /opt/airflow/dags/backfill_pipeline_dag.py
[2026-04-27T12:45:13.482+0000] {processor.py:830} INFO - Processing file /opt/airflow/dags/backfill_pipeline_dag.py for tasks to queue
[2026-04-27T12:45:13.484+0000] {logging_mixin.py:188} INFO - [2026-04-27T12:45:13.483+0000] {dagbag.py:545} INFO - Filling up the DagBag from /opt/airflow/dags/backfill_pipeline_dag.py
[2026-04-27T12:45:13.490+0000] {processor.py:840} INFO - DAG(s) 'backfill_pipeline' retrieved from /opt/airflow/dags/backfill_pipeline_dag.py
[2026-04-27T12:45:13.510+0000] {logging_mixin.py:188} INFO - [2026-04-27T12:45:13.510+0000] {dag.py:3096} INFO - Sync 1 DAGs
[2026-04-27T12:45:13.520+0000] {logging_mixin.py:188} INFO - [2026-04-27T12:45:13.519+0000] {dag.py:3954} INFO - Setting next_dagrun for backfill_pipeline to None, run_after=None
[2026-04-27T12:45:13.536+0000] {processor.py:183} INFO - Processing /opt/airflow/dags/backfill_pipeline_dag.py took 0.060 seconds
[2026-04-27T12:45:43.782+0000] {processor.py:161} INFO - Started process (PID=1975) to work on /opt/airflow/dags/backfill_pipeline_dag.py
[2026-04-27T12:45:43.782+0000] {processor.py:830} INFO - Processing file /opt/airflow/dags/backfill_pipeline_dag.py for tasks to queue
[2026-04-27T12:45:43.784+0000] {logging_mixin.py:188} INFO - [2026-04-27T12:45:43.783+0000] {dagbag.py:545} INFO - Filling up the DagBag from /opt/airflow/dags/backfill_pipeline_dag.py
[2026-04-27T12:45:43.790+0000] {processor.py:840} INFO - DAG(s) 'backfill_pipeline' retrieved from /opt/airflow/dags/backfill_pipeline_dag.py
[2026-04-27T12:45:43.809+0000] {logging_mixin.py:188} INFO - [2026-04-27T12:45:43.809+0000] {dag.py:3096} INFO - Sync 1 DAGs
[2026-04-27T12:45:43.818+0000] {logging_mixin.py:188} INFO - [2026-04-27T12:45:43.818+0000] {dag.py:3954} INFO - Setting next_dagrun for backfill_pipeline to None, run_after=None
[2026-04-27T12:45:43.835+0000] {processor.py:183} INFO - Processing /opt/airflow/dags/backfill_pipeline_dag.py took 0.058 seconds
[2026-04-27T12:46:14.069+0000] {processor.py:161} INFO - Started process (PID=1990) to work on /opt/airflow/dags/backfill_pipeline_dag.py
[2026-04-27T12:46:14.069+0000] {processor.py:830} INFO - Processing file /opt/airflow/dags/backfill_pipeline_dag.py for tasks to queue
[2026-04-27T12:46:14.071+0000] {logging_mixin.py:188} INFO - [2026-04-27T12:46:14.070+0000] {dagbag.py:545} INFO - Filling up the DagBag from /opt/airflow/dags/backfill_pipeline_dag.py
[2026-04-27T12:46:14.077+0000] {processor.py:840} INFO - DAG(s) 'backfill_pipeline' retrieved from /opt/airflow/dags/backfill_pipeline_dag.py
[2026-04-27T12:46:14.099+0000] {logging_mixin.py:188} INFO - [2026-04-27T12:46:14.099+0000] {dag.py:3096} INFO - Sync 1 DAGs
[2026-04-27T12:46:14.110+0000] {logging_mixin.py:188} INFO - [2026-04-27T12:46:14.110+0000] {dag.py:3954} INFO - Setting next_dagrun for backfill_pipeline to None, run_after=None
[2026-04-27T12:46:14.124+0000] {processor.py:183} INFO - Processing /opt/airflow/dags/backfill_pipeline_dag.py took 0.060 seconds
[2026-04-27T12:46:44.417+0000] {processor.py:161} INFO - Started process (PID=2004) to work on /opt/airflow/dags/backfill_pipeline_dag.py
[2026-04-27T12:46:44.418+0000] {processor.py:830} INFO - Processing file /opt/airflow/dags/backfill_pipeline_dag.py for tasks to queue
[2026-04-27T12:46:44.419+0000] {logging_mixin.py:188} INFO - [2026-04-27T12:46:44.419+0000] {dagbag.py:545} INFO - Filling up the DagBag from /opt/airflow/dags/backfill_pipeline_dag.py
[2026-04-27T12:46:44.426+0000] {processor.py:840} INFO - DAG(s) 'backfill_pipeline' retrieved from /opt/airflow/dags/backfill_pipeline_dag.py
[2026-04-27T12:46:44.447+0000] {logging_mixin.py:188} INFO - [2026-04-27T12:46:44.447+0000] {dag.py:3096} INFO - Sync 1 DAGs
[2026-04-27T12:46:44.456+0000] {logging_mixin.py:188} INFO - [2026-04-27T12:46:44.456+0000] {dag.py:3954} INFO - Setting next_dagrun for backfill_pipeline to None, run_after=None
[2026-04-27T12:46:44.472+0000] {processor.py:183} INFO - Processing /opt/airflow/dags/backfill_pipeline_dag.py took 0.060 seconds
[2026-04-27T12:47:14.712+0000] {processor.py:161} INFO - Started process (PID=2019) to work on /opt/airflow/dags/backfill_pipeline_dag.py
[2026-04-27T12:47:14.713+0000] {processor.py:830} INFO - Processing file /opt/airflow/dags/backfill_pipeline_dag.py for tasks to queue
[2026-04-27T12:47:14.714+0000] {logging_mixin.py:188} INFO - [2026-04-27T12:47:14.714+0000] {dagbag.py:545} INFO - Filling up the DagBag from /opt/airflow/dags/backfill_pipeline_dag.py
[2026-04-27T12:47:14.720+0000] {processor.py:840} INFO - DAG(s) 'backfill_pipeline' retrieved from /opt/airflow/dags/backfill_pipeline_dag.py
[2026-04-27T12:47:14.741+0000] {logging_mixin.py:188} INFO - [2026-04-27T12:47:14.741+0000] {dag.py:3096} INFO - Sync 1 DAGs
[2026-04-27T12:47:14.750+0000] {logging_mixin.py:188} INFO - [2026-04-27T12:47:14.750+0000] {dag.py:3954} INFO - Setting next_dagrun for backfill_pipeline to None, run_after=None
[2026-04-27T12:47:14.767+0000] {processor.py:183} INFO - Processing /opt/airflow/dags/backfill_pipeline_dag.py took 0.059 seconds
[2026-04-27T12:47:44.996+0000] {processor.py:161} INFO - Started process (PID=2034) to work on /opt/airflow/dags/backfill_pipeline_dag.py
[2026-04-27T12:47:44.996+0000] {processor.py:830} INFO - Processing file /opt/airflow/dags/backfill_pipeline_dag.py for tasks to queue
[2026-04-27T12:47:44.997+0000] {logging_mixin.py:188} INFO - [2026-04-27T12:47:44.997+0000] {dagbag.py:545} INFO - Filling up the DagBag from /opt/airflow/dags/backfill_pipeline_dag.py
[2026-04-27T12:47:45.003+0000] {processor.py:840} INFO - DAG(s) 'backfill_pipeline' retrieved from /opt/airflow/dags/backfill_pipeline_dag.py
[2026-04-27T12:47:45.025+0000] {logging_mixin.py:188} INFO - [2026-04-27T12:47:45.025+0000] {dag.py:3096} INFO - Sync 1 DAGs
[2026-04-27T12:47:45.033+0000] {logging_mixin.py:188} INFO - [2026-04-27T12:47:45.033+0000] {dag.py:3954} INFO - Setting next_dagrun for backfill_pipeline to None, run_after=None
[2026-04-27T12:47:45.050+0000] {processor.py:183} INFO - Processing /opt/airflow/dags/backfill_pipeline_dag.py took 0.059 seconds
[2026-04-27T12:48:15.299+0000] {processor.py:161} INFO - Started process (PID=2050) to work on /opt/airflow/dags/backfill_pipeline_dag.py
[2026-04-27T12:48:15.300+0000] {processor.py:830} INFO - Processing file /opt/airflow/dags/backfill_pipeline_dag.py for tasks to queue
[2026-04-27T12:48:15.301+0000] {logging_mixin.py:188} INFO - [2026-04-27T12:48:15.301+0000] {dagbag.py:545} INFO - Filling up the DagBag from /opt/airflow/dags/backfill_pipeline_dag.py
[2026-04-27T12:48:15.308+0000] {processor.py:840} INFO - DAG(s) 'backfill_pipeline' retrieved from /opt/airflow/dags/backfill_pipeline_dag.py
[2026-04-27T12:48:15.328+0000] {logging_mixin.py:188} INFO - [2026-04-27T12:48:15.328+0000] {dag.py:3096} INFO - Sync 1 DAGs
[2026-04-27T12:48:15.337+0000] {logging_mixin.py:188} INFO - [2026-04-27T12:48:15.337+0000] {dag.py:3954} INFO - Setting next_dagrun for backfill_pipeline to None, run_after=None
[2026-04-27T12:48:15.354+0000] {processor.py:183} INFO - Processing /opt/airflow/dags/backfill_pipeline_dag.py took 0.060 seconds
[2026-04-27T12:48:45.566+0000] {processor.py:161} INFO - Started process (PID=2065) to work on /opt/airflow/dags/backfill_pipeline_dag.py
[2026-04-27T12:48:45.567+0000] {processor.py:830} INFO - Processing file /opt/airflow/dags/backfill_pipeline_dag.py for tasks to queue
[2026-04-27T12:48:45.568+0000] {logging_mixin.py:188} INFO - [2026-04-27T12:48:45.568+0000] {dagbag.py:545} INFO - Filling up the DagBag from /opt/airflow/dags/backfill_pipeline_dag.py
[2026-04-27T12:48:45.575+0000] {processor.py:840} INFO - DAG(s) 'backfill_pipeline' retrieved from /opt/airflow/dags/backfill_pipeline_dag.py
[2026-04-27T12:48:45.594+0000] {logging_mixin.py:188} INFO - [2026-04-27T12:48:45.594+0000] {dag.py:3096} INFO - Sync 1 DAGs
[2026-04-27T12:48:45.603+0000] {logging_mixin.py:188} INFO - [2026-04-27T12:48:45.603+0000] {dag.py:3954} INFO - Setting next_dagrun for backfill_pipeline to None, run_after=None
[2026-04-27T12:48:45.618+0000] {processor.py:183} INFO - Processing /opt/airflow/dags/backfill_pipeline_dag.py took 0.057 seconds
[2026-04-27T12:49:15.821+0000] {processor.py:161} INFO - Started process (PID=2080) to work on /opt/airflow/dags/backfill_pipeline_dag.py
[2026-04-27T12:49:15.822+0000] {processor.py:830} INFO - Processing file /opt/airflow/dags/backfill_pipeline_dag.py for tasks to queue
[2026-04-27T12:49:15.824+0000] {logging_mixin.py:188} INFO - [2026-04-27T12:49:15.824+0000] {dagbag.py:545} INFO - Filling up the DagBag from /opt/airflow/dags/backfill_pipeline_dag.py
[2026-04-27T12:49:15.830+0000] {processor.py:840} INFO - DAG(s) 'backfill_pipeline' retrieved from /opt/airflow/dags/backfill_pipeline_dag.py
[2026-04-27T12:49:15.850+0000] {logging_mixin.py:188} INFO - [2026-04-27T12:49:15.850+0000] {dag.py:3096} INFO - Sync 1 DAGs
[2026-04-27T12:49:15.858+0000] {logging_mixin.py:188} INFO - [2026-04-27T12:49:15.858+0000] {dag.py:3954} INFO - Setting next_dagrun for backfill_pipeline to None, run_after=None
[2026-04-27T12:49:15.874+0000] {processor.py:183} INFO - Processing /opt/airflow/dags/backfill_pipeline_dag.py took 0.057 seconds
[2026-04-27T12:49:46.094+0000] {processor.py:161} INFO - Started process (PID=2095) to work on /opt/airflow/dags/backfill_pipeline_dag.py
[2026-04-27T12:49:46.095+0000] {processor.py:830} INFO - Processing file /opt/airflow/dags/backfill_pipeline_dag.py for tasks to queue
[2026-04-27T12:49:46.096+0000] {logging_mixin.py:188} INFO - [2026-04-27T12:49:46.096+0000] {dagbag.py:545} INFO - Filling up the DagBag from /opt/airflow/dags/backfill_pipeline_dag.py
[2026-04-27T12:49:46.102+0000] {processor.py:840} INFO - DAG(s) 'backfill_pipeline' retrieved from /opt/airflow/dags/backfill_pipeline_dag.py
[2026-04-27T12:49:46.122+0000] {logging_mixin.py:188} INFO - [2026-04-27T12:49:46.122+0000] {dag.py:3096} INFO - Sync 1 DAGs
[2026-04-27T12:49:46.130+0000] {logging_mixin.py:188} INFO - [2026-04-27T12:49:46.130+0000] {dag.py:3954} INFO - Setting next_dagrun for backfill_pipeline to None, run_after=None
[2026-04-27T12:49:46.147+0000] {processor.py:183} INFO - Processing /opt/airflow/dags/backfill_pipeline_dag.py took 0.057 seconds
[2026-04-27T12:50:16.697+0000] {processor.py:161} INFO - Started process (PID=2109) to work on /opt/airflow/dags/backfill_pipeline_dag.py
[2026-04-27T12:50:16.698+0000] {processor.py:830} INFO - Processing file /opt/airflow/dags/backfill_pipeline_dag.py for tasks to queue
[2026-04-27T12:50:16.699+0000] {logging_mixin.py:188} INFO - [2026-04-27T12:50:16.699+0000] {dagbag.py:545} INFO - Filling up the DagBag from /opt/airflow/dags/backfill_pipeline_dag.py
[2026-04-27T12:50:16.705+0000] {processor.py:840} INFO - DAG(s) 'backfill_pipeline' retrieved from /opt/airflow/dags/backfill_pipeline_dag.py
[2026-04-27T12:50:16.727+0000] {logging_mixin.py:188} INFO - [2026-04-27T12:50:16.727+0000] {dag.py:3096} INFO - Sync 1 DAGs
[2026-04-27T12:50:16.735+0000] {logging_mixin.py:188} INFO - [2026-04-27T12:50:16.735+0000] {dag.py:3954} INFO - Setting next_dagrun for backfill_pipeline to None, run_after=None
[2026-04-27T12:50:16.752+0000] {processor.py:183} INFO - Processing /opt/airflow/dags/backfill_pipeline_dag.py took 0.059 seconds
[2026-04-27T12:50:47.258+0000] {processor.py:161} INFO - Started process (PID=2125) to work on /opt/airflow/dags/backfill_pipeline_dag.py
[2026-04-27T12:50:47.258+0000] {processor.py:830} INFO - Processing file /opt/airflow/dags/backfill_pipeline_dag.py for tasks to queue
[2026-04-27T12:50:47.260+0000] {logging_mixin.py:188} INFO - [2026-04-27T12:50:47.259+0000] {dagbag.py:545} INFO - Filling up the DagBag from /opt/airflow/dags/backfill_pipeline_dag.py
[2026-04-27T12:50:47.266+0000] {processor.py:840} INFO - DAG(s) 'backfill_pipeline' retrieved from /opt/airflow/dags/backfill_pipeline_dag.py
[2026-04-27T12:50:47.286+0000] {logging_mixin.py:188} INFO - [2026-04-27T12:50:47.286+0000] {dag.py:3096} INFO - Sync 1 DAGs
[2026-04-27T12:50:47.294+0000] {logging_mixin.py:188} INFO - [2026-04-27T12:50:47.294+0000] {dag.py:3954} INFO - Setting next_dagrun for backfill_pipeline to None, run_after=None
[2026-04-27T12:50:47.311+0000] {processor.py:183} INFO - Processing /opt/airflow/dags/backfill_pipeline_dag.py took 0.060 seconds
[2026-04-27T12:51:17.658+0000] {processor.py:161} INFO - Started process (PID=2140) to work on /opt/airflow/dags/backfill_pipeline_dag.py
[2026-04-27T12:51:17.659+0000] {processor.py:830} INFO - Processing file /opt/airflow/dags/backfill_pipeline_dag.py for tasks to queue
[2026-04-27T12:51:17.661+0000] {logging_mixin.py:188} INFO - [2026-04-27T12:51:17.660+0000] {dagbag.py:545} INFO - Filling up the DagBag from /opt/airflow/dags/backfill_pipeline_dag.py
[2026-04-27T12:51:17.667+0000] {processor.py:840} INFO - DAG(s) 'backfill_pipeline' retrieved from /opt/airflow/dags/backfill_pipeline_dag.py
[2026-04-27T12:51:17.686+0000] {logging_mixin.py:188} INFO - [2026-04-27T12:51:17.686+0000] {dag.py:3096} INFO - Sync 1 DAGs
[2026-04-27T12:51:17.694+0000] {logging_mixin.py:188} INFO - [2026-04-27T12:51:17.694+0000] {dag.py:3954} INFO - Setting next_dagrun for backfill_pipeline to None, run_after=None
[2026-04-27T12:51:17.709+0000] {processor.py:183} INFO - Processing /opt/airflow/dags/backfill_pipeline_dag.py took 0.055 seconds
[2026-04-27T12:51:47.906+0000] {processor.py:161} INFO - Started process (PID=2155) to work on /opt/airflow/dags/backfill_pipeline_dag.py
[2026-04-27T12:51:47.906+0000] {processor.py:830} INFO - Processing file /opt/airflow/dags/backfill_pipeline_dag.py for tasks to queue
[2026-04-27T12:51:47.907+0000] {logging_mixin.py:188} INFO - [2026-04-27T12:51:47.907+0000] {dagbag.py:545} INFO - Filling up the DagBag from /opt/airflow/dags/backfill_pipeline_dag.py
[2026-04-27T12:51:47.914+0000] {processor.py:840} INFO - DAG(s) 'backfill_pipeline' retrieved from /opt/airflow/dags/backfill_pipeline_dag.py
[2026-04-27T12:51:47.936+0000] {logging_mixin.py:188} INFO - [2026-04-27T12:51:47.936+0000] {dag.py:3096} INFO - Sync 1 DAGs
[2026-04-27T12:51:47.945+0000] {logging_mixin.py:188} INFO - [2026-04-27T12:51:47.945+0000] {dag.py:3954} INFO - Setting next_dagrun for backfill_pipeline to None, run_after=None
[2026-04-27T12:51:47.963+0000] {processor.py:183} INFO - Processing /opt/airflow/dags/backfill_pipeline_dag.py took 0.062 seconds
[2026-04-27T12:52:18.156+0000] {processor.py:161} INFO - Started process (PID=2170) to work on /opt/airflow/dags/backfill_pipeline_dag.py
[2026-04-27T12:52:18.157+0000] {processor.py:830} INFO - Processing file /opt/airflow/dags/backfill_pipeline_dag.py for tasks to queue
[2026-04-27T12:52:18.159+0000] {logging_mixin.py:188} INFO - [2026-04-27T12:52:18.158+0000] {dagbag.py:545} INFO - Filling up the DagBag from /opt/airflow/dags/backfill_pipeline_dag.py
[2026-04-27T12:52:18.166+0000] {processor.py:840} INFO - DAG(s) 'backfill_pipeline' retrieved from /opt/airflow/dags/backfill_pipeline_dag.py
[2026-04-27T12:52:18.186+0000] {logging_mixin.py:188} INFO - [2026-04-27T12:52:18.185+0000] {dag.py:3096} INFO - Sync 1 DAGs
[2026-04-27T12:52:18.195+0000] {logging_mixin.py:188} INFO - [2026-04-27T12:52:18.195+0000] {dag.py:3954} INFO - Setting next_dagrun for backfill_pipeline to None, run_after=None
[2026-04-27T12:52:18.211+0000] {processor.py:183} INFO - Processing /opt/airflow/dags/backfill_pipeline_dag.py took 0.059 seconds
[2026-04-27T12:52:48.423+0000] {processor.py:161} INFO - Started process (PID=2185) to work on /opt/airflow/dags/backfill_pipeline_dag.py
[2026-04-27T12:52:48.423+0000] {processor.py:830} INFO - Processing file /opt/airflow/dags/backfill_pipeline_dag.py for tasks to queue
[2026-04-27T12:52:48.425+0000] {logging_mixin.py:188} INFO - [2026-04-27T12:52:48.425+0000] {dagbag.py:545} INFO - Filling up the DagBag from /opt/airflow/dags/backfill_pipeline_dag.py
[2026-04-27T12:52:48.431+0000] {processor.py:840} INFO - DAG(s) 'backfill_pipeline' retrieved from /opt/airflow/dags/backfill_pipeline_dag.py
[2026-04-27T12:52:48.452+0000] {logging_mixin.py:188} INFO - [2026-04-27T12:52:48.452+0000] {dag.py:3096} INFO - Sync 1 DAGs
[2026-04-27T12:52:48.461+0000] {logging_mixin.py:188} INFO - [2026-04-27T12:52:48.461+0000] {dag.py:3954} INFO - Setting next_dagrun for backfill_pipeline to None, run_after=None
[2026-04-27T12:52:48.479+0000] {processor.py:183} INFO - Processing /opt/airflow/dags/backfill_pipeline_dag.py took 0.060 seconds
[2026-04-27T12:53:18.704+0000] {processor.py:161} INFO - Started process (PID=2200) to work on /opt/airflow/dags/backfill_pipeline_dag.py
[2026-04-27T12:53:18.705+0000] {processor.py:830} INFO - Processing file /opt/airflow/dags/backfill_pipeline_dag.py for tasks to queue
[2026-04-27T12:53:18.706+0000] {logging_mixin.py:188} INFO - [2026-04-27T12:53:18.706+0000] {dagbag.py:545} INFO - Filling up the DagBag from /opt/airflow/dags/backfill_pipeline_dag.py
[2026-04-27T12:53:18.713+0000] {processor.py:840} INFO - DAG(s) 'backfill_pipeline' retrieved from /opt/airflow/dags/backfill_pipeline_dag.py
[2026-04-27T12:53:18.733+0000] {logging_mixin.py:188} INFO - [2026-04-27T12:53:18.733+0000] {dag.py:3096} INFO - Sync 1 DAGs
[2026-04-27T12:53:18.742+0000] {logging_mixin.py:188} INFO - [2026-04-27T12:53:18.742+0000] {dag.py:3954} INFO - Setting next_dagrun for backfill_pipeline to None, run_after=None
[2026-04-27T12:53:18.758+0000] {processor.py:183} INFO - Processing /opt/airflow/dags/backfill_pipeline_dag.py took 0.059 seconds
[2026-04-27T12:53:48.985+0000] {processor.py:161} INFO - Started process (PID=2215) to work on /opt/airflow/dags/backfill_pipeline_dag.py
[2026-04-27T12:53:48.986+0000] {processor.py:830} INFO - Processing file /opt/airflow/dags/backfill_pipeline_dag.py for tasks to queue
[2026-04-27T12:53:48.988+0000] {logging_mixin.py:188} INFO - [2026-04-27T12:53:48.987+0000] {dagbag.py:545} INFO - Filling up the DagBag from /opt/airflow/dags/backfill_pipeline_dag.py
[2026-04-27T12:53:48.993+0000] {processor.py:840} INFO - DAG(s) 'backfill_pipeline' retrieved from /opt/airflow/dags/backfill_pipeline_dag.py
[2026-04-27T12:53:49.015+0000] {logging_mixin.py:188} INFO - [2026-04-27T12:53:49.015+0000] {dag.py:3096} INFO - Sync 1 DAGs
[2026-04-27T12:53:49.024+0000] {logging_mixin.py:188} INFO - [2026-04-27T12:53:49.023+0000] {dag.py:3954} INFO - Setting next_dagrun for backfill_pipeline to None, run_after=None
[2026-04-27T12:53:49.040+0000] {processor.py:183} INFO - Processing /opt/airflow/dags/backfill_pipeline_dag.py took 0.059 seconds
[2026-04-27T12:54:19.269+0000] {processor.py:161} INFO - Started process (PID=2230) to work on /opt/airflow/dags/backfill_pipeline_dag.py
[2026-04-27T12:54:19.270+0000] {processor.py:830} INFO - Processing file /opt/airflow/dags/backfill_pipeline_dag.py for tasks to queue
[2026-04-27T12:54:19.271+0000] {logging_mixin.py:188} INFO - [2026-04-27T12:54:19.271+0000] {dagbag.py:545} INFO - Filling up the DagBag from /opt/airflow/dags/backfill_pipeline_dag.py
[2026-04-27T12:54:19.277+0000] {processor.py:840} INFO - DAG(s) 'backfill_pipeline' retrieved from /opt/airflow/dags/backfill_pipeline_dag.py
[2026-04-27T12:54:19.297+0000] {logging_mixin.py:188} INFO - [2026-04-27T12:54:19.297+0000] {dag.py:3096} INFO - Sync 1 DAGs
[2026-04-27T12:54:19.306+0000] {logging_mixin.py:188} INFO - [2026-04-27T12:54:19.306+0000] {dag.py:3954} INFO - Setting next_dagrun for backfill_pipeline to None, run_after=None
[2026-04-27T12:54:19.322+0000] {processor.py:183} INFO - Processing /opt/airflow/dags/backfill_pipeline_dag.py took 0.057 seconds
[2026-04-27T12:54:49.565+0000] {processor.py:161} INFO - Started process (PID=2245) to work on /opt/airflow/dags/backfill_pipeline_dag.py
[2026-04-27T12:54:49.566+0000] {processor.py:830} INFO - Processing file /opt/airflow/dags/backfill_pipeline_dag.py for tasks to queue
[2026-04-27T12:54:49.567+0000] {logging_mixin.py:188} INFO - [2026-04-27T12:54:49.567+0000] {dagbag.py:545} INFO - Filling up the DagBag from /opt/airflow/dags/backfill_pipeline_dag.py
[2026-04-27T12:54:49.574+0000] {processor.py:840} INFO - DAG(s) 'backfill_pipeline' retrieved from /opt/airflow/dags/backfill_pipeline_dag.py
[2026-04-27T12:54:49.595+0000] {logging_mixin.py:188} INFO - [2026-04-27T12:54:49.595+0000] {dag.py:3096} INFO - Sync 1 DAGs
[2026-04-27T12:54:49.603+0000] {logging_mixin.py:188} INFO - [2026-04-27T12:54:49.603+0000] {dag.py:3954} INFO - Setting next_dagrun for backfill_pipeline to None, run_after=None
[2026-04-27T12:54:49.619+0000] {processor.py:183} INFO - Processing /opt/airflow/dags/backfill_pipeline_dag.py took 0.058 seconds
[2026-04-27T12:55:19.833+0000] {processor.py:161} INFO - Started process (PID=2260) to work on /opt/airflow/dags/backfill_pipeline_dag.py
[2026-04-27T12:55:19.834+0000] {processor.py:830} INFO - Processing file /opt/airflow/dags/backfill_pipeline_dag.py for tasks to queue
[2026-04-27T12:55:19.835+0000] {logging_mixin.py:188} INFO - [2026-04-27T12:55:19.835+0000] {dagbag.py:545} INFO - Filling up the DagBag from /opt/airflow/dags/backfill_pipeline_dag.py
[2026-04-27T12:55:19.841+0000] {processor.py:840} INFO - DAG(s) 'backfill_pipeline' retrieved from /opt/airflow/dags/backfill_pipeline_dag.py
[2026-04-27T12:55:19.861+0000] {logging_mixin.py:188} INFO - [2026-04-27T12:55:19.861+0000] {dag.py:3096} INFO - Sync 1 DAGs
[2026-04-27T12:55:19.870+0000] {logging_mixin.py:188} INFO - [2026-04-27T12:55:19.870+0000] {dag.py:3954} INFO - Setting next_dagrun for backfill_pipeline to None, run_after=None
[2026-04-27T12:55:19.887+0000] {processor.py:183} INFO - Processing /opt/airflow/dags/backfill_pipeline_dag.py took 0.058 seconds
[2026-04-27T12:55:50.149+0000] {processor.py:161} INFO - Started process (PID=2275) to work on /opt/airflow/dags/backfill_pipeline_dag.py
[2026-04-27T12:55:50.150+0000] {processor.py:830} INFO - Processing file /opt/airflow/dags/backfill_pipeline_dag.py for tasks to queue
[2026-04-27T12:55:50.151+0000] {logging_mixin.py:188} INFO - [2026-04-27T12:55:50.151+0000] {dagbag.py:545} INFO - Filling up the DagBag from /opt/airflow/dags/backfill_pipeline_dag.py
[2026-04-27T12:55:50.157+0000] {processor.py:840} INFO - DAG(s) 'backfill_pipeline' retrieved from /opt/airflow/dags/backfill_pipeline_dag.py
[2026-04-27T12:55:50.178+0000] {logging_mixin.py:188} INFO - [2026-04-27T12:55:50.177+0000] {dag.py:3096} INFO - Sync 1 DAGs
[2026-04-27T12:55:50.187+0000] {logging_mixin.py:188} INFO - [2026-04-27T12:55:50.187+0000] {dag.py:3954} INFO - Setting next_dagrun for backfill_pipeline to None, run_after=None
[2026-04-27T12:55:50.204+0000] {processor.py:183} INFO - Processing /opt/airflow/dags/backfill_pipeline_dag.py took 0.059 seconds
[2026-04-27T12:56:20.404+0000] {processor.py:161} INFO - Started process (PID=2290) to work on /opt/airflow/dags/backfill_pipeline_dag.py
[2026-04-27T12:56:20.404+0000] {processor.py:830} INFO - Processing file /opt/airflow/dags/backfill_pipeline_dag.py for tasks to queue
[2026-04-27T12:56:20.405+0000] {logging_mixin.py:188} INFO - [2026-04-27T12:56:20.405+0000] {dagbag.py:545} INFO - Filling up the DagBag from /opt/airflow/dags/backfill_pipeline_dag.py
[2026-04-27T12:56:20.412+0000] {processor.py:840} INFO - DAG(s) 'backfill_pipeline' retrieved from /opt/airflow/dags/backfill_pipeline_dag.py
[2026-04-27T12:56:20.435+0000] {logging_mixin.py:188} INFO - [2026-04-27T12:56:20.435+0000] {dag.py:3096} INFO - Sync 1 DAGs
[2026-04-27T12:56:20.446+0000] {logging_mixin.py:188} INFO - [2026-04-27T12:56:20.446+0000] {dag.py:3954} INFO - Setting next_dagrun for backfill_pipeline to None, run_after=None
[2026-04-27T12:56:20.462+0000] {processor.py:183} INFO - Processing /opt/airflow/dags/backfill_pipeline_dag.py took 0.063 seconds
[2026-04-27T12:56:50.852+0000] {processor.py:161} INFO - Started process (PID=2305) to work on /opt/airflow/dags/backfill_pipeline_dag.py
[2026-04-27T12:56:50.853+0000] {processor.py:830} INFO - Processing file /opt/airflow/dags/backfill_pipeline_dag.py for tasks to queue
[2026-04-27T12:56:50.854+0000] {logging_mixin.py:188} INFO - [2026-04-27T12:56:50.854+0000] {dagbag.py:545} INFO - Filling up the DagBag from /opt/airflow/dags/backfill_pipeline_dag.py
[2026-04-27T12:56:50.861+0000] {processor.py:840} INFO - DAG(s) 'backfill_pipeline' retrieved from /opt/airflow/dags/backfill_pipeline_dag.py
[2026-04-27T12:56:50.883+0000] {logging_mixin.py:188} INFO - [2026-04-27T12:56:50.883+0000] {dag.py:3096} INFO - Sync 1 DAGs
[2026-04-27T12:56:50.892+0000] {logging_mixin.py:188} INFO - [2026-04-27T12:56:50.892+0000] {dag.py:3954} INFO - Setting next_dagrun for backfill_pipeline to None, run_after=None
[2026-04-27T12:56:50.909+0000] {processor.py:183} INFO - Processing /opt/airflow/dags/backfill_pipeline_dag.py took 0.062 seconds
[2026-04-27T12:57:21.590+0000] {processor.py:161} INFO - Started process (PID=2320) to work on /opt/airflow/dags/backfill_pipeline_dag.py
[2026-04-27T12:57:21.591+0000] {processor.py:830} INFO - Processing file /opt/airflow/dags/backfill_pipeline_dag.py for tasks to queue
[2026-04-27T12:57:21.593+0000] {logging_mixin.py:188} INFO - [2026-04-27T12:57:21.593+0000] {dagbag.py:545} INFO - Filling up the DagBag from /opt/airflow/dags/backfill_pipeline_dag.py
[2026-04-27T12:57:21.599+0000] {processor.py:840} INFO - DAG(s) 'backfill_pipeline' retrieved from /opt/airflow/dags/backfill_pipeline_dag.py
[2026-04-27T12:57:21.620+0000] {logging_mixin.py:188} INFO - [2026-04-27T12:57:21.620+0000] {dag.py:3096} INFO - Sync 1 DAGs
[2026-04-27T12:57:21.629+0000] {logging_mixin.py:188} INFO - [2026-04-27T12:57:21.628+0000] {dag.py:3954} INFO - Setting next_dagrun for backfill_pipeline to None, run_after=None
[2026-04-27T12:57:21.645+0000] {processor.py:183} INFO - Processing /opt/airflow/dags/backfill_pipeline_dag.py took 0.059 seconds
[2026-04-27T12:57:52.430+0000] {processor.py:161} INFO - Started process (PID=2335) to work on /opt/airflow/dags/backfill_pipeline_dag.py
[2026-04-27T12:57:52.431+0000] {processor.py:830} INFO - Processing file /opt/airflow/dags/backfill_pipeline_dag.py for tasks to queue
[2026-04-27T12:57:52.432+0000] {logging_mixin.py:188} INFO - [2026-04-27T12:57:52.432+0000] {dagbag.py:545} INFO - Filling up the DagBag from /opt/airflow/dags/backfill_pipeline_dag.py
[2026-04-27T12:57:52.439+0000] {processor.py:840} INFO - DAG(s) 'backfill_pipeline' retrieved from /opt/airflow/dags/backfill_pipeline_dag.py
[2026-04-27T12:57:52.460+0000] {logging_mixin.py:188} INFO - [2026-04-27T12:57:52.459+0000] {dag.py:3096} INFO - Sync 1 DAGs
[2026-04-27T12:57:52.468+0000] {logging_mixin.py:188} INFO - [2026-04-27T12:57:52.468+0000] {dag.py:3954} INFO - Setting next_dagrun for backfill_pipeline to None, run_after=None
[2026-04-27T12:57:52.483+0000] {processor.py:183} INFO - Processing /opt/airflow/dags/backfill_pipeline_dag.py took 0.058 seconds
[2026-04-27T12:58:23.205+0000] {processor.py:161} INFO - Started process (PID=2349) to work on /opt/airflow/dags/backfill_pipeline_dag.py
[2026-04-27T12:58:23.205+0000] {processor.py:830} INFO - Processing file /opt/airflow/dags/backfill_pipeline_dag.py for tasks to queue
[2026-04-27T12:58:23.207+0000] {logging_mixin.py:188} INFO - [2026-04-27T12:58:23.206+0000] {dagbag.py:545} INFO - Filling up the DagBag from /opt/airflow/dags/backfill_pipeline_dag.py
[2026-04-27T12:58:23.213+0000] {processor.py:840} INFO - DAG(s) 'backfill_pipeline' retrieved from /opt/airflow/dags/backfill_pipeline_dag.py
[2026-04-27T12:58:23.234+0000] {logging_mixin.py:188} INFO - [2026-04-27T12:58:23.233+0000] {dag.py:3096} INFO - Sync 1 DAGs
[2026-04-27T12:58:23.242+0000] {logging_mixin.py:188} INFO - [2026-04-27T12:58:23.242+0000] {dag.py:3954} INFO - Setting next_dagrun for backfill_pipeline to None, run_after=None
[2026-04-27T12:58:23.258+0000] {processor.py:183} INFO - Processing /opt/airflow/dags/backfill_pipeline_dag.py took 0.058 seconds
[2026-04-27T12:58:53.860+0000] {processor.py:161} INFO - Started process (PID=2365) to work on /opt/airflow/dags/backfill_pipeline_dag.py
[2026-04-27T12:58:53.861+0000] {processor.py:830} INFO - Processing file /opt/airflow/dags/backfill_pipeline_dag.py for tasks to queue
[2026-04-27T12:58:53.862+0000] {logging_mixin.py:188} INFO - [2026-04-27T12:58:53.862+0000] {dagbag.py:545} INFO - Filling up the DagBag from /opt/airflow/dags/backfill_pipeline_dag.py
[2026-04-27T12:58:53.868+0000] {processor.py:840} INFO - DAG(s) 'backfill_pipeline' retrieved from /opt/airflow/dags/backfill_pipeline_dag.py
[2026-04-27T12:58:53.888+0000] {logging_mixin.py:188} INFO - [2026-04-27T12:58:53.888+0000] {dag.py:3096} INFO - Sync 1 DAGs
[2026-04-27T12:58:53.897+0000] {logging_mixin.py:188} INFO - [2026-04-27T12:58:53.897+0000] {dag.py:3954} INFO - Setting next_dagrun for backfill_pipeline to None, run_after=None
[2026-04-27T12:58:53.913+0000] {processor.py:183} INFO - Processing /opt/airflow/dags/backfill_pipeline_dag.py took 0.057 seconds
[2026-04-27T12:59:24.455+0000] {processor.py:161} INFO - Started process (PID=2380) to work on /opt/airflow/dags/backfill_pipeline_dag.py
[2026-04-27T12:59:24.455+0000] {processor.py:830} INFO - Processing file /opt/airflow/dags/backfill_pipeline_dag.py for tasks to queue
[2026-04-27T12:59:24.456+0000] {logging_mixin.py:188} INFO - [2026-04-27T12:59:24.456+0000] {dagbag.py:545} INFO - Filling up the DagBag from /opt/airflow/dags/backfill_pipeline_dag.py
[2026-04-27T12:59:24.463+0000] {processor.py:840} INFO - DAG(s) 'backfill_pipeline' retrieved from /opt/airflow/dags/backfill_pipeline_dag.py
[2026-04-27T12:59:24.484+0000] {logging_mixin.py:188} INFO - [2026-04-27T12:59:24.484+0000] {dag.py:3096} INFO - Sync 1 DAGs
[2026-04-27T12:59:23.493+0000] {logging_mixin.py:188} INFO - [2026-04-27T12:59:23.492+0000] {dag.py:3954} INFO - Setting next_dagrun for backfill_pipeline to None, run_after=None
[2026-04-27T12:59:23.509+0000] {processor.py:183} INFO - Processing /opt/airflow/dags/backfill_pipeline_dag.py took 0.059 seconds
[2026-04-27T12:59:54.114+0000] {processor.py:161} INFO - Started process (PID=2390) to work on /opt/airflow/dags/backfill_pipeline_dag.py
[2026-04-27T12:59:54.115+0000] {processor.py:830} INFO - Processing file /opt/airflow/dags/backfill_pipeline_dag.py for tasks to queue
[2026-04-27T12:59:54.117+0000] {logging_mixin.py:188} INFO - [2026-04-27T12:59:54.116+0000] {dagbag.py:545} INFO - Filling up the DagBag from /opt/airflow/dags/backfill_pipeline_dag.py
[2026-04-27T12:59:54.123+0000] {processor.py:840} INFO - DAG(s) 'backfill_pipeline' retrieved from /opt/airflow/dags/backfill_pipeline_dag.py
[2026-04-27T12:59:54.144+0000] {logging_mixin.py:188} INFO - [2026-04-27T12:59:54.144+0000] {dag.py:3096} INFO - Sync 1 DAGs
[2026-04-27T12:59:54.152+0000] {logging_mixin.py:188} INFO - [2026-04-27T12:59:54.152+0000] {dag.py:3954} INFO - Setting next_dagrun for backfill_pipeline to None, run_after=None
[2026-04-27T12:59:54.169+0000] {processor.py:183} INFO - Processing /opt/airflow/dags/backfill_pipeline_dag.py took 0.058 seconds
[2026-04-27T13:00:24.854+0000] {processor.py:161} INFO - Started process (PID=2405) to work on /opt/airflow/dags/backfill_pipeline_dag.py
[2026-04-27T13:00:24.855+0000] {processor.py:830} INFO - Processing file /opt/airflow/dags/backfill_pipeline_dag.py for tasks to queue
[2026-04-27T13:00:24.856+0000] {logging_mixin.py:188} INFO - [2026-04-27T13:00:24.856+0000] {dagbag.py:545} INFO - Filling up the DagBag from /opt/airflow/dags/backfill_pipeline_dag.py
[2026-04-27T13:00:24.863+0000] {processor.py:840} INFO - DAG(s) 'backfill_pipeline' retrieved from /opt/airflow/dags/backfill_pipeline_dag.py
[2026-04-27T13:00:24.884+0000] {logging_mixin.py:188} INFO - [2026-04-27T13:00:24.884+0000] {dag.py:3096} INFO - Sync 1 DAGs
[2026-04-27T13:00:24.894+0000] {logging_mixin.py:188} INFO - [2026-04-27T13:00:24.894+0000] {dag.py:3954} INFO - Setting next_dagrun for backfill_pipeline to None, run_after=None
[2026-04-27T13:00:24.911+0000] {processor.py:183} INFO - Processing /opt/airflow/dags/backfill_pipeline_dag.py took 0.061 seconds
[2026-04-27T13:00:55.409+0000] {processor.py:161} INFO - Started process (PID=2420) to work on /opt/airflow/dags/backfill_pipeline_dag.py
[2026-04-27T13:00:55.410+0000] {processor.py:830} INFO - Processing file /opt/airflow/dags/backfill_pipeline_dag.py for tasks to queue
[2026-04-27T13:00:55.411+0000] {logging_mixin.py:188} INFO - [2026-04-27T13:00:55.411+0000] {dagbag.py:545} INFO - Filling up the DagBag from /opt/airflow/dags/backfill_pipeline_dag.py
[2026-04-27T13:00:55.417+0000] {processor.py:840} INFO - DAG(s) 'backfill_pipeline' retrieved from /opt/airflow/dags/backfill_pipeline_dag.py
[2026-04-27T13:00:55.437+0000] {logging_mixin.py:188} INFO - [2026-04-27T13:00:55.436+0000] {dag.py:3096} INFO - Sync 1 DAGs
[2026-04-27T13:00:55.446+0000] {logging_mixin.py:188} INFO - [2026-04-27T13:00:55.446+0000] {dag.py:3954} INFO - Setting next_dagrun for backfill_pipeline to None, run_after=None
[2026-04-27T13:00:55.460+0000] {processor.py:183} INFO - Processing /opt/airflow/dags/backfill_pipeline_dag.py took 0.055 seconds
[2026-04-27T13:01:25.855+0000] {processor.py:161} INFO - Started process (PID=2435) to work on /opt/airflow/dags/backfill_pipeline_dag.py
[2026-04-27T13:01:25.856+0000] {processor.py:830} INFO - Processing file /opt/airflow/dags/backfill_pipeline_dag.py for tasks to queue
[2026-04-27T13:01:25.857+0000] {logging_mixin.py:188} INFO - [2026-04-27T13:01:25.857+0000] {dagbag.py:545} INFO - Filling up the DagBag from /opt/airflow/dags/backfill_pipeline_dag.py
[2026-04-27T13:01:25.864+0000] {processor.py:840} INFO - DAG(s) 'backfill_pipeline' retrieved from /opt/airflow/dags/backfill_pipeline_dag.py
[2026-04-27T13:01:25.885+0000] {logging_mixin.py:188} INFO - [2026-04-27T13:01:25.885+0000] {dag.py:3096} INFO - Sync 1 DAGs
[2026-04-27T13:01:25.895+0000] {logging_mixin.py:188} INFO - [2026-04-27T13:01:25.895+0000] {dag.py:3954} INFO - Setting next_dagrun for backfill_pipeline to None, run_after=None
[2026-04-27T13:01:25.912+0000] {processor.py:183} INFO - Processing /opt/airflow/dags/backfill_pipeline_dag.py took 0.061 seconds
[2026-04-27T13:01:56.269+0000] {processor.py:161} INFO - Started process (PID=2450) to work on /opt/airflow/dags/backfill_pipeline_dag.py
[2026-04-27T13:01:56.270+0000] {processor.py:830} INFO - Processing file /opt/airflow/dags/backfill_pipeline_dag.py for tasks to queue
[2026-04-27T13:01:56.271+0000] {logging_mixin.py:188} INFO - [2026-04-27T13:01:56.271+0000] {dagbag.py:545} INFO - Filling up the DagBag from /opt/airflow/dags/backfill_pipeline_dag.py
[2026-04-27T13:01:56.278+0000] {processor.py:840} INFO - DAG(s) 'backfill_pipeline' retrieved from /opt/airflow/dags/backfill_pipeline_dag.py
[2026-04-27T13:01:56.297+0000] {logging_mixin.py:188} INFO - [2026-04-27T13:01:56.297+0000] {dag.py:3096} INFO - Sync 1 DAGs
[2026-04-27T13:01:56.307+0000] {logging_mixin.py:188} INFO - [2026-04-27T13:01:56.307+0000] {dag.py:3954} INFO - Setting next_dagrun for backfill_pipeline to None, run_after=None
[2026-04-27T13:01:56.323+0000] {processor.py:183} INFO - Processing /opt/airflow/dags/backfill_pipeline_dag.py took 0.058 seconds
[2026-04-27T13:02:26.516+0000] {processor.py:161} INFO - Started process (PID=2465) to work on /opt/airflow/dags/backfill_pipeline_dag.py
[2026-04-27T13:02:26.517+0000] {processor.py:830} INFO - Processing file /opt/airflow/dags/backfill_pipeline_dag.py for tasks to queue
[2026-04-27T13:02:26.519+0000] {logging_mixin.py:188} INFO - [2026-04-27T13:02:26.519+0000] {dagbag.py:545} INFO - Filling up the DagBag from /opt/airflow/dags/backfill_pipeline_dag.py
[2026-04-27T13:02:26.528+0000] {processor.py:840} INFO - DAG(s) 'backfill_pipeline' retrieved from /opt/airflow/dags/backfill_pipeline_dag.py
[2026-04-27T13:02:26.553+0000] {logging_mixin.py:188} INFO - [2026-04-27T13:02:26.553+0000] {dag.py:3096} INFO - Sync 1 DAGs
[2026-04-27T13:02:26.563+0000] {logging_mixin.py:188} INFO - [2026-04-27T13:02:26.563+0000] {dag.py:3954} INFO - Setting next_dagrun for backfill_pipeline to None, run_after=None
[2026-04-27T13:02:26.580+0000] {processor.py:183} INFO - Processing /opt/airflow/dags/backfill_pipeline_dag.py took 0.069 seconds
[2026-04-27T13:02:56.795+0000] {processor.py:161} INFO - Started process (PID=2480) to work on /opt/airflow/dags/backfill_pipeline_dag.py
[2026-04-27T13:02:56.796+0000] {processor.py:830} INFO - Processing file /opt/airflow/dags/backfill_pipeline_dag.py for tasks to queue
[2026-04-27T13:02:56.797+0000] {logging_mixin.py:188} INFO - [2026-04-27T13:02:56.797+0000] {dagbag.py:545} INFO - Filling up the DagBag from /opt/airflow/dags/backfill_pipeline_dag.py
[2026-04-27T13:02:56.804+0000] {processor.py:840} INFO - DAG(s) 'backfill_pipeline' retrieved from /opt/airflow/dags/backfill_pipeline_dag.py
[2026-04-27T13:02:56.824+0000] {logging_mixin.py:188} INFO - [2026-04-27T13:02:56.824+0000] {dag.py:3096} INFO - Sync 1 DAGs
[2026-04-27T13:02:56.833+0000] {logging_mixin.py:188} INFO - [2026-04-27T13:02:56.833+0000] {dag.py:3954} INFO - Setting next_dagrun for backfill_pipeline to None, run_after=None
[2026-04-27T13:02:56.849+0000] {processor.py:183} INFO - Processing /opt/airflow/dags/backfill_pipeline_dag.py took 0.059 seconds
[2026-04-27T13:03:27.231+0000] {processor.py:161} INFO - Started process (PID=2495) to work on /opt/airflow/dags/backfill_pipeline_dag.py
[2026-04-27T13:03:27.232+0000] {processor.py:830} INFO - Processing file /opt/airflow/dags/backfill_pipeline_dag.py for tasks to queue
[2026-04-27T13:03:27.233+0000] {logging_mixin.py:188} INFO - [2026-04-27T13:03:27.233+0000] {dagbag.py:545} INFO - Filling up the DagBag from /opt/airflow/dags/backfill_pipeline_dag.py
[2026-04-27T13:03:27.239+0000] {processor.py:840} INFO - DAG(s) 'backfill_pipeline' retrieved from /opt/airflow/dags/backfill_pipeline_dag.py
[2026-04-27T13:03:27.262+0000] {logging_mixin.py:188} INFO - [2026-04-27T13:03:27.262+0000] {dag.py:3096} INFO - Sync 1 DAGs
[2026-04-27T13:03:27.272+0000] {logging_mixin.py:188} INFO - [2026-04-27T13:03:27.271+0000] {dag.py:3954} INFO - Setting next_dagrun for backfill_pipeline to None, run_after=None
[2026-04-27T13:03:27.289+0000] {processor.py:183} INFO - Processing /opt/airflow/dags/backfill_pipeline_dag.py took 0.063 seconds
[2026-04-27T13:03:57.690+0000] {processor.py:161} INFO - Started process (PID=2510) to work on /opt/airflow/dags/backfill_pipeline_dag.py
[2026-04-27T13:03:57.690+0000] {processor.py:830} INFO - Processing file /opt/airflow/dags/backfill_pipeline_dag.py for tasks to queue
[2026-04-27T13:03:57.692+0000] {logging_mixin.py:188} INFO - [2026-04-27T13:03:57.691+0000] {dagbag.py:545} INFO - Filling up the DagBag from /opt/airflow/dags/backfill_pipeline_dag.py
[2026-04-27T13:03:57.698+0000] {processor.py:840} INFO - DAG(s) 'backfill_pipeline' retrieved from /opt/airflow/dags/backfill_pipeline_dag.py
[2026-04-27T13:03:57.718+0000] {logging_mixin.py:188} INFO - [2026-04-27T13:03:57.718+0000] {dag.py:3096} INFO - Sync 1 DAGs
[2026-04-27T13:03:57.729+0000] {logging_mixin.py:188} INFO - [2026-04-27T13:03:57.728+0000] {dag.py:3954} INFO - Setting next_dagrun for backfill_pipeline to None, run_after=None
[2026-04-27T13:03:57.744+0000] {processor.py:183} INFO - Processing /opt/airflow/dags/backfill_pipeline_dag.py took 0.058 seconds
[2026-04-27T13:04:28.072+0000] {processor.py:161} INFO - Started process (PID=2525) to work on /opt/airflow/dags/backfill_pipeline_dag.py
[2026-04-27T13:04:28.073+0000] {processor.py:830} INFO - Processing file /opt/airflow/dags/backfill_pipeline_dag.py for tasks to queue
[2026-04-27T13:04:28.074+0000] {logging_mixin.py:188} INFO - [2026-04-27T13:04:28.074+0000] {dagbag.py:545} INFO - Filling up the DagBag from /opt/airflow/dags/backfill_pipeline_dag.py
[2026-04-27T13:04:28.081+0000] {processor.py:840} INFO - DAG(s) 'backfill_pipeline' retrieved from /opt/airflow/dags/backfill_pipeline_dag.py
[2026-04-27T13:04:28.102+0000] {logging_mixin.py:188} INFO - [2026-04-27T13:04:28.101+0000] {dag.py:3096} INFO - Sync 1 DAGs
[2026-04-27T13:04:28.111+0000] {logging_mixin.py:188} INFO - [2026-04-27T13:04:28.111+0000] {dag.py:3954} INFO - Setting next_dagrun for backfill_pipeline to None, run_after=None
[2026-04-27T13:04:28.126+0000] {processor.py:183} INFO - Processing /opt/airflow/dags/backfill_pipeline_dag.py took 0.058 seconds
[2026-04-27T13:04:58.335+0000] {processor.py:161} INFO - Started process (PID=2540) to work on /opt/airflow/dags/backfill_pipeline_dag.py
[2026-04-27T13:04:58.335+0000] {processor.py:830} INFO - Processing file /opt/airflow/dags/backfill_pipeline_dag.py for tasks to queue
[2026-04-27T13:04:58.336+0000] {logging_mixin.py:188} INFO - [2026-04-27T13:04:58.336+0000] {dagbag.py:545} INFO - Filling up the DagBag from /opt/airflow/dags/backfill_pipeline_dag.py
[2026-04-27T13:04:58.342+0000] {processor.py:840} INFO - DAG(s) 'backfill_pipeline' retrieved from /opt/airflow/dags/backfill_pipeline_dag.py
[2026-04-27T13:04:58.362+0000] {logging_mixin.py:188} INFO - [2026-04-27T13:04:58.362+0000] {dag.py:3096} INFO - Sync 1 DAGs
[2026-04-27T13:04:58.371+0000] {logging_mixin.py:188} INFO - [2026-04-27T13:04:58.371+0000] {dag.py:3954} INFO - Setting next_dagrun for backfill_pipeline to None, run_after=None
[2026-04-27T13:04:58.389+0000] {processor.py:183} INFO - Processing /opt/airflow/dags/backfill_pipeline_dag.py took 0.059 seconds
[2026-04-27T13:05:28.597+0000] {processor.py:161} INFO - Started process (PID=2555) to work on /opt/airflow/dags/backfill_pipeline_dag.py
[2026-04-27T13:05:28.598+0000] {processor.py:830} INFO - Processing file /opt/airflow/dags/backfill_pipeline_dag.py for tasks to queue
[2026-04-27T13:05:28.599+0000] {logging_mixin.py:188} INFO - [2026-04-27T13:05:28.599+0000] {dagbag.py:545} INFO - Filling up the DagBag from /opt/airflow/dags/backfill_pipeline_dag.py
[2026-04-27T13:05:28.606+0000] {processor.py:840} INFO - DAG(s) 'backfill_pipeline' retrieved from /opt/airflow/dags/backfill_pipeline_dag.py
[2026-04-27T13:05:28.626+0000] {logging_mixin.py:188} INFO - [2026-04-27T13:05:28.626+0000] {dag.py:3096} INFO - Sync 1 DAGs
[2026-04-27T13:05:28.635+0000] {logging_mixin.py:188} INFO - [2026-04-27T13:05:28.635+0000] {dag.py:3954} INFO - Setting next_dagrun for backfill_pipeline to None, run_after=None
[2026-04-27T13:05:28.650+0000] {processor.py:183} INFO - Processing /opt/airflow/dags/backfill_pipeline_dag.py took 0.057 seconds
[2026-04-27T13:05:58.851+0000] {processor.py:161} INFO - Started process (PID=2570) to work on /opt/airflow/dags/backfill_pipeline_dag.py
[2026-04-27T13:05:58.852+0000] {processor.py:830} INFO - Processing file /opt/airflow/dags/backfill_pipeline_dag.py for tasks to queue
[2026-04-27T13:05:58.853+0000] {logging_mixin.py:188} INFO - [2026-04-27T13:05:58.853+0000] {dagbag.py:545} INFO - Filling up the DagBag from /opt/airflow/dags/backfill_pipeline_dag.py
[2026-04-27T13:05:58.859+0000] {processor.py:840} INFO - DAG(s) 'backfill_pipeline' retrieved from /opt/airflow/dags/backfill_pipeline_dag.py
[2026-04-27T13:05:58.880+0000] {logging_mixin.py:188} INFO - [2026-04-27T13:05:58.879+0000] {dag.py:3096} INFO - Sync 1 DAGs
[2026-04-27T13:05:58.889+0000] {logging_mixin.py:188} INFO - [2026-04-27T13:05:58.889+0000] {dag.py:3954} INFO - Setting next_dagrun for backfill_pipeline to None, run_after=None
[2026-04-27T13:05:58.906+0000] {processor.py:183} INFO - Processing /opt/airflow/dags/backfill_pipeline_dag.py took 0.060 seconds
[2026-04-27T13:06:29.116+0000] {processor.py:161} INFO - Started process (PID=2585) to work on /opt/airflow/dags/backfill_pipeline_dag.py
[2026-04-27T13:06:29.117+0000] {processor.py:830} INFO - Processing file /opt/airflow/dags/backfill_pipeline_dag.py for tasks to queue
[2026-04-27T13:06:29.118+0000] {logging_mixin.py:188} INFO - [2026-04-27T13:06:29.118+0000] {dagbag.py:545} INFO - Filling up the DagBag from /opt/airflow/dags/backfill_pipeline_dag.py
[2026-04-27T13:06:29.125+0000] {processor.py:840} INFO - DAG(s) 'backfill_pipeline' retrieved from /opt/airflow/dags/backfill_pipeline_dag.py
[2026-04-27T13:06:29.147+0000] {logging_mixin.py:188} INFO - [2026-04-27T13:06:29.147+0000] {dag.py:3096} INFO - Sync 1 DAGs
[2026-04-27T13:06:29.156+0000] {logging_mixin.py:188} INFO - [2026-04-27T13:06:29.155+0000] {dag.py:3954} INFO - Setting next_dagrun for backfill_pipeline to None, run_after=None
[2026-04-27T13:06:29.172+0000] {processor.py:183} INFO - Processing /opt/airflow/dags/backfill_pipeline_dag.py took 0.060 seconds
[2026-04-27T13:06:59.365+0000] {processor.py:161} INFO - Started process (PID=2600) to work on /opt/airflow/dags/backfill_pipeline_dag.py
[2026-04-27T13:06:59.366+0000] {processor.py:830} INFO - Processing file /opt/airflow/dags/backfill_pipeline_dag.py for tasks to queue
[2026-04-27T13:06:59.368+0000] {logging_mixin.py:188} INFO - [2026-04-27T13:06:59.368+0000] {dagbag.py:545} INFO - Filling up the DagBag from /opt/airflow/dags/backfill_pipeline_dag.py
[2026-04-27T13:06:59.375+0000] {processor.py:840} INFO - DAG(s) 'backfill_pipeline' retrieved from /opt/airflow/dags/backfill_pipeline_dag.py
[2026-04-27T13:06:59.398+0000] {logging_mixin.py:188} INFO - [2026-04-27T13:06:59.398+0000] {dag.py:3096} INFO - Sync 1 DAGs
[2026-04-27T13:06:59.408+0000] {logging_mixin.py:188} INFO - [2026-04-27T13:06:59.407+0000] {dag.py:3954} INFO - Setting next_dagrun for backfill_pipeline to None, run_after=None
[2026-04-27T13:06:59.422+0000] {processor.py:183} INFO - Processing /opt/airflow/dags/backfill_pipeline_dag.py took 0.062 seconds
[2026-04-27T13:07:29.641+0000] {processor.py:161} INFO - Started process (PID=2615) to work on /opt/airflow/dags/backfill_pipeline_dag.py
[2026-04-27T13:07:29.642+0000] {processor.py:830} INFO - Processing file /opt/airflow/dags/backfill_pipeline_dag.py for tasks to queue
[2026-04-27T13:07:29.643+0000] {logging_mixin.py:188} INFO - [2026-04-27T13:07:29.643+0000] {dagbag.py:545} INFO - Filling up the DagBag from /opt/airflow/dags/backfill_pipeline_dag.py
[2026-04-27T13:07:29.649+0000] {processor.py:840} INFO - DAG(s) 'backfill_pipeline' retrieved from /opt/airflow/dags/backfill_pipeline_dag.py
[2026-04-27T13:07:29.671+0000] {logging_mixin.py:188} INFO - [2026-04-27T13:07:29.671+0000] {dag.py:3096} INFO - Sync 1 DAGs
[2026-04-27T13:07:29.681+0000] {logging_mixin.py:188} INFO - [2026-04-27T13:07:29.681+0000] {dag.py:3954} INFO - Setting next_dagrun for backfill_pipeline to None, run_after=None
[2026-04-27T13:07:29.698+0000] {processor.py:183} INFO - Processing /opt/airflow/dags/backfill_pipeline_dag.py took 0.060 seconds
[2026-04-27T13:07:59.911+0000] {processor.py:161} INFO - Started process (PID=2630) to work on /opt/airflow/dags/backfill_pipeline_dag.py
[2026-04-27T13:07:59.912+0000] {processor.py:830} INFO - Processing file /opt/airflow/dags/backfill_pipeline_dag.py for tasks to queue
[2026-04-27T13:07:59.913+0000] {logging_mixin.py:188} INFO - [2026-04-27T13:07:59.913+0000] {dagbag.py:545} INFO - Filling up the DagBag from /opt/airflow/dags/backfill_pipeline_dag.py
[2026-04-27T13:07:59.920+0000] {processor.py:840} INFO - DAG(s) 'backfill_pipeline' retrieved from /opt/airflow/dags/backfill_pipeline_dag.py
[2026-04-27T13:07:59.942+0000] {logging_mixin.py:188} INFO - [2026-04-27T13:07:59.942+0000] {dag.py:3096} INFO - Sync 1 DAGs
[2026-04-27T13:07:59.951+0000] {logging_mixin.py:188} INFO - [2026-04-27T13:07:59.950+0000] {dag.py:3954} INFO - Setting next_dagrun for backfill_pipeline to None, run_after=None
[2026-04-27T13:07:59.967+0000] {processor.py:183} INFO - Processing /opt/airflow/dags/backfill_pipeline_dag.py took 0.061 seconds
[2026-04-27T13:08:30.216+0000] {processor.py:161} INFO - Started process (PID=2645) to work on /opt/airflow/dags/backfill_pipeline_dag.py
[2026-04-27T13:08:30.217+0000] {processor.py:830} INFO - Processing file /opt/airflow/dags/backfill_pipeline_dag.py for tasks to queue
[2026-04-27T13:08:30.218+0000] {logging_mixin.py:188} INFO - [2026-04-27T13:08:30.218+0000] {dagbag.py:545} INFO - Filling up the DagBag from /opt/airflow/dags/backfill_pipeline_dag.py
[2026-04-27T13:08:30.225+0000] {processor.py:840} INFO - DAG(s) 'backfill_pipeline' retrieved from /opt/airflow/dags/backfill_pipeline_dag.py
[2026-04-27T13:08:30.246+0000] {logging_mixin.py:188} INFO - [2026-04-27T13:08:30.246+0000] {dag.py:3096} INFO - Sync 1 DAGs
[2026-04-27T13:08:30.254+0000] {logging_mixin.py:188} INFO - [2026-04-27T13:08:30.254+0000] {dag.py:3954} INFO - Setting next_dagrun for backfill_pipeline to None, run_after=None
[2026-04-27T13:08:30.270+0000] {processor.py:183} INFO - Processing /opt/airflow/dags/backfill_pipeline_dag.py took 0.058 seconds
[2026-04-27T13:09:00.480+0000] {processor.py:161} INFO - Started process (PID=2660) to work on /opt/airflow/dags/backfill_pipeline_dag.py
[2026-04-27T13:09:00.480+0000] {processor.py:830} INFO - Processing file /opt/airflow/dags/backfill_pipeline_dag.py for tasks to queue
[2026-04-27T13:09:00.482+0000] {logging_mixin.py:188} INFO - [2026-04-27T13:09:00.481+0000] {dagbag.py:545} INFO - Filling up the DagBag from /opt/airflow/dags/backfill_pipeline_dag.py
[2026-04-27T13:09:00.488+0000] {processor.py:840} INFO - DAG(s) 'backfill_pipeline' retrieved from /opt/airflow/dags/backfill_pipeline_dag.py
[2026-04-27T13:09:00.508+0000] {logging_mixin.py:188} INFO - [2026-04-27T13:09:00.508+0000] {dag.py:3096} INFO - Sync 1 DAGs
[2026-04-27T13:09:00.517+0000] {logging_mixin.py:188} INFO - [2026-04-27T13:09:00.517+0000] {dag.py:3954} INFO - Setting next_dagrun for backfill_pipeline to None, run_after=None
[2026-04-27T13:09:00.535+0000] {processor.py:183} INFO - Processing /opt/airflow/dags/backfill_pipeline_dag.py took 0.059 seconds
[2026-04-27T13:09:30.745+0000] {processor.py:161} INFO - Started process (PID=2675) to work on /opt/airflow/dags/backfill_pipeline_dag.py
[2026-04-27T13:09:30.746+0000] {processor.py:830} INFO - Processing file /opt/airflow/dags/backfill_pipeline_dag.py for tasks to queue
[2026-04-27T13:09:30.747+0000] {logging_mixin.py:188} INFO - [2026-04-27T13:09:30.747+0000] {dagbag.py:545} INFO - Filling up the DagBag from /opt/airflow/dags/backfill_pipeline_dag.py
[2026-04-27T13:09:30.754+0000] {processor.py:840} INFO - DAG(s) 'backfill_pipeline' retrieved from /opt/airflow/dags/backfill_pipeline_dag.py
[2026-04-27T13:09:30.776+0000] {logging_mixin.py:188} INFO - [2026-04-27T13:09:30.776+0000] {dag.py:3096} INFO - Sync 1 DAGs
[2026-04-27T13:09:30.786+0000] {logging_mixin.py:188} INFO - [2026-04-27T13:09:30.786+0000] {dag.py:3954} INFO - Setting next_dagrun for backfill_pipeline to None, run_after=None
[2026-04-27T13:09:30.803+0000] {processor.py:183} INFO - Processing /opt/airflow/dags/backfill_pipeline_dag.py took 0.062 seconds
[2026-04-27T13:10:01.031+0000] {processor.py:161} INFO - Started process (PID=2689) to work on /opt/airflow/dags/backfill_pipeline_dag.py
[2026-04-27T13:10:01.031+0000] {processor.py:830} INFO - Processing file /opt/airflow/dags/backfill_pipeline_dag.py for tasks to queue
[2026-04-27T13:10:01.033+0000] {logging_mixin.py:188} INFO - [2026-04-27T13:10:01.032+0000] {dagbag.py:545} INFO - Filling up the DagBag from /opt/airflow/dags/backfill_pipeline_dag.py
[2026-04-27T13:10:01.039+0000] {processor.py:840} INFO - DAG(s) 'backfill_pipeline' retrieved from /opt/airflow/dags/backfill_pipeline_dag.py
[2026-04-27T13:10:01.060+0000] {logging_mixin.py:188} INFO - [2026-04-27T13:10:01.060+0000] {dag.py:3096} INFO - Sync 1 DAGs
[2026-04-27T13:10:01.070+0000] {logging_mixin.py:188} INFO - [2026-04-27T13:10:01.070+0000] {dag.py:3954} INFO - Setting next_dagrun for backfill_pipeline to None, run_after=None
[2026-04-27T13:10:01.087+0000] {processor.py:183} INFO - Processing /opt/airflow/dags/backfill_pipeline_dag.py took 0.060 seconds
[2026-04-27T13:10:31.326+0000] {processor.py:161} INFO - Started process (PID=2705) to work on /opt/airflow/dags/backfill_pipeline_dag.py
[2026-04-27T13:10:31.327+0000] {processor.py:830} INFO - Processing file /opt/airflow/dags/backfill_pipeline_dag.py for tasks to queue
[2026-04-27T13:10:31.328+0000] {logging_mixin.py:188} INFO - [2026-04-27T13:10:31.327+0000] {dagbag.py:545} INFO - Filling up the DagBag from /opt/airflow/dags/backfill_pipeline_dag.py
[2026-04-27T13:10:31.334+0000] {processor.py:840} INFO - DAG(s) 'backfill_pipeline' retrieved from /opt/airflow/dags/backfill_pipeline_dag.py
[2026-04-27T13:10:31.354+0000] {logging_mixin.py:188} INFO - [2026-04-27T13:10:31.354+0000] {dag.py:3096} INFO - Sync 1 DAGs
[2026-04-27T13:10:31.364+0000] {logging_mixin.py:188} INFO - [2026-04-27T13:10:31.364+0000] {dag.py:3954} INFO - Setting next_dagrun for backfill_pipeline to None, run_after=None
[2026-04-27T13:10:31.381+0000] {processor.py:183} INFO - Processing /opt/airflow/dags/backfill_pipeline_dag.py took 0.060 seconds
[2026-04-27T13:11:01.632+0000] {processor.py:161} INFO - Started process (PID=2720) to work on /opt/airflow/dags/backfill_pipeline_dag.py
[2026-04-27T13:11:01.633+0000] {processor.py:830} INFO - Processing file /opt/airflow/dags/backfill_pipeline_dag.py for tasks to queue
[2026-04-27T13:11:01.634+0000] {logging_mixin.py:188} INFO - [2026-04-27T13:11:01.634+0000] {dagbag.py:545} INFO - Filling up the DagBag from /opt/airflow/dags/backfill_pipeline_dag.py
[2026-04-27T13:11:01.640+0000] {processor.py:840} INFO - DAG(s) 'backfill_pipeline' retrieved from /opt/airflow/dags/backfill_pipeline_dag.py
[2026-04-27T13:11:01.662+0000] {logging_mixin.py:188} INFO - [2026-04-27T13:11:01.662+0000] {dag.py:3096} INFO - Sync 1 DAGs
[2026-04-27T13:11:01.671+0000] {logging_mixin.py:188} INFO - [2026-04-27T13:11:01.671+0000] {dag.py:3954} INFO - Setting next_dagrun for backfill_pipeline to None, run_after=None
[2026-04-27T13:11:01.687+0000] {processor.py:183} INFO - Processing /opt/airflow/dags/backfill_pipeline_dag.py took 0.059 seconds
[2026-04-27T13:11:31.893+0000] {processor.py:161} INFO - Started process (PID=2735) to work on /opt/airflow/dags/backfill_pipeline_dag.py
[2026-04-27T13:11:31.894+0000] {processor.py:830} INFO - Processing file /opt/airflow/dags/backfill_pipeline_dag.py for tasks to queue
[2026-04-27T13:11:31.895+0000] {logging_mixin.py:188} INFO - [2026-04-27T13:11:31.895+0000] {dagbag.py:545} INFO - Filling up the DagBag from /opt/airflow/dags/backfill_pipeline_dag.py
[2026-04-27T13:11:31.902+0000] {processor.py:840} INFO - DAG(s) 'backfill_pipeline' retrieved from /opt/airflow/dags/backfill_pipeline_dag.py
[2026-04-27T13:11:31.924+0000] {logging_mixin.py:188} INFO - [2026-04-27T13:11:31.924+0000] {dag.py:3096} INFO - Sync 1 DAGs
[2026-04-27T13:11:31.933+0000] {logging_mixin.py:188} INFO - [2026-04-27T13:11:31.932+0000] {dag.py:3954} INFO - Setting next_dagrun for backfill_pipeline to None, run_after=None
[2026-04-27T13:11:31.949+0000] {processor.py:183} INFO - Processing /opt/airflow/dags/backfill_pipeline_dag.py took 0.061 seconds
[2026-04-27T13:12:02.218+0000] {processor.py:161} INFO - Started process (PID=2750) to work on /opt/airflow/dags/backfill_pipeline_dag.py
[2026-04-27T13:12:02.218+0000] {processor.py:830} INFO - Processing file /opt/airflow/dags/backfill_pipeline_dag.py for tasks to queue
[2026-04-27T13:12:02.220+0000] {logging_mixin.py:188} INFO - [2026-04-27T13:12:02.220+0000] {dagbag.py:545} INFO - Filling up the DagBag from /opt/airflow/dags/backfill_pipeline_dag.py
[2026-04-27T13:12:02.226+0000] {processor.py:840} INFO - DAG(s) 'backfill_pipeline' retrieved from /opt/airflow/dags/backfill_pipeline_dag.py
[2026-04-27T13:12:02.245+0000] {logging_mixin.py:188} INFO - [2026-04-27T13:12:02.245+0000] {dag.py:3096} INFO - Sync 1 DAGs
[2026-04-27T13:12:02.254+0000] {logging_mixin.py:188} INFO - [2026-04-27T13:12:02.254+0000] {dag.py:3954} INFO - Setting next_dagrun for backfill_pipeline to None, run_after=None
[2026-04-27T13:12:02.271+0000] {processor.py:183} INFO - Processing /opt/airflow/dags/backfill_pipeline_dag.py took 0.057 seconds
[2026-04-27T13:12:32.500+0000] {processor.py:161} INFO - Started process (PID=2764) to work on /opt/airflow/dags/backfill_pipeline_dag.py
[2026-04-27T13:12:32.501+0000] {processor.py:830} INFO - Processing file /opt/airflow/dags/backfill_pipeline_dag.py for tasks to queue
[2026-04-27T13:12:32.502+0000] {logging_mixin.py:188} INFO - [2026-04-27T13:12:32.502+0000] {dagbag.py:545} INFO - Filling up the DagBag from /opt/airflow/dags/backfill_pipeline_dag.py
[2026-04-27T13:12:32.508+0000] {processor.py:840} INFO - DAG(s) 'backfill_pipeline' retrieved from /opt/airflow/dags/backfill_pipeline_dag.py
[2026-04-27T13:12:32.529+0000] {logging_mixin.py:188} INFO - [2026-04-27T13:12:32.529+0000] {dag.py:3096} INFO - Sync 1 DAGs
[2026-04-27T13:12:32.537+0000] {logging_mixin.py:188} INFO - [2026-04-27T13:12:32.537+0000] {dag.py:3954} INFO - Setting next_dagrun for backfill_pipeline to None, run_after=None
[2026-04-27T13:12:32.554+0000] {processor.py:183} INFO - Processing /opt/airflow/dags/backfill_pipeline_dag.py took 0.058 seconds
[2026-04-27T13:13:02.802+0000] {processor.py:161} INFO - Started process (PID=2780) to work on /opt/airflow/dags/backfill_pipeline_dag.py
[2026-04-27T13:13:02.802+0000] {processor.py:830} INFO - Processing file /opt/airflow/dags/backfill_pipeline_dag.py for tasks to queue
[2026-04-27T13:13:02.803+0000] {logging_mixin.py:188} INFO - [2026-04-27T13:13:02.803+0000] {dagbag.py:545} INFO - Filling up the DagBag from /opt/airflow/dags/backfill_pipeline_dag.py
[2026-04-27T13:13:02.810+0000] {processor.py:840} INFO - DAG(s) 'backfill_pipeline' retrieved from /opt/airflow/dags/backfill_pipeline_dag.py
[2026-04-27T13:13:02.832+0000] {logging_mixin.py:188} INFO - [2026-04-27T13:13:02.832+0000] {dag.py:3096} INFO - Sync 1 DAGs
[2026-04-27T13:13:02.840+0000] {logging_mixin.py:188} INFO - [2026-04-27T13:13:02.840+0000] {dag.py:3954} INFO - Setting next_dagrun for backfill_pipeline to None, run_after=None
[2026-04-27T13:13:02.857+0000] {processor.py:183} INFO - Processing /opt/airflow/dags/backfill_pipeline_dag.py took 0.059 seconds
[2026-04-27T13:13:33.066+0000] {processor.py:161} INFO - Started process (PID=2795) to work on /opt/airflow/dags/backfill_pipeline_dag.py
[2026-04-27T13:13:33.067+0000] {processor.py:830} INFO - Processing file /opt/airflow/dags/backfill_pipeline_dag.py for tasks to queue
[2026-04-27T13:13:33.068+0000] {logging_mixin.py:188} INFO - [2026-04-27T13:13:33.068+0000] {dagbag.py:545} INFO - Filling up the DagBag from /opt/airflow/dags/backfill_pipeline_dag.py
[2026-04-27T13:13:33.075+0000] {processor.py:840} INFO - DAG(s) 'backfill_pipeline' retrieved from /opt/airflow/dags/backfill_pipeline_dag.py
[2026-04-27T13:13:33.096+0000] {logging_mixin.py:188} INFO - [2026-04-27T13:13:33.096+0000] {dag.py:3096} INFO - Sync 1 DAGs
[2026-04-27T13:13:33.106+0000] {logging_mixin.py:188} INFO - [2026-04-27T13:13:33.106+0000] {dag.py:3954} INFO - Setting next_dagrun for backfill_pipeline to None, run_after=None
[2026-04-27T13:13:33.122+0000] {processor.py:183} INFO - Processing /opt/airflow/dags/backfill_pipeline_dag.py took 0.060 seconds
[2026-04-27T13:14:03.379+0000] {processor.py:161} INFO - Started process (PID=2810) to work on /opt/airflow/dags/backfill_pipeline_dag.py
[2026-04-27T13:14:03.380+0000] {processor.py:830} INFO - Processing file /opt/airflow/dags/backfill_pipeline_dag.py for tasks to queue
[2026-04-27T13:14:03.384+0000] {logging_mixin.py:188} INFO - [2026-04-27T13:14:03.384+0000] {dagbag.py:545} INFO - Filling up the DagBag from /opt/airflow/dags/backfill_pipeline_dag.py
[2026-04-27T13:14:03.397+0000] {processor.py:840} INFO - DAG(s) 'backfill_pipeline' retrieved from /opt/airflow/dags/backfill_pipeline_dag.py
[2026-04-27T13:14:03.429+0000] {logging_mixin.py:188} INFO - [2026-04-27T13:14:03.429+0000] {dag.py:3096} INFO - Sync 1 DAGs
[2026-04-27T13:14:03.441+0000] {logging_mixin.py:188} INFO - [2026-04-27T13:14:03.441+0000] {dag.py:3954} INFO - Setting next_dagrun for backfill_pipeline to None, run_after=None
[2026-04-27T13:14:03.458+0000] {processor.py:183} INFO - Processing /opt/airflow/dags/backfill_pipeline_dag.py took 0.087 seconds
