[2026-04-27T11:29:46.520+0000] {processor.py:161} INFO - Started process (PID=175) to work on /opt/airflow/dags/monitoring_pipeline_dag.py
[2026-04-27T11:29:46.521+0000] {processor.py:830} INFO - Processing file /opt/airflow/dags/monitoring_pipeline_dag.py for tasks to queue
[2026-04-27T11:29:46.523+0000] {logging_mixin.py:188} INFO - [2026-04-27T11:29:46.522+0000] {dagbag.py:545} INFO - Filling up the DagBag from /opt/airflow/dags/monitoring_pipeline_dag.py
[2026-04-27T11:29:46.540+0000] {processor.py:840} INFO - DAG(s) 'monitoring_pipeline' retrieved from /opt/airflow/dags/monitoring_pipeline_dag.py
[2026-04-27T11:29:46.718+0000] {logging_mixin.py:188} INFO - [2026-04-27T11:29:46.717+0000] {override.py:1829} INFO - Created Permission View: can edit on DAG:monitoring_pipeline
[2026-04-27T11:29:46.724+0000] {logging_mixin.py:188} INFO - [2026-04-27T11:29:46.724+0000] {override.py:1829} INFO - Created Permission View: can read on DAG:monitoring_pipeline
[2026-04-27T11:29:46.729+0000] {logging_mixin.py:188} INFO - [2026-04-27T11:29:46.728+0000] {override.py:1829} INFO - Created Permission View: can delete on DAG:monitoring_pipeline
[2026-04-27T11:29:46.729+0000] {logging_mixin.py:188} INFO - [2026-04-27T11:29:46.729+0000] {dag.py:3096} INFO - Sync 1 DAGs
[2026-04-27T11:29:46.736+0000] {logging_mixin.py:188} INFO - [2026-04-27T11:29:46.736+0000] {dag.py:3118} INFO - Creating ORM DAG for monitoring_pipeline
[2026-04-27T11:29:46.744+0000] {logging_mixin.py:188} INFO - [2026-04-27T11:29:46.743+0000] {dag.py:3954} INFO - Setting next_dagrun for monitoring_pipeline to 2026-04-26 00:00:00+00:00, run_after=2026-04-27 00:00:00+00:00
[2026-04-27T11:29:46.755+0000] {processor.py:183} INFO - Processing /opt/airflow/dags/monitoring_pipeline_dag.py took 0.240 seconds
[2026-04-27T11:30:16.864+0000] {processor.py:161} INFO - Started process (PID=193) to work on /opt/airflow/dags/monitoring_pipeline_dag.py
[2026-04-27T11:30:16.866+0000] {processor.py:830} INFO - Processing file /opt/airflow/dags/monitoring_pipeline_dag.py for tasks to queue
[2026-04-27T11:30:16.868+0000] {logging_mixin.py:188} INFO - [2026-04-27T11:30:16.868+0000] {dagbag.py:545} INFO - Filling up the DagBag from /opt/airflow/dags/monitoring_pipeline_dag.py
[2026-04-27T11:30:16.880+0000] {processor.py:840} INFO - DAG(s) 'monitoring_pipeline' retrieved from /opt/airflow/dags/monitoring_pipeline_dag.py
[2026-04-27T11:30:16.905+0000] {logging_mixin.py:188} INFO - [2026-04-27T11:30:16.905+0000] {dag.py:3096} INFO - Sync 1 DAGs
[2026-04-27T11:30:16.924+0000] {logging_mixin.py:188} INFO - [2026-04-27T11:30:16.924+0000] {dag.py:3954} INFO - Setting next_dagrun for monitoring_pipeline to 2026-04-26 00:00:00+00:00, run_after=2026-04-27 00:00:00+00:00
[2026-04-27T11:30:16.939+0000] {processor.py:183} INFO - Processing /opt/airflow/dags/monitoring_pipeline_dag.py took 0.080 seconds
[2026-04-27T11:30:47.243+0000] {processor.py:161} INFO - Started process (PID=209) to work on /opt/airflow/dags/monitoring_pipeline_dag.py
[2026-04-27T11:30:47.245+0000] {processor.py:830} INFO - Processing file /opt/airflow/dags/monitoring_pipeline_dag.py for tasks to queue
[2026-04-27T11:30:47.246+0000] {logging_mixin.py:188} INFO - [2026-04-27T11:30:47.246+0000] {dagbag.py:545} INFO - Filling up the DagBag from /opt/airflow/dags/monitoring_pipeline_dag.py
[2026-04-27T11:30:47.254+0000] {processor.py:840} INFO - DAG(s) 'monitoring_pipeline' retrieved from /opt/airflow/dags/monitoring_pipeline_dag.py
[2026-04-27T11:30:47.277+0000] {logging_mixin.py:188} INFO - [2026-04-27T11:30:47.277+0000] {dag.py:3096} INFO - Sync 1 DAGs
[2026-04-27T11:30:47.293+0000] {logging_mixin.py:188} INFO - [2026-04-27T11:30:47.293+0000] {dag.py:3954} INFO - Setting next_dagrun for monitoring_pipeline to 2026-04-26 00:00:00+00:00, run_after=2026-04-27 00:00:00+00:00
[2026-04-27T11:30:47.309+0000] {processor.py:183} INFO - Processing /opt/airflow/dags/monitoring_pipeline_dag.py took 0.071 seconds
[2026-04-27T11:31:17.528+0000] {processor.py:161} INFO - Started process (PID=224) to work on /opt/airflow/dags/monitoring_pipeline_dag.py
[2026-04-27T11:31:17.530+0000] {processor.py:830} INFO - Processing file /opt/airflow/dags/monitoring_pipeline_dag.py for tasks to queue
[2026-04-27T11:31:17.532+0000] {logging_mixin.py:188} INFO - [2026-04-27T11:31:17.531+0000] {dagbag.py:545} INFO - Filling up the DagBag from /opt/airflow/dags/monitoring_pipeline_dag.py
[2026-04-27T11:31:17.547+0000] {processor.py:840} INFO - DAG(s) 'monitoring_pipeline' retrieved from /opt/airflow/dags/monitoring_pipeline_dag.py
[2026-04-27T11:31:17.574+0000] {logging_mixin.py:188} INFO - [2026-04-27T11:31:17.574+0000] {dag.py:3096} INFO - Sync 1 DAGs
[2026-04-27T11:31:17.591+0000] {logging_mixin.py:188} INFO - [2026-04-27T11:31:17.591+0000] {dag.py:3954} INFO - Setting next_dagrun for monitoring_pipeline to 2026-04-26 00:00:00+00:00, run_after=2026-04-27 00:00:00+00:00
[2026-04-27T11:31:17.605+0000] {processor.py:183} INFO - Processing /opt/airflow/dags/monitoring_pipeline_dag.py took 0.082 seconds
[2026-04-27T11:31:47.837+0000] {processor.py:161} INFO - Started process (PID=239) to work on /opt/airflow/dags/monitoring_pipeline_dag.py
[2026-04-27T11:31:47.839+0000] {processor.py:830} INFO - Processing file /opt/airflow/dags/monitoring_pipeline_dag.py for tasks to queue
[2026-04-27T11:31:47.841+0000] {logging_mixin.py:188} INFO - [2026-04-27T11:31:47.841+0000] {dagbag.py:545} INFO - Filling up the DagBag from /opt/airflow/dags/monitoring_pipeline_dag.py
[2026-04-27T11:31:47.849+0000] {processor.py:840} INFO - DAG(s) 'monitoring_pipeline' retrieved from /opt/airflow/dags/monitoring_pipeline_dag.py
[2026-04-27T11:31:47.870+0000] {logging_mixin.py:188} INFO - [2026-04-27T11:31:47.869+0000] {dag.py:3096} INFO - Sync 1 DAGs
[2026-04-27T11:31:47.886+0000] {logging_mixin.py:188} INFO - [2026-04-27T11:31:47.885+0000] {dag.py:3954} INFO - Setting next_dagrun for monitoring_pipeline to 2026-04-26 00:00:00+00:00, run_after=2026-04-27 00:00:00+00:00
[2026-04-27T11:31:47.899+0000] {processor.py:183} INFO - Processing /opt/airflow/dags/monitoring_pipeline_dag.py took 0.066 seconds
[2026-04-27T11:32:18.212+0000] {processor.py:161} INFO - Started process (PID=254) to work on /opt/airflow/dags/monitoring_pipeline_dag.py
[2026-04-27T11:32:18.213+0000] {processor.py:830} INFO - Processing file /opt/airflow/dags/monitoring_pipeline_dag.py for tasks to queue
[2026-04-27T11:32:18.214+0000] {logging_mixin.py:188} INFO - [2026-04-27T11:32:18.214+0000] {dagbag.py:545} INFO - Filling up the DagBag from /opt/airflow/dags/monitoring_pipeline_dag.py
[2026-04-27T11:32:18.223+0000] {processor.py:840} INFO - DAG(s) 'monitoring_pipeline' retrieved from /opt/airflow/dags/monitoring_pipeline_dag.py
[2026-04-27T11:32:18.245+0000] {logging_mixin.py:188} INFO - [2026-04-27T11:32:18.245+0000] {dag.py:3096} INFO - Sync 1 DAGs
[2026-04-27T11:32:18.261+0000] {logging_mixin.py:188} INFO - [2026-04-27T11:32:18.261+0000] {dag.py:3954} INFO - Setting next_dagrun for monitoring_pipeline to 2026-04-26 00:00:00+00:00, run_after=2026-04-27 00:00:00+00:00
[2026-04-27T11:32:18.274+0000] {processor.py:183} INFO - Processing /opt/airflow/dags/monitoring_pipeline_dag.py took 0.068 seconds
[2026-04-27T11:32:48.546+0000] {processor.py:161} INFO - Started process (PID=269) to work on /opt/airflow/dags/monitoring_pipeline_dag.py
[2026-04-27T11:32:48.548+0000] {processor.py:830} INFO - Processing file /opt/airflow/dags/monitoring_pipeline_dag.py for tasks to queue
[2026-04-27T11:32:48.549+0000] {logging_mixin.py:188} INFO - [2026-04-27T11:32:48.549+0000] {dagbag.py:545} INFO - Filling up the DagBag from /opt/airflow/dags/monitoring_pipeline_dag.py
[2026-04-27T11:32:48.558+0000] {processor.py:840} INFO - DAG(s) 'monitoring_pipeline' retrieved from /opt/airflow/dags/monitoring_pipeline_dag.py
[2026-04-27T11:32:48.582+0000] {logging_mixin.py:188} INFO - [2026-04-27T11:32:48.582+0000] {dag.py:3096} INFO - Sync 1 DAGs
[2026-04-27T11:32:48.598+0000] {logging_mixin.py:188} INFO - [2026-04-27T11:32:48.598+0000] {dag.py:3954} INFO - Setting next_dagrun for monitoring_pipeline to 2026-04-26 00:00:00+00:00, run_after=2026-04-27 00:00:00+00:00
[2026-04-27T11:32:48.612+0000] {processor.py:183} INFO - Processing /opt/airflow/dags/monitoring_pipeline_dag.py took 0.071 seconds
[2026-04-27T11:33:18.802+0000] {processor.py:161} INFO - Started process (PID=284) to work on /opt/airflow/dags/monitoring_pipeline_dag.py
[2026-04-27T11:33:18.804+0000] {processor.py:830} INFO - Processing file /opt/airflow/dags/monitoring_pipeline_dag.py for tasks to queue
[2026-04-27T11:33:18.805+0000] {logging_mixin.py:188} INFO - [2026-04-27T11:33:18.805+0000] {dagbag.py:545} INFO - Filling up the DagBag from /opt/airflow/dags/monitoring_pipeline_dag.py
[2026-04-27T11:33:18.814+0000] {processor.py:840} INFO - DAG(s) 'monitoring_pipeline' retrieved from /opt/airflow/dags/monitoring_pipeline_dag.py
[2026-04-27T11:33:18.837+0000] {logging_mixin.py:188} INFO - [2026-04-27T11:33:18.837+0000] {dag.py:3096} INFO - Sync 1 DAGs
[2026-04-27T11:33:18.854+0000] {logging_mixin.py:188} INFO - [2026-04-27T11:33:18.854+0000] {dag.py:3954} INFO - Setting next_dagrun for monitoring_pipeline to 2026-04-26 00:00:00+00:00, run_after=2026-04-27 00:00:00+00:00
[2026-04-27T11:33:18.871+0000] {processor.py:183} INFO - Processing /opt/airflow/dags/monitoring_pipeline_dag.py took 0.074 seconds
[2026-04-27T11:33:49.211+0000] {processor.py:161} INFO - Started process (PID=299) to work on /opt/airflow/dags/monitoring_pipeline_dag.py
[2026-04-27T11:33:49.213+0000] {processor.py:830} INFO - Processing file /opt/airflow/dags/monitoring_pipeline_dag.py for tasks to queue
[2026-04-27T11:33:49.215+0000] {logging_mixin.py:188} INFO - [2026-04-27T11:33:49.214+0000] {dagbag.py:545} INFO - Filling up the DagBag from /opt/airflow/dags/monitoring_pipeline_dag.py
[2026-04-27T11:33:49.223+0000] {processor.py:840} INFO - DAG(s) 'monitoring_pipeline' retrieved from /opt/airflow/dags/monitoring_pipeline_dag.py
[2026-04-27T11:33:49.242+0000] {logging_mixin.py:188} INFO - [2026-04-27T11:33:49.242+0000] {dag.py:3096} INFO - Sync 1 DAGs
[2026-04-27T11:33:49.257+0000] {logging_mixin.py:188} INFO - [2026-04-27T11:33:49.257+0000] {dag.py:3954} INFO - Setting next_dagrun for monitoring_pipeline to 2026-04-26 00:00:00+00:00, run_after=2026-04-27 00:00:00+00:00
[2026-04-27T11:33:49.272+0000] {processor.py:183} INFO - Processing /opt/airflow/dags/monitoring_pipeline_dag.py took 0.066 seconds
[2026-04-27T11:34:19.582+0000] {processor.py:161} INFO - Started process (PID=314) to work on /opt/airflow/dags/monitoring_pipeline_dag.py
[2026-04-27T11:34:19.585+0000] {processor.py:830} INFO - Processing file /opt/airflow/dags/monitoring_pipeline_dag.py for tasks to queue
[2026-04-27T11:34:19.586+0000] {logging_mixin.py:188} INFO - [2026-04-27T11:34:19.586+0000] {dagbag.py:545} INFO - Filling up the DagBag from /opt/airflow/dags/monitoring_pipeline_dag.py
[2026-04-27T11:34:19.594+0000] {processor.py:840} INFO - DAG(s) 'monitoring_pipeline' retrieved from /opt/airflow/dags/monitoring_pipeline_dag.py
[2026-04-27T11:34:19.616+0000] {logging_mixin.py:188} INFO - [2026-04-27T11:34:19.616+0000] {dag.py:3096} INFO - Sync 1 DAGs
[2026-04-27T11:34:19.632+0000] {logging_mixin.py:188} INFO - [2026-04-27T11:34:19.632+0000] {dag.py:3954} INFO - Setting next_dagrun for monitoring_pipeline to 2026-04-26 00:00:00+00:00, run_after=2026-04-27 00:00:00+00:00
[2026-04-27T11:34:19.646+0000] {processor.py:183} INFO - Processing /opt/airflow/dags/monitoring_pipeline_dag.py took 0.069 seconds
[2026-04-27T11:34:49.890+0000] {processor.py:161} INFO - Started process (PID=329) to work on /opt/airflow/dags/monitoring_pipeline_dag.py
[2026-04-27T11:34:49.891+0000] {processor.py:830} INFO - Processing file /opt/airflow/dags/monitoring_pipeline_dag.py for tasks to queue
[2026-04-27T11:34:49.893+0000] {logging_mixin.py:188} INFO - [2026-04-27T11:34:49.893+0000] {dagbag.py:545} INFO - Filling up the DagBag from /opt/airflow/dags/monitoring_pipeline_dag.py
[2026-04-27T11:34:49.901+0000] {processor.py:840} INFO - DAG(s) 'monitoring_pipeline' retrieved from /opt/airflow/dags/monitoring_pipeline_dag.py
[2026-04-27T11:34:49.923+0000] {logging_mixin.py:188} INFO - [2026-04-27T11:34:49.923+0000] {dag.py:3096} INFO - Sync 1 DAGs
[2026-04-27T11:34:49.939+0000] {logging_mixin.py:188} INFO - [2026-04-27T11:34:49.938+0000] {dag.py:3954} INFO - Setting next_dagrun for monitoring_pipeline to 2026-04-26 00:00:00+00:00, run_after=2026-04-27 00:00:00+00:00
[2026-04-27T11:34:49.953+0000] {processor.py:183} INFO - Processing /opt/airflow/dags/monitoring_pipeline_dag.py took 0.067 seconds
[2026-04-27T11:35:20.106+0000] {processor.py:161} INFO - Started process (PID=344) to work on /opt/airflow/dags/monitoring_pipeline_dag.py
[2026-04-27T11:35:20.109+0000] {processor.py:830} INFO - Processing file /opt/airflow/dags/monitoring_pipeline_dag.py for tasks to queue
[2026-04-27T11:35:20.111+0000] {logging_mixin.py:188} INFO - [2026-04-27T11:35:20.110+0000] {dagbag.py:545} INFO - Filling up the DagBag from /opt/airflow/dags/monitoring_pipeline_dag.py
[2026-04-27T11:35:20.122+0000] {processor.py:840} INFO - DAG(s) 'monitoring_pipeline' retrieved from /opt/airflow/dags/monitoring_pipeline_dag.py
[2026-04-27T11:35:20.144+0000] {logging_mixin.py:188} INFO - [2026-04-27T11:35:20.144+0000] {dag.py:3096} INFO - Sync 1 DAGs
[2026-04-27T11:35:20.162+0000] {logging_mixin.py:188} INFO - [2026-04-27T11:35:20.161+0000] {dag.py:3954} INFO - Setting next_dagrun for monitoring_pipeline to 2026-04-26 00:00:00+00:00, run_after=2026-04-27 00:00:00+00:00
[2026-04-27T11:35:20.178+0000] {processor.py:183} INFO - Processing /opt/airflow/dags/monitoring_pipeline_dag.py took 0.076 seconds
[2026-04-27T11:37:10.243+0000] {processor.py:161} INFO - Started process (PID=175) to work on /opt/airflow/dags/monitoring_pipeline_dag.py
[2026-04-27T11:37:10.244+0000] {processor.py:830} INFO - Processing file /opt/airflow/dags/monitoring_pipeline_dag.py for tasks to queue
[2026-04-27T11:37:10.245+0000] {logging_mixin.py:188} INFO - [2026-04-27T11:37:10.245+0000] {dagbag.py:545} INFO - Filling up the DagBag from /opt/airflow/dags/monitoring_pipeline_dag.py
[2026-04-27T11:37:10.262+0000] {processor.py:840} INFO - DAG(s) 'monitoring_pipeline' retrieved from /opt/airflow/dags/monitoring_pipeline_dag.py
[2026-04-27T11:37:10.445+0000] {logging_mixin.py:188} INFO - [2026-04-27T11:37:10.445+0000] {override.py:1829} INFO - Created Permission View: can delete on DAG:monitoring_pipeline
[2026-04-27T11:37:10.452+0000] {logging_mixin.py:188} INFO - [2026-04-27T11:37:10.452+0000] {override.py:1829} INFO - Created Permission View: can read on DAG:monitoring_pipeline
[2026-04-27T11:37:10.457+0000] {logging_mixin.py:188} INFO - [2026-04-27T11:37:10.457+0000] {override.py:1829} INFO - Created Permission View: can edit on DAG:monitoring_pipeline
[2026-04-27T11:37:10.457+0000] {logging_mixin.py:188} INFO - [2026-04-27T11:37:10.457+0000] {dag.py:3096} INFO - Sync 1 DAGs
[2026-04-27T11:37:10.465+0000] {logging_mixin.py:188} INFO - [2026-04-27T11:37:10.465+0000] {dag.py:3118} INFO - Creating ORM DAG for monitoring_pipeline
[2026-04-27T11:37:10.473+0000] {logging_mixin.py:188} INFO - [2026-04-27T11:37:10.473+0000] {dag.py:3954} INFO - Setting next_dagrun for monitoring_pipeline to 2026-04-26 00:00:00+00:00, run_after=2026-04-27 00:00:00+00:00
[2026-04-27T11:37:10.486+0000] {processor.py:183} INFO - Processing /opt/airflow/dags/monitoring_pipeline_dag.py took 0.249 seconds
[2026-04-27T11:37:40.593+0000] {processor.py:161} INFO - Started process (PID=193) to work on /opt/airflow/dags/monitoring_pipeline_dag.py
[2026-04-27T11:37:40.594+0000] {processor.py:830} INFO - Processing file /opt/airflow/dags/monitoring_pipeline_dag.py for tasks to queue
[2026-04-27T11:37:40.596+0000] {logging_mixin.py:188} INFO - [2026-04-27T11:37:40.596+0000] {dagbag.py:545} INFO - Filling up the DagBag from /opt/airflow/dags/monitoring_pipeline_dag.py
[2026-04-27T11:37:40.607+0000] {processor.py:840} INFO - DAG(s) 'monitoring_pipeline' retrieved from /opt/airflow/dags/monitoring_pipeline_dag.py
[2026-04-27T11:37:40.633+0000] {logging_mixin.py:188} INFO - [2026-04-27T11:37:40.633+0000] {dag.py:3096} INFO - Sync 1 DAGs
[2026-04-27T11:37:40.651+0000] {logging_mixin.py:188} INFO - [2026-04-27T11:37:40.651+0000] {dag.py:3954} INFO - Setting next_dagrun for monitoring_pipeline to 2026-04-26 00:00:00+00:00, run_after=2026-04-27 00:00:00+00:00
[2026-04-27T11:37:40.667+0000] {processor.py:183} INFO - Processing /opt/airflow/dags/monitoring_pipeline_dag.py took 0.079 seconds
[2026-04-27T11:38:10.774+0000] {processor.py:161} INFO - Started process (PID=410) to work on /opt/airflow/dags/monitoring_pipeline_dag.py
[2026-04-27T11:38:10.777+0000] {processor.py:830} INFO - Processing file /opt/airflow/dags/monitoring_pipeline_dag.py for tasks to queue
[2026-04-27T11:38:10.779+0000] {logging_mixin.py:188} INFO - [2026-04-27T11:38:10.779+0000] {dagbag.py:545} INFO - Filling up the DagBag from /opt/airflow/dags/monitoring_pipeline_dag.py
[2026-04-27T11:38:10.787+0000] {processor.py:840} INFO - DAG(s) 'monitoring_pipeline' retrieved from /opt/airflow/dags/monitoring_pipeline_dag.py
[2026-04-27T11:38:10.811+0000] {logging_mixin.py:188} INFO - [2026-04-27T11:38:10.811+0000] {dag.py:3096} INFO - Sync 1 DAGs
[2026-04-27T11:38:10.828+0000] {logging_mixin.py:188} INFO - [2026-04-27T11:38:10.828+0000] {dag.py:3954} INFO - Setting next_dagrun for monitoring_pipeline to 2026-04-27 00:00:00+00:00, run_after=2026-04-28 00:00:00+00:00
[2026-04-27T11:38:10.844+0000] {processor.py:183} INFO - Processing /opt/airflow/dags/monitoring_pipeline_dag.py took 0.075 seconds
[2026-04-27T11:38:41.020+0000] {processor.py:161} INFO - Started process (PID=425) to work on /opt/airflow/dags/monitoring_pipeline_dag.py
[2026-04-27T11:38:41.023+0000] {processor.py:830} INFO - Processing file /opt/airflow/dags/monitoring_pipeline_dag.py for tasks to queue
[2026-04-27T11:38:41.024+0000] {logging_mixin.py:188} INFO - [2026-04-27T11:38:41.024+0000] {dagbag.py:545} INFO - Filling up the DagBag from /opt/airflow/dags/monitoring_pipeline_dag.py
[2026-04-27T11:38:41.032+0000] {processor.py:840} INFO - DAG(s) 'monitoring_pipeline' retrieved from /opt/airflow/dags/monitoring_pipeline_dag.py
[2026-04-27T11:38:41.052+0000] {logging_mixin.py:188} INFO - [2026-04-27T11:38:41.052+0000] {dag.py:3096} INFO - Sync 1 DAGs
[2026-04-27T11:38:41.069+0000] {logging_mixin.py:188} INFO - [2026-04-27T11:38:41.069+0000] {dag.py:3954} INFO - Setting next_dagrun for monitoring_pipeline to 2026-04-27 00:00:00+00:00, run_after=2026-04-28 00:00:00+00:00
[2026-04-27T11:38:41.084+0000] {processor.py:183} INFO - Processing /opt/airflow/dags/monitoring_pipeline_dag.py took 0.068 seconds
[2026-04-27T11:39:11.266+0000] {processor.py:161} INFO - Started process (PID=440) to work on /opt/airflow/dags/monitoring_pipeline_dag.py
[2026-04-27T11:39:11.269+0000] {processor.py:830} INFO - Processing file /opt/airflow/dags/monitoring_pipeline_dag.py for tasks to queue
[2026-04-27T11:39:11.270+0000] {logging_mixin.py:188} INFO - [2026-04-27T11:39:11.270+0000] {dagbag.py:545} INFO - Filling up the DagBag from /opt/airflow/dags/monitoring_pipeline_dag.py
[2026-04-27T11:39:11.278+0000] {processor.py:840} INFO - DAG(s) 'monitoring_pipeline' retrieved from /opt/airflow/dags/monitoring_pipeline_dag.py
[2026-04-27T11:39:11.299+0000] {logging_mixin.py:188} INFO - [2026-04-27T11:39:11.299+0000] {dag.py:3096} INFO - Sync 1 DAGs
[2026-04-27T11:39:11.317+0000] {logging_mixin.py:188} INFO - [2026-04-27T11:39:11.317+0000] {dag.py:3954} INFO - Setting next_dagrun for monitoring_pipeline to 2026-04-27 00:00:00+00:00, run_after=2026-04-28 00:00:00+00:00
[2026-04-27T11:39:11.331+0000] {processor.py:183} INFO - Processing /opt/airflow/dags/monitoring_pipeline_dag.py took 0.069 seconds
[2026-04-27T11:39:41.504+0000] {processor.py:161} INFO - Started process (PID=455) to work on /opt/airflow/dags/monitoring_pipeline_dag.py
[2026-04-27T11:39:41.506+0000] {processor.py:830} INFO - Processing file /opt/airflow/dags/monitoring_pipeline_dag.py for tasks to queue
[2026-04-27T11:39:41.507+0000] {logging_mixin.py:188} INFO - [2026-04-27T11:39:41.507+0000] {dagbag.py:545} INFO - Filling up the DagBag from /opt/airflow/dags/monitoring_pipeline_dag.py
[2026-04-27T11:39:41.515+0000] {processor.py:840} INFO - DAG(s) 'monitoring_pipeline' retrieved from /opt/airflow/dags/monitoring_pipeline_dag.py
[2026-04-27T11:39:41.537+0000] {logging_mixin.py:188} INFO - [2026-04-27T11:39:41.536+0000] {dag.py:3096} INFO - Sync 1 DAGs
[2026-04-27T11:39:41.554+0000] {logging_mixin.py:188} INFO - [2026-04-27T11:39:41.553+0000] {dag.py:3954} INFO - Setting next_dagrun for monitoring_pipeline to 2026-04-27 00:00:00+00:00, run_after=2026-04-28 00:00:00+00:00
[2026-04-27T11:39:41.567+0000] {processor.py:183} INFO - Processing /opt/airflow/dags/monitoring_pipeline_dag.py took 0.067 seconds
[2026-04-27T11:40:11.761+0000] {processor.py:161} INFO - Started process (PID=470) to work on /opt/airflow/dags/monitoring_pipeline_dag.py
[2026-04-27T11:40:11.764+0000] {processor.py:830} INFO - Processing file /opt/airflow/dags/monitoring_pipeline_dag.py for tasks to queue
[2026-04-27T11:40:11.765+0000] {logging_mixin.py:188} INFO - [2026-04-27T11:40:11.765+0000] {dagbag.py:545} INFO - Filling up the DagBag from /opt/airflow/dags/monitoring_pipeline_dag.py
[2026-04-27T11:40:11.773+0000] {processor.py:840} INFO - DAG(s) 'monitoring_pipeline' retrieved from /opt/airflow/dags/monitoring_pipeline_dag.py
[2026-04-27T11:40:11.793+0000] {logging_mixin.py:188} INFO - [2026-04-27T11:40:11.793+0000] {dag.py:3096} INFO - Sync 1 DAGs
[2026-04-27T11:40:11.810+0000] {logging_mixin.py:188} INFO - [2026-04-27T11:40:11.810+0000] {dag.py:3954} INFO - Setting next_dagrun for monitoring_pipeline to 2026-04-27 00:00:00+00:00, run_after=2026-04-28 00:00:00+00:00
[2026-04-27T11:40:11.824+0000] {processor.py:183} INFO - Processing /opt/airflow/dags/monitoring_pipeline_dag.py took 0.067 seconds
[2026-04-27T11:40:42.156+0000] {processor.py:161} INFO - Started process (PID=485) to work on /opt/airflow/dags/monitoring_pipeline_dag.py
[2026-04-27T11:40:42.157+0000] {processor.py:830} INFO - Processing file /opt/airflow/dags/monitoring_pipeline_dag.py for tasks to queue
[2026-04-27T11:40:42.159+0000] {logging_mixin.py:188} INFO - [2026-04-27T11:40:42.159+0000] {dagbag.py:545} INFO - Filling up the DagBag from /opt/airflow/dags/monitoring_pipeline_dag.py
[2026-04-27T11:40:42.169+0000] {processor.py:840} INFO - DAG(s) 'monitoring_pipeline' retrieved from /opt/airflow/dags/monitoring_pipeline_dag.py
[2026-04-27T11:40:42.192+0000] {logging_mixin.py:188} INFO - [2026-04-27T11:40:42.192+0000] {dag.py:3096} INFO - Sync 1 DAGs
[2026-04-27T11:40:42.208+0000] {logging_mixin.py:188} INFO - [2026-04-27T11:40:42.208+0000] {dag.py:3954} INFO - Setting next_dagrun for monitoring_pipeline to 2026-04-27 00:00:00+00:00, run_after=2026-04-28 00:00:00+00:00
[2026-04-27T11:40:42.223+0000] {processor.py:183} INFO - Processing /opt/airflow/dags/monitoring_pipeline_dag.py took 0.072 seconds
[2026-04-27T11:41:12.388+0000] {processor.py:161} INFO - Started process (PID=500) to work on /opt/airflow/dags/monitoring_pipeline_dag.py
[2026-04-27T11:41:12.390+0000] {processor.py:830} INFO - Processing file /opt/airflow/dags/monitoring_pipeline_dag.py for tasks to queue
[2026-04-27T11:41:12.391+0000] {logging_mixin.py:188} INFO - [2026-04-27T11:41:12.391+0000] {dagbag.py:545} INFO - Filling up the DagBag from /opt/airflow/dags/monitoring_pipeline_dag.py
[2026-04-27T11:41:12.400+0000] {processor.py:840} INFO - DAG(s) 'monitoring_pipeline' retrieved from /opt/airflow/dags/monitoring_pipeline_dag.py
[2026-04-27T11:41:12.423+0000] {logging_mixin.py:188} INFO - [2026-04-27T11:41:12.423+0000] {dag.py:3096} INFO - Sync 1 DAGs
[2026-04-27T11:41:12.441+0000] {logging_mixin.py:188} INFO - [2026-04-27T11:41:12.441+0000] {dag.py:3954} INFO - Setting next_dagrun for monitoring_pipeline to 2026-04-27 00:00:00+00:00, run_after=2026-04-28 00:00:00+00:00
[2026-04-27T11:41:12.458+0000] {processor.py:183} INFO - Processing /opt/airflow/dags/monitoring_pipeline_dag.py took 0.076 seconds
[2026-04-27T11:41:42.553+0000] {processor.py:161} INFO - Started process (PID=647) to work on /opt/airflow/dags/monitoring_pipeline_dag.py
[2026-04-27T11:41:42.554+0000] {processor.py:830} INFO - Processing file /opt/airflow/dags/monitoring_pipeline_dag.py for tasks to queue
[2026-04-27T11:41:42.556+0000] {logging_mixin.py:188} INFO - [2026-04-27T11:41:42.556+0000] {dagbag.py:545} INFO - Filling up the DagBag from /opt/airflow/dags/monitoring_pipeline_dag.py
[2026-04-27T11:41:42.567+0000] {processor.py:840} INFO - DAG(s) 'monitoring_pipeline' retrieved from /opt/airflow/dags/monitoring_pipeline_dag.py
[2026-04-27T11:41:42.593+0000] {logging_mixin.py:188} INFO - [2026-04-27T11:41:42.592+0000] {dag.py:3096} INFO - Sync 1 DAGs
[2026-04-27T11:41:42.610+0000] {logging_mixin.py:188} INFO - [2026-04-27T11:41:42.610+0000] {dag.py:3954} INFO - Setting next_dagrun for monitoring_pipeline to 2026-04-27 00:00:00+00:00, run_after=2026-04-28 00:00:00+00:00
[2026-04-27T11:41:42.624+0000] {processor.py:183} INFO - Processing /opt/airflow/dags/monitoring_pipeline_dag.py took 0.077 seconds
[2026-04-27T11:42:12.807+0000] {processor.py:161} INFO - Started process (PID=662) to work on /opt/airflow/dags/monitoring_pipeline_dag.py
[2026-04-27T11:42:12.809+0000] {processor.py:830} INFO - Processing file /opt/airflow/dags/monitoring_pipeline_dag.py for tasks to queue
[2026-04-27T11:42:12.811+0000] {logging_mixin.py:188} INFO - [2026-04-27T11:42:12.811+0000] {dagbag.py:545} INFO - Filling up the DagBag from /opt/airflow/dags/monitoring_pipeline_dag.py
[2026-04-27T11:42:12.821+0000] {processor.py:840} INFO - DAG(s) 'monitoring_pipeline' retrieved from /opt/airflow/dags/monitoring_pipeline_dag.py
[2026-04-27T11:42:12.845+0000] {logging_mixin.py:188} INFO - [2026-04-27T11:42:12.844+0000] {dag.py:3096} INFO - Sync 1 DAGs
[2026-04-27T11:42:12.862+0000] {logging_mixin.py:188} INFO - [2026-04-27T11:42:12.862+0000] {dag.py:3954} INFO - Setting next_dagrun for monitoring_pipeline to 2026-04-27 00:00:00+00:00, run_after=2026-04-28 00:00:00+00:00
[2026-04-27T11:42:12.878+0000] {processor.py:183} INFO - Processing /opt/airflow/dags/monitoring_pipeline_dag.py took 0.077 seconds
[2026-04-27T11:42:43.006+0000] {processor.py:161} INFO - Started process (PID=677) to work on /opt/airflow/dags/monitoring_pipeline_dag.py
[2026-04-27T11:42:43.007+0000] {processor.py:830} INFO - Processing file /opt/airflow/dags/monitoring_pipeline_dag.py for tasks to queue
[2026-04-27T11:42:43.009+0000] {logging_mixin.py:188} INFO - [2026-04-27T11:42:43.008+0000] {dagbag.py:545} INFO - Filling up the DagBag from /opt/airflow/dags/monitoring_pipeline_dag.py
[2026-04-27T11:42:43.017+0000] {processor.py:840} INFO - DAG(s) 'monitoring_pipeline' retrieved from /opt/airflow/dags/monitoring_pipeline_dag.py
[2026-04-27T11:42:43.039+0000] {logging_mixin.py:188} INFO - [2026-04-27T11:42:43.039+0000] {dag.py:3096} INFO - Sync 1 DAGs
[2026-04-27T11:42:43.056+0000] {logging_mixin.py:188} INFO - [2026-04-27T11:42:43.055+0000] {dag.py:3954} INFO - Setting next_dagrun for monitoring_pipeline to 2026-04-27 00:00:00+00:00, run_after=2026-04-28 00:00:00+00:00
[2026-04-27T11:42:43.070+0000] {processor.py:183} INFO - Processing /opt/airflow/dags/monitoring_pipeline_dag.py took 0.069 seconds
[2026-04-27T11:43:13.176+0000] {processor.py:161} INFO - Started process (PID=692) to work on /opt/airflow/dags/monitoring_pipeline_dag.py
[2026-04-27T11:43:13.179+0000] {processor.py:830} INFO - Processing file /opt/airflow/dags/monitoring_pipeline_dag.py for tasks to queue
[2026-04-27T11:43:13.180+0000] {logging_mixin.py:188} INFO - [2026-04-27T11:43:13.180+0000] {dagbag.py:545} INFO - Filling up the DagBag from /opt/airflow/dags/monitoring_pipeline_dag.py
[2026-04-27T11:43:13.189+0000] {processor.py:840} INFO - DAG(s) 'monitoring_pipeline' retrieved from /opt/airflow/dags/monitoring_pipeline_dag.py
[2026-04-27T11:43:13.210+0000] {logging_mixin.py:188} INFO - [2026-04-27T11:43:13.210+0000] {dag.py:3096} INFO - Sync 1 DAGs
[2026-04-27T11:43:13.228+0000] {logging_mixin.py:188} INFO - [2026-04-27T11:43:13.228+0000] {dag.py:3954} INFO - Setting next_dagrun for monitoring_pipeline to 2026-04-27 00:00:00+00:00, run_after=2026-04-28 00:00:00+00:00
[2026-04-27T11:43:13.245+0000] {processor.py:183} INFO - Processing /opt/airflow/dags/monitoring_pipeline_dag.py took 0.073 seconds
[2026-04-27T11:44:16.286+0000] {processor.py:161} INFO - Started process (PID=175) to work on /opt/airflow/dags/monitoring_pipeline_dag.py
[2026-04-27T11:44:16.287+0000] {processor.py:830} INFO - Processing file /opt/airflow/dags/monitoring_pipeline_dag.py for tasks to queue
[2026-04-27T11:44:16.289+0000] {logging_mixin.py:188} INFO - [2026-04-27T11:44:16.289+0000] {dagbag.py:545} INFO - Filling up the DagBag from /opt/airflow/dags/monitoring_pipeline_dag.py
[2026-04-27T11:44:16.306+0000] {processor.py:840} INFO - DAG(s) 'monitoring_pipeline' retrieved from /opt/airflow/dags/monitoring_pipeline_dag.py
[2026-04-27T11:44:16.481+0000] {logging_mixin.py:188} INFO - [2026-04-27T11:44:16.481+0000] {override.py:1829} INFO - Created Permission View: can delete on DAG:monitoring_pipeline
[2026-04-27T11:44:16.488+0000] {logging_mixin.py:188} INFO - [2026-04-27T11:44:16.488+0000] {override.py:1829} INFO - Created Permission View: can edit on DAG:monitoring_pipeline
[2026-04-27T11:44:16.493+0000] {logging_mixin.py:188} INFO - [2026-04-27T11:44:16.492+0000] {override.py:1829} INFO - Created Permission View: can read on DAG:monitoring_pipeline
[2026-04-27T11:44:16.493+0000] {logging_mixin.py:188} INFO - [2026-04-27T11:44:16.493+0000] {dag.py:3096} INFO - Sync 1 DAGs
[2026-04-27T11:44:16.500+0000] {logging_mixin.py:188} INFO - [2026-04-27T11:44:16.500+0000] {dag.py:3118} INFO - Creating ORM DAG for monitoring_pipeline
[2026-04-27T11:44:16.508+0000] {logging_mixin.py:188} INFO - [2026-04-27T11:44:16.508+0000] {dag.py:3954} INFO - Setting next_dagrun for monitoring_pipeline to 2026-04-26 00:00:00+00:00, run_after=2026-04-27 00:00:00+00:00
[2026-04-27T11:44:16.520+0000] {processor.py:183} INFO - Processing /opt/airflow/dags/monitoring_pipeline_dag.py took 0.239 seconds
[2026-04-27T11:44:46.855+0000] {processor.py:161} INFO - Started process (PID=191) to work on /opt/airflow/dags/monitoring_pipeline_dag.py
[2026-04-27T11:44:46.858+0000] {processor.py:830} INFO - Processing file /opt/airflow/dags/monitoring_pipeline_dag.py for tasks to queue
[2026-04-27T11:44:46.860+0000] {logging_mixin.py:188} INFO - [2026-04-27T11:44:46.859+0000] {dagbag.py:545} INFO - Filling up the DagBag from /opt/airflow/dags/monitoring_pipeline_dag.py
[2026-04-27T11:44:46.869+0000] {processor.py:840} INFO - DAG(s) 'monitoring_pipeline' retrieved from /opt/airflow/dags/monitoring_pipeline_dag.py
[2026-04-27T11:44:46.893+0000] {logging_mixin.py:188} INFO - [2026-04-27T11:44:46.893+0000] {dag.py:3096} INFO - Sync 1 DAGs
[2026-04-27T11:44:46.911+0000] {logging_mixin.py:188} INFO - [2026-04-27T11:44:46.911+0000] {dag.py:3954} INFO - Setting next_dagrun for monitoring_pipeline to 2026-04-26 00:00:00+00:00, run_after=2026-04-27 00:00:00+00:00
[2026-04-27T11:44:46.926+0000] {processor.py:183} INFO - Processing /opt/airflow/dags/monitoring_pipeline_dag.py took 0.076 seconds
[2026-04-27T11:45:17.109+0000] {processor.py:161} INFO - Started process (PID=344) to work on /opt/airflow/dags/monitoring_pipeline_dag.py
[2026-04-27T11:45:17.109+0000] {processor.py:830} INFO - Processing file /opt/airflow/dags/monitoring_pipeline_dag.py for tasks to queue
[2026-04-27T11:45:17.111+0000] {logging_mixin.py:188} INFO - [2026-04-27T11:45:17.111+0000] {dagbag.py:545} INFO - Filling up the DagBag from /opt/airflow/dags/monitoring_pipeline_dag.py
[2026-04-27T11:45:17.120+0000] {processor.py:840} INFO - DAG(s) 'monitoring_pipeline' retrieved from /opt/airflow/dags/monitoring_pipeline_dag.py
[2026-04-27T11:45:17.141+0000] {logging_mixin.py:188} INFO - [2026-04-27T11:45:17.141+0000] {dag.py:3096} INFO - Sync 1 DAGs
[2026-04-27T11:45:17.156+0000] {logging_mixin.py:188} INFO - [2026-04-27T11:45:17.156+0000] {dag.py:3954} INFO - Setting next_dagrun for monitoring_pipeline to 2026-04-26 00:00:00+00:00, run_after=2026-04-27 00:00:00+00:00
[2026-04-27T11:45:17.169+0000] {processor.py:183} INFO - Processing /opt/airflow/dags/monitoring_pipeline_dag.py took 0.065 seconds
[2026-04-27T11:45:47.791+0000] {processor.py:161} INFO - Started process (PID=359) to work on /opt/airflow/dags/monitoring_pipeline_dag.py
[2026-04-27T11:45:47.794+0000] {processor.py:830} INFO - Processing file /opt/airflow/dags/monitoring_pipeline_dag.py for tasks to queue
[2026-04-27T11:45:47.795+0000] {logging_mixin.py:188} INFO - [2026-04-27T11:45:47.795+0000] {dagbag.py:545} INFO - Filling up the DagBag from /opt/airflow/dags/monitoring_pipeline_dag.py
[2026-04-27T11:45:47.803+0000] {processor.py:840} INFO - DAG(s) 'monitoring_pipeline' retrieved from /opt/airflow/dags/monitoring_pipeline_dag.py
[2026-04-27T11:45:47.824+0000] {logging_mixin.py:188} INFO - [2026-04-27T11:45:47.824+0000] {dag.py:3096} INFO - Sync 1 DAGs
[2026-04-27T11:45:47.840+0000] {logging_mixin.py:188} INFO - [2026-04-27T11:45:47.840+0000] {dag.py:3954} INFO - Setting next_dagrun for monitoring_pipeline to 2026-04-26 00:00:00+00:00, run_after=2026-04-27 00:00:00+00:00
[2026-04-27T11:45:47.859+0000] {processor.py:183} INFO - Processing /opt/airflow/dags/monitoring_pipeline_dag.py took 0.072 seconds
[2026-04-27T11:46:18.688+0000] {processor.py:161} INFO - Started process (PID=374) to work on /opt/airflow/dags/monitoring_pipeline_dag.py
[2026-04-27T11:46:18.690+0000] {processor.py:830} INFO - Processing file /opt/airflow/dags/monitoring_pipeline_dag.py for tasks to queue
[2026-04-27T11:46:18.691+0000] {logging_mixin.py:188} INFO - [2026-04-27T11:46:18.691+0000] {dagbag.py:545} INFO - Filling up the DagBag from /opt/airflow/dags/monitoring_pipeline_dag.py
[2026-04-27T11:46:18.701+0000] {processor.py:840} INFO - DAG(s) 'monitoring_pipeline' retrieved from /opt/airflow/dags/monitoring_pipeline_dag.py
[2026-04-27T11:46:18.722+0000] {logging_mixin.py:188} INFO - [2026-04-27T11:46:18.722+0000] {dag.py:3096} INFO - Sync 1 DAGs
[2026-04-27T11:46:18.738+0000] {logging_mixin.py:188} INFO - [2026-04-27T11:46:18.738+0000] {dag.py:3954} INFO - Setting next_dagrun for monitoring_pipeline to 2026-04-26 00:00:00+00:00, run_after=2026-04-27 00:00:00+00:00
[2026-04-27T11:46:18.753+0000] {processor.py:183} INFO - Processing /opt/airflow/dags/monitoring_pipeline_dag.py took 0.070 seconds
[2026-04-27T11:46:49.027+0000] {processor.py:161} INFO - Started process (PID=389) to work on /opt/airflow/dags/monitoring_pipeline_dag.py
[2026-04-27T11:46:49.028+0000] {processor.py:830} INFO - Processing file /opt/airflow/dags/monitoring_pipeline_dag.py for tasks to queue
[2026-04-27T11:46:49.029+0000] {logging_mixin.py:188} INFO - [2026-04-27T11:46:49.029+0000] {dagbag.py:545} INFO - Filling up the DagBag from /opt/airflow/dags/monitoring_pipeline_dag.py
[2026-04-27T11:46:49.037+0000] {processor.py:840} INFO - DAG(s) 'monitoring_pipeline' retrieved from /opt/airflow/dags/monitoring_pipeline_dag.py
[2026-04-27T11:46:49.059+0000] {logging_mixin.py:188} INFO - [2026-04-27T11:46:49.059+0000] {dag.py:3096} INFO - Sync 1 DAGs
[2026-04-27T11:46:49.075+0000] {logging_mixin.py:188} INFO - [2026-04-27T11:46:49.075+0000] {dag.py:3954} INFO - Setting next_dagrun for monitoring_pipeline to 2026-04-26 00:00:00+00:00, run_after=2026-04-27 00:00:00+00:00
[2026-04-27T11:46:49.090+0000] {processor.py:183} INFO - Processing /opt/airflow/dags/monitoring_pipeline_dag.py took 0.068 seconds
[2026-04-27T11:47:19.232+0000] {processor.py:161} INFO - Started process (PID=404) to work on /opt/airflow/dags/monitoring_pipeline_dag.py
[2026-04-27T11:47:19.234+0000] {processor.py:830} INFO - Processing file /opt/airflow/dags/monitoring_pipeline_dag.py for tasks to queue
[2026-04-27T11:47:19.236+0000] {logging_mixin.py:188} INFO - [2026-04-27T11:47:19.236+0000] {dagbag.py:545} INFO - Filling up the DagBag from /opt/airflow/dags/monitoring_pipeline_dag.py
[2026-04-27T11:47:19.244+0000] {processor.py:840} INFO - DAG(s) 'monitoring_pipeline' retrieved from /opt/airflow/dags/monitoring_pipeline_dag.py
[2026-04-27T11:47:19.266+0000] {logging_mixin.py:188} INFO - [2026-04-27T11:47:19.266+0000] {dag.py:3096} INFO - Sync 1 DAGs
[2026-04-27T11:47:19.284+0000] {logging_mixin.py:188} INFO - [2026-04-27T11:47:19.283+0000] {dag.py:3954} INFO - Setting next_dagrun for monitoring_pipeline to 2026-04-26 00:00:00+00:00, run_after=2026-04-27 00:00:00+00:00
[2026-04-27T11:47:19.299+0000] {processor.py:183} INFO - Processing /opt/airflow/dags/monitoring_pipeline_dag.py took 0.071 seconds
[2026-04-27T11:47:49.459+0000] {processor.py:161} INFO - Started process (PID=419) to work on /opt/airflow/dags/monitoring_pipeline_dag.py
[2026-04-27T11:47:49.461+0000] {processor.py:830} INFO - Processing file /opt/airflow/dags/monitoring_pipeline_dag.py for tasks to queue
[2026-04-27T11:47:49.462+0000] {logging_mixin.py:188} INFO - [2026-04-27T11:47:49.462+0000] {dagbag.py:545} INFO - Filling up the DagBag from /opt/airflow/dags/monitoring_pipeline_dag.py
[2026-04-27T11:47:49.470+0000] {processor.py:840} INFO - DAG(s) 'monitoring_pipeline' retrieved from /opt/airflow/dags/monitoring_pipeline_dag.py
[2026-04-27T11:47:49.492+0000] {logging_mixin.py:188} INFO - [2026-04-27T11:47:49.491+0000] {dag.py:3096} INFO - Sync 1 DAGs
[2026-04-27T11:47:49.508+0000] {logging_mixin.py:188} INFO - [2026-04-27T11:47:49.508+0000] {dag.py:3954} INFO - Setting next_dagrun for monitoring_pipeline to 2026-04-26 00:00:00+00:00, run_after=2026-04-27 00:00:00+00:00
[2026-04-27T11:47:49.523+0000] {processor.py:183} INFO - Processing /opt/airflow/dags/monitoring_pipeline_dag.py took 0.069 seconds
[2026-04-27T11:48:19.721+0000] {processor.py:161} INFO - Started process (PID=434) to work on /opt/airflow/dags/monitoring_pipeline_dag.py
[2026-04-27T11:48:19.723+0000] {processor.py:830} INFO - Processing file /opt/airflow/dags/monitoring_pipeline_dag.py for tasks to queue
[2026-04-27T11:48:19.724+0000] {logging_mixin.py:188} INFO - [2026-04-27T11:48:19.724+0000] {dagbag.py:545} INFO - Filling up the DagBag from /opt/airflow/dags/monitoring_pipeline_dag.py
[2026-04-27T11:48:19.734+0000] {processor.py:840} INFO - DAG(s) 'monitoring_pipeline' retrieved from /opt/airflow/dags/monitoring_pipeline_dag.py
[2026-04-27T11:48:19.758+0000] {logging_mixin.py:188} INFO - [2026-04-27T11:48:19.758+0000] {dag.py:3096} INFO - Sync 1 DAGs
[2026-04-27T11:48:19.776+0000] {logging_mixin.py:188} INFO - [2026-04-27T11:48:19.776+0000] {dag.py:3954} INFO - Setting next_dagrun for monitoring_pipeline to 2026-04-26 00:00:00+00:00, run_after=2026-04-27 00:00:00+00:00
[2026-04-27T11:48:19.791+0000] {processor.py:183} INFO - Processing /opt/airflow/dags/monitoring_pipeline_dag.py took 0.075 seconds
[2026-04-27T11:48:49.899+0000] {processor.py:161} INFO - Started process (PID=449) to work on /opt/airflow/dags/monitoring_pipeline_dag.py
[2026-04-27T11:48:49.900+0000] {processor.py:830} INFO - Processing file /opt/airflow/dags/monitoring_pipeline_dag.py for tasks to queue
[2026-04-27T11:48:49.901+0000] {logging_mixin.py:188} INFO - [2026-04-27T11:48:49.901+0000] {dagbag.py:545} INFO - Filling up the DagBag from /opt/airflow/dags/monitoring_pipeline_dag.py
[2026-04-27T11:48:49.909+0000] {processor.py:840} INFO - DAG(s) 'monitoring_pipeline' retrieved from /opt/airflow/dags/monitoring_pipeline_dag.py
[2026-04-27T11:48:49.930+0000] {logging_mixin.py:188} INFO - [2026-04-27T11:48:49.930+0000] {dag.py:3096} INFO - Sync 1 DAGs
[2026-04-27T11:48:49.945+0000] {logging_mixin.py:188} INFO - [2026-04-27T11:48:49.945+0000] {dag.py:3954} INFO - Setting next_dagrun for monitoring_pipeline to 2026-04-26 00:00:00+00:00, run_after=2026-04-27 00:00:00+00:00
[2026-04-27T11:48:49.959+0000] {processor.py:183} INFO - Processing /opt/airflow/dags/monitoring_pipeline_dag.py took 0.065 seconds
[2026-04-27T11:49:51.846+0000] {processor.py:161} INFO - Started process (PID=175) to work on /opt/airflow/dags/monitoring_pipeline_dag.py
[2026-04-27T11:49:51.847+0000] {processor.py:830} INFO - Processing file /opt/airflow/dags/monitoring_pipeline_dag.py for tasks to queue
[2026-04-27T11:49:51.849+0000] {logging_mixin.py:188} INFO - [2026-04-27T11:49:51.849+0000] {dagbag.py:545} INFO - Filling up the DagBag from /opt/airflow/dags/monitoring_pipeline_dag.py
[2026-04-27T11:49:51.867+0000] {processor.py:840} INFO - DAG(s) 'monitoring_pipeline' retrieved from /opt/airflow/dags/monitoring_pipeline_dag.py
[2026-04-27T11:49:52.045+0000] {logging_mixin.py:188} INFO - [2026-04-27T11:49:52.045+0000] {override.py:1829} INFO - Created Permission View: can delete on DAG:monitoring_pipeline
[2026-04-27T11:49:52.051+0000] {logging_mixin.py:188} INFO - [2026-04-27T11:49:52.051+0000] {override.py:1829} INFO - Created Permission View: can edit on DAG:monitoring_pipeline
[2026-04-27T11:49:52.055+0000] {logging_mixin.py:188} INFO - [2026-04-27T11:49:52.055+0000] {override.py:1829} INFO - Created Permission View: can read on DAG:monitoring_pipeline
[2026-04-27T11:49:52.055+0000] {logging_mixin.py:188} INFO - [2026-04-27T11:49:52.055+0000] {dag.py:3096} INFO - Sync 1 DAGs
[2026-04-27T11:49:52.063+0000] {logging_mixin.py:188} INFO - [2026-04-27T11:49:52.062+0000] {dag.py:3118} INFO - Creating ORM DAG for monitoring_pipeline
[2026-04-27T11:49:52.070+0000] {logging_mixin.py:188} INFO - [2026-04-27T11:49:52.070+0000] {dag.py:3954} INFO - Setting next_dagrun for monitoring_pipeline to 2026-04-26 00:00:00+00:00, run_after=2026-04-27 00:00:00+00:00
[2026-04-27T11:49:52.082+0000] {processor.py:183} INFO - Processing /opt/airflow/dags/monitoring_pipeline_dag.py took 0.241 seconds
[2026-04-27T11:50:22.205+0000] {processor.py:161} INFO - Started process (PID=368) to work on /opt/airflow/dags/monitoring_pipeline_dag.py
[2026-04-27T11:50:22.206+0000] {processor.py:830} INFO - Processing file /opt/airflow/dags/monitoring_pipeline_dag.py for tasks to queue
[2026-04-27T11:50:22.208+0000] {logging_mixin.py:188} INFO - [2026-04-27T11:50:22.207+0000] {dagbag.py:545} INFO - Filling up the DagBag from /opt/airflow/dags/monitoring_pipeline_dag.py
[2026-04-27T11:50:22.217+0000] {processor.py:840} INFO - DAG(s) 'monitoring_pipeline' retrieved from /opt/airflow/dags/monitoring_pipeline_dag.py
[2026-04-27T11:50:22.239+0000] {logging_mixin.py:188} INFO - [2026-04-27T11:50:22.239+0000] {dag.py:3096} INFO - Sync 1 DAGs
[2026-04-27T11:50:22.255+0000] {logging_mixin.py:188} INFO - [2026-04-27T11:50:22.255+0000] {dag.py:3954} INFO - Setting next_dagrun for monitoring_pipeline to 2026-04-26 00:00:00+00:00, run_after=2026-04-27 00:00:00+00:00
[2026-04-27T11:50:22.270+0000] {processor.py:183} INFO - Processing /opt/airflow/dags/monitoring_pipeline_dag.py took 0.070 seconds
[2026-04-27T11:50:52.447+0000] {processor.py:161} INFO - Started process (PID=424) to work on /opt/airflow/dags/monitoring_pipeline_dag.py
[2026-04-27T11:50:52.447+0000] {processor.py:830} INFO - Processing file /opt/airflow/dags/monitoring_pipeline_dag.py for tasks to queue
[2026-04-27T11:50:52.449+0000] {logging_mixin.py:188} INFO - [2026-04-27T11:50:52.449+0000] {dagbag.py:545} INFO - Filling up the DagBag from /opt/airflow/dags/monitoring_pipeline_dag.py
[2026-04-27T11:50:52.457+0000] {processor.py:840} INFO - DAG(s) 'monitoring_pipeline' retrieved from /opt/airflow/dags/monitoring_pipeline_dag.py
[2026-04-27T11:50:52.480+0000] {logging_mixin.py:188} INFO - [2026-04-27T11:50:52.479+0000] {dag.py:3096} INFO - Sync 1 DAGs
[2026-04-27T11:50:52.495+0000] {logging_mixin.py:188} INFO - [2026-04-27T11:50:52.495+0000] {dag.py:3954} INFO - Setting next_dagrun for monitoring_pipeline to 2026-04-26 00:00:00+00:00, run_after=2026-04-27 00:00:00+00:00
[2026-04-27T11:50:52.510+0000] {processor.py:183} INFO - Processing /opt/airflow/dags/monitoring_pipeline_dag.py took 0.068 seconds
[2026-04-27T11:51:22.655+0000] {processor.py:161} INFO - Started process (PID=491) to work on /opt/airflow/dags/monitoring_pipeline_dag.py
[2026-04-27T11:51:22.657+0000] {processor.py:830} INFO - Processing file /opt/airflow/dags/monitoring_pipeline_dag.py for tasks to queue
[2026-04-27T11:51:22.658+0000] {logging_mixin.py:188} INFO - [2026-04-27T11:51:22.658+0000] {dagbag.py:545} INFO - Filling up the DagBag from /opt/airflow/dags/monitoring_pipeline_dag.py
[2026-04-27T11:51:22.667+0000] {processor.py:840} INFO - DAG(s) 'monitoring_pipeline' retrieved from /opt/airflow/dags/monitoring_pipeline_dag.py
[2026-04-27T11:51:22.689+0000] {logging_mixin.py:188} INFO - [2026-04-27T11:51:22.688+0000] {dag.py:3096} INFO - Sync 1 DAGs
[2026-04-27T11:51:22.707+0000] {logging_mixin.py:188} INFO - [2026-04-27T11:51:22.707+0000] {dag.py:3954} INFO - Setting next_dagrun for monitoring_pipeline to 2026-04-27 00:00:00+00:00, run_after=2026-04-28 00:00:00+00:00
[2026-04-27T11:51:22.723+0000] {processor.py:183} INFO - Processing /opt/airflow/dags/monitoring_pipeline_dag.py took 0.072 seconds
[2026-04-27T11:51:52.891+0000] {processor.py:161} INFO - Started process (PID=658) to work on /opt/airflow/dags/monitoring_pipeline_dag.py
[2026-04-27T11:51:52.893+0000] {processor.py:830} INFO - Processing file /opt/airflow/dags/monitoring_pipeline_dag.py for tasks to queue
[2026-04-27T11:51:52.894+0000] {logging_mixin.py:188} INFO - [2026-04-27T11:51:52.894+0000] {dagbag.py:545} INFO - Filling up the DagBag from /opt/airflow/dags/monitoring_pipeline_dag.py
[2026-04-27T11:51:52.903+0000] {processor.py:840} INFO - DAG(s) 'monitoring_pipeline' retrieved from /opt/airflow/dags/monitoring_pipeline_dag.py
[2026-04-27T11:51:52.924+0000] {logging_mixin.py:188} INFO - [2026-04-27T11:51:52.924+0000] {dag.py:3096} INFO - Sync 1 DAGs
[2026-04-27T11:51:52.940+0000] {logging_mixin.py:188} INFO - [2026-04-27T11:51:52.940+0000] {dag.py:3954} INFO - Setting next_dagrun for monitoring_pipeline to 2026-04-27 00:00:00+00:00, run_after=2026-04-28 00:00:00+00:00
[2026-04-27T11:51:52.954+0000] {processor.py:183} INFO - Processing /opt/airflow/dags/monitoring_pipeline_dag.py took 0.068 seconds
[2026-04-27T11:52:23.156+0000] {processor.py:161} INFO - Started process (PID=673) to work on /opt/airflow/dags/monitoring_pipeline_dag.py
[2026-04-27T11:52:23.157+0000] {processor.py:830} INFO - Processing file /opt/airflow/dags/monitoring_pipeline_dag.py for tasks to queue
[2026-04-27T11:52:23.159+0000] {logging_mixin.py:188} INFO - [2026-04-27T11:52:23.158+0000] {dagbag.py:545} INFO - Filling up the DagBag from /opt/airflow/dags/monitoring_pipeline_dag.py
[2026-04-27T11:52:23.167+0000] {processor.py:840} INFO - DAG(s) 'monitoring_pipeline' retrieved from /opt/airflow/dags/monitoring_pipeline_dag.py
[2026-04-27T11:52:23.191+0000] {logging_mixin.py:188} INFO - [2026-04-27T11:52:23.191+0000] {dag.py:3096} INFO - Sync 1 DAGs
[2026-04-27T11:52:23.209+0000] {logging_mixin.py:188} INFO - [2026-04-27T11:52:23.209+0000] {dag.py:3954} INFO - Setting next_dagrun for monitoring_pipeline to 2026-04-27 00:00:00+00:00, run_after=2026-04-28 00:00:00+00:00
[2026-04-27T11:52:23.222+0000] {processor.py:183} INFO - Processing /opt/airflow/dags/monitoring_pipeline_dag.py took 0.071 seconds
[2026-04-27T11:52:53.422+0000] {processor.py:161} INFO - Started process (PID=688) to work on /opt/airflow/dags/monitoring_pipeline_dag.py
[2026-04-27T11:52:53.424+0000] {processor.py:830} INFO - Processing file /opt/airflow/dags/monitoring_pipeline_dag.py for tasks to queue
[2026-04-27T11:52:53.425+0000] {logging_mixin.py:188} INFO - [2026-04-27T11:52:53.425+0000] {dagbag.py:545} INFO - Filling up the DagBag from /opt/airflow/dags/monitoring_pipeline_dag.py
[2026-04-27T11:52:53.434+0000] {processor.py:840} INFO - DAG(s) 'monitoring_pipeline' retrieved from /opt/airflow/dags/monitoring_pipeline_dag.py
[2026-04-27T11:52:53.456+0000] {logging_mixin.py:188} INFO - [2026-04-27T11:52:53.456+0000] {dag.py:3096} INFO - Sync 1 DAGs
[2026-04-27T11:52:53.473+0000] {logging_mixin.py:188} INFO - [2026-04-27T11:52:53.473+0000] {dag.py:3954} INFO - Setting next_dagrun for monitoring_pipeline to 2026-04-27 00:00:00+00:00, run_after=2026-04-28 00:00:00+00:00
[2026-04-27T11:52:53.487+0000] {processor.py:183} INFO - Processing /opt/airflow/dags/monitoring_pipeline_dag.py took 0.070 seconds
[2026-04-27T11:53:05.573+0000] {processor.py:161} INFO - Started process (PID=703) to work on /opt/airflow/dags/monitoring_pipeline_dag.py
[2026-04-27T11:53:05.574+0000] {processor.py:830} INFO - Processing file /opt/airflow/dags/monitoring_pipeline_dag.py for tasks to queue
[2026-04-27T11:53:05.575+0000] {logging_mixin.py:188} INFO - [2026-04-27T11:53:05.575+0000] {dagbag.py:545} INFO - Filling up the DagBag from /opt/airflow/dags/monitoring_pipeline_dag.py
[2026-04-27T11:53:05.584+0000] {processor.py:840} INFO - DAG(s) 'monitoring_pipeline' retrieved from /opt/airflow/dags/monitoring_pipeline_dag.py
[2026-04-27T11:53:05.677+0000] {logging_mixin.py:188} INFO - [2026-04-27T11:53:05.677+0000] {dag.py:3096} INFO - Sync 1 DAGs
[2026-04-27T11:53:05.692+0000] {logging_mixin.py:188} INFO - [2026-04-27T11:53:05.691+0000] {dag.py:3954} INFO - Setting next_dagrun for monitoring_pipeline to 2026-04-27 00:00:00+00:00, run_after=2026-04-28 00:00:00+00:00
[2026-04-27T11:53:05.708+0000] {processor.py:183} INFO - Processing /opt/airflow/dags/monitoring_pipeline_dag.py took 0.140 seconds
[2026-04-27T11:53:06.632+0000] {processor.py:161} INFO - Started process (PID=708) to work on /opt/airflow/dags/monitoring_pipeline_dag.py
[2026-04-27T11:53:06.633+0000] {processor.py:830} INFO - Processing file /opt/airflow/dags/monitoring_pipeline_dag.py for tasks to queue
[2026-04-27T11:53:06.634+0000] {logging_mixin.py:188} INFO - [2026-04-27T11:53:06.633+0000] {dagbag.py:545} INFO - Filling up the DagBag from /opt/airflow/dags/monitoring_pipeline_dag.py
[2026-04-27T11:53:06.642+0000] {processor.py:840} INFO - DAG(s) 'monitoring_pipeline' retrieved from /opt/airflow/dags/monitoring_pipeline_dag.py
[2026-04-27T11:53:06.653+0000] {logging_mixin.py:188} INFO - [2026-04-27T11:53:06.652+0000] {dag.py:3096} INFO - Sync 1 DAGs
[2026-04-27T11:53:06.669+0000] {logging_mixin.py:188} INFO - [2026-04-27T11:53:06.668+0000] {dag.py:3954} INFO - Setting next_dagrun for monitoring_pipeline to 2026-04-27 00:00:00+00:00, run_after=2026-04-28 00:00:00+00:00
[2026-04-27T11:53:06.683+0000] {processor.py:183} INFO - Processing /opt/airflow/dags/monitoring_pipeline_dag.py took 0.056 seconds
[2026-04-27T11:53:36.812+0000] {processor.py:161} INFO - Started process (PID=723) to work on /opt/airflow/dags/monitoring_pipeline_dag.py
[2026-04-27T11:53:36.815+0000] {processor.py:830} INFO - Processing file /opt/airflow/dags/monitoring_pipeline_dag.py for tasks to queue
[2026-04-27T11:53:36.816+0000] {logging_mixin.py:188} INFO - [2026-04-27T11:53:36.816+0000] {dagbag.py:545} INFO - Filling up the DagBag from /opt/airflow/dags/monitoring_pipeline_dag.py
[2026-04-27T11:53:36.825+0000] {processor.py:840} INFO - DAG(s) 'monitoring_pipeline' retrieved from /opt/airflow/dags/monitoring_pipeline_dag.py
[2026-04-27T11:53:36.846+0000] {logging_mixin.py:188} INFO - [2026-04-27T11:53:36.846+0000] {dag.py:3096} INFO - Sync 1 DAGs
[2026-04-27T11:53:36.863+0000] {logging_mixin.py:188} INFO - [2026-04-27T11:53:36.863+0000] {dag.py:3954} INFO - Setting next_dagrun for monitoring_pipeline to 2026-04-27 00:00:00+00:00, run_after=2026-04-28 00:00:00+00:00
[2026-04-27T11:53:36.880+0000] {processor.py:183} INFO - Processing /opt/airflow/dags/monitoring_pipeline_dag.py took 0.072 seconds
[2026-04-27T11:54:33.622+0000] {processor.py:161} INFO - Started process (PID=175) to work on /opt/airflow/dags/monitoring_pipeline_dag.py
[2026-04-27T11:54:33.622+0000] {processor.py:830} INFO - Processing file /opt/airflow/dags/monitoring_pipeline_dag.py for tasks to queue
[2026-04-27T11:54:33.624+0000] {logging_mixin.py:188} INFO - [2026-04-27T11:54:33.624+0000] {dagbag.py:545} INFO - Filling up the DagBag from /opt/airflow/dags/monitoring_pipeline_dag.py
[2026-04-27T11:54:33.641+0000] {processor.py:840} INFO - DAG(s) 'monitoring_pipeline' retrieved from /opt/airflow/dags/monitoring_pipeline_dag.py
[2026-04-27T11:54:33.818+0000] {logging_mixin.py:188} INFO - [2026-04-27T11:54:33.817+0000] {override.py:1829} INFO - Created Permission View: can edit on DAG:monitoring_pipeline
[2026-04-27T11:54:33.824+0000] {logging_mixin.py:188} INFO - [2026-04-27T11:54:33.824+0000] {override.py:1829} INFO - Created Permission View: can delete on DAG:monitoring_pipeline
[2026-04-27T11:54:33.828+0000] {logging_mixin.py:188} INFO - [2026-04-27T11:54:33.828+0000] {override.py:1829} INFO - Created Permission View: can read on DAG:monitoring_pipeline
[2026-04-27T11:54:33.829+0000] {logging_mixin.py:188} INFO - [2026-04-27T11:54:33.829+0000] {dag.py:3096} INFO - Sync 1 DAGs
[2026-04-27T11:54:33.836+0000] {logging_mixin.py:188} INFO - [2026-04-27T11:54:33.836+0000] {dag.py:3118} INFO - Creating ORM DAG for monitoring_pipeline
[2026-04-27T11:54:33.844+0000] {logging_mixin.py:188} INFO - [2026-04-27T11:54:33.843+0000] {dag.py:3954} INFO - Setting next_dagrun for monitoring_pipeline to 2026-04-26 00:00:00+00:00, run_after=2026-04-27 00:00:00+00:00
[2026-04-27T11:54:33.855+0000] {processor.py:183} INFO - Processing /opt/airflow/dags/monitoring_pipeline_dag.py took 0.239 seconds
[2026-04-27T11:55:03.955+0000] {processor.py:161} INFO - Started process (PID=217) to work on /opt/airflow/dags/monitoring_pipeline_dag.py
[2026-04-27T11:55:03.958+0000] {processor.py:830} INFO - Processing file /opt/airflow/dags/monitoring_pipeline_dag.py for tasks to queue
[2026-04-27T11:55:03.959+0000] {logging_mixin.py:188} INFO - [2026-04-27T11:55:03.959+0000] {dagbag.py:545} INFO - Filling up the DagBag from /opt/airflow/dags/monitoring_pipeline_dag.py
[2026-04-27T11:55:03.969+0000] {processor.py:840} INFO - DAG(s) 'monitoring_pipeline' retrieved from /opt/airflow/dags/monitoring_pipeline_dag.py
[2026-04-27T11:55:03.990+0000] {logging_mixin.py:188} INFO - [2026-04-27T11:55:03.990+0000] {dag.py:3096} INFO - Sync 1 DAGs
[2026-04-27T11:55:04.007+0000] {logging_mixin.py:188} INFO - [2026-04-27T11:55:04.007+0000] {dag.py:3954} INFO - Setting next_dagrun for monitoring_pipeline to 2026-04-26 00:00:00+00:00, run_after=2026-04-27 00:00:00+00:00
[2026-04-27T11:55:04.021+0000] {processor.py:183} INFO - Processing /opt/airflow/dags/monitoring_pipeline_dag.py took 0.070 seconds
[2026-04-27T11:55:34.143+0000] {processor.py:161} INFO - Started process (PID=499) to work on /opt/airflow/dags/monitoring_pipeline_dag.py
[2026-04-27T11:55:34.144+0000] {processor.py:830} INFO - Processing file /opt/airflow/dags/monitoring_pipeline_dag.py for tasks to queue
[2026-04-27T11:55:34.146+0000] {logging_mixin.py:188} INFO - [2026-04-27T11:55:34.145+0000] {dagbag.py:545} INFO - Filling up the DagBag from /opt/airflow/dags/monitoring_pipeline_dag.py
[2026-04-27T11:55:34.153+0000] {processor.py:840} INFO - DAG(s) 'monitoring_pipeline' retrieved from /opt/airflow/dags/monitoring_pipeline_dag.py
[2026-04-27T11:55:34.174+0000] {logging_mixin.py:188} INFO - [2026-04-27T11:55:34.174+0000] {dag.py:3096} INFO - Sync 1 DAGs
[2026-04-27T11:55:34.190+0000] {logging_mixin.py:188} INFO - [2026-04-27T11:55:34.189+0000] {dag.py:3954} INFO - Setting next_dagrun for monitoring_pipeline to 2026-04-27 00:00:00+00:00, run_after=2026-04-28 00:00:00+00:00
[2026-04-27T11:55:34.204+0000] {processor.py:183} INFO - Processing /opt/airflow/dags/monitoring_pipeline_dag.py took 0.065 seconds
[2026-04-27T11:55:55.328+0000] {processor.py:161} INFO - Started process (PID=514) to work on /opt/airflow/dags/monitoring_pipeline_dag.py
[2026-04-27T11:55:55.331+0000] {processor.py:830} INFO - Processing file /opt/airflow/dags/monitoring_pipeline_dag.py for tasks to queue
[2026-04-27T11:55:55.333+0000] {logging_mixin.py:188} INFO - [2026-04-27T11:55:55.332+0000] {dagbag.py:545} INFO - Filling up the DagBag from /opt/airflow/dags/monitoring_pipeline_dag.py
[2026-04-27T11:55:55.342+0000] {processor.py:840} INFO - DAG(s) 'monitoring_pipeline' retrieved from /opt/airflow/dags/monitoring_pipeline_dag.py
[2026-04-27T11:55:55.425+0000] {logging_mixin.py:188} INFO - [2026-04-27T11:55:55.425+0000] {dag.py:3096} INFO - Sync 1 DAGs
[2026-04-27T11:55:55.441+0000] {logging_mixin.py:188} INFO - [2026-04-27T11:55:55.440+0000] {dag.py:3954} INFO - Setting next_dagrun for monitoring_pipeline to 2026-04-27 00:00:00+00:00, run_after=2026-04-28 00:00:00+00:00
[2026-04-27T11:55:55.457+0000] {processor.py:183} INFO - Processing /opt/airflow/dags/monitoring_pipeline_dag.py took 0.134 seconds
[2026-04-27T11:55:55.475+0000] {processor.py:161} INFO - Started process (PID=519) to work on /opt/airflow/dags/monitoring_pipeline_dag.py
[2026-04-27T11:55:55.476+0000] {processor.py:830} INFO - Processing file /opt/airflow/dags/monitoring_pipeline_dag.py for tasks to queue
[2026-04-27T11:55:55.477+0000] {logging_mixin.py:188} INFO - [2026-04-27T11:55:55.477+0000] {dagbag.py:545} INFO - Filling up the DagBag from /opt/airflow/dags/monitoring_pipeline_dag.py
[2026-04-27T11:55:55.485+0000] {processor.py:840} INFO - DAG(s) 'monitoring_pipeline' retrieved from /opt/airflow/dags/monitoring_pipeline_dag.py
[2026-04-27T11:55:55.497+0000] {logging_mixin.py:188} INFO - [2026-04-27T11:55:55.496+0000] {dag.py:3096} INFO - Sync 1 DAGs
[2026-04-27T11:55:55.513+0000] {logging_mixin.py:188} INFO - [2026-04-27T11:55:55.513+0000] {dag.py:3954} INFO - Setting next_dagrun for monitoring_pipeline to 2026-04-27 00:00:00+00:00, run_after=2026-04-28 00:00:00+00:00
[2026-04-27T11:55:55.526+0000] {processor.py:183} INFO - Processing /opt/airflow/dags/monitoring_pipeline_dag.py took 0.055 seconds
[2026-04-27T11:55:55.545+0000] {processor.py:161} INFO - Started process (PID=524) to work on /opt/airflow/dags/monitoring_pipeline_dag.py
[2026-04-27T11:55:55.545+0000] {processor.py:830} INFO - Processing file /opt/airflow/dags/monitoring_pipeline_dag.py for tasks to queue
[2026-04-27T11:55:55.547+0000] {logging_mixin.py:188} INFO - [2026-04-27T11:55:55.546+0000] {dagbag.py:545} INFO - Filling up the DagBag from /opt/airflow/dags/monitoring_pipeline_dag.py
[2026-04-27T11:55:55.555+0000] {processor.py:840} INFO - DAG(s) 'monitoring_pipeline' retrieved from /opt/airflow/dags/monitoring_pipeline_dag.py
[2026-04-27T11:55:55.566+0000] {logging_mixin.py:188} INFO - [2026-04-27T11:55:55.566+0000] {dag.py:3096} INFO - Sync 1 DAGs
[2026-04-27T11:55:55.582+0000] {logging_mixin.py:188} INFO - [2026-04-27T11:55:55.582+0000] {dag.py:3954} INFO - Setting next_dagrun for monitoring_pipeline to 2026-04-27 00:00:00+00:00, run_after=2026-04-28 00:00:00+00:00
[2026-04-27T11:55:55.596+0000] {processor.py:183} INFO - Processing /opt/airflow/dags/monitoring_pipeline_dag.py took 0.056 seconds
[2026-04-27T11:56:48.820+0000] {processor.py:161} INFO - Started process (PID=175) to work on /opt/airflow/dags/monitoring_pipeline_dag.py
[2026-04-27T11:56:48.821+0000] {processor.py:830} INFO - Processing file /opt/airflow/dags/monitoring_pipeline_dag.py for tasks to queue
[2026-04-27T11:56:48.822+0000] {logging_mixin.py:188} INFO - [2026-04-27T11:56:48.822+0000] {dagbag.py:545} INFO - Filling up the DagBag from /opt/airflow/dags/monitoring_pipeline_dag.py
[2026-04-27T11:56:48.838+0000] {processor.py:840} INFO - DAG(s) 'monitoring_pipeline' retrieved from /opt/airflow/dags/monitoring_pipeline_dag.py
[2026-04-27T11:56:49.011+0000] {logging_mixin.py:188} INFO - [2026-04-27T11:56:49.011+0000] {override.py:1829} INFO - Created Permission View: can edit on DAG:monitoring_pipeline
[2026-04-27T11:56:49.018+0000] {logging_mixin.py:188} INFO - [2026-04-27T11:56:49.017+0000] {override.py:1829} INFO - Created Permission View: can read on DAG:monitoring_pipeline
[2026-04-27T11:56:49.021+0000] {logging_mixin.py:188} INFO - [2026-04-27T11:56:49.021+0000] {override.py:1829} INFO - Created Permission View: can delete on DAG:monitoring_pipeline
[2026-04-27T11:56:49.022+0000] {logging_mixin.py:188} INFO - [2026-04-27T11:56:49.022+0000] {dag.py:3096} INFO - Sync 1 DAGs
[2026-04-27T11:56:49.029+0000] {logging_mixin.py:188} INFO - [2026-04-27T11:56:49.029+0000] {dag.py:3118} INFO - Creating ORM DAG for monitoring_pipeline
[2026-04-27T11:56:49.036+0000] {logging_mixin.py:188} INFO - [2026-04-27T11:56:49.036+0000] {dag.py:3954} INFO - Setting next_dagrun for monitoring_pipeline to 2026-04-26 00:00:00+00:00, run_after=2026-04-27 00:00:00+00:00
[2026-04-27T11:56:49.047+0000] {processor.py:183} INFO - Processing /opt/airflow/dags/monitoring_pipeline_dag.py took 0.233 seconds
[2026-04-27T11:57:19.220+0000] {processor.py:161} INFO - Started process (PID=191) to work on /opt/airflow/dags/monitoring_pipeline_dag.py
[2026-04-27T11:57:19.223+0000] {processor.py:830} INFO - Processing file /opt/airflow/dags/monitoring_pipeline_dag.py for tasks to queue
[2026-04-27T11:57:19.224+0000] {logging_mixin.py:188} INFO - [2026-04-27T11:57:19.224+0000] {dagbag.py:545} INFO - Filling up the DagBag from /opt/airflow/dags/monitoring_pipeline_dag.py
[2026-04-27T11:57:19.234+0000] {processor.py:840} INFO - DAG(s) 'monitoring_pipeline' retrieved from /opt/airflow/dags/monitoring_pipeline_dag.py
[2026-04-27T11:57:19.259+0000] {logging_mixin.py:188} INFO - [2026-04-27T11:57:19.259+0000] {dag.py:3096} INFO - Sync 1 DAGs
[2026-04-27T11:57:19.274+0000] {logging_mixin.py:188} INFO - [2026-04-27T11:57:19.274+0000] {dag.py:3954} INFO - Setting next_dagrun for monitoring_pipeline to 2026-04-26 00:00:00+00:00, run_after=2026-04-27 00:00:00+00:00
[2026-04-27T11:57:19.289+0000] {processor.py:183} INFO - Processing /opt/airflow/dags/monitoring_pipeline_dag.py took 0.074 seconds
[2026-04-27T11:57:49.505+0000] {processor.py:161} INFO - Started process (PID=206) to work on /opt/airflow/dags/monitoring_pipeline_dag.py
[2026-04-27T11:57:49.505+0000] {processor.py:830} INFO - Processing file /opt/airflow/dags/monitoring_pipeline_dag.py for tasks to queue
[2026-04-27T11:57:49.507+0000] {logging_mixin.py:188} INFO - [2026-04-27T11:57:49.507+0000] {dagbag.py:545} INFO - Filling up the DagBag from /opt/airflow/dags/monitoring_pipeline_dag.py
[2026-04-27T11:57:49.516+0000] {processor.py:840} INFO - DAG(s) 'monitoring_pipeline' retrieved from /opt/airflow/dags/monitoring_pipeline_dag.py
[2026-04-27T11:57:49.539+0000] {logging_mixin.py:188} INFO - [2026-04-27T11:57:49.539+0000] {dag.py:3096} INFO - Sync 1 DAGs
[2026-04-27T11:57:49.556+0000] {logging_mixin.py:188} INFO - [2026-04-27T11:57:49.556+0000] {dag.py:3954} INFO - Setting next_dagrun for monitoring_pipeline to 2026-04-26 00:00:00+00:00, run_after=2026-04-27 00:00:00+00:00
[2026-04-27T11:57:49.570+0000] {processor.py:183} INFO - Processing /opt/airflow/dags/monitoring_pipeline_dag.py took 0.070 seconds
[2026-04-27T11:58:19.734+0000] {processor.py:161} INFO - Started process (PID=339) to work on /opt/airflow/dags/monitoring_pipeline_dag.py
[2026-04-27T11:58:19.737+0000] {processor.py:830} INFO - Processing file /opt/airflow/dags/monitoring_pipeline_dag.py for tasks to queue
[2026-04-27T11:58:19.738+0000] {logging_mixin.py:188} INFO - [2026-04-27T11:58:19.738+0000] {dagbag.py:545} INFO - Filling up the DagBag from /opt/airflow/dags/monitoring_pipeline_dag.py
[2026-04-27T11:58:19.746+0000] {processor.py:840} INFO - DAG(s) 'monitoring_pipeline' retrieved from /opt/airflow/dags/monitoring_pipeline_dag.py
[2026-04-27T11:58:19.768+0000] {logging_mixin.py:188} INFO - [2026-04-27T11:58:19.768+0000] {dag.py:3096} INFO - Sync 1 DAGs
[2026-04-27T11:58:19.785+0000] {logging_mixin.py:188} INFO - [2026-04-27T11:58:19.784+0000] {dag.py:3954} INFO - Setting next_dagrun for monitoring_pipeline to 2026-04-27 00:00:00+00:00, run_after=2026-04-28 00:00:00+00:00
[2026-04-27T11:58:19.797+0000] {processor.py:183} INFO - Processing /opt/airflow/dags/monitoring_pipeline_dag.py took 0.067 seconds
[2026-04-27T11:58:49.930+0000] {processor.py:161} INFO - Started process (PID=354) to work on /opt/airflow/dags/monitoring_pipeline_dag.py
[2026-04-27T11:58:49.931+0000] {processor.py:830} INFO - Processing file /opt/airflow/dags/monitoring_pipeline_dag.py for tasks to queue
[2026-04-27T11:58:49.933+0000] {logging_mixin.py:188} INFO - [2026-04-27T11:58:49.932+0000] {dagbag.py:545} INFO - Filling up the DagBag from /opt/airflow/dags/monitoring_pipeline_dag.py
[2026-04-27T11:58:49.941+0000] {processor.py:840} INFO - DAG(s) 'monitoring_pipeline' retrieved from /opt/airflow/dags/monitoring_pipeline_dag.py
[2026-04-27T11:58:49.964+0000] {logging_mixin.py:188} INFO - [2026-04-27T11:58:49.964+0000] {dag.py:3096} INFO - Sync 1 DAGs
[2026-04-27T11:58:49.981+0000] {logging_mixin.py:188} INFO - [2026-04-27T11:58:49.981+0000] {dag.py:3954} INFO - Setting next_dagrun for monitoring_pipeline to 2026-04-27 00:00:00+00:00, run_after=2026-04-28 00:00:00+00:00
[2026-04-27T11:58:49.996+0000] {processor.py:183} INFO - Processing /opt/airflow/dags/monitoring_pipeline_dag.py took 0.070 seconds
[2026-04-27T11:59:20.146+0000] {processor.py:161} INFO - Started process (PID=369) to work on /opt/airflow/dags/monitoring_pipeline_dag.py
[2026-04-27T11:59:20.148+0000] {processor.py:830} INFO - Processing file /opt/airflow/dags/monitoring_pipeline_dag.py for tasks to queue
[2026-04-27T11:59:20.150+0000] {logging_mixin.py:188} INFO - [2026-04-27T11:59:20.149+0000] {dagbag.py:545} INFO - Filling up the DagBag from /opt/airflow/dags/monitoring_pipeline_dag.py
[2026-04-27T11:59:20.159+0000] {processor.py:840} INFO - DAG(s) 'monitoring_pipeline' retrieved from /opt/airflow/dags/monitoring_pipeline_dag.py
[2026-04-27T11:59:20.182+0000] {logging_mixin.py:188} INFO - [2026-04-27T11:59:20.182+0000] {dag.py:3096} INFO - Sync 1 DAGs
[2026-04-27T11:59:20.200+0000] {logging_mixin.py:188} INFO - [2026-04-27T11:59:20.199+0000] {dag.py:3954} INFO - Setting next_dagrun for monitoring_pipeline to 2026-04-27 00:00:00+00:00, run_after=2026-04-28 00:00:00+00:00
[2026-04-27T11:59:20.214+0000] {processor.py:183} INFO - Processing /opt/airflow/dags/monitoring_pipeline_dag.py took 0.073 seconds
[2026-04-27T11:59:50.417+0000] {processor.py:161} INFO - Started process (PID=384) to work on /opt/airflow/dags/monitoring_pipeline_dag.py
[2026-04-27T11:59:50.419+0000] {processor.py:830} INFO - Processing file /opt/airflow/dags/monitoring_pipeline_dag.py for tasks to queue
[2026-04-27T11:59:50.421+0000] {logging_mixin.py:188} INFO - [2026-04-27T11:59:50.421+0000] {dagbag.py:545} INFO - Filling up the DagBag from /opt/airflow/dags/monitoring_pipeline_dag.py
[2026-04-27T11:59:50.429+0000] {processor.py:840} INFO - DAG(s) 'monitoring_pipeline' retrieved from /opt/airflow/dags/monitoring_pipeline_dag.py
[2026-04-27T11:59:50.453+0000] {logging_mixin.py:188} INFO - [2026-04-27T11:59:50.452+0000] {dag.py:3096} INFO - Sync 1 DAGs
[2026-04-27T11:59:50.470+0000] {logging_mixin.py:188} INFO - [2026-04-27T11:59:50.469+0000] {dag.py:3954} INFO - Setting next_dagrun for monitoring_pipeline to 2026-04-27 00:00:00+00:00, run_after=2026-04-28 00:00:00+00:00
[2026-04-27T11:59:50.484+0000] {processor.py:183} INFO - Processing /opt/airflow/dags/monitoring_pipeline_dag.py took 0.072 seconds
[2026-04-27T12:00:20.663+0000] {processor.py:161} INFO - Started process (PID=399) to work on /opt/airflow/dags/monitoring_pipeline_dag.py
[2026-04-27T12:00:20.666+0000] {processor.py:830} INFO - Processing file /opt/airflow/dags/monitoring_pipeline_dag.py for tasks to queue
[2026-04-27T12:00:20.667+0000] {logging_mixin.py:188} INFO - [2026-04-27T12:00:20.667+0000] {dagbag.py:545} INFO - Filling up the DagBag from /opt/airflow/dags/monitoring_pipeline_dag.py
[2026-04-27T12:00:20.676+0000] {processor.py:840} INFO - DAG(s) 'monitoring_pipeline' retrieved from /opt/airflow/dags/monitoring_pipeline_dag.py
[2026-04-27T12:00:20.699+0000] {logging_mixin.py:188} INFO - [2026-04-27T12:00:20.699+0000] {dag.py:3096} INFO - Sync 1 DAGs
[2026-04-27T12:00:20.716+0000] {logging_mixin.py:188} INFO - [2026-04-27T12:00:20.716+0000] {dag.py:3954} INFO - Setting next_dagrun for monitoring_pipeline to 2026-04-27 00:00:00+00:00, run_after=2026-04-28 00:00:00+00:00
[2026-04-27T12:00:20.731+0000] {processor.py:183} INFO - Processing /opt/airflow/dags/monitoring_pipeline_dag.py took 0.072 seconds
[2026-04-27T12:00:50.917+0000] {processor.py:161} INFO - Started process (PID=414) to work on /opt/airflow/dags/monitoring_pipeline_dag.py
[2026-04-27T12:00:50.920+0000] {processor.py:830} INFO - Processing file /opt/airflow/dags/monitoring_pipeline_dag.py for tasks to queue
[2026-04-27T12:00:50.921+0000] {logging_mixin.py:188} INFO - [2026-04-27T12:00:50.921+0000] {dagbag.py:545} INFO - Filling up the DagBag from /opt/airflow/dags/monitoring_pipeline_dag.py
[2026-04-27T12:00:50.929+0000] {processor.py:840} INFO - DAG(s) 'monitoring_pipeline' retrieved from /opt/airflow/dags/monitoring_pipeline_dag.py
[2026-04-27T12:00:50.953+0000] {logging_mixin.py:188} INFO - [2026-04-27T12:00:50.953+0000] {dag.py:3096} INFO - Sync 1 DAGs
[2026-04-27T12:00:50.970+0000] {logging_mixin.py:188} INFO - [2026-04-27T12:00:50.969+0000] {dag.py:3954} INFO - Setting next_dagrun for monitoring_pipeline to 2026-04-27 00:00:00+00:00, run_after=2026-04-28 00:00:00+00:00
[2026-04-27T12:00:50.985+0000] {processor.py:183} INFO - Processing /opt/airflow/dags/monitoring_pipeline_dag.py took 0.072 seconds
[2026-04-27T12:01:21.193+0000] {processor.py:161} INFO - Started process (PID=429) to work on /opt/airflow/dags/monitoring_pipeline_dag.py
[2026-04-27T12:01:21.196+0000] {processor.py:830} INFO - Processing file /opt/airflow/dags/monitoring_pipeline_dag.py for tasks to queue
[2026-04-27T12:01:21.197+0000] {logging_mixin.py:188} INFO - [2026-04-27T12:01:21.197+0000] {dagbag.py:545} INFO - Filling up the DagBag from /opt/airflow/dags/monitoring_pipeline_dag.py
[2026-04-27T12:01:21.206+0000] {processor.py:840} INFO - DAG(s) 'monitoring_pipeline' retrieved from /opt/airflow/dags/monitoring_pipeline_dag.py
[2026-04-27T12:01:21.229+0000] {logging_mixin.py:188} INFO - [2026-04-27T12:01:21.229+0000] {dag.py:3096} INFO - Sync 1 DAGs
[2026-04-27T12:01:21.246+0000] {logging_mixin.py:188} INFO - [2026-04-27T12:01:21.246+0000] {dag.py:3954} INFO - Setting next_dagrun for monitoring_pipeline to 2026-04-27 00:00:00+00:00, run_after=2026-04-28 00:00:00+00:00
[2026-04-27T12:01:21.261+0000] {processor.py:183} INFO - Processing /opt/airflow/dags/monitoring_pipeline_dag.py took 0.072 seconds
[2026-04-27T12:01:51.433+0000] {processor.py:161} INFO - Started process (PID=662) to work on /opt/airflow/dags/monitoring_pipeline_dag.py
[2026-04-27T12:01:51.434+0000] {processor.py:830} INFO - Processing file /opt/airflow/dags/monitoring_pipeline_dag.py for tasks to queue
[2026-04-27T12:01:51.436+0000] {logging_mixin.py:188} INFO - [2026-04-27T12:01:51.435+0000] {dagbag.py:545} INFO - Filling up the DagBag from /opt/airflow/dags/monitoring_pipeline_dag.py
[2026-04-27T12:01:51.444+0000] {processor.py:840} INFO - DAG(s) 'monitoring_pipeline' retrieved from /opt/airflow/dags/monitoring_pipeline_dag.py
[2026-04-27T12:01:51.464+0000] {logging_mixin.py:188} INFO - [2026-04-27T12:01:51.464+0000] {dag.py:3096} INFO - Sync 1 DAGs
[2026-04-27T12:01:51.479+0000] {logging_mixin.py:188} INFO - [2026-04-27T12:01:51.479+0000] {dag.py:3954} INFO - Setting next_dagrun for monitoring_pipeline to 2026-04-27 00:00:00+00:00, run_after=2026-04-28 00:00:00+00:00
[2026-04-27T12:01:51.494+0000] {processor.py:183} INFO - Processing /opt/airflow/dags/monitoring_pipeline_dag.py took 0.065 seconds
[2026-04-27T12:02:21.710+0000] {processor.py:161} INFO - Started process (PID=677) to work on /opt/airflow/dags/monitoring_pipeline_dag.py
[2026-04-27T12:02:21.712+0000] {processor.py:830} INFO - Processing file /opt/airflow/dags/monitoring_pipeline_dag.py for tasks to queue
[2026-04-27T12:02:21.713+0000] {logging_mixin.py:188} INFO - [2026-04-27T12:02:21.713+0000] {dagbag.py:545} INFO - Filling up the DagBag from /opt/airflow/dags/monitoring_pipeline_dag.py
[2026-04-27T12:02:21.721+0000] {processor.py:840} INFO - DAG(s) 'monitoring_pipeline' retrieved from /opt/airflow/dags/monitoring_pipeline_dag.py
[2026-04-27T12:02:21.742+0000] {logging_mixin.py:188} INFO - [2026-04-27T12:02:21.742+0000] {dag.py:3096} INFO - Sync 1 DAGs
[2026-04-27T12:02:21.759+0000] {logging_mixin.py:188} INFO - [2026-04-27T12:02:21.758+0000] {dag.py:3954} INFO - Setting next_dagrun for monitoring_pipeline to 2026-04-27 00:00:00+00:00, run_after=2026-04-28 00:00:00+00:00
[2026-04-27T12:02:21.772+0000] {processor.py:183} INFO - Processing /opt/airflow/dags/monitoring_pipeline_dag.py took 0.066 seconds
[2026-04-27T12:02:51.963+0000] {processor.py:161} INFO - Started process (PID=692) to work on /opt/airflow/dags/monitoring_pipeline_dag.py
[2026-04-27T12:02:51.966+0000] {processor.py:830} INFO - Processing file /opt/airflow/dags/monitoring_pipeline_dag.py for tasks to queue
[2026-04-27T12:02:51.967+0000] {logging_mixin.py:188} INFO - [2026-04-27T12:02:51.967+0000] {dagbag.py:545} INFO - Filling up the DagBag from /opt/airflow/dags/monitoring_pipeline_dag.py
[2026-04-27T12:02:51.975+0000] {processor.py:840} INFO - DAG(s) 'monitoring_pipeline' retrieved from /opt/airflow/dags/monitoring_pipeline_dag.py
[2026-04-27T12:02:51.996+0000] {logging_mixin.py:188} INFO - [2026-04-27T12:02:51.996+0000] {dag.py:3096} INFO - Sync 1 DAGs
[2026-04-27T12:02:52.013+0000] {logging_mixin.py:188} INFO - [2026-04-27T12:02:52.013+0000] {dag.py:3954} INFO - Setting next_dagrun for monitoring_pipeline to 2026-04-27 00:00:00+00:00, run_after=2026-04-28 00:00:00+00:00
[2026-04-27T12:02:52.027+0000] {processor.py:183} INFO - Processing /opt/airflow/dags/monitoring_pipeline_dag.py took 0.069 seconds
[2026-04-27T12:03:22.166+0000] {processor.py:161} INFO - Started process (PID=707) to work on /opt/airflow/dags/monitoring_pipeline_dag.py
[2026-04-27T12:03:22.168+0000] {processor.py:830} INFO - Processing file /opt/airflow/dags/monitoring_pipeline_dag.py for tasks to queue
[2026-04-27T12:03:22.169+0000] {logging_mixin.py:188} INFO - [2026-04-27T12:03:22.169+0000] {dagbag.py:545} INFO - Filling up the DagBag from /opt/airflow/dags/monitoring_pipeline_dag.py
[2026-04-27T12:03:22.178+0000] {processor.py:840} INFO - DAG(s) 'monitoring_pipeline' retrieved from /opt/airflow/dags/monitoring_pipeline_dag.py
[2026-04-27T12:03:22.200+0000] {logging_mixin.py:188} INFO - [2026-04-27T12:03:22.200+0000] {dag.py:3096} INFO - Sync 1 DAGs
[2026-04-27T12:03:22.218+0000] {logging_mixin.py:188} INFO - [2026-04-27T12:03:22.217+0000] {dag.py:3954} INFO - Setting next_dagrun for monitoring_pipeline to 2026-04-27 00:00:00+00:00, run_after=2026-04-28 00:00:00+00:00
[2026-04-27T12:03:22.232+0000] {processor.py:183} INFO - Processing /opt/airflow/dags/monitoring_pipeline_dag.py took 0.070 seconds
[2026-04-27T12:03:52.471+0000] {processor.py:161} INFO - Started process (PID=722) to work on /opt/airflow/dags/monitoring_pipeline_dag.py
[2026-04-27T12:03:52.474+0000] {processor.py:830} INFO - Processing file /opt/airflow/dags/monitoring_pipeline_dag.py for tasks to queue
[2026-04-27T12:03:52.475+0000] {logging_mixin.py:188} INFO - [2026-04-27T12:03:52.475+0000] {dagbag.py:545} INFO - Filling up the DagBag from /opt/airflow/dags/monitoring_pipeline_dag.py
[2026-04-27T12:03:52.483+0000] {processor.py:840} INFO - DAG(s) 'monitoring_pipeline' retrieved from /opt/airflow/dags/monitoring_pipeline_dag.py
[2026-04-27T12:03:52.505+0000] {logging_mixin.py:188} INFO - [2026-04-27T12:03:52.504+0000] {dag.py:3096} INFO - Sync 1 DAGs
[2026-04-27T12:03:52.523+0000] {logging_mixin.py:188} INFO - [2026-04-27T12:03:52.523+0000] {dag.py:3954} INFO - Setting next_dagrun for monitoring_pipeline to 2026-04-27 00:00:00+00:00, run_after=2026-04-28 00:00:00+00:00
[2026-04-27T12:03:52.538+0000] {processor.py:183} INFO - Processing /opt/airflow/dags/monitoring_pipeline_dag.py took 0.072 seconds
[2026-04-27T12:04:22.681+0000] {processor.py:161} INFO - Started process (PID=737) to work on /opt/airflow/dags/monitoring_pipeline_dag.py
[2026-04-27T12:04:22.684+0000] {processor.py:830} INFO - Processing file /opt/airflow/dags/monitoring_pipeline_dag.py for tasks to queue
[2026-04-27T12:04:22.686+0000] {logging_mixin.py:188} INFO - [2026-04-27T12:04:22.685+0000] {dagbag.py:545} INFO - Filling up the DagBag from /opt/airflow/dags/monitoring_pipeline_dag.py
[2026-04-27T12:04:22.694+0000] {processor.py:840} INFO - DAG(s) 'monitoring_pipeline' retrieved from /opt/airflow/dags/monitoring_pipeline_dag.py
[2026-04-27T12:04:22.715+0000] {logging_mixin.py:188} INFO - [2026-04-27T12:04:22.715+0000] {dag.py:3096} INFO - Sync 1 DAGs
[2026-04-27T12:04:22.733+0000] {logging_mixin.py:188} INFO - [2026-04-27T12:04:22.732+0000] {dag.py:3954} INFO - Setting next_dagrun for monitoring_pipeline to 2026-04-27 00:00:00+00:00, run_after=2026-04-28 00:00:00+00:00
[2026-04-27T12:04:22.749+0000] {processor.py:183} INFO - Processing /opt/airflow/dags/monitoring_pipeline_dag.py took 0.072 seconds
[2026-04-27T12:04:52.977+0000] {processor.py:161} INFO - Started process (PID=752) to work on /opt/airflow/dags/monitoring_pipeline_dag.py
[2026-04-27T12:04:52.978+0000] {processor.py:830} INFO - Processing file /opt/airflow/dags/monitoring_pipeline_dag.py for tasks to queue
[2026-04-27T12:04:52.979+0000] {logging_mixin.py:188} INFO - [2026-04-27T12:04:52.979+0000] {dagbag.py:545} INFO - Filling up the DagBag from /opt/airflow/dags/monitoring_pipeline_dag.py
[2026-04-27T12:04:52.989+0000] {processor.py:840} INFO - DAG(s) 'monitoring_pipeline' retrieved from /opt/airflow/dags/monitoring_pipeline_dag.py
[2026-04-27T12:04:53.012+0000] {logging_mixin.py:188} INFO - [2026-04-27T12:04:53.012+0000] {dag.py:3096} INFO - Sync 1 DAGs
[2026-04-27T12:04:53.031+0000] {logging_mixin.py:188} INFO - [2026-04-27T12:04:53.031+0000] {dag.py:3954} INFO - Setting next_dagrun for monitoring_pipeline to 2026-04-27 00:00:00+00:00, run_after=2026-04-28 00:00:00+00:00
[2026-04-27T12:04:53.046+0000] {processor.py:183} INFO - Processing /opt/airflow/dags/monitoring_pipeline_dag.py took 0.074 seconds
[2026-04-27T12:05:23.217+0000] {processor.py:161} INFO - Started process (PID=767) to work on /opt/airflow/dags/monitoring_pipeline_dag.py
[2026-04-27T12:05:23.219+0000] {processor.py:830} INFO - Processing file /opt/airflow/dags/monitoring_pipeline_dag.py for tasks to queue
[2026-04-27T12:05:23.220+0000] {logging_mixin.py:188} INFO - [2026-04-27T12:05:23.220+0000] {dagbag.py:545} INFO - Filling up the DagBag from /opt/airflow/dags/monitoring_pipeline_dag.py
[2026-04-27T12:05:23.229+0000] {processor.py:840} INFO - DAG(s) 'monitoring_pipeline' retrieved from /opt/airflow/dags/monitoring_pipeline_dag.py
[2026-04-27T12:05:23.251+0000] {logging_mixin.py:188} INFO - [2026-04-27T12:05:23.251+0000] {dag.py:3096} INFO - Sync 1 DAGs
[2026-04-27T12:05:23.268+0000] {logging_mixin.py:188} INFO - [2026-04-27T12:05:23.268+0000] {dag.py:3954} INFO - Setting next_dagrun for monitoring_pipeline to 2026-04-27 00:00:00+00:00, run_after=2026-04-28 00:00:00+00:00
[2026-04-27T12:05:23.284+0000] {processor.py:183} INFO - Processing /opt/airflow/dags/monitoring_pipeline_dag.py took 0.071 seconds
[2026-04-27T12:05:53.442+0000] {processor.py:161} INFO - Started process (PID=782) to work on /opt/airflow/dags/monitoring_pipeline_dag.py
[2026-04-27T12:05:53.445+0000] {processor.py:830} INFO - Processing file /opt/airflow/dags/monitoring_pipeline_dag.py for tasks to queue
[2026-04-27T12:05:53.446+0000] {logging_mixin.py:188} INFO - [2026-04-27T12:05:53.446+0000] {dagbag.py:545} INFO - Filling up the DagBag from /opt/airflow/dags/monitoring_pipeline_dag.py
[2026-04-27T12:05:53.454+0000] {processor.py:840} INFO - DAG(s) 'monitoring_pipeline' retrieved from /opt/airflow/dags/monitoring_pipeline_dag.py
[2026-04-27T12:05:53.474+0000] {logging_mixin.py:188} INFO - [2026-04-27T12:05:53.474+0000] {dag.py:3096} INFO - Sync 1 DAGs
[2026-04-27T12:05:53.491+0000] {logging_mixin.py:188} INFO - [2026-04-27T12:05:53.491+0000] {dag.py:3954} INFO - Setting next_dagrun for monitoring_pipeline to 2026-04-27 00:00:00+00:00, run_after=2026-04-28 00:00:00+00:00
[2026-04-27T12:05:53.505+0000] {processor.py:183} INFO - Processing /opt/airflow/dags/monitoring_pipeline_dag.py took 0.067 seconds
[2026-04-27T12:06:23.671+0000] {processor.py:161} INFO - Started process (PID=797) to work on /opt/airflow/dags/monitoring_pipeline_dag.py
[2026-04-27T12:06:23.673+0000] {processor.py:830} INFO - Processing file /opt/airflow/dags/monitoring_pipeline_dag.py for tasks to queue
[2026-04-27T12:06:23.674+0000] {logging_mixin.py:188} INFO - [2026-04-27T12:06:23.674+0000] {dagbag.py:545} INFO - Filling up the DagBag from /opt/airflow/dags/monitoring_pipeline_dag.py
[2026-04-27T12:06:23.683+0000] {processor.py:840} INFO - DAG(s) 'monitoring_pipeline' retrieved from /opt/airflow/dags/monitoring_pipeline_dag.py
[2026-04-27T12:06:23.704+0000] {logging_mixin.py:188} INFO - [2026-04-27T12:06:23.704+0000] {dag.py:3096} INFO - Sync 1 DAGs
[2026-04-27T12:06:23.720+0000] {logging_mixin.py:188} INFO - [2026-04-27T12:06:23.720+0000] {dag.py:3954} INFO - Setting next_dagrun for monitoring_pipeline to 2026-04-27 00:00:00+00:00, run_after=2026-04-28 00:00:00+00:00
[2026-04-27T12:06:23.737+0000] {processor.py:183} INFO - Processing /opt/airflow/dags/monitoring_pipeline_dag.py took 0.071 seconds
[2026-04-27T12:06:53.903+0000] {processor.py:161} INFO - Started process (PID=812) to work on /opt/airflow/dags/monitoring_pipeline_dag.py
[2026-04-27T12:06:53.906+0000] {processor.py:830} INFO - Processing file /opt/airflow/dags/monitoring_pipeline_dag.py for tasks to queue
[2026-04-27T12:06:53.907+0000] {logging_mixin.py:188} INFO - [2026-04-27T12:06:53.907+0000] {dagbag.py:545} INFO - Filling up the DagBag from /opt/airflow/dags/monitoring_pipeline_dag.py
[2026-04-27T12:06:53.915+0000] {processor.py:840} INFO - DAG(s) 'monitoring_pipeline' retrieved from /opt/airflow/dags/monitoring_pipeline_dag.py
[2026-04-27T12:06:53.937+0000] {logging_mixin.py:188} INFO - [2026-04-27T12:06:53.937+0000] {dag.py:3096} INFO - Sync 1 DAGs
[2026-04-27T12:06:53.954+0000] {logging_mixin.py:188} INFO - [2026-04-27T12:06:53.954+0000] {dag.py:3954} INFO - Setting next_dagrun for monitoring_pipeline to 2026-04-27 00:00:00+00:00, run_after=2026-04-28 00:00:00+00:00
[2026-04-27T12:06:53.969+0000] {processor.py:183} INFO - Processing /opt/airflow/dags/monitoring_pipeline_dag.py took 0.071 seconds
[2026-04-27T12:07:24.124+0000] {processor.py:161} INFO - Started process (PID=827) to work on /opt/airflow/dags/monitoring_pipeline_dag.py
[2026-04-27T12:07:24.125+0000] {processor.py:830} INFO - Processing file /opt/airflow/dags/monitoring_pipeline_dag.py for tasks to queue
[2026-04-27T12:07:24.126+0000] {logging_mixin.py:188} INFO - [2026-04-27T12:07:24.126+0000] {dagbag.py:545} INFO - Filling up the DagBag from /opt/airflow/dags/monitoring_pipeline_dag.py
[2026-04-27T12:07:24.135+0000] {processor.py:840} INFO - DAG(s) 'monitoring_pipeline' retrieved from /opt/airflow/dags/monitoring_pipeline_dag.py
[2026-04-27T12:07:24.155+0000] {logging_mixin.py:188} INFO - [2026-04-27T12:07:24.155+0000] {dag.py:3096} INFO - Sync 1 DAGs
[2026-04-27T12:07:24.172+0000] {logging_mixin.py:188} INFO - [2026-04-27T12:07:24.172+0000] {dag.py:3954} INFO - Setting next_dagrun for monitoring_pipeline to 2026-04-27 00:00:00+00:00, run_after=2026-04-28 00:00:00+00:00
[2026-04-27T12:07:24.188+0000] {processor.py:183} INFO - Processing /opt/airflow/dags/monitoring_pipeline_dag.py took 0.069 seconds
[2026-04-27T12:07:54.358+0000] {processor.py:161} INFO - Started process (PID=842) to work on /opt/airflow/dags/monitoring_pipeline_dag.py
[2026-04-27T12:07:54.361+0000] {processor.py:830} INFO - Processing file /opt/airflow/dags/monitoring_pipeline_dag.py for tasks to queue
[2026-04-27T12:07:54.362+0000] {logging_mixin.py:188} INFO - [2026-04-27T12:07:54.362+0000] {dagbag.py:545} INFO - Filling up the DagBag from /opt/airflow/dags/monitoring_pipeline_dag.py
[2026-04-27T12:07:54.370+0000] {processor.py:840} INFO - DAG(s) 'monitoring_pipeline' retrieved from /opt/airflow/dags/monitoring_pipeline_dag.py
[2026-04-27T12:07:54.392+0000] {logging_mixin.py:188} INFO - [2026-04-27T12:07:54.392+0000] {dag.py:3096} INFO - Sync 1 DAGs
[2026-04-27T12:07:54.410+0000] {logging_mixin.py:188} INFO - [2026-04-27T12:07:54.409+0000] {dag.py:3954} INFO - Setting next_dagrun for monitoring_pipeline to 2026-04-27 00:00:00+00:00, run_after=2026-04-28 00:00:00+00:00
[2026-04-27T12:07:54.424+0000] {processor.py:183} INFO - Processing /opt/airflow/dags/monitoring_pipeline_dag.py took 0.070 seconds
[2026-04-27T12:08:24.672+0000] {processor.py:161} INFO - Started process (PID=857) to work on /opt/airflow/dags/monitoring_pipeline_dag.py
[2026-04-27T12:08:24.674+0000] {processor.py:830} INFO - Processing file /opt/airflow/dags/monitoring_pipeline_dag.py for tasks to queue
[2026-04-27T12:08:24.675+0000] {logging_mixin.py:188} INFO - [2026-04-27T12:08:24.675+0000] {dagbag.py:545} INFO - Filling up the DagBag from /opt/airflow/dags/monitoring_pipeline_dag.py
[2026-04-27T12:08:24.683+0000] {processor.py:840} INFO - DAG(s) 'monitoring_pipeline' retrieved from /opt/airflow/dags/monitoring_pipeline_dag.py
[2026-04-27T12:08:24.704+0000] {logging_mixin.py:188} INFO - [2026-04-27T12:08:24.704+0000] {dag.py:3096} INFO - Sync 1 DAGs
[2026-04-27T12:08:23.671+0000] {logging_mixin.py:188} INFO - [2026-04-27T12:08:23.671+0000] {dag.py:3954} INFO - Setting next_dagrun for monitoring_pipeline to 2026-04-27 00:00:00+00:00, run_after=2026-04-28 00:00:00+00:00
[2026-04-27T12:08:23.686+0000] {processor.py:183} INFO - Processing /opt/airflow/dags/monitoring_pipeline_dag.py took 0.071 seconds
[2026-04-27T12:08:53.935+0000] {processor.py:161} INFO - Started process (PID=872) to work on /opt/airflow/dags/monitoring_pipeline_dag.py
[2026-04-27T12:08:53.937+0000] {processor.py:830} INFO - Processing file /opt/airflow/dags/monitoring_pipeline_dag.py for tasks to queue
[2026-04-27T12:08:53.938+0000] {logging_mixin.py:188} INFO - [2026-04-27T12:08:53.938+0000] {dagbag.py:545} INFO - Filling up the DagBag from /opt/airflow/dags/monitoring_pipeline_dag.py
[2026-04-27T12:08:53.946+0000] {processor.py:840} INFO - DAG(s) 'monitoring_pipeline' retrieved from /opt/airflow/dags/monitoring_pipeline_dag.py
[2026-04-27T12:08:53.967+0000] {logging_mixin.py:188} INFO - [2026-04-27T12:08:53.966+0000] {dag.py:3096} INFO - Sync 1 DAGs
[2026-04-27T12:08:53.983+0000] {logging_mixin.py:188} INFO - [2026-04-27T12:08:53.983+0000] {dag.py:3954} INFO - Setting next_dagrun for monitoring_pipeline to 2026-04-27 00:00:00+00:00, run_after=2026-04-28 00:00:00+00:00
[2026-04-27T12:08:53.998+0000] {processor.py:183} INFO - Processing /opt/airflow/dags/monitoring_pipeline_dag.py took 0.068 seconds
[2026-04-27T12:09:24.226+0000] {processor.py:161} INFO - Started process (PID=887) to work on /opt/airflow/dags/monitoring_pipeline_dag.py
[2026-04-27T12:09:24.228+0000] {processor.py:830} INFO - Processing file /opt/airflow/dags/monitoring_pipeline_dag.py for tasks to queue
[2026-04-27T12:09:24.229+0000] {logging_mixin.py:188} INFO - [2026-04-27T12:09:24.229+0000] {dagbag.py:545} INFO - Filling up the DagBag from /opt/airflow/dags/monitoring_pipeline_dag.py
[2026-04-27T12:09:24.237+0000] {processor.py:840} INFO - DAG(s) 'monitoring_pipeline' retrieved from /opt/airflow/dags/monitoring_pipeline_dag.py
[2026-04-27T12:09:24.258+0000] {logging_mixin.py:188} INFO - [2026-04-27T12:09:24.258+0000] {dag.py:3096} INFO - Sync 1 DAGs
[2026-04-27T12:09:24.274+0000] {logging_mixin.py:188} INFO - [2026-04-27T12:09:24.274+0000] {dag.py:3954} INFO - Setting next_dagrun for monitoring_pipeline to 2026-04-27 00:00:00+00:00, run_after=2026-04-28 00:00:00+00:00
[2026-04-27T12:09:24.290+0000] {processor.py:183} INFO - Processing /opt/airflow/dags/monitoring_pipeline_dag.py took 0.069 seconds
[2026-04-27T12:09:54.530+0000] {processor.py:161} INFO - Started process (PID=902) to work on /opt/airflow/dags/monitoring_pipeline_dag.py
[2026-04-27T12:09:54.532+0000] {processor.py:830} INFO - Processing file /opt/airflow/dags/monitoring_pipeline_dag.py for tasks to queue
[2026-04-27T12:09:54.533+0000] {logging_mixin.py:188} INFO - [2026-04-27T12:09:54.533+0000] {dagbag.py:545} INFO - Filling up the DagBag from /opt/airflow/dags/monitoring_pipeline_dag.py
[2026-04-27T12:09:54.541+0000] {processor.py:840} INFO - DAG(s) 'monitoring_pipeline' retrieved from /opt/airflow/dags/monitoring_pipeline_dag.py
[2026-04-27T12:09:54.563+0000] {logging_mixin.py:188} INFO - [2026-04-27T12:09:54.562+0000] {dag.py:3096} INFO - Sync 1 DAGs
[2026-04-27T12:09:54.580+0000] {logging_mixin.py:188} INFO - [2026-04-27T12:09:54.580+0000] {dag.py:3954} INFO - Setting next_dagrun for monitoring_pipeline to 2026-04-27 00:00:00+00:00, run_after=2026-04-28 00:00:00+00:00
[2026-04-27T12:09:54.596+0000] {processor.py:183} INFO - Processing /opt/airflow/dags/monitoring_pipeline_dag.py took 0.070 seconds
[2026-04-27T12:10:24.807+0000] {processor.py:161} INFO - Started process (PID=917) to work on /opt/airflow/dags/monitoring_pipeline_dag.py
[2026-04-27T12:10:24.810+0000] {processor.py:830} INFO - Processing file /opt/airflow/dags/monitoring_pipeline_dag.py for tasks to queue
[2026-04-27T12:10:24.811+0000] {logging_mixin.py:188} INFO - [2026-04-27T12:10:24.811+0000] {dagbag.py:545} INFO - Filling up the DagBag from /opt/airflow/dags/monitoring_pipeline_dag.py
[2026-04-27T12:10:24.819+0000] {processor.py:840} INFO - DAG(s) 'monitoring_pipeline' retrieved from /opt/airflow/dags/monitoring_pipeline_dag.py
[2026-04-27T12:10:24.839+0000] {logging_mixin.py:188} INFO - [2026-04-27T12:10:24.839+0000] {dag.py:3096} INFO - Sync 1 DAGs
[2026-04-27T12:10:24.856+0000] {logging_mixin.py:188} INFO - [2026-04-27T12:10:24.856+0000] {dag.py:3954} INFO - Setting next_dagrun for monitoring_pipeline to 2026-04-27 00:00:00+00:00, run_after=2026-04-28 00:00:00+00:00
[2026-04-27T12:10:24.870+0000] {processor.py:183} INFO - Processing /opt/airflow/dags/monitoring_pipeline_dag.py took 0.067 seconds
[2026-04-27T12:10:55.137+0000] {processor.py:161} INFO - Started process (PID=932) to work on /opt/airflow/dags/monitoring_pipeline_dag.py
[2026-04-27T12:10:55.139+0000] {processor.py:830} INFO - Processing file /opt/airflow/dags/monitoring_pipeline_dag.py for tasks to queue
[2026-04-27T12:10:55.141+0000] {logging_mixin.py:188} INFO - [2026-04-27T12:10:55.140+0000] {dagbag.py:545} INFO - Filling up the DagBag from /opt/airflow/dags/monitoring_pipeline_dag.py
[2026-04-27T12:10:55.149+0000] {processor.py:840} INFO - DAG(s) 'monitoring_pipeline' retrieved from /opt/airflow/dags/monitoring_pipeline_dag.py
[2026-04-27T12:10:55.170+0000] {logging_mixin.py:188} INFO - [2026-04-27T12:10:55.170+0000] {dag.py:3096} INFO - Sync 1 DAGs
[2026-04-27T12:10:55.187+0000] {logging_mixin.py:188} INFO - [2026-04-27T12:10:55.187+0000] {dag.py:3954} INFO - Setting next_dagrun for monitoring_pipeline to 2026-04-27 00:00:00+00:00, run_after=2026-04-28 00:00:00+00:00
[2026-04-27T12:10:55.202+0000] {processor.py:183} INFO - Processing /opt/airflow/dags/monitoring_pipeline_dag.py took 0.070 seconds
[2026-04-27T12:11:25.390+0000] {processor.py:161} INFO - Started process (PID=947) to work on /opt/airflow/dags/monitoring_pipeline_dag.py
[2026-04-27T12:11:25.392+0000] {processor.py:830} INFO - Processing file /opt/airflow/dags/monitoring_pipeline_dag.py for tasks to queue
[2026-04-27T12:11:25.394+0000] {logging_mixin.py:188} INFO - [2026-04-27T12:11:25.394+0000] {dagbag.py:545} INFO - Filling up the DagBag from /opt/airflow/dags/monitoring_pipeline_dag.py
[2026-04-27T12:11:25.411+0000] {processor.py:840} INFO - DAG(s) 'monitoring_pipeline' retrieved from /opt/airflow/dags/monitoring_pipeline_dag.py
[2026-04-27T12:11:25.443+0000] {logging_mixin.py:188} INFO - [2026-04-27T12:11:25.443+0000] {dag.py:3096} INFO - Sync 1 DAGs
[2026-04-27T12:11:25.463+0000] {logging_mixin.py:188} INFO - [2026-04-27T12:11:25.463+0000] {dag.py:3954} INFO - Setting next_dagrun for monitoring_pipeline to 2026-04-27 00:00:00+00:00, run_after=2026-04-28 00:00:00+00:00
[2026-04-27T12:11:25.480+0000] {processor.py:183} INFO - Processing /opt/airflow/dags/monitoring_pipeline_dag.py took 0.097 seconds
[2026-04-27T12:11:55.705+0000] {processor.py:161} INFO - Started process (PID=962) to work on /opt/airflow/dags/monitoring_pipeline_dag.py
[2026-04-27T12:11:55.708+0000] {processor.py:830} INFO - Processing file /opt/airflow/dags/monitoring_pipeline_dag.py for tasks to queue
[2026-04-27T12:11:55.713+0000] {logging_mixin.py:188} INFO - [2026-04-27T12:11:55.712+0000] {dagbag.py:545} INFO - Filling up the DagBag from /opt/airflow/dags/monitoring_pipeline_dag.py
[2026-04-27T12:11:55.724+0000] {processor.py:840} INFO - DAG(s) 'monitoring_pipeline' retrieved from /opt/airflow/dags/monitoring_pipeline_dag.py
[2026-04-27T12:11:55.753+0000] {logging_mixin.py:188} INFO - [2026-04-27T12:11:55.753+0000] {dag.py:3096} INFO - Sync 1 DAGs
[2026-04-27T12:11:55.773+0000] {logging_mixin.py:188} INFO - [2026-04-27T12:11:55.773+0000] {dag.py:3954} INFO - Setting next_dagrun for monitoring_pipeline to 2026-04-27 00:00:00+00:00, run_after=2026-04-28 00:00:00+00:00
[2026-04-27T12:11:55.790+0000] {processor.py:183} INFO - Processing /opt/airflow/dags/monitoring_pipeline_dag.py took 0.095 seconds
[2026-04-27T12:12:25.981+0000] {processor.py:161} INFO - Started process (PID=977) to work on /opt/airflow/dags/monitoring_pipeline_dag.py
[2026-04-27T12:12:25.984+0000] {processor.py:830} INFO - Processing file /opt/airflow/dags/monitoring_pipeline_dag.py for tasks to queue
[2026-04-27T12:12:25.986+0000] {logging_mixin.py:188} INFO - [2026-04-27T12:12:25.985+0000] {dagbag.py:545} INFO - Filling up the DagBag from /opt/airflow/dags/monitoring_pipeline_dag.py
[2026-04-27T12:12:25.996+0000] {processor.py:840} INFO - DAG(s) 'monitoring_pipeline' retrieved from /opt/airflow/dags/monitoring_pipeline_dag.py
[2026-04-27T12:12:26.018+0000] {logging_mixin.py:188} INFO - [2026-04-27T12:12:26.018+0000] {dag.py:3096} INFO - Sync 1 DAGs
[2026-04-27T12:12:26.037+0000] {logging_mixin.py:188} INFO - [2026-04-27T12:12:26.036+0000] {dag.py:3954} INFO - Setting next_dagrun for monitoring_pipeline to 2026-04-27 00:00:00+00:00, run_after=2026-04-28 00:00:00+00:00
[2026-04-27T12:12:26.052+0000] {processor.py:183} INFO - Processing /opt/airflow/dags/monitoring_pipeline_dag.py took 0.077 seconds
[2026-04-27T12:12:56.313+0000] {processor.py:161} INFO - Started process (PID=992) to work on /opt/airflow/dags/monitoring_pipeline_dag.py
[2026-04-27T12:12:56.316+0000] {processor.py:830} INFO - Processing file /opt/airflow/dags/monitoring_pipeline_dag.py for tasks to queue
[2026-04-27T12:12:56.317+0000] {logging_mixin.py:188} INFO - [2026-04-27T12:12:56.317+0000] {dagbag.py:545} INFO - Filling up the DagBag from /opt/airflow/dags/monitoring_pipeline_dag.py
[2026-04-27T12:12:56.326+0000] {processor.py:840} INFO - DAG(s) 'monitoring_pipeline' retrieved from /opt/airflow/dags/monitoring_pipeline_dag.py
[2026-04-27T12:12:56.348+0000] {logging_mixin.py:188} INFO - [2026-04-27T12:12:56.347+0000] {dag.py:3096} INFO - Sync 1 DAGs
[2026-04-27T12:12:56.365+0000] {logging_mixin.py:188} INFO - [2026-04-27T12:12:56.365+0000] {dag.py:3954} INFO - Setting next_dagrun for monitoring_pipeline to 2026-04-27 00:00:00+00:00, run_after=2026-04-28 00:00:00+00:00
[2026-04-27T12:12:56.381+0000] {processor.py:183} INFO - Processing /opt/airflow/dags/monitoring_pipeline_dag.py took 0.072 seconds
[2026-04-27T12:13:26.582+0000] {processor.py:161} INFO - Started process (PID=1007) to work on /opt/airflow/dags/monitoring_pipeline_dag.py
[2026-04-27T12:13:26.585+0000] {processor.py:830} INFO - Processing file /opt/airflow/dags/monitoring_pipeline_dag.py for tasks to queue
[2026-04-27T12:13:26.586+0000] {logging_mixin.py:188} INFO - [2026-04-27T12:13:26.586+0000] {dagbag.py:545} INFO - Filling up the DagBag from /opt/airflow/dags/monitoring_pipeline_dag.py
[2026-04-27T12:13:26.594+0000] {processor.py:840} INFO - DAG(s) 'monitoring_pipeline' retrieved from /opt/airflow/dags/monitoring_pipeline_dag.py
[2026-04-27T12:13:26.616+0000] {logging_mixin.py:188} INFO - [2026-04-27T12:13:26.616+0000] {dag.py:3096} INFO - Sync 1 DAGs
[2026-04-27T12:13:26.631+0000] {logging_mixin.py:188} INFO - [2026-04-27T12:13:26.631+0000] {dag.py:3954} INFO - Setting next_dagrun for monitoring_pipeline to 2026-04-27 00:00:00+00:00, run_after=2026-04-28 00:00:00+00:00
[2026-04-27T12:13:26.645+0000] {processor.py:183} INFO - Processing /opt/airflow/dags/monitoring_pipeline_dag.py took 0.067 seconds
[2026-04-27T12:13:56.816+0000] {processor.py:161} INFO - Started process (PID=1022) to work on /opt/airflow/dags/monitoring_pipeline_dag.py
[2026-04-27T12:13:56.818+0000] {processor.py:830} INFO - Processing file /opt/airflow/dags/monitoring_pipeline_dag.py for tasks to queue
[2026-04-27T12:13:56.820+0000] {logging_mixin.py:188} INFO - [2026-04-27T12:13:56.819+0000] {dagbag.py:545} INFO - Filling up the DagBag from /opt/airflow/dags/monitoring_pipeline_dag.py
[2026-04-27T12:13:56.828+0000] {processor.py:840} INFO - DAG(s) 'monitoring_pipeline' retrieved from /opt/airflow/dags/monitoring_pipeline_dag.py
[2026-04-27T12:13:56.850+0000] {logging_mixin.py:188} INFO - [2026-04-27T12:13:56.849+0000] {dag.py:3096} INFO - Sync 1 DAGs
[2026-04-27T12:13:56.865+0000] {logging_mixin.py:188} INFO - [2026-04-27T12:13:56.865+0000] {dag.py:3954} INFO - Setting next_dagrun for monitoring_pipeline to 2026-04-27 00:00:00+00:00, run_after=2026-04-28 00:00:00+00:00
[2026-04-27T12:13:56.881+0000] {processor.py:183} INFO - Processing /opt/airflow/dags/monitoring_pipeline_dag.py took 0.070 seconds
[2026-04-27T12:14:27.063+0000] {processor.py:161} INFO - Started process (PID=1037) to work on /opt/airflow/dags/monitoring_pipeline_dag.py
[2026-04-27T12:14:27.065+0000] {processor.py:830} INFO - Processing file /opt/airflow/dags/monitoring_pipeline_dag.py for tasks to queue
[2026-04-27T12:14:27.066+0000] {logging_mixin.py:188} INFO - [2026-04-27T12:14:27.066+0000] {dagbag.py:545} INFO - Filling up the DagBag from /opt/airflow/dags/monitoring_pipeline_dag.py
[2026-04-27T12:14:27.074+0000] {processor.py:840} INFO - DAG(s) 'monitoring_pipeline' retrieved from /opt/airflow/dags/monitoring_pipeline_dag.py
[2026-04-27T12:14:27.093+0000] {logging_mixin.py:188} INFO - [2026-04-27T12:14:27.093+0000] {dag.py:3096} INFO - Sync 1 DAGs
[2026-04-27T12:14:27.108+0000] {logging_mixin.py:188} INFO - [2026-04-27T12:14:27.108+0000] {dag.py:3954} INFO - Setting next_dagrun for monitoring_pipeline to 2026-04-27 00:00:00+00:00, run_after=2026-04-28 00:00:00+00:00
[2026-04-27T12:14:27.121+0000] {processor.py:183} INFO - Processing /opt/airflow/dags/monitoring_pipeline_dag.py took 0.063 seconds
[2026-04-27T12:14:57.342+0000] {processor.py:161} INFO - Started process (PID=1052) to work on /opt/airflow/dags/monitoring_pipeline_dag.py
[2026-04-27T12:14:57.344+0000] {processor.py:830} INFO - Processing file /opt/airflow/dags/monitoring_pipeline_dag.py for tasks to queue
[2026-04-27T12:14:57.346+0000] {logging_mixin.py:188} INFO - [2026-04-27T12:14:57.346+0000] {dagbag.py:545} INFO - Filling up the DagBag from /opt/airflow/dags/monitoring_pipeline_dag.py
[2026-04-27T12:14:57.354+0000] {processor.py:840} INFO - DAG(s) 'monitoring_pipeline' retrieved from /opt/airflow/dags/monitoring_pipeline_dag.py
[2026-04-27T12:14:57.375+0000] {logging_mixin.py:188} INFO - [2026-04-27T12:14:57.375+0000] {dag.py:3096} INFO - Sync 1 DAGs
[2026-04-27T12:14:57.390+0000] {logging_mixin.py:188} INFO - [2026-04-27T12:14:57.390+0000] {dag.py:3954} INFO - Setting next_dagrun for monitoring_pipeline to 2026-04-27 00:00:00+00:00, run_after=2026-04-28 00:00:00+00:00
[2026-04-27T12:14:57.405+0000] {processor.py:183} INFO - Processing /opt/airflow/dags/monitoring_pipeline_dag.py took 0.068 seconds
[2026-04-27T12:15:27.610+0000] {processor.py:161} INFO - Started process (PID=1067) to work on /opt/airflow/dags/monitoring_pipeline_dag.py
[2026-04-27T12:15:27.612+0000] {processor.py:830} INFO - Processing file /opt/airflow/dags/monitoring_pipeline_dag.py for tasks to queue
[2026-04-27T12:15:27.613+0000] {logging_mixin.py:188} INFO - [2026-04-27T12:15:27.613+0000] {dagbag.py:545} INFO - Filling up the DagBag from /opt/airflow/dags/monitoring_pipeline_dag.py
[2026-04-27T12:15:27.621+0000] {processor.py:840} INFO - DAG(s) 'monitoring_pipeline' retrieved from /opt/airflow/dags/monitoring_pipeline_dag.py
[2026-04-27T12:15:27.642+0000] {logging_mixin.py:188} INFO - [2026-04-27T12:15:27.641+0000] {dag.py:3096} INFO - Sync 1 DAGs
[2026-04-27T12:15:27.657+0000] {logging_mixin.py:188} INFO - [2026-04-27T12:15:27.657+0000] {dag.py:3954} INFO - Setting next_dagrun for monitoring_pipeline to 2026-04-27 00:00:00+00:00, run_after=2026-04-28 00:00:00+00:00
[2026-04-27T12:15:27.671+0000] {processor.py:183} INFO - Processing /opt/airflow/dags/monitoring_pipeline_dag.py took 0.066 seconds
[2026-04-27T12:15:57.857+0000] {processor.py:161} INFO - Started process (PID=1082) to work on /opt/airflow/dags/monitoring_pipeline_dag.py
[2026-04-27T12:15:57.858+0000] {processor.py:830} INFO - Processing file /opt/airflow/dags/monitoring_pipeline_dag.py for tasks to queue
[2026-04-27T12:15:57.860+0000] {logging_mixin.py:188} INFO - [2026-04-27T12:15:57.860+0000] {dagbag.py:545} INFO - Filling up the DagBag from /opt/airflow/dags/monitoring_pipeline_dag.py
[2026-04-27T12:15:57.868+0000] {processor.py:840} INFO - DAG(s) 'monitoring_pipeline' retrieved from /opt/airflow/dags/monitoring_pipeline_dag.py
[2026-04-27T12:15:57.891+0000] {logging_mixin.py:188} INFO - [2026-04-27T12:15:57.891+0000] {dag.py:3096} INFO - Sync 1 DAGs
[2026-04-27T12:15:57.906+0000] {logging_mixin.py:188} INFO - [2026-04-27T12:15:57.906+0000] {dag.py:3954} INFO - Setting next_dagrun for monitoring_pipeline to 2026-04-27 00:00:00+00:00, run_after=2026-04-28 00:00:00+00:00
[2026-04-27T12:15:57.921+0000] {processor.py:183} INFO - Processing /opt/airflow/dags/monitoring_pipeline_dag.py took 0.069 seconds
[2026-04-27T12:16:28.091+0000] {processor.py:161} INFO - Started process (PID=1097) to work on /opt/airflow/dags/monitoring_pipeline_dag.py
[2026-04-27T12:16:28.093+0000] {processor.py:830} INFO - Processing file /opt/airflow/dags/monitoring_pipeline_dag.py for tasks to queue
[2026-04-27T12:16:28.094+0000] {logging_mixin.py:188} INFO - [2026-04-27T12:16:28.094+0000] {dagbag.py:545} INFO - Filling up the DagBag from /opt/airflow/dags/monitoring_pipeline_dag.py
[2026-04-27T12:16:28.103+0000] {processor.py:840} INFO - DAG(s) 'monitoring_pipeline' retrieved from /opt/airflow/dags/monitoring_pipeline_dag.py
[2026-04-27T12:16:28.123+0000] {logging_mixin.py:188} INFO - [2026-04-27T12:16:28.123+0000] {dag.py:3096} INFO - Sync 1 DAGs
[2026-04-27T12:16:28.138+0000] {logging_mixin.py:188} INFO - [2026-04-27T12:16:28.138+0000] {dag.py:3954} INFO - Setting next_dagrun for monitoring_pipeline to 2026-04-27 00:00:00+00:00, run_after=2026-04-28 00:00:00+00:00
[2026-04-27T12:16:28.150+0000] {processor.py:183} INFO - Processing /opt/airflow/dags/monitoring_pipeline_dag.py took 0.064 seconds
[2026-04-27T12:16:58.373+0000] {processor.py:161} INFO - Started process (PID=1112) to work on /opt/airflow/dags/monitoring_pipeline_dag.py
[2026-04-27T12:16:58.374+0000] {processor.py:830} INFO - Processing file /opt/airflow/dags/monitoring_pipeline_dag.py for tasks to queue
[2026-04-27T12:16:58.376+0000] {logging_mixin.py:188} INFO - [2026-04-27T12:16:58.376+0000] {dagbag.py:545} INFO - Filling up the DagBag from /opt/airflow/dags/monitoring_pipeline_dag.py
[2026-04-27T12:16:58.384+0000] {processor.py:840} INFO - DAG(s) 'monitoring_pipeline' retrieved from /opt/airflow/dags/monitoring_pipeline_dag.py
[2026-04-27T12:16:58.405+0000] {logging_mixin.py:188} INFO - [2026-04-27T12:16:58.405+0000] {dag.py:3096} INFO - Sync 1 DAGs
[2026-04-27T12:16:58.421+0000] {logging_mixin.py:188} INFO - [2026-04-27T12:16:58.421+0000] {dag.py:3954} INFO - Setting next_dagrun for monitoring_pipeline to 2026-04-27 00:00:00+00:00, run_after=2026-04-28 00:00:00+00:00
[2026-04-27T12:16:58.434+0000] {processor.py:183} INFO - Processing /opt/airflow/dags/monitoring_pipeline_dag.py took 0.065 seconds
[2026-04-27T12:17:28.598+0000] {processor.py:161} INFO - Started process (PID=1127) to work on /opt/airflow/dags/monitoring_pipeline_dag.py
[2026-04-27T12:17:28.601+0000] {processor.py:830} INFO - Processing file /opt/airflow/dags/monitoring_pipeline_dag.py for tasks to queue
[2026-04-27T12:17:28.602+0000] {logging_mixin.py:188} INFO - [2026-04-27T12:17:28.602+0000] {dagbag.py:545} INFO - Filling up the DagBag from /opt/airflow/dags/monitoring_pipeline_dag.py
[2026-04-27T12:17:28.610+0000] {processor.py:840} INFO - DAG(s) 'monitoring_pipeline' retrieved from /opt/airflow/dags/monitoring_pipeline_dag.py
[2026-04-27T12:17:28.630+0000] {logging_mixin.py:188} INFO - [2026-04-27T12:17:28.630+0000] {dag.py:3096} INFO - Sync 1 DAGs
[2026-04-27T12:17:28.645+0000] {logging_mixin.py:188} INFO - [2026-04-27T12:17:28.645+0000] {dag.py:3954} INFO - Setting next_dagrun for monitoring_pipeline to 2026-04-27 00:00:00+00:00, run_after=2026-04-28 00:00:00+00:00
[2026-04-27T12:17:28.659+0000] {processor.py:183} INFO - Processing /opt/airflow/dags/monitoring_pipeline_dag.py took 0.065 seconds
[2026-04-27T12:17:58.824+0000] {processor.py:161} INFO - Started process (PID=1142) to work on /opt/airflow/dags/monitoring_pipeline_dag.py
[2026-04-27T12:17:58.826+0000] {processor.py:830} INFO - Processing file /opt/airflow/dags/monitoring_pipeline_dag.py for tasks to queue
[2026-04-27T12:17:58.827+0000] {logging_mixin.py:188} INFO - [2026-04-27T12:17:58.827+0000] {dagbag.py:545} INFO - Filling up the DagBag from /opt/airflow/dags/monitoring_pipeline_dag.py
[2026-04-27T12:17:58.835+0000] {processor.py:840} INFO - DAG(s) 'monitoring_pipeline' retrieved from /opt/airflow/dags/monitoring_pipeline_dag.py
[2026-04-27T12:17:58.857+0000] {logging_mixin.py:188} INFO - [2026-04-27T12:17:58.857+0000] {dag.py:3096} INFO - Sync 1 DAGs
[2026-04-27T12:17:58.871+0000] {logging_mixin.py:188} INFO - [2026-04-27T12:17:58.871+0000] {dag.py:3954} INFO - Setting next_dagrun for monitoring_pipeline to 2026-04-27 00:00:00+00:00, run_after=2026-04-28 00:00:00+00:00
[2026-04-27T12:17:58.885+0000] {processor.py:183} INFO - Processing /opt/airflow/dags/monitoring_pipeline_dag.py took 0.065 seconds
[2026-04-27T12:18:29.053+0000] {processor.py:161} INFO - Started process (PID=1157) to work on /opt/airflow/dags/monitoring_pipeline_dag.py
[2026-04-27T12:18:29.056+0000] {processor.py:830} INFO - Processing file /opt/airflow/dags/monitoring_pipeline_dag.py for tasks to queue
[2026-04-27T12:18:29.057+0000] {logging_mixin.py:188} INFO - [2026-04-27T12:18:29.057+0000] {dagbag.py:545} INFO - Filling up the DagBag from /opt/airflow/dags/monitoring_pipeline_dag.py
[2026-04-27T12:18:29.065+0000] {processor.py:840} INFO - DAG(s) 'monitoring_pipeline' retrieved from /opt/airflow/dags/monitoring_pipeline_dag.py
[2026-04-27T12:18:29.085+0000] {logging_mixin.py:188} INFO - [2026-04-27T12:18:29.084+0000] {dag.py:3096} INFO - Sync 1 DAGs
[2026-04-27T12:18:29.100+0000] {logging_mixin.py:188} INFO - [2026-04-27T12:18:29.100+0000] {dag.py:3954} INFO - Setting next_dagrun for monitoring_pipeline to 2026-04-27 00:00:00+00:00, run_after=2026-04-28 00:00:00+00:00
[2026-04-27T12:18:29.113+0000] {processor.py:183} INFO - Processing /opt/airflow/dags/monitoring_pipeline_dag.py took 0.065 seconds
[2026-04-27T12:18:59.303+0000] {processor.py:161} INFO - Started process (PID=1172) to work on /opt/airflow/dags/monitoring_pipeline_dag.py
[2026-04-27T12:18:59.306+0000] {processor.py:830} INFO - Processing file /opt/airflow/dags/monitoring_pipeline_dag.py for tasks to queue
[2026-04-27T12:18:59.307+0000] {logging_mixin.py:188} INFO - [2026-04-27T12:18:59.307+0000] {dagbag.py:545} INFO - Filling up the DagBag from /opt/airflow/dags/monitoring_pipeline_dag.py
[2026-04-27T12:18:59.315+0000] {processor.py:840} INFO - DAG(s) 'monitoring_pipeline' retrieved from /opt/airflow/dags/monitoring_pipeline_dag.py
[2026-04-27T12:18:59.335+0000] {logging_mixin.py:188} INFO - [2026-04-27T12:18:59.335+0000] {dag.py:3096} INFO - Sync 1 DAGs
[2026-04-27T12:18:59.350+0000] {logging_mixin.py:188} INFO - [2026-04-27T12:18:59.350+0000] {dag.py:3954} INFO - Setting next_dagrun for monitoring_pipeline to 2026-04-27 00:00:00+00:00, run_after=2026-04-28 00:00:00+00:00
[2026-04-27T12:18:59.364+0000] {processor.py:183} INFO - Processing /opt/airflow/dags/monitoring_pipeline_dag.py took 0.065 seconds
[2026-04-27T12:19:29.588+0000] {processor.py:161} INFO - Started process (PID=1187) to work on /opt/airflow/dags/monitoring_pipeline_dag.py
[2026-04-27T12:19:29.590+0000] {processor.py:830} INFO - Processing file /opt/airflow/dags/monitoring_pipeline_dag.py for tasks to queue
[2026-04-27T12:19:29.592+0000] {logging_mixin.py:188} INFO - [2026-04-27T12:19:29.591+0000] {dagbag.py:545} INFO - Filling up the DagBag from /opt/airflow/dags/monitoring_pipeline_dag.py
[2026-04-27T12:19:29.599+0000] {processor.py:840} INFO - DAG(s) 'monitoring_pipeline' retrieved from /opt/airflow/dags/monitoring_pipeline_dag.py
[2026-04-27T12:19:29.619+0000] {logging_mixin.py:188} INFO - [2026-04-27T12:19:29.619+0000] {dag.py:3096} INFO - Sync 1 DAGs
[2026-04-27T12:19:29.634+0000] {logging_mixin.py:188} INFO - [2026-04-27T12:19:29.634+0000] {dag.py:3954} INFO - Setting next_dagrun for monitoring_pipeline to 2026-04-27 00:00:00+00:00, run_after=2026-04-28 00:00:00+00:00
[2026-04-27T12:19:29.647+0000] {processor.py:183} INFO - Processing /opt/airflow/dags/monitoring_pipeline_dag.py took 0.064 seconds
[2026-04-27T12:19:59.787+0000] {processor.py:161} INFO - Started process (PID=1202) to work on /opt/airflow/dags/monitoring_pipeline_dag.py
[2026-04-27T12:19:59.790+0000] {processor.py:830} INFO - Processing file /opt/airflow/dags/monitoring_pipeline_dag.py for tasks to queue
[2026-04-27T12:19:59.792+0000] {logging_mixin.py:188} INFO - [2026-04-27T12:19:59.791+0000] {dagbag.py:545} INFO - Filling up the DagBag from /opt/airflow/dags/monitoring_pipeline_dag.py
[2026-04-27T12:19:59.800+0000] {processor.py:840} INFO - DAG(s) 'monitoring_pipeline' retrieved from /opt/airflow/dags/monitoring_pipeline_dag.py
[2026-04-27T12:19:59.822+0000] {logging_mixin.py:188} INFO - [2026-04-27T12:19:59.822+0000] {dag.py:3096} INFO - Sync 1 DAGs
[2026-04-27T12:19:59.837+0000] {logging_mixin.py:188} INFO - [2026-04-27T12:19:59.837+0000] {dag.py:3954} INFO - Setting next_dagrun for monitoring_pipeline to 2026-04-27 00:00:00+00:00, run_after=2026-04-28 00:00:00+00:00
[2026-04-27T12:19:59.851+0000] {processor.py:183} INFO - Processing /opt/airflow/dags/monitoring_pipeline_dag.py took 0.069 seconds
[2026-04-27T12:20:30.035+0000] {processor.py:161} INFO - Started process (PID=1217) to work on /opt/airflow/dags/monitoring_pipeline_dag.py
[2026-04-27T12:20:30.038+0000] {processor.py:830} INFO - Processing file /opt/airflow/dags/monitoring_pipeline_dag.py for tasks to queue
[2026-04-27T12:20:30.041+0000] {logging_mixin.py:188} INFO - [2026-04-27T12:20:30.040+0000] {dagbag.py:545} INFO - Filling up the DagBag from /opt/airflow/dags/monitoring_pipeline_dag.py
[2026-04-27T12:20:30.057+0000] {processor.py:840} INFO - DAG(s) 'monitoring_pipeline' retrieved from /opt/airflow/dags/monitoring_pipeline_dag.py
[2026-04-27T12:20:30.090+0000] {logging_mixin.py:188} INFO - [2026-04-27T12:20:30.090+0000] {dag.py:3096} INFO - Sync 1 DAGs
[2026-04-27T12:20:30.117+0000] {logging_mixin.py:188} INFO - [2026-04-27T12:20:30.116+0000] {dag.py:3954} INFO - Setting next_dagrun for monitoring_pipeline to 2026-04-27 00:00:00+00:00, run_after=2026-04-28 00:00:00+00:00
[2026-04-27T12:20:30.136+0000] {processor.py:183} INFO - Processing /opt/airflow/dags/monitoring_pipeline_dag.py took 0.109 seconds
[2026-04-27T12:21:00.330+0000] {processor.py:161} INFO - Started process (PID=1232) to work on /opt/airflow/dags/monitoring_pipeline_dag.py
[2026-04-27T12:21:00.332+0000] {processor.py:830} INFO - Processing file /opt/airflow/dags/monitoring_pipeline_dag.py for tasks to queue
[2026-04-27T12:21:00.334+0000] {logging_mixin.py:188} INFO - [2026-04-27T12:21:00.333+0000] {dagbag.py:545} INFO - Filling up the DagBag from /opt/airflow/dags/monitoring_pipeline_dag.py
[2026-04-27T12:21:00.341+0000] {processor.py:840} INFO - DAG(s) 'monitoring_pipeline' retrieved from /opt/airflow/dags/monitoring_pipeline_dag.py
[2026-04-27T12:21:00.361+0000] {logging_mixin.py:188} INFO - [2026-04-27T12:21:00.361+0000] {dag.py:3096} INFO - Sync 1 DAGs
[2026-04-27T12:21:00.376+0000] {logging_mixin.py:188} INFO - [2026-04-27T12:21:00.375+0000] {dag.py:3954} INFO - Setting next_dagrun for monitoring_pipeline to 2026-04-27 00:00:00+00:00, run_after=2026-04-28 00:00:00+00:00
[2026-04-27T12:21:00.389+0000] {processor.py:183} INFO - Processing /opt/airflow/dags/monitoring_pipeline_dag.py took 0.064 seconds
[2026-04-27T12:21:30.521+0000] {processor.py:161} INFO - Started process (PID=1247) to work on /opt/airflow/dags/monitoring_pipeline_dag.py
[2026-04-27T12:21:30.524+0000] {processor.py:830} INFO - Processing file /opt/airflow/dags/monitoring_pipeline_dag.py for tasks to queue
[2026-04-27T12:21:30.525+0000] {logging_mixin.py:188} INFO - [2026-04-27T12:21:30.525+0000] {dagbag.py:545} INFO - Filling up the DagBag from /opt/airflow/dags/monitoring_pipeline_dag.py
[2026-04-27T12:21:30.533+0000] {processor.py:840} INFO - DAG(s) 'monitoring_pipeline' retrieved from /opt/airflow/dags/monitoring_pipeline_dag.py
[2026-04-27T12:21:30.553+0000] {logging_mixin.py:188} INFO - [2026-04-27T12:21:30.553+0000] {dag.py:3096} INFO - Sync 1 DAGs
[2026-04-27T12:21:30.569+0000] {logging_mixin.py:188} INFO - [2026-04-27T12:21:30.569+0000] {dag.py:3954} INFO - Setting next_dagrun for monitoring_pipeline to 2026-04-27 00:00:00+00:00, run_after=2026-04-28 00:00:00+00:00
[2026-04-27T12:21:30.583+0000] {processor.py:183} INFO - Processing /opt/airflow/dags/monitoring_pipeline_dag.py took 0.066 seconds
[2026-04-27T12:22:00.715+0000] {processor.py:161} INFO - Started process (PID=1262) to work on /opt/airflow/dags/monitoring_pipeline_dag.py
[2026-04-27T12:22:00.717+0000] {processor.py:830} INFO - Processing file /opt/airflow/dags/monitoring_pipeline_dag.py for tasks to queue
[2026-04-27T12:22:00.719+0000] {logging_mixin.py:188} INFO - [2026-04-27T12:22:00.718+0000] {dagbag.py:545} INFO - Filling up the DagBag from /opt/airflow/dags/monitoring_pipeline_dag.py
[2026-04-27T12:22:00.726+0000] {processor.py:840} INFO - DAG(s) 'monitoring_pipeline' retrieved from /opt/airflow/dags/monitoring_pipeline_dag.py
[2026-04-27T12:22:00.747+0000] {logging_mixin.py:188} INFO - [2026-04-27T12:22:00.747+0000] {dag.py:3096} INFO - Sync 1 DAGs
[2026-04-27T12:22:00.761+0000] {logging_mixin.py:188} INFO - [2026-04-27T12:22:00.761+0000] {dag.py:3954} INFO - Setting next_dagrun for monitoring_pipeline to 2026-04-27 00:00:00+00:00, run_after=2026-04-28 00:00:00+00:00
[2026-04-27T12:22:00.776+0000] {processor.py:183} INFO - Processing /opt/airflow/dags/monitoring_pipeline_dag.py took 0.065 seconds
[2026-04-27T12:22:30.957+0000] {processor.py:161} INFO - Started process (PID=1277) to work on /opt/airflow/dags/monitoring_pipeline_dag.py
[2026-04-27T12:22:30.960+0000] {processor.py:830} INFO - Processing file /opt/airflow/dags/monitoring_pipeline_dag.py for tasks to queue
[2026-04-27T12:22:30.961+0000] {logging_mixin.py:188} INFO - [2026-04-27T12:22:30.961+0000] {dagbag.py:545} INFO - Filling up the DagBag from /opt/airflow/dags/monitoring_pipeline_dag.py
[2026-04-27T12:22:30.969+0000] {processor.py:840} INFO - DAG(s) 'monitoring_pipeline' retrieved from /opt/airflow/dags/monitoring_pipeline_dag.py
[2026-04-27T12:22:30.991+0000] {logging_mixin.py:188} INFO - [2026-04-27T12:22:30.991+0000] {dag.py:3096} INFO - Sync 1 DAGs
[2026-04-27T12:22:31.007+0000] {logging_mixin.py:188} INFO - [2026-04-27T12:22:31.006+0000] {dag.py:3954} INFO - Setting next_dagrun for monitoring_pipeline to 2026-04-27 00:00:00+00:00, run_after=2026-04-28 00:00:00+00:00
[2026-04-27T12:22:31.020+0000] {processor.py:183} INFO - Processing /opt/airflow/dags/monitoring_pipeline_dag.py took 0.068 seconds
[2026-04-27T12:23:01.234+0000] {processor.py:161} INFO - Started process (PID=1292) to work on /opt/airflow/dags/monitoring_pipeline_dag.py
[2026-04-27T12:23:01.237+0000] {processor.py:830} INFO - Processing file /opt/airflow/dags/monitoring_pipeline_dag.py for tasks to queue
[2026-04-27T12:23:01.238+0000] {logging_mixin.py:188} INFO - [2026-04-27T12:23:01.238+0000] {dagbag.py:545} INFO - Filling up the DagBag from /opt/airflow/dags/monitoring_pipeline_dag.py
[2026-04-27T12:23:01.246+0000] {processor.py:840} INFO - DAG(s) 'monitoring_pipeline' retrieved from /opt/airflow/dags/monitoring_pipeline_dag.py
[2026-04-27T12:23:01.267+0000] {logging_mixin.py:188} INFO - [2026-04-27T12:23:01.267+0000] {dag.py:3096} INFO - Sync 1 DAGs
[2026-04-27T12:23:01.283+0000] {logging_mixin.py:188} INFO - [2026-04-27T12:23:01.283+0000] {dag.py:3954} INFO - Setting next_dagrun for monitoring_pipeline to 2026-04-27 00:00:00+00:00, run_after=2026-04-28 00:00:00+00:00
[2026-04-27T12:23:01.296+0000] {processor.py:183} INFO - Processing /opt/airflow/dags/monitoring_pipeline_dag.py took 0.066 seconds
[2026-04-27T12:23:31.492+0000] {processor.py:161} INFO - Started process (PID=1307) to work on /opt/airflow/dags/monitoring_pipeline_dag.py
[2026-04-27T12:23:31.494+0000] {processor.py:830} INFO - Processing file /opt/airflow/dags/monitoring_pipeline_dag.py for tasks to queue
[2026-04-27T12:23:31.495+0000] {logging_mixin.py:188} INFO - [2026-04-27T12:23:31.495+0000] {dagbag.py:545} INFO - Filling up the DagBag from /opt/airflow/dags/monitoring_pipeline_dag.py
[2026-04-27T12:23:31.505+0000] {processor.py:840} INFO - DAG(s) 'monitoring_pipeline' retrieved from /opt/airflow/dags/monitoring_pipeline_dag.py
[2026-04-27T12:23:31.525+0000] {logging_mixin.py:188} INFO - [2026-04-27T12:23:31.525+0000] {dag.py:3096} INFO - Sync 1 DAGs
[2026-04-27T12:23:31.540+0000] {logging_mixin.py:188} INFO - [2026-04-27T12:23:31.540+0000] {dag.py:3954} INFO - Setting next_dagrun for monitoring_pipeline to 2026-04-27 00:00:00+00:00, run_after=2026-04-28 00:00:00+00:00
[2026-04-27T12:23:31.555+0000] {processor.py:183} INFO - Processing /opt/airflow/dags/monitoring_pipeline_dag.py took 0.067 seconds
[2026-04-27T12:24:01.709+0000] {processor.py:161} INFO - Started process (PID=1322) to work on /opt/airflow/dags/monitoring_pipeline_dag.py
[2026-04-27T12:24:01.711+0000] {processor.py:830} INFO - Processing file /opt/airflow/dags/monitoring_pipeline_dag.py for tasks to queue
[2026-04-27T12:24:01.712+0000] {logging_mixin.py:188} INFO - [2026-04-27T12:24:01.712+0000] {dagbag.py:545} INFO - Filling up the DagBag from /opt/airflow/dags/monitoring_pipeline_dag.py
[2026-04-27T12:24:01.721+0000] {processor.py:840} INFO - DAG(s) 'monitoring_pipeline' retrieved from /opt/airflow/dags/monitoring_pipeline_dag.py
[2026-04-27T12:24:01.743+0000] {logging_mixin.py:188} INFO - [2026-04-27T12:24:01.742+0000] {dag.py:3096} INFO - Sync 1 DAGs
[2026-04-27T12:24:01.758+0000] {logging_mixin.py:188} INFO - [2026-04-27T12:24:01.758+0000] {dag.py:3954} INFO - Setting next_dagrun for monitoring_pipeline to 2026-04-27 00:00:00+00:00, run_after=2026-04-28 00:00:00+00:00
[2026-04-27T12:24:01.772+0000] {processor.py:183} INFO - Processing /opt/airflow/dags/monitoring_pipeline_dag.py took 0.067 seconds
[2026-04-27T12:24:31.983+0000] {processor.py:161} INFO - Started process (PID=1337) to work on /opt/airflow/dags/monitoring_pipeline_dag.py
[2026-04-27T12:24:31.985+0000] {processor.py:830} INFO - Processing file /opt/airflow/dags/monitoring_pipeline_dag.py for tasks to queue
[2026-04-27T12:24:31.987+0000] {logging_mixin.py:188} INFO - [2026-04-27T12:24:31.986+0000] {dagbag.py:545} INFO - Filling up the DagBag from /opt/airflow/dags/monitoring_pipeline_dag.py
[2026-04-27T12:24:31.994+0000] {processor.py:840} INFO - DAG(s) 'monitoring_pipeline' retrieved from /opt/airflow/dags/monitoring_pipeline_dag.py
[2026-04-27T12:24:32.015+0000] {logging_mixin.py:188} INFO - [2026-04-27T12:24:32.015+0000] {dag.py:3096} INFO - Sync 1 DAGs
[2026-04-27T12:24:32.031+0000] {logging_mixin.py:188} INFO - [2026-04-27T12:24:32.031+0000] {dag.py:3954} INFO - Setting next_dagrun for monitoring_pipeline to 2026-04-27 00:00:00+00:00, run_after=2026-04-28 00:00:00+00:00
[2026-04-27T12:24:32.046+0000] {processor.py:183} INFO - Processing /opt/airflow/dags/monitoring_pipeline_dag.py took 0.067 seconds
[2026-04-27T12:25:02.211+0000] {processor.py:161} INFO - Started process (PID=1357) to work on /opt/airflow/dags/monitoring_pipeline_dag.py
[2026-04-27T12:25:02.213+0000] {processor.py:830} INFO - Processing file /opt/airflow/dags/monitoring_pipeline_dag.py for tasks to queue
[2026-04-27T12:25:02.214+0000] {logging_mixin.py:188} INFO - [2026-04-27T12:25:02.214+0000] {dagbag.py:545} INFO - Filling up the DagBag from /opt/airflow/dags/monitoring_pipeline_dag.py
[2026-04-27T12:25:02.223+0000] {processor.py:840} INFO - DAG(s) 'monitoring_pipeline' retrieved from /opt/airflow/dags/monitoring_pipeline_dag.py
[2026-04-27T12:25:02.243+0000] {logging_mixin.py:188} INFO - [2026-04-27T12:25:02.242+0000] {dag.py:3096} INFO - Sync 1 DAGs
[2026-04-27T12:25:02.259+0000] {logging_mixin.py:188} INFO - [2026-04-27T12:25:02.258+0000] {dag.py:3954} INFO - Setting next_dagrun for monitoring_pipeline to 2026-04-27 00:00:00+00:00, run_after=2026-04-28 00:00:00+00:00
[2026-04-27T12:25:02.275+0000] {processor.py:183} INFO - Processing /opt/airflow/dags/monitoring_pipeline_dag.py took 0.068 seconds
[2026-04-27T12:25:32.416+0000] {processor.py:161} INFO - Started process (PID=1372) to work on /opt/airflow/dags/monitoring_pipeline_dag.py
[2026-04-27T12:25:32.417+0000] {processor.py:830} INFO - Processing file /opt/airflow/dags/monitoring_pipeline_dag.py for tasks to queue
[2026-04-27T12:25:32.419+0000] {logging_mixin.py:188} INFO - [2026-04-27T12:25:32.418+0000] {dagbag.py:545} INFO - Filling up the DagBag from /opt/airflow/dags/monitoring_pipeline_dag.py
[2026-04-27T12:25:32.428+0000] {processor.py:840} INFO - DAG(s) 'monitoring_pipeline' retrieved from /opt/airflow/dags/monitoring_pipeline_dag.py
[2026-04-27T12:25:32.450+0000] {logging_mixin.py:188} INFO - [2026-04-27T12:25:32.449+0000] {dag.py:3096} INFO - Sync 1 DAGs
[2026-04-27T12:25:32.466+0000] {logging_mixin.py:188} INFO - [2026-04-27T12:25:32.466+0000] {dag.py:3954} INFO - Setting next_dagrun for monitoring_pipeline to 2026-04-27 00:00:00+00:00, run_after=2026-04-28 00:00:00+00:00
[2026-04-27T12:25:32.480+0000] {processor.py:183} INFO - Processing /opt/airflow/dags/monitoring_pipeline_dag.py took 0.069 seconds
[2026-04-27T12:26:02.640+0000] {processor.py:161} INFO - Started process (PID=1387) to work on /opt/airflow/dags/monitoring_pipeline_dag.py
[2026-04-27T12:26:02.642+0000] {processor.py:830} INFO - Processing file /opt/airflow/dags/monitoring_pipeline_dag.py for tasks to queue
[2026-04-27T12:26:02.643+0000] {logging_mixin.py:188} INFO - [2026-04-27T12:26:02.643+0000] {dagbag.py:545} INFO - Filling up the DagBag from /opt/airflow/dags/monitoring_pipeline_dag.py
[2026-04-27T12:26:02.651+0000] {processor.py:840} INFO - DAG(s) 'monitoring_pipeline' retrieved from /opt/airflow/dags/monitoring_pipeline_dag.py
[2026-04-27T12:26:02.673+0000] {logging_mixin.py:188} INFO - [2026-04-27T12:26:02.673+0000] {dag.py:3096} INFO - Sync 1 DAGs
[2026-04-27T12:26:02.689+0000] {logging_mixin.py:188} INFO - [2026-04-27T12:26:02.688+0000] {dag.py:3954} INFO - Setting next_dagrun for monitoring_pipeline to 2026-04-27 00:00:00+00:00, run_after=2026-04-28 00:00:00+00:00
[2026-04-27T12:26:02.703+0000] {processor.py:183} INFO - Processing /opt/airflow/dags/monitoring_pipeline_dag.py took 0.068 seconds
[2026-04-27T12:26:32.870+0000] {processor.py:161} INFO - Started process (PID=1402) to work on /opt/airflow/dags/monitoring_pipeline_dag.py
[2026-04-27T12:26:32.873+0000] {processor.py:830} INFO - Processing file /opt/airflow/dags/monitoring_pipeline_dag.py for tasks to queue
[2026-04-27T12:26:32.874+0000] {logging_mixin.py:188} INFO - [2026-04-27T12:26:32.874+0000] {dagbag.py:545} INFO - Filling up the DagBag from /opt/airflow/dags/monitoring_pipeline_dag.py
[2026-04-27T12:26:32.882+0000] {processor.py:840} INFO - DAG(s) 'monitoring_pipeline' retrieved from /opt/airflow/dags/monitoring_pipeline_dag.py
[2026-04-27T12:26:32.903+0000] {logging_mixin.py:188} INFO - [2026-04-27T12:26:32.903+0000] {dag.py:3096} INFO - Sync 1 DAGs
[2026-04-27T12:26:32.919+0000] {logging_mixin.py:188} INFO - [2026-04-27T12:26:32.919+0000] {dag.py:3954} INFO - Setting next_dagrun for monitoring_pipeline to 2026-04-27 00:00:00+00:00, run_after=2026-04-28 00:00:00+00:00
[2026-04-27T12:26:32.932+0000] {processor.py:183} INFO - Processing /opt/airflow/dags/monitoring_pipeline_dag.py took 0.066 seconds
[2026-04-27T12:27:03.140+0000] {processor.py:161} INFO - Started process (PID=1417) to work on /opt/airflow/dags/monitoring_pipeline_dag.py
[2026-04-27T12:27:03.143+0000] {processor.py:830} INFO - Processing file /opt/airflow/dags/monitoring_pipeline_dag.py for tasks to queue
[2026-04-27T12:27:03.144+0000] {logging_mixin.py:188} INFO - [2026-04-27T12:27:03.144+0000] {dagbag.py:545} INFO - Filling up the DagBag from /opt/airflow/dags/monitoring_pipeline_dag.py
[2026-04-27T12:27:03.152+0000] {processor.py:840} INFO - DAG(s) 'monitoring_pipeline' retrieved from /opt/airflow/dags/monitoring_pipeline_dag.py
[2026-04-27T12:27:03.173+0000] {logging_mixin.py:188} INFO - [2026-04-27T12:27:03.173+0000] {dag.py:3096} INFO - Sync 1 DAGs
[2026-04-27T12:27:03.190+0000] {logging_mixin.py:188} INFO - [2026-04-27T12:27:03.190+0000] {dag.py:3954} INFO - Setting next_dagrun for monitoring_pipeline to 2026-04-27 00:00:00+00:00, run_after=2026-04-28 00:00:00+00:00
[2026-04-27T12:27:03.205+0000] {processor.py:183} INFO - Processing /opt/airflow/dags/monitoring_pipeline_dag.py took 0.069 seconds
[2026-04-27T12:27:33.389+0000] {processor.py:161} INFO - Started process (PID=1432) to work on /opt/airflow/dags/monitoring_pipeline_dag.py
[2026-04-27T12:27:33.391+0000] {processor.py:830} INFO - Processing file /opt/airflow/dags/monitoring_pipeline_dag.py for tasks to queue
[2026-04-27T12:27:33.392+0000] {logging_mixin.py:188} INFO - [2026-04-27T12:27:33.392+0000] {dagbag.py:545} INFO - Filling up the DagBag from /opt/airflow/dags/monitoring_pipeline_dag.py
[2026-04-27T12:27:33.400+0000] {processor.py:840} INFO - DAG(s) 'monitoring_pipeline' retrieved from /opt/airflow/dags/monitoring_pipeline_dag.py
[2026-04-27T12:27:33.421+0000] {logging_mixin.py:188} INFO - [2026-04-27T12:27:33.421+0000] {dag.py:3096} INFO - Sync 1 DAGs
[2026-04-27T12:27:33.436+0000] {logging_mixin.py:188} INFO - [2026-04-27T12:27:33.436+0000] {dag.py:3954} INFO - Setting next_dagrun for monitoring_pipeline to 2026-04-27 00:00:00+00:00, run_after=2026-04-28 00:00:00+00:00
[2026-04-27T12:27:33.451+0000] {processor.py:183} INFO - Processing /opt/airflow/dags/monitoring_pipeline_dag.py took 0.068 seconds
[2026-04-27T12:28:03.603+0000] {processor.py:161} INFO - Started process (PID=1447) to work on /opt/airflow/dags/monitoring_pipeline_dag.py
[2026-04-27T12:28:03.606+0000] {processor.py:830} INFO - Processing file /opt/airflow/dags/monitoring_pipeline_dag.py for tasks to queue
[2026-04-27T12:28:03.607+0000] {logging_mixin.py:188} INFO - [2026-04-27T12:28:03.607+0000] {dagbag.py:545} INFO - Filling up the DagBag from /opt/airflow/dags/monitoring_pipeline_dag.py
[2026-04-27T12:28:03.615+0000] {processor.py:840} INFO - DAG(s) 'monitoring_pipeline' retrieved from /opt/airflow/dags/monitoring_pipeline_dag.py
[2026-04-27T12:28:03.638+0000] {logging_mixin.py:188} INFO - [2026-04-27T12:28:03.637+0000] {dag.py:3096} INFO - Sync 1 DAGs
[2026-04-27T12:28:03.654+0000] {logging_mixin.py:188} INFO - [2026-04-27T12:28:03.654+0000] {dag.py:3954} INFO - Setting next_dagrun for monitoring_pipeline to 2026-04-27 00:00:00+00:00, run_after=2026-04-28 00:00:00+00:00
[2026-04-27T12:28:03.670+0000] {processor.py:183} INFO - Processing /opt/airflow/dags/monitoring_pipeline_dag.py took 0.071 seconds
[2026-04-27T12:28:33.830+0000] {processor.py:161} INFO - Started process (PID=1462) to work on /opt/airflow/dags/monitoring_pipeline_dag.py
[2026-04-27T12:28:33.832+0000] {processor.py:830} INFO - Processing file /opt/airflow/dags/monitoring_pipeline_dag.py for tasks to queue
[2026-04-27T12:28:33.833+0000] {logging_mixin.py:188} INFO - [2026-04-27T12:28:33.833+0000] {dagbag.py:545} INFO - Filling up the DagBag from /opt/airflow/dags/monitoring_pipeline_dag.py
[2026-04-27T12:28:33.841+0000] {processor.py:840} INFO - DAG(s) 'monitoring_pipeline' retrieved from /opt/airflow/dags/monitoring_pipeline_dag.py
[2026-04-27T12:28:33.864+0000] {logging_mixin.py:188} INFO - [2026-04-27T12:28:33.864+0000] {dag.py:3096} INFO - Sync 1 DAGs
[2026-04-27T12:28:33.881+0000] {logging_mixin.py:188} INFO - [2026-04-27T12:28:33.881+0000] {dag.py:3954} INFO - Setting next_dagrun for monitoring_pipeline to 2026-04-27 00:00:00+00:00, run_after=2026-04-28 00:00:00+00:00
[2026-04-27T12:28:33.897+0000] {processor.py:183} INFO - Processing /opt/airflow/dags/monitoring_pipeline_dag.py took 0.072 seconds
[2026-04-27T12:29:04.064+0000] {processor.py:161} INFO - Started process (PID=1477) to work on /opt/airflow/dags/monitoring_pipeline_dag.py
[2026-04-27T12:29:04.066+0000] {processor.py:830} INFO - Processing file /opt/airflow/dags/monitoring_pipeline_dag.py for tasks to queue
[2026-04-27T12:29:04.067+0000] {logging_mixin.py:188} INFO - [2026-04-27T12:29:04.067+0000] {dagbag.py:545} INFO - Filling up the DagBag from /opt/airflow/dags/monitoring_pipeline_dag.py
[2026-04-27T12:29:04.076+0000] {processor.py:840} INFO - DAG(s) 'monitoring_pipeline' retrieved from /opt/airflow/dags/monitoring_pipeline_dag.py
[2026-04-27T12:29:04.098+0000] {logging_mixin.py:188} INFO - [2026-04-27T12:29:04.097+0000] {dag.py:3096} INFO - Sync 1 DAGs
[2026-04-27T12:29:04.113+0000] {logging_mixin.py:188} INFO - [2026-04-27T12:29:04.113+0000] {dag.py:3954} INFO - Setting next_dagrun for monitoring_pipeline to 2026-04-27 00:00:00+00:00, run_after=2026-04-28 00:00:00+00:00
[2026-04-27T12:29:04.128+0000] {processor.py:183} INFO - Processing /opt/airflow/dags/monitoring_pipeline_dag.py took 0.069 seconds
[2026-04-27T12:29:34.281+0000] {processor.py:161} INFO - Started process (PID=1492) to work on /opt/airflow/dags/monitoring_pipeline_dag.py
[2026-04-27T12:29:34.284+0000] {processor.py:830} INFO - Processing file /opt/airflow/dags/monitoring_pipeline_dag.py for tasks to queue
[2026-04-27T12:29:34.287+0000] {logging_mixin.py:188} INFO - [2026-04-27T12:29:34.286+0000] {dagbag.py:545} INFO - Filling up the DagBag from /opt/airflow/dags/monitoring_pipeline_dag.py
[2026-04-27T12:29:34.297+0000] {processor.py:840} INFO - DAG(s) 'monitoring_pipeline' retrieved from /opt/airflow/dags/monitoring_pipeline_dag.py
[2026-04-27T12:29:34.318+0000] {logging_mixin.py:188} INFO - [2026-04-27T12:29:34.318+0000] {dag.py:3096} INFO - Sync 1 DAGs
[2026-04-27T12:29:34.336+0000] {logging_mixin.py:188} INFO - [2026-04-27T12:29:34.336+0000] {dag.py:3954} INFO - Setting next_dagrun for monitoring_pipeline to 2026-04-27 00:00:00+00:00, run_after=2026-04-28 00:00:00+00:00
[2026-04-27T12:29:34.354+0000] {processor.py:183} INFO - Processing /opt/airflow/dags/monitoring_pipeline_dag.py took 0.079 seconds
[2026-04-27T12:30:04.501+0000] {processor.py:161} INFO - Started process (PID=1507) to work on /opt/airflow/dags/monitoring_pipeline_dag.py
[2026-04-27T12:30:04.504+0000] {processor.py:830} INFO - Processing file /opt/airflow/dags/monitoring_pipeline_dag.py for tasks to queue
[2026-04-27T12:30:04.505+0000] {logging_mixin.py:188} INFO - [2026-04-27T12:30:04.505+0000] {dagbag.py:545} INFO - Filling up the DagBag from /opt/airflow/dags/monitoring_pipeline_dag.py
[2026-04-27T12:30:04.513+0000] {processor.py:840} INFO - DAG(s) 'monitoring_pipeline' retrieved from /opt/airflow/dags/monitoring_pipeline_dag.py
[2026-04-27T12:30:04.535+0000] {logging_mixin.py:188} INFO - [2026-04-27T12:30:04.534+0000] {dag.py:3096} INFO - Sync 1 DAGs
[2026-04-27T12:30:04.551+0000] {logging_mixin.py:188} INFO - [2026-04-27T12:30:04.551+0000] {dag.py:3954} INFO - Setting next_dagrun for monitoring_pipeline to 2026-04-27 00:00:00+00:00, run_after=2026-04-28 00:00:00+00:00
[2026-04-27T12:30:04.565+0000] {processor.py:183} INFO - Processing /opt/airflow/dags/monitoring_pipeline_dag.py took 0.069 seconds
[2026-04-27T12:30:34.708+0000] {processor.py:161} INFO - Started process (PID=1522) to work on /opt/airflow/dags/monitoring_pipeline_dag.py
[2026-04-27T12:30:34.710+0000] {processor.py:830} INFO - Processing file /opt/airflow/dags/monitoring_pipeline_dag.py for tasks to queue
[2026-04-27T12:30:34.712+0000] {logging_mixin.py:188} INFO - [2026-04-27T12:30:34.711+0000] {dagbag.py:545} INFO - Filling up the DagBag from /opt/airflow/dags/monitoring_pipeline_dag.py
[2026-04-27T12:30:34.720+0000] {processor.py:840} INFO - DAG(s) 'monitoring_pipeline' retrieved from /opt/airflow/dags/monitoring_pipeline_dag.py
[2026-04-27T12:30:34.742+0000] {logging_mixin.py:188} INFO - [2026-04-27T12:30:34.742+0000] {dag.py:3096} INFO - Sync 1 DAGs
[2026-04-27T12:30:34.759+0000] {logging_mixin.py:188} INFO - [2026-04-27T12:30:34.759+0000] {dag.py:3954} INFO - Setting next_dagrun for monitoring_pipeline to 2026-04-27 00:00:00+00:00, run_after=2026-04-28 00:00:00+00:00
[2026-04-27T12:30:34.774+0000] {processor.py:183} INFO - Processing /opt/airflow/dags/monitoring_pipeline_dag.py took 0.070 seconds
[2026-04-27T12:31:04.970+0000] {processor.py:161} INFO - Started process (PID=1537) to work on /opt/airflow/dags/monitoring_pipeline_dag.py
[2026-04-27T12:31:04.971+0000] {processor.py:830} INFO - Processing file /opt/airflow/dags/monitoring_pipeline_dag.py for tasks to queue
[2026-04-27T12:31:04.973+0000] {logging_mixin.py:188} INFO - [2026-04-27T12:31:04.972+0000] {dagbag.py:545} INFO - Filling up the DagBag from /opt/airflow/dags/monitoring_pipeline_dag.py
[2026-04-27T12:31:04.981+0000] {processor.py:840} INFO - DAG(s) 'monitoring_pipeline' retrieved from /opt/airflow/dags/monitoring_pipeline_dag.py
[2026-04-27T12:31:05.002+0000] {logging_mixin.py:188} INFO - [2026-04-27T12:31:05.002+0000] {dag.py:3096} INFO - Sync 1 DAGs
[2026-04-27T12:31:05.022+0000] {logging_mixin.py:188} INFO - [2026-04-27T12:31:05.021+0000] {dag.py:3954} INFO - Setting next_dagrun for monitoring_pipeline to 2026-04-27 00:00:00+00:00, run_after=2026-04-28 00:00:00+00:00
[2026-04-27T12:31:05.037+0000] {processor.py:183} INFO - Processing /opt/airflow/dags/monitoring_pipeline_dag.py took 0.072 seconds
[2026-04-27T12:31:35.201+0000] {processor.py:161} INFO - Started process (PID=1552) to work on /opt/airflow/dags/monitoring_pipeline_dag.py
[2026-04-27T12:31:35.204+0000] {processor.py:830} INFO - Processing file /opt/airflow/dags/monitoring_pipeline_dag.py for tasks to queue
[2026-04-27T12:31:35.205+0000] {logging_mixin.py:188} INFO - [2026-04-27T12:31:35.205+0000] {dagbag.py:545} INFO - Filling up the DagBag from /opt/airflow/dags/monitoring_pipeline_dag.py
[2026-04-27T12:31:35.214+0000] {processor.py:840} INFO - DAG(s) 'monitoring_pipeline' retrieved from /opt/airflow/dags/monitoring_pipeline_dag.py
[2026-04-27T12:31:35.234+0000] {logging_mixin.py:188} INFO - [2026-04-27T12:31:35.234+0000] {dag.py:3096} INFO - Sync 1 DAGs
[2026-04-27T12:31:35.251+0000] {logging_mixin.py:188} INFO - [2026-04-27T12:31:35.251+0000] {dag.py:3954} INFO - Setting next_dagrun for monitoring_pipeline to 2026-04-27 00:00:00+00:00, run_after=2026-04-28 00:00:00+00:00
[2026-04-27T12:31:35.265+0000] {processor.py:183} INFO - Processing /opt/airflow/dags/monitoring_pipeline_dag.py took 0.069 seconds
[2026-04-27T12:32:05.479+0000] {processor.py:161} INFO - Started process (PID=1567) to work on /opt/airflow/dags/monitoring_pipeline_dag.py
[2026-04-27T12:32:05.481+0000] {processor.py:830} INFO - Processing file /opt/airflow/dags/monitoring_pipeline_dag.py for tasks to queue
[2026-04-27T12:32:05.482+0000] {logging_mixin.py:188} INFO - [2026-04-27T12:32:05.482+0000] {dagbag.py:545} INFO - Filling up the DagBag from /opt/airflow/dags/monitoring_pipeline_dag.py
[2026-04-27T12:32:05.490+0000] {processor.py:840} INFO - DAG(s) 'monitoring_pipeline' retrieved from /opt/airflow/dags/monitoring_pipeline_dag.py
[2026-04-27T12:32:05.512+0000] {logging_mixin.py:188} INFO - [2026-04-27T12:32:05.511+0000] {dag.py:3096} INFO - Sync 1 DAGs
[2026-04-27T12:32:05.528+0000] {logging_mixin.py:188} INFO - [2026-04-27T12:32:05.528+0000] {dag.py:3954} INFO - Setting next_dagrun for monitoring_pipeline to 2026-04-27 00:00:00+00:00, run_after=2026-04-28 00:00:00+00:00
[2026-04-27T12:32:05.543+0000] {processor.py:183} INFO - Processing /opt/airflow/dags/monitoring_pipeline_dag.py took 0.070 seconds
[2026-04-27T12:32:35.769+0000] {processor.py:161} INFO - Started process (PID=1582) to work on /opt/airflow/dags/monitoring_pipeline_dag.py
[2026-04-27T12:32:35.772+0000] {processor.py:830} INFO - Processing file /opt/airflow/dags/monitoring_pipeline_dag.py for tasks to queue
[2026-04-27T12:32:35.773+0000] {logging_mixin.py:188} INFO - [2026-04-27T12:32:35.773+0000] {dagbag.py:545} INFO - Filling up the DagBag from /opt/airflow/dags/monitoring_pipeline_dag.py
[2026-04-27T12:32:35.781+0000] {processor.py:840} INFO - DAG(s) 'monitoring_pipeline' retrieved from /opt/airflow/dags/monitoring_pipeline_dag.py
[2026-04-27T12:32:35.803+0000] {logging_mixin.py:188} INFO - [2026-04-27T12:32:35.803+0000] {dag.py:3096} INFO - Sync 1 DAGs
[2026-04-27T12:32:35.820+0000] {logging_mixin.py:188} INFO - [2026-04-27T12:32:35.820+0000] {dag.py:3954} INFO - Setting next_dagrun for monitoring_pipeline to 2026-04-27 00:00:00+00:00, run_after=2026-04-28 00:00:00+00:00
[2026-04-27T12:32:35.836+0000] {processor.py:183} INFO - Processing /opt/airflow/dags/monitoring_pipeline_dag.py took 0.071 seconds
[2026-04-27T12:33:05.989+0000] {processor.py:161} INFO - Started process (PID=1597) to work on /opt/airflow/dags/monitoring_pipeline_dag.py
[2026-04-27T12:33:05.991+0000] {processor.py:830} INFO - Processing file /opt/airflow/dags/monitoring_pipeline_dag.py for tasks to queue
[2026-04-27T12:33:05.992+0000] {logging_mixin.py:188} INFO - [2026-04-27T12:33:05.992+0000] {dagbag.py:545} INFO - Filling up the DagBag from /opt/airflow/dags/monitoring_pipeline_dag.py
[2026-04-27T12:33:06.001+0000] {processor.py:840} INFO - DAG(s) 'monitoring_pipeline' retrieved from /opt/airflow/dags/monitoring_pipeline_dag.py
[2026-04-27T12:33:06.023+0000] {logging_mixin.py:188} INFO - [2026-04-27T12:33:06.022+0000] {dag.py:3096} INFO - Sync 1 DAGs
[2026-04-27T12:33:06.039+0000] {logging_mixin.py:188} INFO - [2026-04-27T12:33:06.039+0000] {dag.py:3954} INFO - Setting next_dagrun for monitoring_pipeline to 2026-04-27 00:00:00+00:00, run_after=2026-04-28 00:00:00+00:00
[2026-04-27T12:33:06.054+0000] {processor.py:183} INFO - Processing /opt/airflow/dags/monitoring_pipeline_dag.py took 0.070 seconds
[2026-04-27T12:33:36.342+0000] {processor.py:161} INFO - Started process (PID=1612) to work on /opt/airflow/dags/monitoring_pipeline_dag.py
[2026-04-27T12:33:36.344+0000] {processor.py:830} INFO - Processing file /opt/airflow/dags/monitoring_pipeline_dag.py for tasks to queue
[2026-04-27T12:33:36.346+0000] {logging_mixin.py:188} INFO - [2026-04-27T12:33:36.345+0000] {dagbag.py:545} INFO - Filling up the DagBag from /opt/airflow/dags/monitoring_pipeline_dag.py
[2026-04-27T12:33:36.354+0000] {processor.py:840} INFO - DAG(s) 'monitoring_pipeline' retrieved from /opt/airflow/dags/monitoring_pipeline_dag.py
[2026-04-27T12:33:36.376+0000] {logging_mixin.py:188} INFO - [2026-04-27T12:33:36.376+0000] {dag.py:3096} INFO - Sync 1 DAGs
[2026-04-27T12:33:36.392+0000] {logging_mixin.py:188} INFO - [2026-04-27T12:33:36.392+0000] {dag.py:3954} INFO - Setting next_dagrun for monitoring_pipeline to 2026-04-27 00:00:00+00:00, run_after=2026-04-28 00:00:00+00:00
[2026-04-27T12:33:36.407+0000] {processor.py:183} INFO - Processing /opt/airflow/dags/monitoring_pipeline_dag.py took 0.070 seconds
[2026-04-27T12:34:06.606+0000] {processor.py:161} INFO - Started process (PID=1627) to work on /opt/airflow/dags/monitoring_pipeline_dag.py
[2026-04-27T12:34:06.608+0000] {processor.py:830} INFO - Processing file /opt/airflow/dags/monitoring_pipeline_dag.py for tasks to queue
[2026-04-27T12:34:06.610+0000] {logging_mixin.py:188} INFO - [2026-04-27T12:34:06.609+0000] {dagbag.py:545} INFO - Filling up the DagBag from /opt/airflow/dags/monitoring_pipeline_dag.py
[2026-04-27T12:34:06.618+0000] {processor.py:840} INFO - DAG(s) 'monitoring_pipeline' retrieved from /opt/airflow/dags/monitoring_pipeline_dag.py
[2026-04-27T12:34:06.640+0000] {logging_mixin.py:188} INFO - [2026-04-27T12:34:06.640+0000] {dag.py:3096} INFO - Sync 1 DAGs
[2026-04-27T12:34:06.656+0000] {logging_mixin.py:188} INFO - [2026-04-27T12:34:06.656+0000] {dag.py:3954} INFO - Setting next_dagrun for monitoring_pipeline to 2026-04-27 00:00:00+00:00, run_after=2026-04-28 00:00:00+00:00
[2026-04-27T12:34:06.672+0000] {processor.py:183} INFO - Processing /opt/airflow/dags/monitoring_pipeline_dag.py took 0.070 seconds
[2026-04-27T12:34:36.914+0000] {processor.py:161} INFO - Started process (PID=1642) to work on /opt/airflow/dags/monitoring_pipeline_dag.py
[2026-04-27T12:34:36.916+0000] {processor.py:830} INFO - Processing file /opt/airflow/dags/monitoring_pipeline_dag.py for tasks to queue
[2026-04-27T12:34:36.917+0000] {logging_mixin.py:188} INFO - [2026-04-27T12:34:36.917+0000] {dagbag.py:545} INFO - Filling up the DagBag from /opt/airflow/dags/monitoring_pipeline_dag.py
[2026-04-27T12:34:36.925+0000] {processor.py:840} INFO - DAG(s) 'monitoring_pipeline' retrieved from /opt/airflow/dags/monitoring_pipeline_dag.py
[2026-04-27T12:34:36.948+0000] {logging_mixin.py:188} INFO - [2026-04-27T12:34:36.948+0000] {dag.py:3096} INFO - Sync 1 DAGs
[2026-04-27T12:34:36.964+0000] {logging_mixin.py:188} INFO - [2026-04-27T12:34:36.964+0000] {dag.py:3954} INFO - Setting next_dagrun for monitoring_pipeline to 2026-04-27 00:00:00+00:00, run_after=2026-04-28 00:00:00+00:00
[2026-04-27T12:34:36.979+0000] {processor.py:183} INFO - Processing /opt/airflow/dags/monitoring_pipeline_dag.py took 0.070 seconds
[2026-04-27T12:35:07.197+0000] {processor.py:161} INFO - Started process (PID=1657) to work on /opt/airflow/dags/monitoring_pipeline_dag.py
[2026-04-27T12:35:07.200+0000] {processor.py:830} INFO - Processing file /opt/airflow/dags/monitoring_pipeline_dag.py for tasks to queue
[2026-04-27T12:35:07.201+0000] {logging_mixin.py:188} INFO - [2026-04-27T12:35:07.201+0000] {dagbag.py:545} INFO - Filling up the DagBag from /opt/airflow/dags/monitoring_pipeline_dag.py
[2026-04-27T12:35:07.209+0000] {processor.py:840} INFO - DAG(s) 'monitoring_pipeline' retrieved from /opt/airflow/dags/monitoring_pipeline_dag.py
[2026-04-27T12:35:07.231+0000] {logging_mixin.py:188} INFO - [2026-04-27T12:35:07.231+0000] {dag.py:3096} INFO - Sync 1 DAGs
[2026-04-27T12:35:07.248+0000] {logging_mixin.py:188} INFO - [2026-04-27T12:35:07.248+0000] {dag.py:3954} INFO - Setting next_dagrun for monitoring_pipeline to 2026-04-27 00:00:00+00:00, run_after=2026-04-28 00:00:00+00:00
[2026-04-27T12:35:07.264+0000] {processor.py:183} INFO - Processing /opt/airflow/dags/monitoring_pipeline_dag.py took 0.071 seconds
[2026-04-27T12:35:37.456+0000] {processor.py:161} INFO - Started process (PID=1672) to work on /opt/airflow/dags/monitoring_pipeline_dag.py
[2026-04-27T12:35:37.458+0000] {processor.py:830} INFO - Processing file /opt/airflow/dags/monitoring_pipeline_dag.py for tasks to queue
[2026-04-27T12:35:37.460+0000] {logging_mixin.py:188} INFO - [2026-04-27T12:35:37.459+0000] {dagbag.py:545} INFO - Filling up the DagBag from /opt/airflow/dags/monitoring_pipeline_dag.py
[2026-04-27T12:35:37.468+0000] {processor.py:840} INFO - DAG(s) 'monitoring_pipeline' retrieved from /opt/airflow/dags/monitoring_pipeline_dag.py
[2026-04-27T12:35:37.488+0000] {logging_mixin.py:188} INFO - [2026-04-27T12:35:37.488+0000] {dag.py:3096} INFO - Sync 1 DAGs
[2026-04-27T12:35:37.505+0000] {logging_mixin.py:188} INFO - [2026-04-27T12:35:37.505+0000] {dag.py:3954} INFO - Setting next_dagrun for monitoring_pipeline to 2026-04-27 00:00:00+00:00, run_after=2026-04-28 00:00:00+00:00
[2026-04-27T12:35:37.520+0000] {processor.py:183} INFO - Processing /opt/airflow/dags/monitoring_pipeline_dag.py took 0.068 seconds
[2026-04-27T12:36:07.700+0000] {processor.py:161} INFO - Started process (PID=1687) to work on /opt/airflow/dags/monitoring_pipeline_dag.py
[2026-04-27T12:36:07.702+0000] {processor.py:830} INFO - Processing file /opt/airflow/dags/monitoring_pipeline_dag.py for tasks to queue
[2026-04-27T12:36:07.704+0000] {logging_mixin.py:188} INFO - [2026-04-27T12:36:07.703+0000] {dagbag.py:545} INFO - Filling up the DagBag from /opt/airflow/dags/monitoring_pipeline_dag.py
[2026-04-27T12:36:07.712+0000] {processor.py:840} INFO - DAG(s) 'monitoring_pipeline' retrieved from /opt/airflow/dags/monitoring_pipeline_dag.py
[2026-04-27T12:36:07.733+0000] {logging_mixin.py:188} INFO - [2026-04-27T12:36:07.733+0000] {dag.py:3096} INFO - Sync 1 DAGs
[2026-04-27T12:36:07.750+0000] {logging_mixin.py:188} INFO - [2026-04-27T12:36:07.749+0000] {dag.py:3954} INFO - Setting next_dagrun for monitoring_pipeline to 2026-04-27 00:00:00+00:00, run_after=2026-04-28 00:00:00+00:00
[2026-04-27T12:36:07.765+0000] {processor.py:183} INFO - Processing /opt/airflow/dags/monitoring_pipeline_dag.py took 0.070 seconds
[2026-04-27T12:36:37.984+0000] {processor.py:161} INFO - Started process (PID=1702) to work on /opt/airflow/dags/monitoring_pipeline_dag.py
[2026-04-27T12:36:37.987+0000] {processor.py:830} INFO - Processing file /opt/airflow/dags/monitoring_pipeline_dag.py for tasks to queue
[2026-04-27T12:36:37.989+0000] {logging_mixin.py:188} INFO - [2026-04-27T12:36:37.989+0000] {dagbag.py:545} INFO - Filling up the DagBag from /opt/airflow/dags/monitoring_pipeline_dag.py
[2026-04-27T12:36:37.997+0000] {processor.py:840} INFO - DAG(s) 'monitoring_pipeline' retrieved from /opt/airflow/dags/monitoring_pipeline_dag.py
[2026-04-27T12:36:38.018+0000] {logging_mixin.py:188} INFO - [2026-04-27T12:36:38.018+0000] {dag.py:3096} INFO - Sync 1 DAGs
[2026-04-27T12:36:38.034+0000] {logging_mixin.py:188} INFO - [2026-04-27T12:36:38.034+0000] {dag.py:3954} INFO - Setting next_dagrun for monitoring_pipeline to 2026-04-27 00:00:00+00:00, run_after=2026-04-28 00:00:00+00:00
[2026-04-27T12:36:38.049+0000] {processor.py:183} INFO - Processing /opt/airflow/dags/monitoring_pipeline_dag.py took 0.069 seconds
[2026-04-27T12:37:08.252+0000] {processor.py:161} INFO - Started process (PID=1717) to work on /opt/airflow/dags/monitoring_pipeline_dag.py
[2026-04-27T12:37:08.254+0000] {processor.py:830} INFO - Processing file /opt/airflow/dags/monitoring_pipeline_dag.py for tasks to queue
[2026-04-27T12:37:08.255+0000] {logging_mixin.py:188} INFO - [2026-04-27T12:37:08.255+0000] {dagbag.py:545} INFO - Filling up the DagBag from /opt/airflow/dags/monitoring_pipeline_dag.py
[2026-04-27T12:37:08.263+0000] {processor.py:840} INFO - DAG(s) 'monitoring_pipeline' retrieved from /opt/airflow/dags/monitoring_pipeline_dag.py
[2026-04-27T12:37:08.284+0000] {logging_mixin.py:188} INFO - [2026-04-27T12:37:08.284+0000] {dag.py:3096} INFO - Sync 1 DAGs
[2026-04-27T12:37:08.301+0000] {logging_mixin.py:188} INFO - [2026-04-27T12:37:08.301+0000] {dag.py:3954} INFO - Setting next_dagrun for monitoring_pipeline to 2026-04-27 00:00:00+00:00, run_after=2026-04-28 00:00:00+00:00
[2026-04-27T12:37:08.316+0000] {processor.py:183} INFO - Processing /opt/airflow/dags/monitoring_pipeline_dag.py took 0.068 seconds
[2026-04-27T12:37:38.484+0000] {processor.py:161} INFO - Started process (PID=1732) to work on /opt/airflow/dags/monitoring_pipeline_dag.py
[2026-04-27T12:37:38.487+0000] {processor.py:830} INFO - Processing file /opt/airflow/dags/monitoring_pipeline_dag.py for tasks to queue
[2026-04-27T12:37:38.488+0000] {logging_mixin.py:188} INFO - [2026-04-27T12:37:38.488+0000] {dagbag.py:545} INFO - Filling up the DagBag from /opt/airflow/dags/monitoring_pipeline_dag.py
[2026-04-27T12:37:38.496+0000] {processor.py:840} INFO - DAG(s) 'monitoring_pipeline' retrieved from /opt/airflow/dags/monitoring_pipeline_dag.py
[2026-04-27T12:37:38.517+0000] {logging_mixin.py:188} INFO - [2026-04-27T12:37:38.517+0000] {dag.py:3096} INFO - Sync 1 DAGs
[2026-04-27T12:37:38.533+0000] {logging_mixin.py:188} INFO - [2026-04-27T12:37:38.532+0000] {dag.py:3954} INFO - Setting next_dagrun for monitoring_pipeline to 2026-04-27 00:00:00+00:00, run_after=2026-04-28 00:00:00+00:00
[2026-04-27T12:37:38.548+0000] {processor.py:183} INFO - Processing /opt/airflow/dags/monitoring_pipeline_dag.py took 0.068 seconds
[2026-04-27T12:38:08.763+0000] {processor.py:161} INFO - Started process (PID=1747) to work on /opt/airflow/dags/monitoring_pipeline_dag.py
[2026-04-27T12:38:08.765+0000] {processor.py:830} INFO - Processing file /opt/airflow/dags/monitoring_pipeline_dag.py for tasks to queue
[2026-04-27T12:38:08.766+0000] {logging_mixin.py:188} INFO - [2026-04-27T12:38:08.766+0000] {dagbag.py:545} INFO - Filling up the DagBag from /opt/airflow/dags/monitoring_pipeline_dag.py
[2026-04-27T12:38:08.775+0000] {processor.py:840} INFO - DAG(s) 'monitoring_pipeline' retrieved from /opt/airflow/dags/monitoring_pipeline_dag.py
[2026-04-27T12:38:08.796+0000] {logging_mixin.py:188} INFO - [2026-04-27T12:38:08.796+0000] {dag.py:3096} INFO - Sync 1 DAGs
[2026-04-27T12:38:08.813+0000] {logging_mixin.py:188} INFO - [2026-04-27T12:38:08.813+0000] {dag.py:3954} INFO - Setting next_dagrun for monitoring_pipeline to 2026-04-27 00:00:00+00:00, run_after=2026-04-28 00:00:00+00:00
[2026-04-27T12:38:08.831+0000] {processor.py:183} INFO - Processing /opt/airflow/dags/monitoring_pipeline_dag.py took 0.073 seconds
[2026-04-27T12:38:39.027+0000] {processor.py:161} INFO - Started process (PID=1762) to work on /opt/airflow/dags/monitoring_pipeline_dag.py
[2026-04-27T12:38:39.030+0000] {processor.py:830} INFO - Processing file /opt/airflow/dags/monitoring_pipeline_dag.py for tasks to queue
[2026-04-27T12:38:39.031+0000] {logging_mixin.py:188} INFO - [2026-04-27T12:38:39.031+0000] {dagbag.py:545} INFO - Filling up the DagBag from /opt/airflow/dags/monitoring_pipeline_dag.py
[2026-04-27T12:38:39.039+0000] {processor.py:840} INFO - DAG(s) 'monitoring_pipeline' retrieved from /opt/airflow/dags/monitoring_pipeline_dag.py
[2026-04-27T12:38:39.061+0000] {logging_mixin.py:188} INFO - [2026-04-27T12:38:39.061+0000] {dag.py:3096} INFO - Sync 1 DAGs
[2026-04-27T12:38:39.078+0000] {logging_mixin.py:188} INFO - [2026-04-27T12:38:39.078+0000] {dag.py:3954} INFO - Setting next_dagrun for monitoring_pipeline to 2026-04-27 00:00:00+00:00, run_after=2026-04-28 00:00:00+00:00
[2026-04-27T12:38:39.091+0000] {processor.py:183} INFO - Processing /opt/airflow/dags/monitoring_pipeline_dag.py took 0.068 seconds
[2026-04-27T12:39:09.328+0000] {processor.py:161} INFO - Started process (PID=1777) to work on /opt/airflow/dags/monitoring_pipeline_dag.py
[2026-04-27T12:39:09.330+0000] {processor.py:830} INFO - Processing file /opt/airflow/dags/monitoring_pipeline_dag.py for tasks to queue
[2026-04-27T12:39:09.331+0000] {logging_mixin.py:188} INFO - [2026-04-27T12:39:09.331+0000] {dagbag.py:545} INFO - Filling up the DagBag from /opt/airflow/dags/monitoring_pipeline_dag.py
[2026-04-27T12:39:09.340+0000] {processor.py:840} INFO - DAG(s) 'monitoring_pipeline' retrieved from /opt/airflow/dags/monitoring_pipeline_dag.py
[2026-04-27T12:39:09.360+0000] {logging_mixin.py:188} INFO - [2026-04-27T12:39:09.360+0000] {dag.py:3096} INFO - Sync 1 DAGs
[2026-04-27T12:39:09.379+0000] {logging_mixin.py:188} INFO - [2026-04-27T12:39:09.378+0000] {dag.py:3954} INFO - Setting next_dagrun for monitoring_pipeline to 2026-04-27 00:00:00+00:00, run_after=2026-04-28 00:00:00+00:00
[2026-04-27T12:39:09.394+0000] {processor.py:183} INFO - Processing /opt/airflow/dags/monitoring_pipeline_dag.py took 0.070 seconds
[2026-04-27T12:39:39.626+0000] {processor.py:161} INFO - Started process (PID=1792) to work on /opt/airflow/dags/monitoring_pipeline_dag.py
[2026-04-27T12:39:39.629+0000] {processor.py:830} INFO - Processing file /opt/airflow/dags/monitoring_pipeline_dag.py for tasks to queue
[2026-04-27T12:39:39.630+0000] {logging_mixin.py:188} INFO - [2026-04-27T12:39:39.630+0000] {dagbag.py:545} INFO - Filling up the DagBag from /opt/airflow/dags/monitoring_pipeline_dag.py
[2026-04-27T12:39:39.638+0000] {processor.py:840} INFO - DAG(s) 'monitoring_pipeline' retrieved from /opt/airflow/dags/monitoring_pipeline_dag.py
[2026-04-27T12:39:39.659+0000] {logging_mixin.py:188} INFO - [2026-04-27T12:39:39.659+0000] {dag.py:3096} INFO - Sync 1 DAGs
[2026-04-27T12:39:39.675+0000] {logging_mixin.py:188} INFO - [2026-04-27T12:39:39.675+0000] {dag.py:3954} INFO - Setting next_dagrun for monitoring_pipeline to 2026-04-27 00:00:00+00:00, run_after=2026-04-28 00:00:00+00:00
[2026-04-27T12:39:39.689+0000] {processor.py:183} INFO - Processing /opt/airflow/dags/monitoring_pipeline_dag.py took 0.068 seconds
[2026-04-27T12:40:09.903+0000] {processor.py:161} INFO - Started process (PID=1807) to work on /opt/airflow/dags/monitoring_pipeline_dag.py
[2026-04-27T12:40:09.904+0000] {processor.py:830} INFO - Processing file /opt/airflow/dags/monitoring_pipeline_dag.py for tasks to queue
[2026-04-27T12:40:09.906+0000] {logging_mixin.py:188} INFO - [2026-04-27T12:40:09.905+0000] {dagbag.py:545} INFO - Filling up the DagBag from /opt/airflow/dags/monitoring_pipeline_dag.py
[2026-04-27T12:40:09.914+0000] {processor.py:840} INFO - DAG(s) 'monitoring_pipeline' retrieved from /opt/airflow/dags/monitoring_pipeline_dag.py
[2026-04-27T12:40:09.936+0000] {logging_mixin.py:188} INFO - [2026-04-27T12:40:09.936+0000] {dag.py:3096} INFO - Sync 1 DAGs
[2026-04-27T12:40:09.952+0000] {logging_mixin.py:188} INFO - [2026-04-27T12:40:09.952+0000] {dag.py:3954} INFO - Setting next_dagrun for monitoring_pipeline to 2026-04-27 00:00:00+00:00, run_after=2026-04-28 00:00:00+00:00
[2026-04-27T12:40:09.968+0000] {processor.py:183} INFO - Processing /opt/airflow/dags/monitoring_pipeline_dag.py took 0.070 seconds
[2026-04-27T12:40:40.157+0000] {processor.py:161} INFO - Started process (PID=1822) to work on /opt/airflow/dags/monitoring_pipeline_dag.py
[2026-04-27T12:40:40.158+0000] {processor.py:830} INFO - Processing file /opt/airflow/dags/monitoring_pipeline_dag.py for tasks to queue
[2026-04-27T12:40:40.159+0000] {logging_mixin.py:188} INFO - [2026-04-27T12:40:40.159+0000] {dagbag.py:545} INFO - Filling up the DagBag from /opt/airflow/dags/monitoring_pipeline_dag.py
[2026-04-27T12:40:40.168+0000] {processor.py:840} INFO - DAG(s) 'monitoring_pipeline' retrieved from /opt/airflow/dags/monitoring_pipeline_dag.py
[2026-04-27T12:40:40.189+0000] {logging_mixin.py:188} INFO - [2026-04-27T12:40:40.189+0000] {dag.py:3096} INFO - Sync 1 DAGs
[2026-04-27T12:40:40.204+0000] {logging_mixin.py:188} INFO - [2026-04-27T12:40:40.204+0000] {dag.py:3954} INFO - Setting next_dagrun for monitoring_pipeline to 2026-04-27 00:00:00+00:00, run_after=2026-04-28 00:00:00+00:00
[2026-04-27T12:40:40.218+0000] {processor.py:183} INFO - Processing /opt/airflow/dags/monitoring_pipeline_dag.py took 0.066 seconds
[2026-04-27T12:41:10.534+0000] {processor.py:161} INFO - Started process (PID=1837) to work on /opt/airflow/dags/monitoring_pipeline_dag.py
[2026-04-27T12:41:10.536+0000] {processor.py:830} INFO - Processing file /opt/airflow/dags/monitoring_pipeline_dag.py for tasks to queue
[2026-04-27T12:41:10.538+0000] {logging_mixin.py:188} INFO - [2026-04-27T12:41:10.537+0000] {dagbag.py:545} INFO - Filling up the DagBag from /opt/airflow/dags/monitoring_pipeline_dag.py
[2026-04-27T12:41:10.545+0000] {processor.py:840} INFO - DAG(s) 'monitoring_pipeline' retrieved from /opt/airflow/dags/monitoring_pipeline_dag.py
[2026-04-27T12:41:10.567+0000] {logging_mixin.py:188} INFO - [2026-04-27T12:41:10.567+0000] {dag.py:3096} INFO - Sync 1 DAGs
[2026-04-27T12:41:10.584+0000] {logging_mixin.py:188} INFO - [2026-04-27T12:41:10.584+0000] {dag.py:3954} INFO - Setting next_dagrun for monitoring_pipeline to 2026-04-27 00:00:00+00:00, run_after=2026-04-28 00:00:00+00:00
[2026-04-27T12:41:10.599+0000] {processor.py:183} INFO - Processing /opt/airflow/dags/monitoring_pipeline_dag.py took 0.070 seconds
[2026-04-27T12:41:40.881+0000] {processor.py:161} INFO - Started process (PID=1852) to work on /opt/airflow/dags/monitoring_pipeline_dag.py
[2026-04-27T12:41:40.882+0000] {processor.py:830} INFO - Processing file /opt/airflow/dags/monitoring_pipeline_dag.py for tasks to queue
[2026-04-27T12:41:40.883+0000] {logging_mixin.py:188} INFO - [2026-04-27T12:41:40.883+0000] {dagbag.py:545} INFO - Filling up the DagBag from /opt/airflow/dags/monitoring_pipeline_dag.py
[2026-04-27T12:41:40.891+0000] {processor.py:840} INFO - DAG(s) 'monitoring_pipeline' retrieved from /opt/airflow/dags/monitoring_pipeline_dag.py
[2026-04-27T12:41:40.912+0000] {logging_mixin.py:188} INFO - [2026-04-27T12:41:40.912+0000] {dag.py:3096} INFO - Sync 1 DAGs
[2026-04-27T12:41:40.928+0000] {logging_mixin.py:188} INFO - [2026-04-27T12:41:40.928+0000] {dag.py:3954} INFO - Setting next_dagrun for monitoring_pipeline to 2026-04-27 00:00:00+00:00, run_after=2026-04-28 00:00:00+00:00
[2026-04-27T12:41:40.944+0000] {processor.py:183} INFO - Processing /opt/airflow/dags/monitoring_pipeline_dag.py took 0.067 seconds
[2026-04-27T12:42:11.186+0000] {processor.py:161} INFO - Started process (PID=1867) to work on /opt/airflow/dags/monitoring_pipeline_dag.py
[2026-04-27T12:42:11.188+0000] {processor.py:830} INFO - Processing file /opt/airflow/dags/monitoring_pipeline_dag.py for tasks to queue
[2026-04-27T12:42:11.190+0000] {logging_mixin.py:188} INFO - [2026-04-27T12:42:11.189+0000] {dagbag.py:545} INFO - Filling up the DagBag from /opt/airflow/dags/monitoring_pipeline_dag.py
[2026-04-27T12:42:11.198+0000] {processor.py:840} INFO - DAG(s) 'monitoring_pipeline' retrieved from /opt/airflow/dags/monitoring_pipeline_dag.py
[2026-04-27T12:42:11.219+0000] {logging_mixin.py:188} INFO - [2026-04-27T12:42:11.219+0000] {dag.py:3096} INFO - Sync 1 DAGs
[2026-04-27T12:42:11.235+0000] {logging_mixin.py:188} INFO - [2026-04-27T12:42:11.235+0000] {dag.py:3954} INFO - Setting next_dagrun for monitoring_pipeline to 2026-04-27 00:00:00+00:00, run_after=2026-04-28 00:00:00+00:00
[2026-04-27T12:42:11.250+0000] {processor.py:183} INFO - Processing /opt/airflow/dags/monitoring_pipeline_dag.py took 0.068 seconds
[2026-04-27T12:42:41.675+0000] {processor.py:161} INFO - Started process (PID=1882) to work on /opt/airflow/dags/monitoring_pipeline_dag.py
[2026-04-27T12:42:41.676+0000] {processor.py:830} INFO - Processing file /opt/airflow/dags/monitoring_pipeline_dag.py for tasks to queue
[2026-04-27T12:42:41.677+0000] {logging_mixin.py:188} INFO - [2026-04-27T12:42:41.677+0000] {dagbag.py:545} INFO - Filling up the DagBag from /opt/airflow/dags/monitoring_pipeline_dag.py
[2026-04-27T12:42:41.687+0000] {processor.py:840} INFO - DAG(s) 'monitoring_pipeline' retrieved from /opt/airflow/dags/monitoring_pipeline_dag.py
[2026-04-27T12:42:41.711+0000] {logging_mixin.py:188} INFO - [2026-04-27T12:42:41.711+0000] {dag.py:3096} INFO - Sync 1 DAGs
[2026-04-27T12:42:41.729+0000] {logging_mixin.py:188} INFO - [2026-04-27T12:42:41.729+0000] {dag.py:3954} INFO - Setting next_dagrun for monitoring_pipeline to 2026-04-27 00:00:00+00:00, run_after=2026-04-28 00:00:00+00:00
[2026-04-27T12:42:41.746+0000] {processor.py:183} INFO - Processing /opt/airflow/dags/monitoring_pipeline_dag.py took 0.076 seconds
[2026-04-27T12:43:12.108+0000] {processor.py:161} INFO - Started process (PID=1897) to work on /opt/airflow/dags/monitoring_pipeline_dag.py
[2026-04-27T12:43:12.111+0000] {processor.py:830} INFO - Processing file /opt/airflow/dags/monitoring_pipeline_dag.py for tasks to queue
[2026-04-27T12:43:12.112+0000] {logging_mixin.py:188} INFO - [2026-04-27T12:43:12.112+0000] {dagbag.py:545} INFO - Filling up the DagBag from /opt/airflow/dags/monitoring_pipeline_dag.py
[2026-04-27T12:43:12.120+0000] {processor.py:840} INFO - DAG(s) 'monitoring_pipeline' retrieved from /opt/airflow/dags/monitoring_pipeline_dag.py
[2026-04-27T12:43:12.143+0000] {logging_mixin.py:188} INFO - [2026-04-27T12:43:12.142+0000] {dag.py:3096} INFO - Sync 1 DAGs
[2026-04-27T12:43:12.159+0000] {logging_mixin.py:188} INFO - [2026-04-27T12:43:12.158+0000] {dag.py:3954} INFO - Setting next_dagrun for monitoring_pipeline to 2026-04-27 00:00:00+00:00, run_after=2026-04-28 00:00:00+00:00
[2026-04-27T12:43:12.173+0000] {processor.py:183} INFO - Processing /opt/airflow/dags/monitoring_pipeline_dag.py took 0.069 seconds
[2026-04-27T12:43:42.452+0000] {processor.py:161} INFO - Started process (PID=1912) to work on /opt/airflow/dags/monitoring_pipeline_dag.py
[2026-04-27T12:43:42.452+0000] {processor.py:830} INFO - Processing file /opt/airflow/dags/monitoring_pipeline_dag.py for tasks to queue
[2026-04-27T12:43:42.454+0000] {logging_mixin.py:188} INFO - [2026-04-27T12:43:42.453+0000] {dagbag.py:545} INFO - Filling up the DagBag from /opt/airflow/dags/monitoring_pipeline_dag.py
[2026-04-27T12:43:42.463+0000] {processor.py:840} INFO - DAG(s) 'monitoring_pipeline' retrieved from /opt/airflow/dags/monitoring_pipeline_dag.py
[2026-04-27T12:43:42.485+0000] {logging_mixin.py:188} INFO - [2026-04-27T12:43:42.485+0000] {dag.py:3096} INFO - Sync 1 DAGs
[2026-04-27T12:43:42.501+0000] {logging_mixin.py:188} INFO - [2026-04-27T12:43:42.501+0000] {dag.py:3954} INFO - Setting next_dagrun for monitoring_pipeline to 2026-04-27 00:00:00+00:00, run_after=2026-04-28 00:00:00+00:00
[2026-04-27T12:43:42.514+0000] {processor.py:183} INFO - Processing /opt/airflow/dags/monitoring_pipeline_dag.py took 0.067 seconds
[2026-04-27T12:44:12.843+0000] {processor.py:161} INFO - Started process (PID=1927) to work on /opt/airflow/dags/monitoring_pipeline_dag.py
[2026-04-27T12:44:12.845+0000] {processor.py:830} INFO - Processing file /opt/airflow/dags/monitoring_pipeline_dag.py for tasks to queue
[2026-04-27T12:44:12.846+0000] {logging_mixin.py:188} INFO - [2026-04-27T12:44:12.846+0000] {dagbag.py:545} INFO - Filling up the DagBag from /opt/airflow/dags/monitoring_pipeline_dag.py
[2026-04-27T12:44:12.855+0000] {processor.py:840} INFO - DAG(s) 'monitoring_pipeline' retrieved from /opt/airflow/dags/monitoring_pipeline_dag.py
[2026-04-27T12:44:12.877+0000] {logging_mixin.py:188} INFO - [2026-04-27T12:44:12.876+0000] {dag.py:3096} INFO - Sync 1 DAGs
[2026-04-27T12:44:12.893+0000] {logging_mixin.py:188} INFO - [2026-04-27T12:44:12.892+0000] {dag.py:3954} INFO - Setting next_dagrun for monitoring_pipeline to 2026-04-27 00:00:00+00:00, run_after=2026-04-28 00:00:00+00:00
[2026-04-27T12:44:12.907+0000] {processor.py:183} INFO - Processing /opt/airflow/dags/monitoring_pipeline_dag.py took 0.070 seconds
[2026-04-27T12:44:43.215+0000] {processor.py:161} INFO - Started process (PID=1942) to work on /opt/airflow/dags/monitoring_pipeline_dag.py
[2026-04-27T12:44:43.215+0000] {processor.py:830} INFO - Processing file /opt/airflow/dags/monitoring_pipeline_dag.py for tasks to queue
[2026-04-27T12:44:43.217+0000] {logging_mixin.py:188} INFO - [2026-04-27T12:44:43.217+0000] {dagbag.py:545} INFO - Filling up the DagBag from /opt/airflow/dags/monitoring_pipeline_dag.py
[2026-04-27T12:44:43.225+0000] {processor.py:840} INFO - DAG(s) 'monitoring_pipeline' retrieved from /opt/airflow/dags/monitoring_pipeline_dag.py
[2026-04-27T12:44:43.245+0000] {logging_mixin.py:188} INFO - [2026-04-27T12:44:43.245+0000] {dag.py:3096} INFO - Sync 1 DAGs
[2026-04-27T12:44:43.262+0000] {logging_mixin.py:188} INFO - [2026-04-27T12:44:43.262+0000] {dag.py:3954} INFO - Setting next_dagrun for monitoring_pipeline to 2026-04-27 00:00:00+00:00, run_after=2026-04-28 00:00:00+00:00
[2026-04-27T12:44:43.277+0000] {processor.py:183} INFO - Processing /opt/airflow/dags/monitoring_pipeline_dag.py took 0.066 seconds
[2026-04-27T12:45:13.477+0000] {processor.py:161} INFO - Started process (PID=1957) to work on /opt/airflow/dags/monitoring_pipeline_dag.py
[2026-04-27T12:45:13.479+0000] {processor.py:830} INFO - Processing file /opt/airflow/dags/monitoring_pipeline_dag.py for tasks to queue
[2026-04-27T12:45:13.480+0000] {logging_mixin.py:188} INFO - [2026-04-27T12:45:13.480+0000] {dagbag.py:545} INFO - Filling up the DagBag from /opt/airflow/dags/monitoring_pipeline_dag.py
[2026-04-27T12:45:13.488+0000] {processor.py:840} INFO - DAG(s) 'monitoring_pipeline' retrieved from /opt/airflow/dags/monitoring_pipeline_dag.py
[2026-04-27T12:45:13.510+0000] {logging_mixin.py:188} INFO - [2026-04-27T12:45:13.510+0000] {dag.py:3096} INFO - Sync 1 DAGs
[2026-04-27T12:45:13.526+0000] {logging_mixin.py:188} INFO - [2026-04-27T12:45:13.526+0000] {dag.py:3954} INFO - Setting next_dagrun for monitoring_pipeline to 2026-04-27 00:00:00+00:00, run_after=2026-04-28 00:00:00+00:00
[2026-04-27T12:45:13.541+0000] {processor.py:183} INFO - Processing /opt/airflow/dags/monitoring_pipeline_dag.py took 0.069 seconds
[2026-04-27T12:45:43.778+0000] {processor.py:161} INFO - Started process (PID=1972) to work on /opt/airflow/dags/monitoring_pipeline_dag.py
[2026-04-27T12:45:43.779+0000] {processor.py:830} INFO - Processing file /opt/airflow/dags/monitoring_pipeline_dag.py for tasks to queue
[2026-04-27T12:45:43.780+0000] {logging_mixin.py:188} INFO - [2026-04-27T12:45:43.780+0000] {dagbag.py:545} INFO - Filling up the DagBag from /opt/airflow/dags/monitoring_pipeline_dag.py
[2026-04-27T12:45:43.789+0000] {processor.py:840} INFO - DAG(s) 'monitoring_pipeline' retrieved from /opt/airflow/dags/monitoring_pipeline_dag.py
[2026-04-27T12:45:43.810+0000] {logging_mixin.py:188} INFO - [2026-04-27T12:45:43.810+0000] {dag.py:3096} INFO - Sync 1 DAGs
[2026-04-27T12:45:43.826+0000] {logging_mixin.py:188} INFO - [2026-04-27T12:45:43.825+0000] {dag.py:3954} INFO - Setting next_dagrun for monitoring_pipeline to 2026-04-27 00:00:00+00:00, run_after=2026-04-28 00:00:00+00:00
[2026-04-27T12:45:43.840+0000] {processor.py:183} INFO - Processing /opt/airflow/dags/monitoring_pipeline_dag.py took 0.067 seconds
[2026-04-27T12:46:14.066+0000] {processor.py:161} INFO - Started process (PID=1987) to work on /opt/airflow/dags/monitoring_pipeline_dag.py
[2026-04-27T12:46:14.068+0000] {processor.py:830} INFO - Processing file /opt/airflow/dags/monitoring_pipeline_dag.py for tasks to queue
[2026-04-27T12:46:14.070+0000] {logging_mixin.py:188} INFO - [2026-04-27T12:46:14.070+0000] {dagbag.py:545} INFO - Filling up the DagBag from /opt/airflow/dags/monitoring_pipeline_dag.py
[2026-04-27T12:46:14.078+0000] {processor.py:840} INFO - DAG(s) 'monitoring_pipeline' retrieved from /opt/airflow/dags/monitoring_pipeline_dag.py
[2026-04-27T12:46:14.099+0000] {logging_mixin.py:188} INFO - [2026-04-27T12:46:14.099+0000] {dag.py:3096} INFO - Sync 1 DAGs
[2026-04-27T12:46:14.116+0000] {logging_mixin.py:188} INFO - [2026-04-27T12:46:14.115+0000] {dag.py:3954} INFO - Setting next_dagrun for monitoring_pipeline to 2026-04-27 00:00:00+00:00, run_after=2026-04-28 00:00:00+00:00
[2026-04-27T12:46:14.129+0000] {processor.py:183} INFO - Processing /opt/airflow/dags/monitoring_pipeline_dag.py took 0.067 seconds
[2026-04-27T12:46:44.414+0000] {processor.py:161} INFO - Started process (PID=2002) to work on /opt/airflow/dags/monitoring_pipeline_dag.py
[2026-04-27T12:46:44.417+0000] {processor.py:830} INFO - Processing file /opt/airflow/dags/monitoring_pipeline_dag.py for tasks to queue
[2026-04-27T12:46:44.418+0000] {logging_mixin.py:188} INFO - [2026-04-27T12:46:44.418+0000] {dagbag.py:545} INFO - Filling up the DagBag from /opt/airflow/dags/monitoring_pipeline_dag.py
[2026-04-27T12:46:44.427+0000] {processor.py:840} INFO - DAG(s) 'monitoring_pipeline' retrieved from /opt/airflow/dags/monitoring_pipeline_dag.py
[2026-04-27T12:46:44.447+0000] {logging_mixin.py:188} INFO - [2026-04-27T12:46:44.447+0000] {dag.py:3096} INFO - Sync 1 DAGs
[2026-04-27T12:46:44.463+0000] {logging_mixin.py:188} INFO - [2026-04-27T12:46:44.462+0000] {dag.py:3954} INFO - Setting next_dagrun for monitoring_pipeline to 2026-04-27 00:00:00+00:00, run_after=2026-04-28 00:00:00+00:00
[2026-04-27T12:46:44.478+0000] {processor.py:183} INFO - Processing /opt/airflow/dags/monitoring_pipeline_dag.py took 0.068 seconds
[2026-04-27T12:47:14.708+0000] {processor.py:161} INFO - Started process (PID=2017) to work on /opt/airflow/dags/monitoring_pipeline_dag.py
[2026-04-27T12:47:14.711+0000] {processor.py:830} INFO - Processing file /opt/airflow/dags/monitoring_pipeline_dag.py for tasks to queue
[2026-04-27T12:47:14.712+0000] {logging_mixin.py:188} INFO - [2026-04-27T12:47:14.712+0000] {dagbag.py:545} INFO - Filling up the DagBag from /opt/airflow/dags/monitoring_pipeline_dag.py
[2026-04-27T12:47:14.720+0000] {processor.py:840} INFO - DAG(s) 'monitoring_pipeline' retrieved from /opt/airflow/dags/monitoring_pipeline_dag.py
[2026-04-27T12:47:14.741+0000] {logging_mixin.py:188} INFO - [2026-04-27T12:47:14.741+0000] {dag.py:3096} INFO - Sync 1 DAGs
[2026-04-27T12:47:14.757+0000] {logging_mixin.py:188} INFO - [2026-04-27T12:47:14.757+0000] {dag.py:3954} INFO - Setting next_dagrun for monitoring_pipeline to 2026-04-27 00:00:00+00:00, run_after=2026-04-28 00:00:00+00:00
[2026-04-27T12:47:14.772+0000] {processor.py:183} INFO - Processing /opt/airflow/dags/monitoring_pipeline_dag.py took 0.068 seconds
[2026-04-27T12:47:44.993+0000] {processor.py:161} INFO - Started process (PID=2032) to work on /opt/airflow/dags/monitoring_pipeline_dag.py
[2026-04-27T12:47:44.993+0000] {processor.py:830} INFO - Processing file /opt/airflow/dags/monitoring_pipeline_dag.py for tasks to queue
[2026-04-27T12:47:44.995+0000] {logging_mixin.py:188} INFO - [2026-04-27T12:47:44.995+0000] {dagbag.py:545} INFO - Filling up the DagBag from /opt/airflow/dags/monitoring_pipeline_dag.py
[2026-04-27T12:47:45.003+0000] {processor.py:840} INFO - DAG(s) 'monitoring_pipeline' retrieved from /opt/airflow/dags/monitoring_pipeline_dag.py
[2026-04-27T12:47:45.025+0000] {logging_mixin.py:188} INFO - [2026-04-27T12:47:45.025+0000] {dag.py:3096} INFO - Sync 1 DAGs
[2026-04-27T12:47:45.040+0000] {logging_mixin.py:188} INFO - [2026-04-27T12:47:45.040+0000] {dag.py:3954} INFO - Setting next_dagrun for monitoring_pipeline to 2026-04-27 00:00:00+00:00, run_after=2026-04-28 00:00:00+00:00
[2026-04-27T12:47:45.055+0000] {processor.py:183} INFO - Processing /opt/airflow/dags/monitoring_pipeline_dag.py took 0.066 seconds
[2026-04-27T12:48:15.294+0000] {processor.py:161} INFO - Started process (PID=2047) to work on /opt/airflow/dags/monitoring_pipeline_dag.py
[2026-04-27T12:48:15.296+0000] {processor.py:830} INFO - Processing file /opt/airflow/dags/monitoring_pipeline_dag.py for tasks to queue
[2026-04-27T12:48:15.297+0000] {logging_mixin.py:188} INFO - [2026-04-27T12:48:15.297+0000] {dagbag.py:545} INFO - Filling up the DagBag from /opt/airflow/dags/monitoring_pipeline_dag.py
[2026-04-27T12:48:15.306+0000] {processor.py:840} INFO - DAG(s) 'monitoring_pipeline' retrieved from /opt/airflow/dags/monitoring_pipeline_dag.py
[2026-04-27T12:48:15.328+0000] {logging_mixin.py:188} INFO - [2026-04-27T12:48:15.328+0000] {dag.py:3096} INFO - Sync 1 DAGs
[2026-04-27T12:48:15.344+0000] {logging_mixin.py:188} INFO - [2026-04-27T12:48:15.344+0000] {dag.py:3954} INFO - Setting next_dagrun for monitoring_pipeline to 2026-04-27 00:00:00+00:00, run_after=2026-04-28 00:00:00+00:00
[2026-04-27T12:48:15.358+0000] {processor.py:183} INFO - Processing /opt/airflow/dags/monitoring_pipeline_dag.py took 0.069 seconds
[2026-04-27T12:48:45.563+0000] {processor.py:161} INFO - Started process (PID=2062) to work on /opt/airflow/dags/monitoring_pipeline_dag.py
[2026-04-27T12:48:45.563+0000] {processor.py:830} INFO - Processing file /opt/airflow/dags/monitoring_pipeline_dag.py for tasks to queue
[2026-04-27T12:48:45.565+0000] {logging_mixin.py:188} INFO - [2026-04-27T12:48:45.565+0000] {dagbag.py:545} INFO - Filling up the DagBag from /opt/airflow/dags/monitoring_pipeline_dag.py
[2026-04-27T12:48:45.573+0000] {processor.py:840} INFO - DAG(s) 'monitoring_pipeline' retrieved from /opt/airflow/dags/monitoring_pipeline_dag.py
[2026-04-27T12:48:45.594+0000] {logging_mixin.py:188} INFO - [2026-04-27T12:48:45.594+0000] {dag.py:3096} INFO - Sync 1 DAGs
[2026-04-27T12:48:45.610+0000] {logging_mixin.py:188} INFO - [2026-04-27T12:48:45.610+0000] {dag.py:3954} INFO - Setting next_dagrun for monitoring_pipeline to 2026-04-27 00:00:00+00:00, run_after=2026-04-28 00:00:00+00:00
[2026-04-27T12:48:45.623+0000] {processor.py:183} INFO - Processing /opt/airflow/dags/monitoring_pipeline_dag.py took 0.065 seconds
[2026-04-27T12:49:15.819+0000] {processor.py:161} INFO - Started process (PID=2077) to work on /opt/airflow/dags/monitoring_pipeline_dag.py
[2026-04-27T12:49:15.821+0000] {processor.py:830} INFO - Processing file /opt/airflow/dags/monitoring_pipeline_dag.py for tasks to queue
[2026-04-27T12:49:15.823+0000] {logging_mixin.py:188} INFO - [2026-04-27T12:49:15.822+0000] {dagbag.py:545} INFO - Filling up the DagBag from /opt/airflow/dags/monitoring_pipeline_dag.py
[2026-04-27T12:49:15.830+0000] {processor.py:840} INFO - DAG(s) 'monitoring_pipeline' retrieved from /opt/airflow/dags/monitoring_pipeline_dag.py
[2026-04-27T12:49:15.850+0000] {logging_mixin.py:188} INFO - [2026-04-27T12:49:15.850+0000] {dag.py:3096} INFO - Sync 1 DAGs
[2026-04-27T12:49:15.865+0000] {logging_mixin.py:188} INFO - [2026-04-27T12:49:15.865+0000] {dag.py:3954} INFO - Setting next_dagrun for monitoring_pipeline to 2026-04-27 00:00:00+00:00, run_after=2026-04-28 00:00:00+00:00
[2026-04-27T12:49:15.882+0000] {processor.py:183} INFO - Processing /opt/airflow/dags/monitoring_pipeline_dag.py took 0.067 seconds
[2026-04-27T12:49:46.090+0000] {processor.py:161} INFO - Started process (PID=2092) to work on /opt/airflow/dags/monitoring_pipeline_dag.py
[2026-04-27T12:49:46.091+0000] {processor.py:830} INFO - Processing file /opt/airflow/dags/monitoring_pipeline_dag.py for tasks to queue
[2026-04-27T12:49:46.092+0000] {logging_mixin.py:188} INFO - [2026-04-27T12:49:46.092+0000] {dagbag.py:545} INFO - Filling up the DagBag from /opt/airflow/dags/monitoring_pipeline_dag.py
[2026-04-27T12:49:46.101+0000] {processor.py:840} INFO - DAG(s) 'monitoring_pipeline' retrieved from /opt/airflow/dags/monitoring_pipeline_dag.py
[2026-04-27T12:49:46.122+0000] {logging_mixin.py:188} INFO - [2026-04-27T12:49:46.122+0000] {dag.py:3096} INFO - Sync 1 DAGs
[2026-04-27T12:49:46.137+0000] {logging_mixin.py:188} INFO - [2026-04-27T12:49:46.137+0000] {dag.py:3954} INFO - Setting next_dagrun for monitoring_pipeline to 2026-04-27 00:00:00+00:00, run_after=2026-04-28 00:00:00+00:00
[2026-04-27T12:49:46.152+0000] {processor.py:183} INFO - Processing /opt/airflow/dags/monitoring_pipeline_dag.py took 0.067 seconds
[2026-04-27T12:50:16.694+0000] {processor.py:161} INFO - Started process (PID=2107) to work on /opt/airflow/dags/monitoring_pipeline_dag.py
[2026-04-27T12:50:16.695+0000] {processor.py:830} INFO - Processing file /opt/airflow/dags/monitoring_pipeline_dag.py for tasks to queue
[2026-04-27T12:50:16.697+0000] {logging_mixin.py:188} INFO - [2026-04-27T12:50:16.696+0000] {dagbag.py:545} INFO - Filling up the DagBag from /opt/airflow/dags/monitoring_pipeline_dag.py
[2026-04-27T12:50:16.704+0000] {processor.py:840} INFO - DAG(s) 'monitoring_pipeline' retrieved from /opt/airflow/dags/monitoring_pipeline_dag.py
[2026-04-27T12:50:16.727+0000] {logging_mixin.py:188} INFO - [2026-04-27T12:50:16.727+0000] {dag.py:3096} INFO - Sync 1 DAGs
[2026-04-27T12:50:16.744+0000] {logging_mixin.py:188} INFO - [2026-04-27T12:50:16.743+0000] {dag.py:3954} INFO - Setting next_dagrun for monitoring_pipeline to 2026-04-27 00:00:00+00:00, run_after=2026-04-28 00:00:00+00:00
[2026-04-27T12:50:16.757+0000] {processor.py:183} INFO - Processing /opt/airflow/dags/monitoring_pipeline_dag.py took 0.068 seconds
[2026-04-27T12:50:47.250+0000] {processor.py:161} INFO - Started process (PID=2122) to work on /opt/airflow/dags/monitoring_pipeline_dag.py
[2026-04-27T12:50:47.250+0000] {processor.py:830} INFO - Processing file /opt/airflow/dags/monitoring_pipeline_dag.py for tasks to queue
[2026-04-27T12:50:47.252+0000] {logging_mixin.py:188} INFO - [2026-04-27T12:50:47.251+0000] {dagbag.py:545} INFO - Filling up the DagBag from /opt/airflow/dags/monitoring_pipeline_dag.py
[2026-04-27T12:50:47.260+0000] {processor.py:840} INFO - DAG(s) 'monitoring_pipeline' retrieved from /opt/airflow/dags/monitoring_pipeline_dag.py
[2026-04-27T12:50:47.283+0000] {logging_mixin.py:188} INFO - [2026-04-27T12:50:47.283+0000] {dag.py:3096} INFO - Sync 1 DAGs
[2026-04-27T12:50:47.299+0000] {logging_mixin.py:188} INFO - [2026-04-27T12:50:47.299+0000] {dag.py:3954} INFO - Setting next_dagrun for monitoring_pipeline to 2026-04-27 00:00:00+00:00, run_after=2026-04-28 00:00:00+00:00
[2026-04-27T12:50:47.314+0000] {processor.py:183} INFO - Processing /opt/airflow/dags/monitoring_pipeline_dag.py took 0.069 seconds
[2026-04-27T12:51:17.655+0000] {processor.py:161} INFO - Started process (PID=2137) to work on /opt/airflow/dags/monitoring_pipeline_dag.py
[2026-04-27T12:51:17.657+0000] {processor.py:830} INFO - Processing file /opt/airflow/dags/monitoring_pipeline_dag.py for tasks to queue
[2026-04-27T12:51:17.658+0000] {logging_mixin.py:188} INFO - [2026-04-27T12:51:17.658+0000] {dagbag.py:545} INFO - Filling up the DagBag from /opt/airflow/dags/monitoring_pipeline_dag.py
[2026-04-27T12:51:17.667+0000] {processor.py:840} INFO - DAG(s) 'monitoring_pipeline' retrieved from /opt/airflow/dags/monitoring_pipeline_dag.py
[2026-04-27T12:51:17.686+0000] {logging_mixin.py:188} INFO - [2026-04-27T12:51:17.686+0000] {dag.py:3096} INFO - Sync 1 DAGs
[2026-04-27T12:51:17.702+0000] {logging_mixin.py:188} INFO - [2026-04-27T12:51:17.702+0000] {dag.py:3954} INFO - Setting next_dagrun for monitoring_pipeline to 2026-04-27 00:00:00+00:00, run_after=2026-04-28 00:00:00+00:00
[2026-04-27T12:51:17.715+0000] {processor.py:183} INFO - Processing /opt/airflow/dags/monitoring_pipeline_dag.py took 0.064 seconds
[2026-04-27T12:51:47.903+0000] {processor.py:161} INFO - Started process (PID=2152) to work on /opt/airflow/dags/monitoring_pipeline_dag.py
[2026-04-27T12:51:47.904+0000] {processor.py:830} INFO - Processing file /opt/airflow/dags/monitoring_pipeline_dag.py for tasks to queue
[2026-04-27T12:51:47.905+0000] {logging_mixin.py:188} INFO - [2026-04-27T12:51:47.905+0000] {dagbag.py:545} INFO - Filling up the DagBag from /opt/airflow/dags/monitoring_pipeline_dag.py
[2026-04-27T12:51:47.914+0000] {processor.py:840} INFO - DAG(s) 'monitoring_pipeline' retrieved from /opt/airflow/dags/monitoring_pipeline_dag.py
[2026-04-27T12:51:47.936+0000] {logging_mixin.py:188} INFO - [2026-04-27T12:51:47.936+0000] {dag.py:3096} INFO - Sync 1 DAGs
[2026-04-27T12:51:47.954+0000] {logging_mixin.py:188} INFO - [2026-04-27T12:51:47.953+0000] {dag.py:3954} INFO - Setting next_dagrun for monitoring_pipeline to 2026-04-27 00:00:00+00:00, run_after=2026-04-28 00:00:00+00:00
[2026-04-27T12:51:47.972+0000] {processor.py:183} INFO - Processing /opt/airflow/dags/monitoring_pipeline_dag.py took 0.073 seconds
[2026-04-27T12:52:18.153+0000] {processor.py:161} INFO - Started process (PID=2167) to work on /opt/airflow/dags/monitoring_pipeline_dag.py
[2026-04-27T12:52:18.154+0000] {processor.py:830} INFO - Processing file /opt/airflow/dags/monitoring_pipeline_dag.py for tasks to queue
[2026-04-27T12:52:18.155+0000] {logging_mixin.py:188} INFO - [2026-04-27T12:52:18.155+0000] {dagbag.py:545} INFO - Filling up the DagBag from /opt/airflow/dags/monitoring_pipeline_dag.py
[2026-04-27T12:52:18.164+0000] {processor.py:840} INFO - DAG(s) 'monitoring_pipeline' retrieved from /opt/airflow/dags/monitoring_pipeline_dag.py
[2026-04-27T12:52:18.185+0000] {logging_mixin.py:188} INFO - [2026-04-27T12:52:18.185+0000] {dag.py:3096} INFO - Sync 1 DAGs
[2026-04-27T12:52:18.202+0000] {logging_mixin.py:188} INFO - [2026-04-27T12:52:18.202+0000] {dag.py:3954} INFO - Setting next_dagrun for monitoring_pipeline to 2026-04-27 00:00:00+00:00, run_after=2026-04-28 00:00:00+00:00
[2026-04-27T12:52:18.216+0000] {processor.py:183} INFO - Processing /opt/airflow/dags/monitoring_pipeline_dag.py took 0.068 seconds
[2026-04-27T12:52:48.419+0000] {processor.py:161} INFO - Started process (PID=2182) to work on /opt/airflow/dags/monitoring_pipeline_dag.py
[2026-04-27T12:52:48.420+0000] {processor.py:830} INFO - Processing file /opt/airflow/dags/monitoring_pipeline_dag.py for tasks to queue
[2026-04-27T12:52:48.422+0000] {logging_mixin.py:188} INFO - [2026-04-27T12:52:48.421+0000] {dagbag.py:545} INFO - Filling up the DagBag from /opt/airflow/dags/monitoring_pipeline_dag.py
[2026-04-27T12:52:48.430+0000] {processor.py:840} INFO - DAG(s) 'monitoring_pipeline' retrieved from /opt/airflow/dags/monitoring_pipeline_dag.py
[2026-04-27T12:52:48.452+0000] {logging_mixin.py:188} INFO - [2026-04-27T12:52:48.452+0000] {dag.py:3096} INFO - Sync 1 DAGs
[2026-04-27T12:52:48.469+0000] {logging_mixin.py:188} INFO - [2026-04-27T12:52:48.469+0000] {dag.py:3954} INFO - Setting next_dagrun for monitoring_pipeline to 2026-04-27 00:00:00+00:00, run_after=2026-04-28 00:00:00+00:00
[2026-04-27T12:52:48.484+0000] {processor.py:183} INFO - Processing /opt/airflow/dags/monitoring_pipeline_dag.py took 0.070 seconds
[2026-04-27T12:53:18.700+0000] {processor.py:161} INFO - Started process (PID=2197) to work on /opt/airflow/dags/monitoring_pipeline_dag.py
[2026-04-27T12:53:18.703+0000] {processor.py:830} INFO - Processing file /opt/airflow/dags/monitoring_pipeline_dag.py for tasks to queue
[2026-04-27T12:53:18.704+0000] {logging_mixin.py:188} INFO - [2026-04-27T12:53:18.704+0000] {dagbag.py:545} INFO - Filling up the DagBag from /opt/airflow/dags/monitoring_pipeline_dag.py
[2026-04-27T12:53:18.712+0000] {processor.py:840} INFO - DAG(s) 'monitoring_pipeline' retrieved from /opt/airflow/dags/monitoring_pipeline_dag.py
[2026-04-27T12:53:18.733+0000] {logging_mixin.py:188} INFO - [2026-04-27T12:53:18.733+0000] {dag.py:3096} INFO - Sync 1 DAGs
[2026-04-27T12:53:18.749+0000] {logging_mixin.py:188} INFO - [2026-04-27T12:53:18.749+0000] {dag.py:3954} INFO - Setting next_dagrun for monitoring_pipeline to 2026-04-27 00:00:00+00:00, run_after=2026-04-28 00:00:00+00:00
[2026-04-27T12:53:18.763+0000] {processor.py:183} INFO - Processing /opt/airflow/dags/monitoring_pipeline_dag.py took 0.068 seconds
[2026-04-27T12:53:48.983+0000] {processor.py:161} INFO - Started process (PID=2212) to work on /opt/airflow/dags/monitoring_pipeline_dag.py
[2026-04-27T12:53:48.985+0000] {processor.py:830} INFO - Processing file /opt/airflow/dags/monitoring_pipeline_dag.py for tasks to queue
[2026-04-27T12:53:48.987+0000] {logging_mixin.py:188} INFO - [2026-04-27T12:53:48.987+0000] {dagbag.py:545} INFO - Filling up the DagBag from /opt/airflow/dags/monitoring_pipeline_dag.py
[2026-04-27T12:53:48.994+0000] {processor.py:840} INFO - DAG(s) 'monitoring_pipeline' retrieved from /opt/airflow/dags/monitoring_pipeline_dag.py
[2026-04-27T12:53:49.015+0000] {logging_mixin.py:188} INFO - [2026-04-27T12:53:49.015+0000] {dag.py:3096} INFO - Sync 1 DAGs
[2026-04-27T12:53:49.031+0000] {logging_mixin.py:188} INFO - [2026-04-27T12:53:49.030+0000] {dag.py:3954} INFO - Setting next_dagrun for monitoring_pipeline to 2026-04-27 00:00:00+00:00, run_after=2026-04-28 00:00:00+00:00
[2026-04-27T12:53:49.045+0000] {processor.py:183} INFO - Processing /opt/airflow/dags/monitoring_pipeline_dag.py took 0.066 seconds
[2026-04-27T12:54:19.266+0000] {processor.py:161} INFO - Started process (PID=2227) to work on /opt/airflow/dags/monitoring_pipeline_dag.py
[2026-04-27T12:54:19.267+0000] {processor.py:830} INFO - Processing file /opt/airflow/dags/monitoring_pipeline_dag.py for tasks to queue
[2026-04-27T12:54:19.268+0000] {logging_mixin.py:188} INFO - [2026-04-27T12:54:19.268+0000] {dagbag.py:545} INFO - Filling up the DagBag from /opt/airflow/dags/monitoring_pipeline_dag.py
[2026-04-27T12:54:19.276+0000] {processor.py:840} INFO - DAG(s) 'monitoring_pipeline' retrieved from /opt/airflow/dags/monitoring_pipeline_dag.py
[2026-04-27T12:54:19.297+0000] {logging_mixin.py:188} INFO - [2026-04-27T12:54:19.297+0000] {dag.py:3096} INFO - Sync 1 DAGs
[2026-04-27T12:54:19.313+0000] {logging_mixin.py:188} INFO - [2026-04-27T12:54:19.313+0000] {dag.py:3954} INFO - Setting next_dagrun for monitoring_pipeline to 2026-04-27 00:00:00+00:00, run_after=2026-04-28 00:00:00+00:00
[2026-04-27T12:54:19.328+0000] {processor.py:183} INFO - Processing /opt/airflow/dags/monitoring_pipeline_dag.py took 0.067 seconds
[2026-04-27T12:54:49.562+0000] {processor.py:161} INFO - Started process (PID=2242) to work on /opt/airflow/dags/monitoring_pipeline_dag.py
[2026-04-27T12:54:49.565+0000] {processor.py:830} INFO - Processing file /opt/airflow/dags/monitoring_pipeline_dag.py for tasks to queue
[2026-04-27T12:54:49.566+0000] {logging_mixin.py:188} INFO - [2026-04-27T12:54:49.566+0000] {dagbag.py:545} INFO - Filling up the DagBag from /opt/airflow/dags/monitoring_pipeline_dag.py
[2026-04-27T12:54:49.574+0000] {processor.py:840} INFO - DAG(s) 'monitoring_pipeline' retrieved from /opt/airflow/dags/monitoring_pipeline_dag.py
[2026-04-27T12:54:49.595+0000] {logging_mixin.py:188} INFO - [2026-04-27T12:54:49.595+0000] {dag.py:3096} INFO - Sync 1 DAGs
[2026-04-27T12:54:49.610+0000] {logging_mixin.py:188} INFO - [2026-04-27T12:54:49.610+0000] {dag.py:3954} INFO - Setting next_dagrun for monitoring_pipeline to 2026-04-27 00:00:00+00:00, run_after=2026-04-28 00:00:00+00:00
[2026-04-27T12:54:49.626+0000] {processor.py:183} INFO - Processing /opt/airflow/dags/monitoring_pipeline_dag.py took 0.068 seconds
[2026-04-27T12:55:19.830+0000] {processor.py:161} INFO - Started process (PID=2257) to work on /opt/airflow/dags/monitoring_pipeline_dag.py
[2026-04-27T12:55:19.830+0000] {processor.py:830} INFO - Processing file /opt/airflow/dags/monitoring_pipeline_dag.py for tasks to queue
[2026-04-27T12:55:19.832+0000] {logging_mixin.py:188} INFO - [2026-04-27T12:55:19.831+0000] {dagbag.py:545} INFO - Filling up the DagBag from /opt/airflow/dags/monitoring_pipeline_dag.py
[2026-04-27T12:55:19.841+0000] {processor.py:840} INFO - DAG(s) 'monitoring_pipeline' retrieved from /opt/airflow/dags/monitoring_pipeline_dag.py
[2026-04-27T12:55:19.861+0000] {logging_mixin.py:188} INFO - [2026-04-27T12:55:19.861+0000] {dag.py:3096} INFO - Sync 1 DAGs
[2026-04-27T12:55:19.878+0000] {logging_mixin.py:188} INFO - [2026-04-27T12:55:19.878+0000] {dag.py:3954} INFO - Setting next_dagrun for monitoring_pipeline to 2026-04-27 00:00:00+00:00, run_after=2026-04-28 00:00:00+00:00
[2026-04-27T12:55:19.894+0000] {processor.py:183} INFO - Processing /opt/airflow/dags/monitoring_pipeline_dag.py took 0.069 seconds
[2026-04-27T12:55:50.145+0000] {processor.py:161} INFO - Started process (PID=2272) to work on /opt/airflow/dags/monitoring_pipeline_dag.py
[2026-04-27T12:55:50.147+0000] {processor.py:830} INFO - Processing file /opt/airflow/dags/monitoring_pipeline_dag.py for tasks to queue
[2026-04-27T12:55:50.149+0000] {logging_mixin.py:188} INFO - [2026-04-27T12:55:50.148+0000] {dagbag.py:545} INFO - Filling up the DagBag from /opt/airflow/dags/monitoring_pipeline_dag.py
[2026-04-27T12:55:50.157+0000] {processor.py:840} INFO - DAG(s) 'monitoring_pipeline' retrieved from /opt/airflow/dags/monitoring_pipeline_dag.py
[2026-04-27T12:55:50.178+0000] {logging_mixin.py:188} INFO - [2026-04-27T12:55:50.177+0000] {dag.py:3096} INFO - Sync 1 DAGs
[2026-04-27T12:55:50.194+0000] {logging_mixin.py:188} INFO - [2026-04-27T12:55:50.194+0000] {dag.py:3954} INFO - Setting next_dagrun for monitoring_pipeline to 2026-04-27 00:00:00+00:00, run_after=2026-04-28 00:00:00+00:00
[2026-04-27T12:55:50.208+0000] {processor.py:183} INFO - Processing /opt/airflow/dags/monitoring_pipeline_dag.py took 0.068 seconds
[2026-04-27T12:56:20.401+0000] {processor.py:161} INFO - Started process (PID=2287) to work on /opt/airflow/dags/monitoring_pipeline_dag.py
[2026-04-27T12:56:20.401+0000] {processor.py:830} INFO - Processing file /opt/airflow/dags/monitoring_pipeline_dag.py for tasks to queue
[2026-04-27T12:56:20.403+0000] {logging_mixin.py:188} INFO - [2026-04-27T12:56:20.402+0000] {dagbag.py:545} INFO - Filling up the DagBag from /opt/airflow/dags/monitoring_pipeline_dag.py
[2026-04-27T12:56:20.412+0000] {processor.py:840} INFO - DAG(s) 'monitoring_pipeline' retrieved from /opt/airflow/dags/monitoring_pipeline_dag.py
[2026-04-27T12:56:20.436+0000] {logging_mixin.py:188} INFO - [2026-04-27T12:56:20.436+0000] {dag.py:3096} INFO - Sync 1 DAGs
[2026-04-27T12:56:20.454+0000] {logging_mixin.py:188} INFO - [2026-04-27T12:56:20.454+0000] {dag.py:3954} INFO - Setting next_dagrun for monitoring_pipeline to 2026-04-27 00:00:00+00:00, run_after=2026-04-28 00:00:00+00:00
[2026-04-27T12:56:20.468+0000] {processor.py:183} INFO - Processing /opt/airflow/dags/monitoring_pipeline_dag.py took 0.073 seconds
[2026-04-27T12:56:50.848+0000] {processor.py:161} INFO - Started process (PID=2302) to work on /opt/airflow/dags/monitoring_pipeline_dag.py
[2026-04-27T12:56:50.851+0000] {processor.py:830} INFO - Processing file /opt/airflow/dags/monitoring_pipeline_dag.py for tasks to queue
[2026-04-27T12:56:50.852+0000] {logging_mixin.py:188} INFO - [2026-04-27T12:56:50.852+0000] {dagbag.py:545} INFO - Filling up the DagBag from /opt/airflow/dags/monitoring_pipeline_dag.py
[2026-04-27T12:56:50.861+0000] {processor.py:840} INFO - DAG(s) 'monitoring_pipeline' retrieved from /opt/airflow/dags/monitoring_pipeline_dag.py
[2026-04-27T12:56:50.883+0000] {logging_mixin.py:188} INFO - [2026-04-27T12:56:50.883+0000] {dag.py:3096} INFO - Sync 1 DAGs
[2026-04-27T12:56:50.899+0000] {logging_mixin.py:188} INFO - [2026-04-27T12:56:50.899+0000] {dag.py:3954} INFO - Setting next_dagrun for monitoring_pipeline to 2026-04-27 00:00:00+00:00, run_after=2026-04-28 00:00:00+00:00
[2026-04-27T12:56:50.914+0000] {processor.py:183} INFO - Processing /opt/airflow/dags/monitoring_pipeline_dag.py took 0.070 seconds
[2026-04-27T12:57:21.588+0000] {processor.py:161} INFO - Started process (PID=2317) to work on /opt/airflow/dags/monitoring_pipeline_dag.py
[2026-04-27T12:57:21.588+0000] {processor.py:830} INFO - Processing file /opt/airflow/dags/monitoring_pipeline_dag.py for tasks to queue
[2026-04-27T12:57:21.590+0000] {logging_mixin.py:188} INFO - [2026-04-27T12:57:21.590+0000] {dagbag.py:545} INFO - Filling up the DagBag from /opt/airflow/dags/monitoring_pipeline_dag.py
[2026-04-27T12:57:21.598+0000] {processor.py:840} INFO - DAG(s) 'monitoring_pipeline' retrieved from /opt/airflow/dags/monitoring_pipeline_dag.py
[2026-04-27T12:57:21.619+0000] {logging_mixin.py:188} INFO - [2026-04-27T12:57:21.619+0000] {dag.py:3096} INFO - Sync 1 DAGs
[2026-04-27T12:57:21.635+0000] {logging_mixin.py:188} INFO - [2026-04-27T12:57:21.635+0000] {dag.py:3954} INFO - Setting next_dagrun for monitoring_pipeline to 2026-04-27 00:00:00+00:00, run_after=2026-04-28 00:00:00+00:00
[2026-04-27T12:57:21.650+0000] {processor.py:183} INFO - Processing /opt/airflow/dags/monitoring_pipeline_dag.py took 0.066 seconds
[2026-04-27T12:57:52.427+0000] {processor.py:161} INFO - Started process (PID=2332) to work on /opt/airflow/dags/monitoring_pipeline_dag.py
[2026-04-27T12:57:52.429+0000] {processor.py:830} INFO - Processing file /opt/airflow/dags/monitoring_pipeline_dag.py for tasks to queue
[2026-04-27T12:57:52.431+0000] {logging_mixin.py:188} INFO - [2026-04-27T12:57:52.431+0000] {dagbag.py:545} INFO - Filling up the DagBag from /opt/airflow/dags/monitoring_pipeline_dag.py
[2026-04-27T12:57:52.439+0000] {processor.py:840} INFO - DAG(s) 'monitoring_pipeline' retrieved from /opt/airflow/dags/monitoring_pipeline_dag.py
[2026-04-27T12:57:52.459+0000] {logging_mixin.py:188} INFO - [2026-04-27T12:57:52.459+0000] {dag.py:3096} INFO - Sync 1 DAGs
[2026-04-27T12:57:52.475+0000] {logging_mixin.py:188} INFO - [2026-04-27T12:57:52.475+0000] {dag.py:3954} INFO - Setting next_dagrun for monitoring_pipeline to 2026-04-27 00:00:00+00:00, run_after=2026-04-28 00:00:00+00:00
[2026-04-27T12:57:52.489+0000] {processor.py:183} INFO - Processing /opt/airflow/dags/monitoring_pipeline_dag.py took 0.067 seconds
[2026-04-27T12:58:23.202+0000] {processor.py:161} INFO - Started process (PID=2347) to work on /opt/airflow/dags/monitoring_pipeline_dag.py
[2026-04-27T12:58:23.203+0000] {processor.py:830} INFO - Processing file /opt/airflow/dags/monitoring_pipeline_dag.py for tasks to queue
[2026-04-27T12:58:23.204+0000] {logging_mixin.py:188} INFO - [2026-04-27T12:58:23.204+0000] {dagbag.py:545} INFO - Filling up the DagBag from /opt/airflow/dags/monitoring_pipeline_dag.py
[2026-04-27T12:58:23.212+0000] {processor.py:840} INFO - DAG(s) 'monitoring_pipeline' retrieved from /opt/airflow/dags/monitoring_pipeline_dag.py
[2026-04-27T12:58:23.234+0000] {logging_mixin.py:188} INFO - [2026-04-27T12:58:23.233+0000] {dag.py:3096} INFO - Sync 1 DAGs
[2026-04-27T12:58:23.249+0000] {logging_mixin.py:188} INFO - [2026-04-27T12:58:23.249+0000] {dag.py:3954} INFO - Setting next_dagrun for monitoring_pipeline to 2026-04-27 00:00:00+00:00, run_after=2026-04-28 00:00:00+00:00
[2026-04-27T12:58:23.264+0000] {processor.py:183} INFO - Processing /opt/airflow/dags/monitoring_pipeline_dag.py took 0.066 seconds
[2026-04-27T12:58:53.857+0000] {processor.py:161} INFO - Started process (PID=2362) to work on /opt/airflow/dags/monitoring_pipeline_dag.py
[2026-04-27T12:58:53.858+0000] {processor.py:830} INFO - Processing file /opt/airflow/dags/monitoring_pipeline_dag.py for tasks to queue
[2026-04-27T12:58:53.859+0000] {logging_mixin.py:188} INFO - [2026-04-27T12:58:53.859+0000] {dagbag.py:545} INFO - Filling up the DagBag from /opt/airflow/dags/monitoring_pipeline_dag.py
[2026-04-27T12:58:53.867+0000] {processor.py:840} INFO - DAG(s) 'monitoring_pipeline' retrieved from /opt/airflow/dags/monitoring_pipeline_dag.py
[2026-04-27T12:58:53.888+0000] {logging_mixin.py:188} INFO - [2026-04-27T12:58:53.888+0000] {dag.py:3096} INFO - Sync 1 DAGs
[2026-04-27T12:58:53.904+0000] {logging_mixin.py:188} INFO - [2026-04-27T12:58:53.904+0000] {dag.py:3954} INFO - Setting next_dagrun for monitoring_pipeline to 2026-04-27 00:00:00+00:00, run_after=2026-04-28 00:00:00+00:00
[2026-04-27T12:58:53.918+0000] {processor.py:183} INFO - Processing /opt/airflow/dags/monitoring_pipeline_dag.py took 0.065 seconds
[2026-04-27T12:59:24.451+0000] {processor.py:161} INFO - Started process (PID=2377) to work on /opt/airflow/dags/monitoring_pipeline_dag.py
[2026-04-27T12:59:24.452+0000] {processor.py:830} INFO - Processing file /opt/airflow/dags/monitoring_pipeline_dag.py for tasks to queue
[2026-04-27T12:59:24.453+0000] {logging_mixin.py:188} INFO - [2026-04-27T12:59:24.453+0000] {dagbag.py:545} INFO - Filling up the DagBag from /opt/airflow/dags/monitoring_pipeline_dag.py
[2026-04-27T12:59:24.461+0000] {processor.py:840} INFO - DAG(s) 'monitoring_pipeline' retrieved from /opt/airflow/dags/monitoring_pipeline_dag.py
[2026-04-27T12:59:24.483+0000] {logging_mixin.py:188} INFO - [2026-04-27T12:59:24.483+0000] {dag.py:3096} INFO - Sync 1 DAGs
[2026-04-27T12:59:23.498+0000] {logging_mixin.py:188} INFO - [2026-04-27T12:59:23.498+0000] {dag.py:3954} INFO - Setting next_dagrun for monitoring_pipeline to 2026-04-27 00:00:00+00:00, run_after=2026-04-28 00:00:00+00:00
[2026-04-27T12:59:23.513+0000] {processor.py:183} INFO - Processing /opt/airflow/dags/monitoring_pipeline_dag.py took 0.066 seconds
[2026-04-27T12:59:54.111+0000] {processor.py:161} INFO - Started process (PID=2387) to work on /opt/airflow/dags/monitoring_pipeline_dag.py
[2026-04-27T12:59:54.114+0000] {processor.py:830} INFO - Processing file /opt/airflow/dags/monitoring_pipeline_dag.py for tasks to queue
[2026-04-27T12:59:54.115+0000] {logging_mixin.py:188} INFO - [2026-04-27T12:59:54.115+0000] {dagbag.py:545} INFO - Filling up the DagBag from /opt/airflow/dags/monitoring_pipeline_dag.py
[2026-04-27T12:59:54.123+0000] {processor.py:840} INFO - DAG(s) 'monitoring_pipeline' retrieved from /opt/airflow/dags/monitoring_pipeline_dag.py
[2026-04-27T12:59:54.144+0000] {logging_mixin.py:188} INFO - [2026-04-27T12:59:54.144+0000] {dag.py:3096} INFO - Sync 1 DAGs
[2026-04-27T12:59:54.160+0000] {logging_mixin.py:188} INFO - [2026-04-27T12:59:54.160+0000] {dag.py:3954} INFO - Setting next_dagrun for monitoring_pipeline to 2026-04-27 00:00:00+00:00, run_after=2026-04-28 00:00:00+00:00
[2026-04-27T12:59:54.173+0000] {processor.py:183} INFO - Processing /opt/airflow/dags/monitoring_pipeline_dag.py took 0.066 seconds
[2026-04-27T13:00:24.851+0000] {processor.py:161} INFO - Started process (PID=2402) to work on /opt/airflow/dags/monitoring_pipeline_dag.py
[2026-04-27T13:00:24.854+0000] {processor.py:830} INFO - Processing file /opt/airflow/dags/monitoring_pipeline_dag.py for tasks to queue
[2026-04-27T13:00:24.856+0000] {logging_mixin.py:188} INFO - [2026-04-27T13:00:24.855+0000] {dagbag.py:545} INFO - Filling up the DagBag from /opt/airflow/dags/monitoring_pipeline_dag.py
[2026-04-27T13:00:24.863+0000] {processor.py:840} INFO - DAG(s) 'monitoring_pipeline' retrieved from /opt/airflow/dags/monitoring_pipeline_dag.py
[2026-04-27T13:00:24.884+0000] {logging_mixin.py:188} INFO - [2026-04-27T13:00:24.884+0000] {dag.py:3096} INFO - Sync 1 DAGs
[2026-04-27T13:00:24.901+0000] {logging_mixin.py:188} INFO - [2026-04-27T13:00:24.901+0000] {dag.py:3954} INFO - Setting next_dagrun for monitoring_pipeline to 2026-04-27 00:00:00+00:00, run_after=2026-04-28 00:00:00+00:00
[2026-04-27T13:00:24.915+0000] {processor.py:183} INFO - Processing /opt/airflow/dags/monitoring_pipeline_dag.py took 0.068 seconds
[2026-04-27T13:00:55.406+0000] {processor.py:161} INFO - Started process (PID=2417) to work on /opt/airflow/dags/monitoring_pipeline_dag.py
[2026-04-27T13:00:55.407+0000] {processor.py:830} INFO - Processing file /opt/airflow/dags/monitoring_pipeline_dag.py for tasks to queue
[2026-04-27T13:00:55.408+0000] {logging_mixin.py:188} INFO - [2026-04-27T13:00:55.408+0000] {dagbag.py:545} INFO - Filling up the DagBag from /opt/airflow/dags/monitoring_pipeline_dag.py
[2026-04-27T13:00:55.416+0000] {processor.py:840} INFO - DAG(s) 'monitoring_pipeline' retrieved from /opt/airflow/dags/monitoring_pipeline_dag.py
[2026-04-27T13:00:55.437+0000] {logging_mixin.py:188} INFO - [2026-04-27T13:00:55.436+0000] {dag.py:3096} INFO - Sync 1 DAGs
[2026-04-27T13:00:55.453+0000] {logging_mixin.py:188} INFO - [2026-04-27T13:00:55.452+0000] {dag.py:3954} INFO - Setting next_dagrun for monitoring_pipeline to 2026-04-27 00:00:00+00:00, run_after=2026-04-28 00:00:00+00:00
[2026-04-27T13:00:55.465+0000] {processor.py:183} INFO - Processing /opt/airflow/dags/monitoring_pipeline_dag.py took 0.064 seconds
[2026-04-27T13:01:25.853+0000] {processor.py:161} INFO - Started process (PID=2432) to work on /opt/airflow/dags/monitoring_pipeline_dag.py
[2026-04-27T13:01:25.855+0000] {processor.py:830} INFO - Processing file /opt/airflow/dags/monitoring_pipeline_dag.py for tasks to queue
[2026-04-27T13:01:25.857+0000] {logging_mixin.py:188} INFO - [2026-04-27T13:01:25.856+0000] {dagbag.py:545} INFO - Filling up the DagBag from /opt/airflow/dags/monitoring_pipeline_dag.py
[2026-04-27T13:01:25.865+0000] {processor.py:840} INFO - DAG(s) 'monitoring_pipeline' retrieved from /opt/airflow/dags/monitoring_pipeline_dag.py
[2026-04-27T13:01:25.886+0000] {logging_mixin.py:188} INFO - [2026-04-27T13:01:25.885+0000] {dag.py:3096} INFO - Sync 1 DAGs
[2026-04-27T13:01:25.903+0000] {logging_mixin.py:188} INFO - [2026-04-27T13:01:25.903+0000] {dag.py:3954} INFO - Setting next_dagrun for monitoring_pipeline to 2026-04-27 00:00:00+00:00, run_after=2026-04-28 00:00:00+00:00
[2026-04-27T13:01:25.918+0000] {processor.py:183} INFO - Processing /opt/airflow/dags/monitoring_pipeline_dag.py took 0.070 seconds
[2026-04-27T13:01:56.266+0000] {processor.py:161} INFO - Started process (PID=2447) to work on /opt/airflow/dags/monitoring_pipeline_dag.py
[2026-04-27T13:01:56.266+0000] {processor.py:830} INFO - Processing file /opt/airflow/dags/monitoring_pipeline_dag.py for tasks to queue
[2026-04-27T13:01:56.267+0000] {logging_mixin.py:188} INFO - [2026-04-27T13:01:56.267+0000] {dagbag.py:545} INFO - Filling up the DagBag from /opt/airflow/dags/monitoring_pipeline_dag.py
[2026-04-27T13:01:56.276+0000] {processor.py:840} INFO - DAG(s) 'monitoring_pipeline' retrieved from /opt/airflow/dags/monitoring_pipeline_dag.py
[2026-04-27T13:01:56.297+0000] {logging_mixin.py:188} INFO - [2026-04-27T13:01:56.297+0000] {dag.py:3096} INFO - Sync 1 DAGs
[2026-04-27T13:01:56.314+0000] {logging_mixin.py:188} INFO - [2026-04-27T13:01:56.314+0000] {dag.py:3954} INFO - Setting next_dagrun for monitoring_pipeline to 2026-04-27 00:00:00+00:00, run_after=2026-04-28 00:00:00+00:00
[2026-04-27T13:01:56.330+0000] {processor.py:183} INFO - Processing /opt/airflow/dags/monitoring_pipeline_dag.py took 0.069 seconds
[2026-04-27T13:02:26.514+0000] {processor.py:161} INFO - Started process (PID=2462) to work on /opt/airflow/dags/monitoring_pipeline_dag.py
[2026-04-27T13:02:26.517+0000] {processor.py:830} INFO - Processing file /opt/airflow/dags/monitoring_pipeline_dag.py for tasks to queue
[2026-04-27T13:02:26.519+0000] {logging_mixin.py:188} INFO - [2026-04-27T13:02:26.519+0000] {dagbag.py:545} INFO - Filling up the DagBag from /opt/airflow/dags/monitoring_pipeline_dag.py
[2026-04-27T13:02:26.528+0000] {processor.py:840} INFO - DAG(s) 'monitoring_pipeline' retrieved from /opt/airflow/dags/monitoring_pipeline_dag.py
[2026-04-27T13:02:26.553+0000] {logging_mixin.py:188} INFO - [2026-04-27T13:02:26.553+0000] {dag.py:3096} INFO - Sync 1 DAGs
[2026-04-27T13:02:26.571+0000] {logging_mixin.py:188} INFO - [2026-04-27T13:02:26.571+0000] {dag.py:3954} INFO - Setting next_dagrun for monitoring_pipeline to 2026-04-27 00:00:00+00:00, run_after=2026-04-28 00:00:00+00:00
[2026-04-27T13:02:26.586+0000] {processor.py:183} INFO - Processing /opt/airflow/dags/monitoring_pipeline_dag.py took 0.078 seconds
[2026-04-27T13:02:56.791+0000] {processor.py:161} INFO - Started process (PID=2477) to work on /opt/airflow/dags/monitoring_pipeline_dag.py
[2026-04-27T13:02:56.792+0000] {processor.py:830} INFO - Processing file /opt/airflow/dags/monitoring_pipeline_dag.py for tasks to queue
[2026-04-27T13:02:56.793+0000] {logging_mixin.py:188} INFO - [2026-04-27T13:02:56.793+0000] {dagbag.py:545} INFO - Filling up the DagBag from /opt/airflow/dags/monitoring_pipeline_dag.py
[2026-04-27T13:02:56.802+0000] {processor.py:840} INFO - DAG(s) 'monitoring_pipeline' retrieved from /opt/airflow/dags/monitoring_pipeline_dag.py
[2026-04-27T13:02:56.824+0000] {logging_mixin.py:188} INFO - [2026-04-27T13:02:56.823+0000] {dag.py:3096} INFO - Sync 1 DAGs
[2026-04-27T13:02:56.841+0000] {logging_mixin.py:188} INFO - [2026-04-27T13:02:56.841+0000] {dag.py:3954} INFO - Setting next_dagrun for monitoring_pipeline to 2026-04-27 00:00:00+00:00, run_after=2026-04-28 00:00:00+00:00
[2026-04-27T13:02:56.855+0000] {processor.py:183} INFO - Processing /opt/airflow/dags/monitoring_pipeline_dag.py took 0.069 seconds
[2026-04-27T13:03:27.227+0000] {processor.py:161} INFO - Started process (PID=2492) to work on /opt/airflow/dags/monitoring_pipeline_dag.py
[2026-04-27T13:03:27.228+0000] {processor.py:830} INFO - Processing file /opt/airflow/dags/monitoring_pipeline_dag.py for tasks to queue
[2026-04-27T13:03:27.230+0000] {logging_mixin.py:188} INFO - [2026-04-27T13:03:27.230+0000] {dagbag.py:545} INFO - Filling up the DagBag from /opt/airflow/dags/monitoring_pipeline_dag.py
[2026-04-27T13:03:27.239+0000] {processor.py:840} INFO - DAG(s) 'monitoring_pipeline' retrieved from /opt/airflow/dags/monitoring_pipeline_dag.py
[2026-04-27T13:03:27.262+0000] {logging_mixin.py:188} INFO - [2026-04-27T13:03:27.262+0000] {dag.py:3096} INFO - Sync 1 DAGs
[2026-04-27T13:03:27.280+0000] {logging_mixin.py:188} INFO - [2026-04-27T13:03:27.279+0000] {dag.py:3954} INFO - Setting next_dagrun for monitoring_pipeline to 2026-04-27 00:00:00+00:00, run_after=2026-04-28 00:00:00+00:00
[2026-04-27T13:03:27.295+0000] {processor.py:183} INFO - Processing /opt/airflow/dags/monitoring_pipeline_dag.py took 0.074 seconds
[2026-04-27T13:03:57.686+0000] {processor.py:161} INFO - Started process (PID=2507) to work on /opt/airflow/dags/monitoring_pipeline_dag.py
[2026-04-27T13:03:57.687+0000] {processor.py:830} INFO - Processing file /opt/airflow/dags/monitoring_pipeline_dag.py for tasks to queue
[2026-04-27T13:03:57.688+0000] {logging_mixin.py:188} INFO - [2026-04-27T13:03:57.688+0000] {dagbag.py:545} INFO - Filling up the DagBag from /opt/airflow/dags/monitoring_pipeline_dag.py
[2026-04-27T13:03:57.697+0000] {processor.py:840} INFO - DAG(s) 'monitoring_pipeline' retrieved from /opt/airflow/dags/monitoring_pipeline_dag.py
[2026-04-27T13:03:57.718+0000] {logging_mixin.py:188} INFO - [2026-04-27T13:03:57.718+0000] {dag.py:3096} INFO - Sync 1 DAGs
[2026-04-27T13:03:57.736+0000] {logging_mixin.py:188} INFO - [2026-04-27T13:03:57.736+0000] {dag.py:3954} INFO - Setting next_dagrun for monitoring_pipeline to 2026-04-27 00:00:00+00:00, run_after=2026-04-28 00:00:00+00:00
[2026-04-27T13:03:57.752+0000] {processor.py:183} INFO - Processing /opt/airflow/dags/monitoring_pipeline_dag.py took 0.071 seconds
[2026-04-27T13:04:28.070+0000] {processor.py:161} INFO - Started process (PID=2522) to work on /opt/airflow/dags/monitoring_pipeline_dag.py
[2026-04-27T13:04:28.071+0000] {processor.py:830} INFO - Processing file /opt/airflow/dags/monitoring_pipeline_dag.py for tasks to queue
[2026-04-27T13:04:28.073+0000] {logging_mixin.py:188} INFO - [2026-04-27T13:04:28.073+0000] {dagbag.py:545} INFO - Filling up the DagBag from /opt/airflow/dags/monitoring_pipeline_dag.py
[2026-04-27T13:04:28.081+0000] {processor.py:840} INFO - DAG(s) 'monitoring_pipeline' retrieved from /opt/airflow/dags/monitoring_pipeline_dag.py
[2026-04-27T13:04:28.102+0000] {logging_mixin.py:188} INFO - [2026-04-27T13:04:28.101+0000] {dag.py:3096} INFO - Sync 1 DAGs
[2026-04-27T13:04:28.120+0000] {logging_mixin.py:188} INFO - [2026-04-27T13:04:28.120+0000] {dag.py:3954} INFO - Setting next_dagrun for monitoring_pipeline to 2026-04-27 00:00:00+00:00, run_after=2026-04-28 00:00:00+00:00
[2026-04-27T13:04:28.134+0000] {processor.py:183} INFO - Processing /opt/airflow/dags/monitoring_pipeline_dag.py took 0.070 seconds
[2026-04-27T13:04:58.331+0000] {processor.py:161} INFO - Started process (PID=2537) to work on /opt/airflow/dags/monitoring_pipeline_dag.py
[2026-04-27T13:04:58.332+0000] {processor.py:830} INFO - Processing file /opt/airflow/dags/monitoring_pipeline_dag.py for tasks to queue
[2026-04-27T13:04:58.333+0000] {logging_mixin.py:188} INFO - [2026-04-27T13:04:58.333+0000] {dagbag.py:545} INFO - Filling up the DagBag from /opt/airflow/dags/monitoring_pipeline_dag.py
[2026-04-27T13:04:58.341+0000] {processor.py:840} INFO - DAG(s) 'monitoring_pipeline' retrieved from /opt/airflow/dags/monitoring_pipeline_dag.py
[2026-04-27T13:04:58.362+0000] {logging_mixin.py:188} INFO - [2026-04-27T13:04:58.362+0000] {dag.py:3096} INFO - Sync 1 DAGs
[2026-04-27T13:04:58.379+0000] {logging_mixin.py:188} INFO - [2026-04-27T13:04:58.378+0000] {dag.py:3954} INFO - Setting next_dagrun for monitoring_pipeline to 2026-04-27 00:00:00+00:00, run_after=2026-04-28 00:00:00+00:00
[2026-04-27T13:04:58.394+0000] {processor.py:183} INFO - Processing /opt/airflow/dags/monitoring_pipeline_dag.py took 0.068 seconds
[2026-04-27T13:05:28.594+0000] {processor.py:161} INFO - Started process (PID=2552) to work on /opt/airflow/dags/monitoring_pipeline_dag.py
[2026-04-27T13:05:28.595+0000] {processor.py:830} INFO - Processing file /opt/airflow/dags/monitoring_pipeline_dag.py for tasks to queue
[2026-04-27T13:05:28.596+0000] {logging_mixin.py:188} INFO - [2026-04-27T13:05:28.596+0000] {dagbag.py:545} INFO - Filling up the DagBag from /opt/airflow/dags/monitoring_pipeline_dag.py
[2026-04-27T13:05:28.605+0000] {processor.py:840} INFO - DAG(s) 'monitoring_pipeline' retrieved from /opt/airflow/dags/monitoring_pipeline_dag.py
[2026-04-27T13:05:28.626+0000] {logging_mixin.py:188} INFO - [2026-04-27T13:05:28.626+0000] {dag.py:3096} INFO - Sync 1 DAGs
[2026-04-27T13:05:28.643+0000] {logging_mixin.py:188} INFO - [2026-04-27T13:05:28.643+0000] {dag.py:3954} INFO - Setting next_dagrun for monitoring_pipeline to 2026-04-27 00:00:00+00:00, run_after=2026-04-28 00:00:00+00:00
[2026-04-27T13:05:28.656+0000] {processor.py:183} INFO - Processing /opt/airflow/dags/monitoring_pipeline_dag.py took 0.067 seconds
[2026-04-27T13:05:58.846+0000] {processor.py:161} INFO - Started process (PID=2567) to work on /opt/airflow/dags/monitoring_pipeline_dag.py
[2026-04-27T13:05:58.847+0000] {processor.py:830} INFO - Processing file /opt/airflow/dags/monitoring_pipeline_dag.py for tasks to queue
[2026-04-27T13:05:58.848+0000] {logging_mixin.py:188} INFO - [2026-04-27T13:05:58.848+0000] {dagbag.py:545} INFO - Filling up the DagBag from /opt/airflow/dags/monitoring_pipeline_dag.py
[2026-04-27T13:05:58.857+0000] {processor.py:840} INFO - DAG(s) 'monitoring_pipeline' retrieved from /opt/airflow/dags/monitoring_pipeline_dag.py
[2026-04-27T13:05:58.879+0000] {logging_mixin.py:188} INFO - [2026-04-27T13:05:58.879+0000] {dag.py:3096} INFO - Sync 1 DAGs
[2026-04-27T13:05:58.896+0000] {logging_mixin.py:188} INFO - [2026-04-27T13:05:58.896+0000] {dag.py:3954} INFO - Setting next_dagrun for monitoring_pipeline to 2026-04-27 00:00:00+00:00, run_after=2026-04-28 00:00:00+00:00
[2026-04-27T13:05:58.911+0000] {processor.py:183} INFO - Processing /opt/airflow/dags/monitoring_pipeline_dag.py took 0.070 seconds
[2026-04-27T13:06:29.113+0000] {processor.py:161} INFO - Started process (PID=2582) to work on /opt/airflow/dags/monitoring_pipeline_dag.py
[2026-04-27T13:06:29.116+0000] {processor.py:830} INFO - Processing file /opt/airflow/dags/monitoring_pipeline_dag.py for tasks to queue
[2026-04-27T13:06:29.118+0000] {logging_mixin.py:188} INFO - [2026-04-27T13:06:29.117+0000] {dagbag.py:545} INFO - Filling up the DagBag from /opt/airflow/dags/monitoring_pipeline_dag.py
[2026-04-27T13:06:29.126+0000] {processor.py:840} INFO - DAG(s) 'monitoring_pipeline' retrieved from /opt/airflow/dags/monitoring_pipeline_dag.py
[2026-04-27T13:06:29.147+0000] {logging_mixin.py:188} INFO - [2026-04-27T13:06:29.147+0000] {dag.py:3096} INFO - Sync 1 DAGs
[2026-04-27T13:06:29.163+0000] {logging_mixin.py:188} INFO - [2026-04-27T13:06:29.163+0000] {dag.py:3954} INFO - Setting next_dagrun for monitoring_pipeline to 2026-04-27 00:00:00+00:00, run_after=2026-04-28 00:00:00+00:00
[2026-04-27T13:06:29.177+0000] {processor.py:183} INFO - Processing /opt/airflow/dags/monitoring_pipeline_dag.py took 0.069 seconds
[2026-04-27T13:06:59.361+0000] {processor.py:161} INFO - Started process (PID=2597) to work on /opt/airflow/dags/monitoring_pipeline_dag.py
[2026-04-27T13:06:59.364+0000] {processor.py:830} INFO - Processing file /opt/airflow/dags/monitoring_pipeline_dag.py for tasks to queue
[2026-04-27T13:06:59.366+0000] {logging_mixin.py:188} INFO - [2026-04-27T13:06:59.365+0000] {dagbag.py:545} INFO - Filling up the DagBag from /opt/airflow/dags/monitoring_pipeline_dag.py
[2026-04-27T13:06:59.374+0000] {processor.py:840} INFO - DAG(s) 'monitoring_pipeline' retrieved from /opt/airflow/dags/monitoring_pipeline_dag.py
[2026-04-27T13:06:59.398+0000] {logging_mixin.py:188} INFO - [2026-04-27T13:06:59.398+0000] {dag.py:3096} INFO - Sync 1 DAGs
[2026-04-27T13:06:59.416+0000] {logging_mixin.py:188} INFO - [2026-04-27T13:06:59.416+0000] {dag.py:3954} INFO - Setting next_dagrun for monitoring_pipeline to 2026-04-27 00:00:00+00:00, run_after=2026-04-28 00:00:00+00:00
[2026-04-27T13:06:59.429+0000] {processor.py:183} INFO - Processing /opt/airflow/dags/monitoring_pipeline_dag.py took 0.072 seconds
[2026-04-27T13:07:29.638+0000] {processor.py:161} INFO - Started process (PID=2612) to work on /opt/airflow/dags/monitoring_pipeline_dag.py
[2026-04-27T13:07:29.639+0000] {processor.py:830} INFO - Processing file /opt/airflow/dags/monitoring_pipeline_dag.py for tasks to queue
[2026-04-27T13:07:29.640+0000] {logging_mixin.py:188} INFO - [2026-04-27T13:07:29.640+0000] {dagbag.py:545} INFO - Filling up the DagBag from /opt/airflow/dags/monitoring_pipeline_dag.py
[2026-04-27T13:07:29.649+0000] {processor.py:840} INFO - DAG(s) 'monitoring_pipeline' retrieved from /opt/airflow/dags/monitoring_pipeline_dag.py
[2026-04-27T13:07:29.671+0000] {logging_mixin.py:188} INFO - [2026-04-27T13:07:29.670+0000] {dag.py:3096} INFO - Sync 1 DAGs
[2026-04-27T13:07:29.688+0000] {logging_mixin.py:188} INFO - [2026-04-27T13:07:29.688+0000] {dag.py:3954} INFO - Setting next_dagrun for monitoring_pipeline to 2026-04-27 00:00:00+00:00, run_after=2026-04-28 00:00:00+00:00
[2026-04-27T13:07:29.702+0000] {processor.py:183} INFO - Processing /opt/airflow/dags/monitoring_pipeline_dag.py took 0.069 seconds
[2026-04-27T13:07:59.906+0000] {processor.py:161} INFO - Started process (PID=2627) to work on /opt/airflow/dags/monitoring_pipeline_dag.py
[2026-04-27T13:07:59.909+0000] {processor.py:830} INFO - Processing file /opt/airflow/dags/monitoring_pipeline_dag.py for tasks to queue
[2026-04-27T13:07:59.911+0000] {logging_mixin.py:188} INFO - [2026-04-27T13:07:59.910+0000] {dagbag.py:545} INFO - Filling up the DagBag from /opt/airflow/dags/monitoring_pipeline_dag.py
[2026-04-27T13:07:59.919+0000] {processor.py:840} INFO - DAG(s) 'monitoring_pipeline' retrieved from /opt/airflow/dags/monitoring_pipeline_dag.py
[2026-04-27T13:07:59.941+0000] {logging_mixin.py:188} INFO - [2026-04-27T13:07:59.941+0000] {dag.py:3096} INFO - Sync 1 DAGs
[2026-04-27T13:07:59.958+0000] {logging_mixin.py:188} INFO - [2026-04-27T13:07:59.957+0000] {dag.py:3954} INFO - Setting next_dagrun for monitoring_pipeline to 2026-04-27 00:00:00+00:00, run_after=2026-04-28 00:00:00+00:00
[2026-04-27T13:07:59.971+0000] {processor.py:183} INFO - Processing /opt/airflow/dags/monitoring_pipeline_dag.py took 0.070 seconds
[2026-04-27T13:08:30.213+0000] {processor.py:161} INFO - Started process (PID=2642) to work on /opt/airflow/dags/monitoring_pipeline_dag.py
[2026-04-27T13:08:30.216+0000] {processor.py:830} INFO - Processing file /opt/airflow/dags/monitoring_pipeline_dag.py for tasks to queue
[2026-04-27T13:08:30.217+0000] {logging_mixin.py:188} INFO - [2026-04-27T13:08:30.217+0000] {dagbag.py:545} INFO - Filling up the DagBag from /opt/airflow/dags/monitoring_pipeline_dag.py
[2026-04-27T13:08:30.225+0000] {processor.py:840} INFO - DAG(s) 'monitoring_pipeline' retrieved from /opt/airflow/dags/monitoring_pipeline_dag.py
[2026-04-27T13:08:30.246+0000] {logging_mixin.py:188} INFO - [2026-04-27T13:08:30.246+0000] {dag.py:3096} INFO - Sync 1 DAGs
[2026-04-27T13:08:30.261+0000] {logging_mixin.py:188} INFO - [2026-04-27T13:08:30.261+0000] {dag.py:3954} INFO - Setting next_dagrun for monitoring_pipeline to 2026-04-27 00:00:00+00:00, run_after=2026-04-28 00:00:00+00:00
[2026-04-27T13:08:30.276+0000] {processor.py:183} INFO - Processing /opt/airflow/dags/monitoring_pipeline_dag.py took 0.067 seconds
[2026-04-27T13:09:00.476+0000] {processor.py:161} INFO - Started process (PID=2657) to work on /opt/airflow/dags/monitoring_pipeline_dag.py
[2026-04-27T13:09:00.476+0000] {processor.py:830} INFO - Processing file /opt/airflow/dags/monitoring_pipeline_dag.py for tasks to queue
[2026-04-27T13:09:00.478+0000] {logging_mixin.py:188} INFO - [2026-04-27T13:09:00.477+0000] {dagbag.py:545} INFO - Filling up the DagBag from /opt/airflow/dags/monitoring_pipeline_dag.py
[2026-04-27T13:09:00.487+0000] {processor.py:840} INFO - DAG(s) 'monitoring_pipeline' retrieved from /opt/airflow/dags/monitoring_pipeline_dag.py
[2026-04-27T13:09:00.508+0000] {logging_mixin.py:188} INFO - [2026-04-27T13:09:00.508+0000] {dag.py:3096} INFO - Sync 1 DAGs
[2026-04-27T13:09:00.525+0000] {logging_mixin.py:188} INFO - [2026-04-27T13:09:00.525+0000] {dag.py:3954} INFO - Setting next_dagrun for monitoring_pipeline to 2026-04-27 00:00:00+00:00, run_after=2026-04-28 00:00:00+00:00
[2026-04-27T13:09:00.541+0000] {processor.py:183} INFO - Processing /opt/airflow/dags/monitoring_pipeline_dag.py took 0.069 seconds
[2026-04-27T13:09:30.743+0000] {processor.py:161} INFO - Started process (PID=2672) to work on /opt/airflow/dags/monitoring_pipeline_dag.py
[2026-04-27T13:09:30.745+0000] {processor.py:830} INFO - Processing file /opt/airflow/dags/monitoring_pipeline_dag.py for tasks to queue
[2026-04-27T13:09:30.747+0000] {logging_mixin.py:188} INFO - [2026-04-27T13:09:30.747+0000] {dagbag.py:545} INFO - Filling up the DagBag from /opt/airflow/dags/monitoring_pipeline_dag.py
[2026-04-27T13:09:30.755+0000] {processor.py:840} INFO - DAG(s) 'monitoring_pipeline' retrieved from /opt/airflow/dags/monitoring_pipeline_dag.py
[2026-04-27T13:09:30.776+0000] {logging_mixin.py:188} INFO - [2026-04-27T13:09:30.776+0000] {dag.py:3096} INFO - Sync 1 DAGs
[2026-04-27T13:09:30.793+0000] {logging_mixin.py:188} INFO - [2026-04-27T13:09:30.793+0000] {dag.py:3954} INFO - Setting next_dagrun for monitoring_pipeline to 2026-04-27 00:00:00+00:00, run_after=2026-04-28 00:00:00+00:00
[2026-04-27T13:09:30.809+0000] {processor.py:183} INFO - Processing /opt/airflow/dags/monitoring_pipeline_dag.py took 0.071 seconds
[2026-04-27T13:10:01.028+0000] {processor.py:161} INFO - Started process (PID=2687) to work on /opt/airflow/dags/monitoring_pipeline_dag.py
[2026-04-27T13:10:01.029+0000] {processor.py:830} INFO - Processing file /opt/airflow/dags/monitoring_pipeline_dag.py for tasks to queue
[2026-04-27T13:10:01.030+0000] {logging_mixin.py:188} INFO - [2026-04-27T13:10:01.030+0000] {dagbag.py:545} INFO - Filling up the DagBag from /opt/airflow/dags/monitoring_pipeline_dag.py
[2026-04-27T13:10:01.039+0000] {processor.py:840} INFO - DAG(s) 'monitoring_pipeline' retrieved from /opt/airflow/dags/monitoring_pipeline_dag.py
[2026-04-27T13:10:01.060+0000] {logging_mixin.py:188} INFO - [2026-04-27T13:10:01.060+0000] {dag.py:3096} INFO - Sync 1 DAGs
[2026-04-27T13:10:01.078+0000] {logging_mixin.py:188} INFO - [2026-04-27T13:10:01.078+0000] {dag.py:3954} INFO - Setting next_dagrun for monitoring_pipeline to 2026-04-27 00:00:00+00:00, run_after=2026-04-28 00:00:00+00:00
[2026-04-27T13:10:01.092+0000] {processor.py:183} INFO - Processing /opt/airflow/dags/monitoring_pipeline_dag.py took 0.068 seconds
[2026-04-27T13:10:31.322+0000] {processor.py:161} INFO - Started process (PID=2702) to work on /opt/airflow/dags/monitoring_pipeline_dag.py
[2026-04-27T13:10:31.324+0000] {processor.py:830} INFO - Processing file /opt/airflow/dags/monitoring_pipeline_dag.py for tasks to queue
[2026-04-27T13:10:31.326+0000] {logging_mixin.py:188} INFO - [2026-04-27T13:10:31.325+0000] {dagbag.py:545} INFO - Filling up the DagBag from /opt/airflow/dags/monitoring_pipeline_dag.py
[2026-04-27T13:10:31.334+0000] {processor.py:840} INFO - DAG(s) 'monitoring_pipeline' retrieved from /opt/airflow/dags/monitoring_pipeline_dag.py
[2026-04-27T13:10:31.355+0000] {logging_mixin.py:188} INFO - [2026-04-27T13:10:31.354+0000] {dag.py:3096} INFO - Sync 1 DAGs
[2026-04-27T13:10:31.372+0000] {logging_mixin.py:188} INFO - [2026-04-27T13:10:31.371+0000] {dag.py:3954} INFO - Setting next_dagrun for monitoring_pipeline to 2026-04-27 00:00:00+00:00, run_after=2026-04-28 00:00:00+00:00
[2026-04-27T13:10:31.386+0000] {processor.py:183} INFO - Processing /opt/airflow/dags/monitoring_pipeline_dag.py took 0.068 seconds
[2026-04-27T13:11:01.630+0000] {processor.py:161} INFO - Started process (PID=2717) to work on /opt/airflow/dags/monitoring_pipeline_dag.py
[2026-04-27T13:11:01.631+0000] {processor.py:830} INFO - Processing file /opt/airflow/dags/monitoring_pipeline_dag.py for tasks to queue
[2026-04-27T13:11:01.632+0000] {logging_mixin.py:188} INFO - [2026-04-27T13:11:01.632+0000] {dagbag.py:545} INFO - Filling up the DagBag from /opt/airflow/dags/monitoring_pipeline_dag.py
[2026-04-27T13:11:01.640+0000] {processor.py:840} INFO - DAG(s) 'monitoring_pipeline' retrieved from /opt/airflow/dags/monitoring_pipeline_dag.py
[2026-04-27T13:11:01.662+0000] {logging_mixin.py:188} INFO - [2026-04-27T13:11:01.662+0000] {dag.py:3096} INFO - Sync 1 DAGs
[2026-04-27T13:11:01.679+0000] {logging_mixin.py:188} INFO - [2026-04-27T13:11:01.679+0000] {dag.py:3954} INFO - Setting next_dagrun for monitoring_pipeline to 2026-04-27 00:00:00+00:00, run_after=2026-04-28 00:00:00+00:00
[2026-04-27T13:11:01.693+0000] {processor.py:183} INFO - Processing /opt/airflow/dags/monitoring_pipeline_dag.py took 0.068 seconds
[2026-04-27T13:11:31.889+0000] {processor.py:161} INFO - Started process (PID=2732) to work on /opt/airflow/dags/monitoring_pipeline_dag.py
[2026-04-27T13:11:31.892+0000] {processor.py:830} INFO - Processing file /opt/airflow/dags/monitoring_pipeline_dag.py for tasks to queue
[2026-04-27T13:11:31.893+0000] {logging_mixin.py:188} INFO - [2026-04-27T13:11:31.893+0000] {dagbag.py:545} INFO - Filling up the DagBag from /opt/airflow/dags/monitoring_pipeline_dag.py
[2026-04-27T13:11:31.902+0000] {processor.py:840} INFO - DAG(s) 'monitoring_pipeline' retrieved from /opt/airflow/dags/monitoring_pipeline_dag.py
[2026-04-27T13:11:31.924+0000] {logging_mixin.py:188} INFO - [2026-04-27T13:11:31.924+0000] {dag.py:3096} INFO - Sync 1 DAGs
[2026-04-27T13:11:31.940+0000] {logging_mixin.py:188} INFO - [2026-04-27T13:11:31.940+0000] {dag.py:3954} INFO - Setting next_dagrun for monitoring_pipeline to 2026-04-27 00:00:00+00:00, run_after=2026-04-28 00:00:00+00:00
[2026-04-27T13:11:31.954+0000] {processor.py:183} INFO - Processing /opt/airflow/dags/monitoring_pipeline_dag.py took 0.069 seconds
[2026-04-27T13:12:02.215+0000] {processor.py:161} INFO - Started process (PID=2747) to work on /opt/airflow/dags/monitoring_pipeline_dag.py
[2026-04-27T13:12:02.216+0000] {processor.py:830} INFO - Processing file /opt/airflow/dags/monitoring_pipeline_dag.py for tasks to queue
[2026-04-27T13:12:02.218+0000] {logging_mixin.py:188} INFO - [2026-04-27T13:12:02.218+0000] {dagbag.py:545} INFO - Filling up the DagBag from /opt/airflow/dags/monitoring_pipeline_dag.py
[2026-04-27T13:12:02.226+0000] {processor.py:840} INFO - DAG(s) 'monitoring_pipeline' retrieved from /opt/airflow/dags/monitoring_pipeline_dag.py
[2026-04-27T13:12:02.245+0000] {logging_mixin.py:188} INFO - [2026-04-27T13:12:02.245+0000] {dag.py:3096} INFO - Sync 1 DAGs
[2026-04-27T13:12:02.262+0000] {logging_mixin.py:188} INFO - [2026-04-27T13:12:02.262+0000] {dag.py:3954} INFO - Setting next_dagrun for monitoring_pipeline to 2026-04-27 00:00:00+00:00, run_after=2026-04-28 00:00:00+00:00
[2026-04-27T13:12:02.278+0000] {processor.py:183} INFO - Processing /opt/airflow/dags/monitoring_pipeline_dag.py took 0.067 seconds
[2026-04-27T13:12:32.497+0000] {processor.py:161} INFO - Started process (PID=2762) to work on /opt/airflow/dags/monitoring_pipeline_dag.py
[2026-04-27T13:12:32.499+0000] {processor.py:830} INFO - Processing file /opt/airflow/dags/monitoring_pipeline_dag.py for tasks to queue
[2026-04-27T13:12:32.501+0000] {logging_mixin.py:188} INFO - [2026-04-27T13:12:32.500+0000] {dagbag.py:545} INFO - Filling up the DagBag from /opt/airflow/dags/monitoring_pipeline_dag.py
[2026-04-27T13:12:32.508+0000] {processor.py:840} INFO - DAG(s) 'monitoring_pipeline' retrieved from /opt/airflow/dags/monitoring_pipeline_dag.py
[2026-04-27T13:12:32.529+0000] {logging_mixin.py:188} INFO - [2026-04-27T13:12:32.529+0000] {dag.py:3096} INFO - Sync 1 DAGs
[2026-04-27T13:12:32.544+0000] {logging_mixin.py:188} INFO - [2026-04-27T13:12:32.544+0000] {dag.py:3954} INFO - Setting next_dagrun for monitoring_pipeline to 2026-04-27 00:00:00+00:00, run_after=2026-04-28 00:00:00+00:00
[2026-04-27T13:12:32.560+0000] {processor.py:183} INFO - Processing /opt/airflow/dags/monitoring_pipeline_dag.py took 0.068 seconds
[2026-04-27T13:13:02.799+0000] {processor.py:161} INFO - Started process (PID=2777) to work on /opt/airflow/dags/monitoring_pipeline_dag.py
[2026-04-27T13:13:02.800+0000] {processor.py:830} INFO - Processing file /opt/airflow/dags/monitoring_pipeline_dag.py for tasks to queue
[2026-04-27T13:13:02.801+0000] {logging_mixin.py:188} INFO - [2026-04-27T13:13:02.801+0000] {dagbag.py:545} INFO - Filling up the DagBag from /opt/airflow/dags/monitoring_pipeline_dag.py
[2026-04-27T13:13:02.810+0000] {processor.py:840} INFO - DAG(s) 'monitoring_pipeline' retrieved from /opt/airflow/dags/monitoring_pipeline_dag.py
[2026-04-27T13:13:02.832+0000] {logging_mixin.py:188} INFO - [2026-04-27T13:13:02.832+0000] {dag.py:3096} INFO - Sync 1 DAGs
[2026-04-27T13:13:02.849+0000] {logging_mixin.py:188} INFO - [2026-04-27T13:13:02.848+0000] {dag.py:3954} INFO - Setting next_dagrun for monitoring_pipeline to 2026-04-27 00:00:00+00:00, run_after=2026-04-28 00:00:00+00:00
[2026-04-27T13:13:02.862+0000] {processor.py:183} INFO - Processing /opt/airflow/dags/monitoring_pipeline_dag.py took 0.068 seconds
[2026-04-27T13:13:33.063+0000] {processor.py:161} INFO - Started process (PID=2792) to work on /opt/airflow/dags/monitoring_pipeline_dag.py
[2026-04-27T13:13:33.065+0000] {processor.py:830} INFO - Processing file /opt/airflow/dags/monitoring_pipeline_dag.py for tasks to queue
[2026-04-27T13:13:33.067+0000] {logging_mixin.py:188} INFO - [2026-04-27T13:13:33.066+0000] {dagbag.py:545} INFO - Filling up the DagBag from /opt/airflow/dags/monitoring_pipeline_dag.py
[2026-04-27T13:13:33.074+0000] {processor.py:840} INFO - DAG(s) 'monitoring_pipeline' retrieved from /opt/airflow/dags/monitoring_pipeline_dag.py
[2026-04-27T13:13:33.096+0000] {logging_mixin.py:188} INFO - [2026-04-27T13:13:33.095+0000] {dag.py:3096} INFO - Sync 1 DAGs
[2026-04-27T13:13:33.112+0000] {logging_mixin.py:188} INFO - [2026-04-27T13:13:33.112+0000] {dag.py:3954} INFO - Setting next_dagrun for monitoring_pipeline to 2026-04-27 00:00:00+00:00, run_after=2026-04-28 00:00:00+00:00
[2026-04-27T13:13:33.126+0000] {processor.py:183} INFO - Processing /opt/airflow/dags/monitoring_pipeline_dag.py took 0.068 seconds
[2026-04-27T13:14:03.373+0000] {processor.py:161} INFO - Started process (PID=2807) to work on /opt/airflow/dags/monitoring_pipeline_dag.py
[2026-04-27T13:14:03.375+0000] {processor.py:830} INFO - Processing file /opt/airflow/dags/monitoring_pipeline_dag.py for tasks to queue
[2026-04-27T13:14:03.378+0000] {logging_mixin.py:188} INFO - [2026-04-27T13:14:03.377+0000] {dagbag.py:545} INFO - Filling up the DagBag from /opt/airflow/dags/monitoring_pipeline_dag.py
[2026-04-27T13:14:03.393+0000] {processor.py:840} INFO - DAG(s) 'monitoring_pipeline' retrieved from /opt/airflow/dags/monitoring_pipeline_dag.py
[2026-04-27T13:14:03.429+0000] {logging_mixin.py:188} INFO - [2026-04-27T13:14:03.428+0000] {dag.py:3096} INFO - Sync 1 DAGs
[2026-04-27T13:14:03.450+0000] {logging_mixin.py:188} INFO - [2026-04-27T13:14:03.450+0000] {dag.py:3954} INFO - Setting next_dagrun for monitoring_pipeline to 2026-04-27 00:00:00+00:00, run_after=2026-04-28 00:00:00+00:00
[2026-04-27T13:14:03.464+0000] {processor.py:183} INFO - Processing /opt/airflow/dags/monitoring_pipeline_dag.py took 0.100 seconds
