[2026-04-27T11:29:46.769+0000] {processor.py:161} INFO - Started process (PID=186) to work on /opt/airflow/dags/training_pipeline_dag.py
[2026-04-27T11:29:46.769+0000] {processor.py:830} INFO - Processing file /opt/airflow/dags/training_pipeline_dag.py for tasks to queue
[2026-04-27T11:29:46.771+0000] {logging_mixin.py:188} INFO - [2026-04-27T11:29:46.770+0000] {dagbag.py:545} INFO - Filling up the DagBag from /opt/airflow/dags/training_pipeline_dag.py
[2026-04-27T11:29:46.782+0000] {processor.py:840} INFO - DAG(s) 'training_pipeline' retrieved from /opt/airflow/dags/training_pipeline_dag.py
[2026-04-27T11:29:46.860+0000] {logging_mixin.py:188} INFO - [2026-04-27T11:29:46.859+0000] {override.py:1829} INFO - Created Permission View: can edit on DAG:training_pipeline
[2026-04-27T11:29:46.868+0000] {logging_mixin.py:188} INFO - [2026-04-27T11:29:46.867+0000] {override.py:1829} INFO - Created Permission View: can read on DAG:training_pipeline
[2026-04-27T11:29:46.872+0000] {logging_mixin.py:188} INFO - [2026-04-27T11:29:46.872+0000] {override.py:1829} INFO - Created Permission View: can delete on DAG:training_pipeline
[2026-04-27T11:29:46.873+0000] {logging_mixin.py:188} INFO - [2026-04-27T11:29:46.872+0000] {dag.py:3096} INFO - Sync 1 DAGs
[2026-04-27T11:29:46.881+0000] {logging_mixin.py:188} INFO - [2026-04-27T11:29:46.881+0000] {dag.py:3118} INFO - Creating ORM DAG for training_pipeline
[2026-04-27T11:29:46.890+0000] {logging_mixin.py:188} INFO - [2026-04-27T11:29:46.890+0000] {dag.py:3954} INFO - Setting next_dagrun for training_pipeline to 2026-04-26 00:00:00+00:00, run_after=2026-04-27 00:00:00+00:00
[2026-04-27T11:29:46.908+0000] {processor.py:183} INFO - Processing /opt/airflow/dags/training_pipeline_dag.py took 0.144 seconds
[2026-04-27T11:30:16.953+0000] {processor.py:161} INFO - Started process (PID=203) to work on /opt/airflow/dags/training_pipeline_dag.py
[2026-04-27T11:30:16.954+0000] {processor.py:830} INFO - Processing file /opt/airflow/dags/training_pipeline_dag.py for tasks to queue
[2026-04-27T11:30:16.955+0000] {logging_mixin.py:188} INFO - [2026-04-27T11:30:16.955+0000] {dagbag.py:545} INFO - Filling up the DagBag from /opt/airflow/dags/training_pipeline_dag.py
[2026-04-27T11:30:16.963+0000] {processor.py:840} INFO - DAG(s) 'training_pipeline' retrieved from /opt/airflow/dags/training_pipeline_dag.py
[2026-04-27T11:30:16.984+0000] {logging_mixin.py:188} INFO - [2026-04-27T11:30:16.984+0000] {dag.py:3096} INFO - Sync 1 DAGs
[2026-04-27T11:30:16.999+0000] {logging_mixin.py:188} INFO - [2026-04-27T11:30:16.999+0000] {dag.py:3954} INFO - Setting next_dagrun for training_pipeline to 2026-04-26 00:00:00+00:00, run_after=2026-04-27 00:00:00+00:00
[2026-04-27T11:30:17.014+0000] {processor.py:183} INFO - Processing /opt/airflow/dags/training_pipeline_dag.py took 0.065 seconds
[2026-04-27T11:30:47.322+0000] {processor.py:161} INFO - Started process (PID=219) to work on /opt/airflow/dags/training_pipeline_dag.py
[2026-04-27T11:30:47.323+0000] {processor.py:830} INFO - Processing file /opt/airflow/dags/training_pipeline_dag.py for tasks to queue
[2026-04-27T11:30:47.325+0000] {logging_mixin.py:188} INFO - [2026-04-27T11:30:47.325+0000] {dagbag.py:545} INFO - Filling up the DagBag from /opt/airflow/dags/training_pipeline_dag.py
[2026-04-27T11:30:47.332+0000] {processor.py:840} INFO - DAG(s) 'training_pipeline' retrieved from /opt/airflow/dags/training_pipeline_dag.py
[2026-04-27T11:30:47.354+0000] {logging_mixin.py:188} INFO - [2026-04-27T11:30:47.353+0000] {dag.py:3096} INFO - Sync 1 DAGs
[2026-04-27T11:30:47.369+0000] {logging_mixin.py:188} INFO - [2026-04-27T11:30:47.369+0000] {dag.py:3954} INFO - Setting next_dagrun for training_pipeline to 2026-04-26 00:00:00+00:00, run_after=2026-04-27 00:00:00+00:00
[2026-04-27T11:30:47.381+0000] {processor.py:183} INFO - Processing /opt/airflow/dags/training_pipeline_dag.py took 0.063 seconds
[2026-04-27T11:31:17.617+0000] {processor.py:161} INFO - Started process (PID=234) to work on /opt/airflow/dags/training_pipeline_dag.py
[2026-04-27T11:31:17.618+0000] {processor.py:830} INFO - Processing file /opt/airflow/dags/training_pipeline_dag.py for tasks to queue
[2026-04-27T11:31:17.620+0000] {logging_mixin.py:188} INFO - [2026-04-27T11:31:17.619+0000] {dagbag.py:545} INFO - Filling up the DagBag from /opt/airflow/dags/training_pipeline_dag.py
[2026-04-27T11:31:17.628+0000] {processor.py:840} INFO - DAG(s) 'training_pipeline' retrieved from /opt/airflow/dags/training_pipeline_dag.py
[2026-04-27T11:31:17.647+0000] {logging_mixin.py:188} INFO - [2026-04-27T11:31:17.647+0000] {dag.py:3096} INFO - Sync 1 DAGs
[2026-04-27T11:31:17.663+0000] {logging_mixin.py:188} INFO - [2026-04-27T11:31:17.663+0000] {dag.py:3954} INFO - Setting next_dagrun for training_pipeline to 2026-04-26 00:00:00+00:00, run_after=2026-04-27 00:00:00+00:00
[2026-04-27T11:31:17.678+0000] {processor.py:183} INFO - Processing /opt/airflow/dags/training_pipeline_dag.py took 0.065 seconds
[2026-04-27T11:31:47.914+0000] {processor.py:161} INFO - Started process (PID=249) to work on /opt/airflow/dags/training_pipeline_dag.py
[2026-04-27T11:31:47.915+0000] {processor.py:830} INFO - Processing file /opt/airflow/dags/training_pipeline_dag.py for tasks to queue
[2026-04-27T11:31:47.917+0000] {logging_mixin.py:188} INFO - [2026-04-27T11:31:47.916+0000] {dagbag.py:545} INFO - Filling up the DagBag from /opt/airflow/dags/training_pipeline_dag.py
[2026-04-27T11:31:47.925+0000] {processor.py:840} INFO - DAG(s) 'training_pipeline' retrieved from /opt/airflow/dags/training_pipeline_dag.py
[2026-04-27T11:31:47.947+0000] {logging_mixin.py:188} INFO - [2026-04-27T11:31:47.947+0000] {dag.py:3096} INFO - Sync 1 DAGs
[2026-04-27T11:31:47.963+0000] {logging_mixin.py:188} INFO - [2026-04-27T11:31:47.963+0000] {dag.py:3954} INFO - Setting next_dagrun for training_pipeline to 2026-04-26 00:00:00+00:00, run_after=2026-04-27 00:00:00+00:00
[2026-04-27T11:31:47.978+0000] {processor.py:183} INFO - Processing /opt/airflow/dags/training_pipeline_dag.py took 0.068 seconds
[2026-04-27T11:32:18.293+0000] {processor.py:161} INFO - Started process (PID=264) to work on /opt/airflow/dags/training_pipeline_dag.py
[2026-04-27T11:32:18.298+0000] {processor.py:830} INFO - Processing file /opt/airflow/dags/training_pipeline_dag.py for tasks to queue
[2026-04-27T11:32:18.300+0000] {logging_mixin.py:188} INFO - [2026-04-27T11:32:18.299+0000] {dagbag.py:545} INFO - Filling up the DagBag from /opt/airflow/dags/training_pipeline_dag.py
[2026-04-27T11:32:18.308+0000] {processor.py:840} INFO - DAG(s) 'training_pipeline' retrieved from /opt/airflow/dags/training_pipeline_dag.py
[2026-04-27T11:32:18.329+0000] {logging_mixin.py:188} INFO - [2026-04-27T11:32:18.329+0000] {dag.py:3096} INFO - Sync 1 DAGs
[2026-04-27T11:32:18.343+0000] {logging_mixin.py:188} INFO - [2026-04-27T11:32:18.343+0000] {dag.py:3954} INFO - Setting next_dagrun for training_pipeline to 2026-04-26 00:00:00+00:00, run_after=2026-04-27 00:00:00+00:00
[2026-04-27T11:32:18.360+0000] {processor.py:183} INFO - Processing /opt/airflow/dags/training_pipeline_dag.py took 0.072 seconds
[2026-04-27T11:32:48.625+0000] {processor.py:161} INFO - Started process (PID=279) to work on /opt/airflow/dags/training_pipeline_dag.py
[2026-04-27T11:32:48.626+0000] {processor.py:830} INFO - Processing file /opt/airflow/dags/training_pipeline_dag.py for tasks to queue
[2026-04-27T11:32:48.628+0000] {logging_mixin.py:188} INFO - [2026-04-27T11:32:48.627+0000] {dagbag.py:545} INFO - Filling up the DagBag from /opt/airflow/dags/training_pipeline_dag.py
[2026-04-27T11:32:48.637+0000] {processor.py:840} INFO - DAG(s) 'training_pipeline' retrieved from /opt/airflow/dags/training_pipeline_dag.py
[2026-04-27T11:32:48.657+0000] {logging_mixin.py:188} INFO - [2026-04-27T11:32:48.657+0000] {dag.py:3096} INFO - Sync 1 DAGs
[2026-04-27T11:32:48.673+0000] {logging_mixin.py:188} INFO - [2026-04-27T11:32:48.673+0000] {dag.py:3954} INFO - Setting next_dagrun for training_pipeline to 2026-04-26 00:00:00+00:00, run_after=2026-04-27 00:00:00+00:00
[2026-04-27T11:32:48.688+0000] {processor.py:183} INFO - Processing /opt/airflow/dags/training_pipeline_dag.py took 0.067 seconds
[2026-04-27T11:33:18.887+0000] {processor.py:161} INFO - Started process (PID=294) to work on /opt/airflow/dags/training_pipeline_dag.py
[2026-04-27T11:33:18.889+0000] {processor.py:830} INFO - Processing file /opt/airflow/dags/training_pipeline_dag.py for tasks to queue
[2026-04-27T11:33:18.891+0000] {logging_mixin.py:188} INFO - [2026-04-27T11:33:18.890+0000] {dagbag.py:545} INFO - Filling up the DagBag from /opt/airflow/dags/training_pipeline_dag.py
[2026-04-27T11:33:18.901+0000] {processor.py:840} INFO - DAG(s) 'training_pipeline' retrieved from /opt/airflow/dags/training_pipeline_dag.py
[2026-04-27T11:33:18.923+0000] {logging_mixin.py:188} INFO - [2026-04-27T11:33:18.923+0000] {dag.py:3096} INFO - Sync 1 DAGs
[2026-04-27T11:33:18.940+0000] {logging_mixin.py:188} INFO - [2026-04-27T11:33:18.940+0000] {dag.py:3954} INFO - Setting next_dagrun for training_pipeline to 2026-04-26 00:00:00+00:00, run_after=2026-04-27 00:00:00+00:00
[2026-04-27T11:33:18.956+0000] {processor.py:183} INFO - Processing /opt/airflow/dags/training_pipeline_dag.py took 0.075 seconds
[2026-04-27T11:33:49.284+0000] {processor.py:161} INFO - Started process (PID=309) to work on /opt/airflow/dags/training_pipeline_dag.py
[2026-04-27T11:33:49.285+0000] {processor.py:830} INFO - Processing file /opt/airflow/dags/training_pipeline_dag.py for tasks to queue
[2026-04-27T11:33:49.286+0000] {logging_mixin.py:188} INFO - [2026-04-27T11:33:49.286+0000] {dagbag.py:545} INFO - Filling up the DagBag from /opt/airflow/dags/training_pipeline_dag.py
[2026-04-27T11:33:49.295+0000] {processor.py:840} INFO - DAG(s) 'training_pipeline' retrieved from /opt/airflow/dags/training_pipeline_dag.py
[2026-04-27T11:33:49.315+0000] {logging_mixin.py:188} INFO - [2026-04-27T11:33:49.315+0000] {dag.py:3096} INFO - Sync 1 DAGs
[2026-04-27T11:33:49.329+0000] {logging_mixin.py:188} INFO - [2026-04-27T11:33:49.329+0000] {dag.py:3954} INFO - Setting next_dagrun for training_pipeline to 2026-04-26 00:00:00+00:00, run_after=2026-04-27 00:00:00+00:00
[2026-04-27T11:33:49.342+0000] {processor.py:183} INFO - Processing /opt/airflow/dags/training_pipeline_dag.py took 0.061 seconds
[2026-04-27T11:34:19.661+0000] {processor.py:161} INFO - Started process (PID=324) to work on /opt/airflow/dags/training_pipeline_dag.py
[2026-04-27T11:34:19.663+0000] {processor.py:830} INFO - Processing file /opt/airflow/dags/training_pipeline_dag.py for tasks to queue
[2026-04-27T11:34:19.664+0000] {logging_mixin.py:188} INFO - [2026-04-27T11:34:19.664+0000] {dagbag.py:545} INFO - Filling up the DagBag from /opt/airflow/dags/training_pipeline_dag.py
[2026-04-27T11:34:19.673+0000] {processor.py:840} INFO - DAG(s) 'training_pipeline' retrieved from /opt/airflow/dags/training_pipeline_dag.py
[2026-04-27T11:34:19.695+0000] {logging_mixin.py:188} INFO - [2026-04-27T11:34:19.695+0000] {dag.py:3096} INFO - Sync 1 DAGs
[2026-04-27T11:34:19.712+0000] {logging_mixin.py:188} INFO - [2026-04-27T11:34:19.712+0000] {dag.py:3954} INFO - Setting next_dagrun for training_pipeline to 2026-04-26 00:00:00+00:00, run_after=2026-04-27 00:00:00+00:00
[2026-04-27T11:34:19.727+0000] {processor.py:183} INFO - Processing /opt/airflow/dags/training_pipeline_dag.py took 0.070 seconds
[2026-04-27T11:34:49.967+0000] {processor.py:161} INFO - Started process (PID=339) to work on /opt/airflow/dags/training_pipeline_dag.py
[2026-04-27T11:34:49.969+0000] {processor.py:830} INFO - Processing file /opt/airflow/dags/training_pipeline_dag.py for tasks to queue
[2026-04-27T11:34:49.971+0000] {logging_mixin.py:188} INFO - [2026-04-27T11:34:49.971+0000] {dagbag.py:545} INFO - Filling up the DagBag from /opt/airflow/dags/training_pipeline_dag.py
[2026-04-27T11:34:49.979+0000] {processor.py:840} INFO - DAG(s) 'training_pipeline' retrieved from /opt/airflow/dags/training_pipeline_dag.py
[2026-04-27T11:34:50.003+0000] {logging_mixin.py:188} INFO - [2026-04-27T11:34:50.003+0000] {dag.py:3096} INFO - Sync 1 DAGs
[2026-04-27T11:34:50.019+0000] {logging_mixin.py:188} INFO - [2026-04-27T11:34:50.019+0000] {dag.py:3954} INFO - Setting next_dagrun for training_pipeline to 2026-04-26 00:00:00+00:00, run_after=2026-04-27 00:00:00+00:00
[2026-04-27T11:34:50.032+0000] {processor.py:183} INFO - Processing /opt/airflow/dags/training_pipeline_dag.py took 0.069 seconds
[2026-04-27T11:35:20.192+0000] {processor.py:161} INFO - Started process (PID=354) to work on /opt/airflow/dags/training_pipeline_dag.py
[2026-04-27T11:35:20.193+0000] {processor.py:830} INFO - Processing file /opt/airflow/dags/training_pipeline_dag.py for tasks to queue
[2026-04-27T11:35:20.194+0000] {logging_mixin.py:188} INFO - [2026-04-27T11:35:20.194+0000] {dagbag.py:545} INFO - Filling up the DagBag from /opt/airflow/dags/training_pipeline_dag.py
[2026-04-27T11:35:20.202+0000] {processor.py:840} INFO - DAG(s) 'training_pipeline' retrieved from /opt/airflow/dags/training_pipeline_dag.py
[2026-04-27T11:35:20.224+0000] {logging_mixin.py:188} INFO - [2026-04-27T11:35:20.224+0000] {dag.py:3096} INFO - Sync 1 DAGs
[2026-04-27T11:35:20.241+0000] {logging_mixin.py:188} INFO - [2026-04-27T11:35:20.241+0000] {dag.py:3954} INFO - Setting next_dagrun for training_pipeline to 2026-04-26 00:00:00+00:00, run_after=2026-04-27 00:00:00+00:00
[2026-04-27T11:35:20.256+0000] {processor.py:183} INFO - Processing /opt/airflow/dags/training_pipeline_dag.py took 0.069 seconds
[2026-04-27T11:37:10.498+0000] {processor.py:161} INFO - Started process (PID=186) to work on /opt/airflow/dags/training_pipeline_dag.py
[2026-04-27T11:37:10.499+0000] {processor.py:830} INFO - Processing file /opt/airflow/dags/training_pipeline_dag.py for tasks to queue
[2026-04-27T11:37:10.500+0000] {logging_mixin.py:188} INFO - [2026-04-27T11:37:10.500+0000] {dagbag.py:545} INFO - Filling up the DagBag from /opt/airflow/dags/training_pipeline_dag.py
[2026-04-27T11:37:10.512+0000] {processor.py:840} INFO - DAG(s) 'training_pipeline' retrieved from /opt/airflow/dags/training_pipeline_dag.py
[2026-04-27T11:37:10.598+0000] {logging_mixin.py:188} INFO - [2026-04-27T11:37:10.597+0000] {override.py:1829} INFO - Created Permission View: can delete on DAG:training_pipeline
[2026-04-27T11:37:10.606+0000] {logging_mixin.py:188} INFO - [2026-04-27T11:37:10.605+0000] {override.py:1829} INFO - Created Permission View: can read on DAG:training_pipeline
[2026-04-27T11:37:10.615+0000] {logging_mixin.py:188} INFO - [2026-04-27T11:37:10.614+0000] {override.py:1829} INFO - Created Permission View: can edit on DAG:training_pipeline
[2026-04-27T11:37:10.615+0000] {logging_mixin.py:188} INFO - [2026-04-27T11:37:10.615+0000] {dag.py:3096} INFO - Sync 1 DAGs
[2026-04-27T11:37:10.624+0000] {logging_mixin.py:188} INFO - [2026-04-27T11:37:10.624+0000] {dag.py:3118} INFO - Creating ORM DAG for training_pipeline
[2026-04-27T11:37:10.634+0000] {logging_mixin.py:188} INFO - [2026-04-27T11:37:10.634+0000] {dag.py:3954} INFO - Setting next_dagrun for training_pipeline to 2026-04-26 00:00:00+00:00, run_after=2026-04-27 00:00:00+00:00
[2026-04-27T11:37:10.649+0000] {processor.py:183} INFO - Processing /opt/airflow/dags/training_pipeline_dag.py took 0.155 seconds
[2026-04-27T11:37:40.680+0000] {processor.py:161} INFO - Started process (PID=203) to work on /opt/airflow/dags/training_pipeline_dag.py
[2026-04-27T11:37:40.681+0000] {processor.py:830} INFO - Processing file /opt/airflow/dags/training_pipeline_dag.py for tasks to queue
[2026-04-27T11:37:40.682+0000] {logging_mixin.py:188} INFO - [2026-04-27T11:37:40.682+0000] {dagbag.py:545} INFO - Filling up the DagBag from /opt/airflow/dags/training_pipeline_dag.py
[2026-04-27T11:37:40.690+0000] {processor.py:840} INFO - DAG(s) 'training_pipeline' retrieved from /opt/airflow/dags/training_pipeline_dag.py
[2026-04-27T11:37:40.711+0000] {logging_mixin.py:188} INFO - [2026-04-27T11:37:40.710+0000] {dag.py:3096} INFO - Sync 1 DAGs
[2026-04-27T11:37:40.725+0000] {logging_mixin.py:188} INFO - [2026-04-27T11:37:40.725+0000] {dag.py:3954} INFO - Setting next_dagrun for training_pipeline to 2026-04-26 00:00:00+00:00, run_after=2026-04-27 00:00:00+00:00
[2026-04-27T11:37:40.740+0000] {processor.py:183} INFO - Processing /opt/airflow/dags/training_pipeline_dag.py took 0.064 seconds
[2026-04-27T11:38:10.858+0000] {processor.py:161} INFO - Started process (PID=420) to work on /opt/airflow/dags/training_pipeline_dag.py
[2026-04-27T11:38:10.860+0000] {processor.py:830} INFO - Processing file /opt/airflow/dags/training_pipeline_dag.py for tasks to queue
[2026-04-27T11:38:10.861+0000] {logging_mixin.py:188} INFO - [2026-04-27T11:38:10.861+0000] {dagbag.py:545} INFO - Filling up the DagBag from /opt/airflow/dags/training_pipeline_dag.py
[2026-04-27T11:38:10.869+0000] {processor.py:840} INFO - DAG(s) 'training_pipeline' retrieved from /opt/airflow/dags/training_pipeline_dag.py
[2026-04-27T11:38:10.893+0000] {logging_mixin.py:188} INFO - [2026-04-27T11:38:10.893+0000] {dag.py:3096} INFO - Sync 1 DAGs
[2026-04-27T11:38:10.910+0000] {logging_mixin.py:188} INFO - [2026-04-27T11:38:10.910+0000] {dag.py:3954} INFO - Setting next_dagrun for training_pipeline to 2026-04-26 00:00:00+00:00, run_after=2026-04-27 00:00:00+00:00
[2026-04-27T11:38:10.925+0000] {processor.py:183} INFO - Processing /opt/airflow/dags/training_pipeline_dag.py took 0.071 seconds
[2026-04-27T11:38:41.099+0000] {processor.py:161} INFO - Started process (PID=435) to work on /opt/airflow/dags/training_pipeline_dag.py
[2026-04-27T11:38:41.100+0000] {processor.py:830} INFO - Processing file /opt/airflow/dags/training_pipeline_dag.py for tasks to queue
[2026-04-27T11:38:41.101+0000] {logging_mixin.py:188} INFO - [2026-04-27T11:38:41.101+0000] {dagbag.py:545} INFO - Filling up the DagBag from /opt/airflow/dags/training_pipeline_dag.py
[2026-04-27T11:38:41.110+0000] {processor.py:840} INFO - DAG(s) 'training_pipeline' retrieved from /opt/airflow/dags/training_pipeline_dag.py
[2026-04-27T11:38:41.130+0000] {logging_mixin.py:188} INFO - [2026-04-27T11:38:41.130+0000] {dag.py:3096} INFO - Sync 1 DAGs
[2026-04-27T11:38:41.145+0000] {logging_mixin.py:188} INFO - [2026-04-27T11:38:41.144+0000] {dag.py:3954} INFO - Setting next_dagrun for training_pipeline to 2026-04-26 00:00:00+00:00, run_after=2026-04-27 00:00:00+00:00
[2026-04-27T11:38:41.156+0000] {processor.py:183} INFO - Processing /opt/airflow/dags/training_pipeline_dag.py took 0.063 seconds
[2026-04-27T11:39:11.344+0000] {processor.py:161} INFO - Started process (PID=450) to work on /opt/airflow/dags/training_pipeline_dag.py
[2026-04-27T11:39:11.345+0000] {processor.py:830} INFO - Processing file /opt/airflow/dags/training_pipeline_dag.py for tasks to queue
[2026-04-27T11:39:11.346+0000] {logging_mixin.py:188} INFO - [2026-04-27T11:39:11.346+0000] {dagbag.py:545} INFO - Filling up the DagBag from /opt/airflow/dags/training_pipeline_dag.py
[2026-04-27T11:39:11.354+0000] {processor.py:840} INFO - DAG(s) 'training_pipeline' retrieved from /opt/airflow/dags/training_pipeline_dag.py
[2026-04-27T11:39:11.373+0000] {logging_mixin.py:188} INFO - [2026-04-27T11:39:11.373+0000] {dag.py:3096} INFO - Sync 1 DAGs
[2026-04-27T11:39:11.388+0000] {logging_mixin.py:188} INFO - [2026-04-27T11:39:11.387+0000] {dag.py:3954} INFO - Setting next_dagrun for training_pipeline to 2026-04-26 00:00:00+00:00, run_after=2026-04-27 00:00:00+00:00
[2026-04-27T11:39:11.400+0000] {processor.py:183} INFO - Processing /opt/airflow/dags/training_pipeline_dag.py took 0.060 seconds
[2026-04-27T11:39:41.577+0000] {processor.py:161} INFO - Started process (PID=465) to work on /opt/airflow/dags/training_pipeline_dag.py
[2026-04-27T11:39:41.578+0000] {processor.py:830} INFO - Processing file /opt/airflow/dags/training_pipeline_dag.py for tasks to queue
[2026-04-27T11:39:41.580+0000] {logging_mixin.py:188} INFO - [2026-04-27T11:39:41.579+0000] {dagbag.py:545} INFO - Filling up the DagBag from /opt/airflow/dags/training_pipeline_dag.py
[2026-04-27T11:39:41.588+0000] {processor.py:840} INFO - DAG(s) 'training_pipeline' retrieved from /opt/airflow/dags/training_pipeline_dag.py
[2026-04-27T11:39:41.608+0000] {logging_mixin.py:188} INFO - [2026-04-27T11:39:41.608+0000] {dag.py:3096} INFO - Sync 1 DAGs
[2026-04-27T11:39:41.623+0000] {logging_mixin.py:188} INFO - [2026-04-27T11:39:41.623+0000] {dag.py:3954} INFO - Setting next_dagrun for training_pipeline to 2026-04-26 00:00:00+00:00, run_after=2026-04-27 00:00:00+00:00
[2026-04-27T11:39:41.635+0000] {processor.py:183} INFO - Processing /opt/airflow/dags/training_pipeline_dag.py took 0.062 seconds
[2026-04-27T11:40:11.838+0000] {processor.py:161} INFO - Started process (PID=480) to work on /opt/airflow/dags/training_pipeline_dag.py
[2026-04-27T11:40:11.839+0000] {processor.py:830} INFO - Processing file /opt/airflow/dags/training_pipeline_dag.py for tasks to queue
[2026-04-27T11:40:11.840+0000] {logging_mixin.py:188} INFO - [2026-04-27T11:40:11.840+0000] {dagbag.py:545} INFO - Filling up the DagBag from /opt/airflow/dags/training_pipeline_dag.py
[2026-04-27T11:40:11.849+0000] {processor.py:840} INFO - DAG(s) 'training_pipeline' retrieved from /opt/airflow/dags/training_pipeline_dag.py
[2026-04-27T11:40:11.870+0000] {logging_mixin.py:188} INFO - [2026-04-27T11:40:11.870+0000] {dag.py:3096} INFO - Sync 1 DAGs
[2026-04-27T11:40:11.885+0000] {logging_mixin.py:188} INFO - [2026-04-27T11:40:11.884+0000] {dag.py:3954} INFO - Setting next_dagrun for training_pipeline to 2026-04-26 00:00:00+00:00, run_after=2026-04-27 00:00:00+00:00
[2026-04-27T11:40:11.897+0000] {processor.py:183} INFO - Processing /opt/airflow/dags/training_pipeline_dag.py took 0.063 seconds
[2026-04-27T11:40:42.237+0000] {processor.py:161} INFO - Started process (PID=495) to work on /opt/airflow/dags/training_pipeline_dag.py
[2026-04-27T11:40:42.238+0000] {processor.py:830} INFO - Processing file /opt/airflow/dags/training_pipeline_dag.py for tasks to queue
[2026-04-27T11:40:42.239+0000] {logging_mixin.py:188} INFO - [2026-04-27T11:40:42.239+0000] {dagbag.py:545} INFO - Filling up the DagBag from /opt/airflow/dags/training_pipeline_dag.py
[2026-04-27T11:40:42.248+0000] {processor.py:840} INFO - DAG(s) 'training_pipeline' retrieved from /opt/airflow/dags/training_pipeline_dag.py
[2026-04-27T11:40:42.268+0000] {logging_mixin.py:188} INFO - [2026-04-27T11:40:42.268+0000] {dag.py:3096} INFO - Sync 1 DAGs
[2026-04-27T11:40:42.283+0000] {logging_mixin.py:188} INFO - [2026-04-27T11:40:42.282+0000] {dag.py:3954} INFO - Setting next_dagrun for training_pipeline to 2026-04-26 00:00:00+00:00, run_after=2026-04-27 00:00:00+00:00
[2026-04-27T11:40:42.295+0000] {processor.py:183} INFO - Processing /opt/airflow/dags/training_pipeline_dag.py took 0.063 seconds
[2026-04-27T11:41:12.471+0000] {processor.py:161} INFO - Started process (PID=510) to work on /opt/airflow/dags/training_pipeline_dag.py
[2026-04-27T11:41:12.472+0000] {processor.py:830} INFO - Processing file /opt/airflow/dags/training_pipeline_dag.py for tasks to queue
[2026-04-27T11:41:12.474+0000] {logging_mixin.py:188} INFO - [2026-04-27T11:41:12.473+0000] {dagbag.py:545} INFO - Filling up the DagBag from /opt/airflow/dags/training_pipeline_dag.py
[2026-04-27T11:41:12.483+0000] {processor.py:840} INFO - DAG(s) 'training_pipeline' retrieved from /opt/airflow/dags/training_pipeline_dag.py
[2026-04-27T11:41:12.506+0000] {logging_mixin.py:188} INFO - [2026-04-27T11:41:12.506+0000] {dag.py:3096} INFO - Sync 1 DAGs
[2026-04-27T11:41:12.523+0000] {logging_mixin.py:188} INFO - [2026-04-27T11:41:12.523+0000] {dag.py:3954} INFO - Setting next_dagrun for training_pipeline to 2026-04-26 00:00:00+00:00, run_after=2026-04-27 00:00:00+00:00
[2026-04-27T11:41:12.539+0000] {processor.py:183} INFO - Processing /opt/airflow/dags/training_pipeline_dag.py took 0.073 seconds
[2026-04-27T11:41:42.637+0000] {processor.py:161} INFO - Started process (PID=657) to work on /opt/airflow/dags/training_pipeline_dag.py
[2026-04-27T11:41:42.638+0000] {processor.py:830} INFO - Processing file /opt/airflow/dags/training_pipeline_dag.py for tasks to queue
[2026-04-27T11:41:42.639+0000] {logging_mixin.py:188} INFO - [2026-04-27T11:41:42.639+0000] {dagbag.py:545} INFO - Filling up the DagBag from /opt/airflow/dags/training_pipeline_dag.py
[2026-04-27T11:41:42.647+0000] {processor.py:840} INFO - DAG(s) 'training_pipeline' retrieved from /opt/airflow/dags/training_pipeline_dag.py
[2026-04-27T11:41:42.668+0000] {logging_mixin.py:188} INFO - [2026-04-27T11:41:42.667+0000] {dag.py:3096} INFO - Sync 1 DAGs
[2026-04-27T11:41:42.684+0000] {logging_mixin.py:188} INFO - [2026-04-27T11:41:42.683+0000] {dag.py:3954} INFO - Setting next_dagrun for training_pipeline to 2026-04-27 00:00:00+00:00, run_after=2026-04-28 00:00:00+00:00
[2026-04-27T11:41:42.698+0000] {processor.py:183} INFO - Processing /opt/airflow/dags/training_pipeline_dag.py took 0.066 seconds
[2026-04-27T11:42:12.893+0000] {processor.py:161} INFO - Started process (PID=672) to work on /opt/airflow/dags/training_pipeline_dag.py
[2026-04-27T11:42:12.894+0000] {processor.py:830} INFO - Processing file /opt/airflow/dags/training_pipeline_dag.py for tasks to queue
[2026-04-27T11:42:12.896+0000] {logging_mixin.py:188} INFO - [2026-04-27T11:42:12.896+0000] {dagbag.py:545} INFO - Filling up the DagBag from /opt/airflow/dags/training_pipeline_dag.py
[2026-04-27T11:42:12.904+0000] {processor.py:840} INFO - DAG(s) 'training_pipeline' retrieved from /opt/airflow/dags/training_pipeline_dag.py
[2026-04-27T11:42:12.924+0000] {logging_mixin.py:188} INFO - [2026-04-27T11:42:12.924+0000] {dag.py:3096} INFO - Sync 1 DAGs
[2026-04-27T11:42:12.940+0000] {logging_mixin.py:188} INFO - [2026-04-27T11:42:12.940+0000] {dag.py:3954} INFO - Setting next_dagrun for training_pipeline to 2026-04-27 00:00:00+00:00, run_after=2026-04-28 00:00:00+00:00
[2026-04-27T11:42:12.952+0000] {processor.py:183} INFO - Processing /opt/airflow/dags/training_pipeline_dag.py took 0.064 seconds
[2026-04-27T11:42:43.084+0000] {processor.py:161} INFO - Started process (PID=687) to work on /opt/airflow/dags/training_pipeline_dag.py
[2026-04-27T11:42:43.085+0000] {processor.py:830} INFO - Processing file /opt/airflow/dags/training_pipeline_dag.py for tasks to queue
[2026-04-27T11:42:43.086+0000] {logging_mixin.py:188} INFO - [2026-04-27T11:42:43.086+0000] {dagbag.py:545} INFO - Filling up the DagBag from /opt/airflow/dags/training_pipeline_dag.py
[2026-04-27T11:42:43.095+0000] {processor.py:840} INFO - DAG(s) 'training_pipeline' retrieved from /opt/airflow/dags/training_pipeline_dag.py
[2026-04-27T11:42:43.116+0000] {logging_mixin.py:188} INFO - [2026-04-27T11:42:43.115+0000] {dag.py:3096} INFO - Sync 1 DAGs
[2026-04-27T11:42:43.132+0000] {logging_mixin.py:188} INFO - [2026-04-27T11:42:43.132+0000] {dag.py:3954} INFO - Setting next_dagrun for training_pipeline to 2026-04-27 00:00:00+00:00, run_after=2026-04-28 00:00:00+00:00
[2026-04-27T11:42:43.146+0000] {processor.py:183} INFO - Processing /opt/airflow/dags/training_pipeline_dag.py took 0.066 seconds
[2026-04-27T11:43:13.260+0000] {processor.py:161} INFO - Started process (PID=702) to work on /opt/airflow/dags/training_pipeline_dag.py
[2026-04-27T11:43:13.261+0000] {processor.py:830} INFO - Processing file /opt/airflow/dags/training_pipeline_dag.py for tasks to queue
[2026-04-27T11:43:13.263+0000] {logging_mixin.py:188} INFO - [2026-04-27T11:43:13.263+0000] {dagbag.py:545} INFO - Filling up the DagBag from /opt/airflow/dags/training_pipeline_dag.py
[2026-04-27T11:43:13.271+0000] {processor.py:840} INFO - DAG(s) 'training_pipeline' retrieved from /opt/airflow/dags/training_pipeline_dag.py
[2026-04-27T11:43:13.293+0000] {logging_mixin.py:188} INFO - [2026-04-27T11:43:13.293+0000] {dag.py:3096} INFO - Sync 1 DAGs
[2026-04-27T11:43:13.309+0000] {logging_mixin.py:188} INFO - [2026-04-27T11:43:13.309+0000] {dag.py:3954} INFO - Setting next_dagrun for training_pipeline to 2026-04-27 00:00:00+00:00, run_after=2026-04-28 00:00:00+00:00
[2026-04-27T11:43:13.324+0000] {processor.py:183} INFO - Processing /opt/airflow/dags/training_pipeline_dag.py took 0.069 seconds
[2026-04-27T11:44:16.532+0000] {processor.py:161} INFO - Started process (PID=186) to work on /opt/airflow/dags/training_pipeline_dag.py
[2026-04-27T11:44:16.533+0000] {processor.py:830} INFO - Processing file /opt/airflow/dags/training_pipeline_dag.py for tasks to queue
[2026-04-27T11:44:16.534+0000] {logging_mixin.py:188} INFO - [2026-04-27T11:44:16.534+0000] {dagbag.py:545} INFO - Filling up the DagBag from /opt/airflow/dags/training_pipeline_dag.py
[2026-04-27T11:44:16.545+0000] {processor.py:840} INFO - DAG(s) 'training_pipeline' retrieved from /opt/airflow/dags/training_pipeline_dag.py
[2026-04-27T11:44:16.627+0000] {logging_mixin.py:188} INFO - [2026-04-27T11:44:16.627+0000] {override.py:1829} INFO - Created Permission View: can delete on DAG:training_pipeline
[2026-04-27T11:44:16.636+0000] {logging_mixin.py:188} INFO - [2026-04-27T11:44:16.636+0000] {override.py:1829} INFO - Created Permission View: can edit on DAG:training_pipeline
[2026-04-27T11:44:16.642+0000] {logging_mixin.py:188} INFO - [2026-04-27T11:44:16.642+0000] {override.py:1829} INFO - Created Permission View: can read on DAG:training_pipeline
[2026-04-27T11:44:16.642+0000] {logging_mixin.py:188} INFO - [2026-04-27T11:44:16.642+0000] {dag.py:3096} INFO - Sync 1 DAGs
[2026-04-27T11:44:16.654+0000] {logging_mixin.py:188} INFO - [2026-04-27T11:44:16.654+0000] {dag.py:3118} INFO - Creating ORM DAG for training_pipeline
[2026-04-27T11:44:16.666+0000] {logging_mixin.py:188} INFO - [2026-04-27T11:44:16.666+0000] {dag.py:3954} INFO - Setting next_dagrun for training_pipeline to 2026-04-26 00:00:00+00:00, run_after=2026-04-27 00:00:00+00:00
[2026-04-27T11:44:16.684+0000] {processor.py:183} INFO - Processing /opt/airflow/dags/training_pipeline_dag.py took 0.156 seconds
[2026-04-27T11:44:46.939+0000] {processor.py:161} INFO - Started process (PID=201) to work on /opt/airflow/dags/training_pipeline_dag.py
[2026-04-27T11:44:46.940+0000] {processor.py:830} INFO - Processing file /opt/airflow/dags/training_pipeline_dag.py for tasks to queue
[2026-04-27T11:44:46.941+0000] {logging_mixin.py:188} INFO - [2026-04-27T11:44:46.941+0000] {dagbag.py:545} INFO - Filling up the DagBag from /opt/airflow/dags/training_pipeline_dag.py
[2026-04-27T11:44:46.949+0000] {processor.py:840} INFO - DAG(s) 'training_pipeline' retrieved from /opt/airflow/dags/training_pipeline_dag.py
[2026-04-27T11:44:46.970+0000] {logging_mixin.py:188} INFO - [2026-04-27T11:44:46.970+0000] {dag.py:3096} INFO - Sync 1 DAGs
[2026-04-27T11:44:46.986+0000] {logging_mixin.py:188} INFO - [2026-04-27T11:44:46.986+0000] {dag.py:3954} INFO - Setting next_dagrun for training_pipeline to 2026-04-26 00:00:00+00:00, run_after=2026-04-27 00:00:00+00:00
[2026-04-27T11:44:47.002+0000] {processor.py:183} INFO - Processing /opt/airflow/dags/training_pipeline_dag.py took 0.068 seconds
[2026-04-27T11:45:17.183+0000] {processor.py:161} INFO - Started process (PID=354) to work on /opt/airflow/dags/training_pipeline_dag.py
[2026-04-27T11:45:17.184+0000] {processor.py:830} INFO - Processing file /opt/airflow/dags/training_pipeline_dag.py for tasks to queue
[2026-04-27T11:45:17.185+0000] {logging_mixin.py:188} INFO - [2026-04-27T11:45:17.185+0000] {dagbag.py:545} INFO - Filling up the DagBag from /opt/airflow/dags/training_pipeline_dag.py
[2026-04-27T11:45:17.195+0000] {processor.py:840} INFO - DAG(s) 'training_pipeline' retrieved from /opt/airflow/dags/training_pipeline_dag.py
[2026-04-27T11:45:17.216+0000] {logging_mixin.py:188} INFO - [2026-04-27T11:45:17.216+0000] {dag.py:3096} INFO - Sync 1 DAGs
[2026-04-27T11:45:17.231+0000] {logging_mixin.py:188} INFO - [2026-04-27T11:45:17.231+0000] {dag.py:3954} INFO - Setting next_dagrun for training_pipeline to 2026-04-27 00:00:00+00:00, run_after=2026-04-28 00:00:00+00:00
[2026-04-27T11:45:17.244+0000] {processor.py:183} INFO - Processing /opt/airflow/dags/training_pipeline_dag.py took 0.065 seconds
[2026-04-27T11:45:47.871+0000] {processor.py:161} INFO - Started process (PID=369) to work on /opt/airflow/dags/training_pipeline_dag.py
[2026-04-27T11:45:47.872+0000] {processor.py:830} INFO - Processing file /opt/airflow/dags/training_pipeline_dag.py for tasks to queue
[2026-04-27T11:45:47.873+0000] {logging_mixin.py:188} INFO - [2026-04-27T11:45:47.873+0000] {dagbag.py:545} INFO - Filling up the DagBag from /opt/airflow/dags/training_pipeline_dag.py
[2026-04-27T11:45:47.882+0000] {processor.py:840} INFO - DAG(s) 'training_pipeline' retrieved from /opt/airflow/dags/training_pipeline_dag.py
[2026-04-27T11:45:47.903+0000] {logging_mixin.py:188} INFO - [2026-04-27T11:45:47.903+0000] {dag.py:3096} INFO - Sync 1 DAGs
[2026-04-27T11:45:47.918+0000] {logging_mixin.py:188} INFO - [2026-04-27T11:45:47.918+0000] {dag.py:3954} INFO - Setting next_dagrun for training_pipeline to 2026-04-27 00:00:00+00:00, run_after=2026-04-28 00:00:00+00:00
[2026-04-27T11:45:47.931+0000] {processor.py:183} INFO - Processing /opt/airflow/dags/training_pipeline_dag.py took 0.065 seconds
[2026-04-27T11:46:18.766+0000] {processor.py:161} INFO - Started process (PID=384) to work on /opt/airflow/dags/training_pipeline_dag.py
[2026-04-27T11:46:18.767+0000] {processor.py:830} INFO - Processing file /opt/airflow/dags/training_pipeline_dag.py for tasks to queue
[2026-04-27T11:46:18.768+0000] {logging_mixin.py:188} INFO - [2026-04-27T11:46:18.768+0000] {dagbag.py:545} INFO - Filling up the DagBag from /opt/airflow/dags/training_pipeline_dag.py
[2026-04-27T11:46:18.776+0000] {processor.py:840} INFO - DAG(s) 'training_pipeline' retrieved from /opt/airflow/dags/training_pipeline_dag.py
[2026-04-27T11:46:18.796+0000] {logging_mixin.py:188} INFO - [2026-04-27T11:46:18.796+0000] {dag.py:3096} INFO - Sync 1 DAGs
[2026-04-27T11:46:18.811+0000] {logging_mixin.py:188} INFO - [2026-04-27T11:46:18.810+0000] {dag.py:3954} INFO - Setting next_dagrun for training_pipeline to 2026-04-27 00:00:00+00:00, run_after=2026-04-28 00:00:00+00:00
[2026-04-27T11:46:18.823+0000] {processor.py:183} INFO - Processing /opt/airflow/dags/training_pipeline_dag.py took 0.061 seconds
[2026-04-27T11:46:49.103+0000] {processor.py:161} INFO - Started process (PID=399) to work on /opt/airflow/dags/training_pipeline_dag.py
[2026-04-27T11:46:49.104+0000] {processor.py:830} INFO - Processing file /opt/airflow/dags/training_pipeline_dag.py for tasks to queue
[2026-04-27T11:46:49.106+0000] {logging_mixin.py:188} INFO - [2026-04-27T11:46:49.105+0000] {dagbag.py:545} INFO - Filling up the DagBag from /opt/airflow/dags/training_pipeline_dag.py
[2026-04-27T11:46:49.114+0000] {processor.py:840} INFO - DAG(s) 'training_pipeline' retrieved from /opt/airflow/dags/training_pipeline_dag.py
[2026-04-27T11:46:49.135+0000] {logging_mixin.py:188} INFO - [2026-04-27T11:46:49.135+0000] {dag.py:3096} INFO - Sync 1 DAGs
[2026-04-27T11:46:49.151+0000] {logging_mixin.py:188} INFO - [2026-04-27T11:46:49.151+0000] {dag.py:3954} INFO - Setting next_dagrun for training_pipeline to 2026-04-27 00:00:00+00:00, run_after=2026-04-28 00:00:00+00:00
[2026-04-27T11:46:49.166+0000] {processor.py:183} INFO - Processing /opt/airflow/dags/training_pipeline_dag.py took 0.067 seconds
[2026-04-27T11:47:19.314+0000] {processor.py:161} INFO - Started process (PID=414) to work on /opt/airflow/dags/training_pipeline_dag.py
[2026-04-27T11:47:19.315+0000] {processor.py:830} INFO - Processing file /opt/airflow/dags/training_pipeline_dag.py for tasks to queue
[2026-04-27T11:47:19.317+0000] {logging_mixin.py:188} INFO - [2026-04-27T11:47:19.317+0000] {dagbag.py:545} INFO - Filling up the DagBag from /opt/airflow/dags/training_pipeline_dag.py
[2026-04-27T11:47:19.325+0000] {processor.py:840} INFO - DAG(s) 'training_pipeline' retrieved from /opt/airflow/dags/training_pipeline_dag.py
[2026-04-27T11:47:19.347+0000] {logging_mixin.py:188} INFO - [2026-04-27T11:47:19.346+0000] {dag.py:3096} INFO - Sync 1 DAGs
[2026-04-27T11:47:19.362+0000] {logging_mixin.py:188} INFO - [2026-04-27T11:47:19.362+0000] {dag.py:3954} INFO - Setting next_dagrun for training_pipeline to 2026-04-27 00:00:00+00:00, run_after=2026-04-28 00:00:00+00:00
[2026-04-27T11:47:19.375+0000] {processor.py:183} INFO - Processing /opt/airflow/dags/training_pipeline_dag.py took 0.066 seconds
[2026-04-27T11:47:49.537+0000] {processor.py:161} INFO - Started process (PID=429) to work on /opt/airflow/dags/training_pipeline_dag.py
[2026-04-27T11:47:49.538+0000] {processor.py:830} INFO - Processing file /opt/airflow/dags/training_pipeline_dag.py for tasks to queue
[2026-04-27T11:47:49.539+0000] {logging_mixin.py:188} INFO - [2026-04-27T11:47:49.539+0000] {dagbag.py:545} INFO - Filling up the DagBag from /opt/airflow/dags/training_pipeline_dag.py
[2026-04-27T11:47:49.548+0000] {processor.py:840} INFO - DAG(s) 'training_pipeline' retrieved from /opt/airflow/dags/training_pipeline_dag.py
[2026-04-27T11:47:49.569+0000] {logging_mixin.py:188} INFO - [2026-04-27T11:47:49.569+0000] {dag.py:3096} INFO - Sync 1 DAGs
[2026-04-27T11:47:49.584+0000] {logging_mixin.py:188} INFO - [2026-04-27T11:47:49.584+0000] {dag.py:3954} INFO - Setting next_dagrun for training_pipeline to 2026-04-27 00:00:00+00:00, run_after=2026-04-28 00:00:00+00:00
[2026-04-27T11:47:49.597+0000] {processor.py:183} INFO - Processing /opt/airflow/dags/training_pipeline_dag.py took 0.065 seconds
[2026-04-27T11:48:19.804+0000] {processor.py:161} INFO - Started process (PID=444) to work on /opt/airflow/dags/training_pipeline_dag.py
[2026-04-27T11:48:19.805+0000] {processor.py:830} INFO - Processing file /opt/airflow/dags/training_pipeline_dag.py for tasks to queue
[2026-04-27T11:48:19.806+0000] {logging_mixin.py:188} INFO - [2026-04-27T11:48:19.806+0000] {dagbag.py:545} INFO - Filling up the DagBag from /opt/airflow/dags/training_pipeline_dag.py
[2026-04-27T11:48:19.815+0000] {processor.py:840} INFO - DAG(s) 'training_pipeline' retrieved from /opt/airflow/dags/training_pipeline_dag.py
[2026-04-27T11:48:19.835+0000] {logging_mixin.py:188} INFO - [2026-04-27T11:48:19.835+0000] {dag.py:3096} INFO - Sync 1 DAGs
[2026-04-27T11:48:19.851+0000] {logging_mixin.py:188} INFO - [2026-04-27T11:48:19.851+0000] {dag.py:3954} INFO - Setting next_dagrun for training_pipeline to 2026-04-27 00:00:00+00:00, run_after=2026-04-28 00:00:00+00:00
[2026-04-27T11:48:19.864+0000] {processor.py:183} INFO - Processing /opt/airflow/dags/training_pipeline_dag.py took 0.064 seconds
[2026-04-27T11:48:49.972+0000] {processor.py:161} INFO - Started process (PID=459) to work on /opt/airflow/dags/training_pipeline_dag.py
[2026-04-27T11:48:49.973+0000] {processor.py:830} INFO - Processing file /opt/airflow/dags/training_pipeline_dag.py for tasks to queue
[2026-04-27T11:48:49.974+0000] {logging_mixin.py:188} INFO - [2026-04-27T11:48:49.974+0000] {dagbag.py:545} INFO - Filling up the DagBag from /opt/airflow/dags/training_pipeline_dag.py
[2026-04-27T11:48:49.983+0000] {processor.py:840} INFO - DAG(s) 'training_pipeline' retrieved from /opt/airflow/dags/training_pipeline_dag.py
[2026-04-27T11:48:50.003+0000] {logging_mixin.py:188} INFO - [2026-04-27T11:48:50.003+0000] {dag.py:3096} INFO - Sync 1 DAGs
[2026-04-27T11:48:50.019+0000] {logging_mixin.py:188} INFO - [2026-04-27T11:48:50.019+0000] {dag.py:3954} INFO - Setting next_dagrun for training_pipeline to 2026-04-27 00:00:00+00:00, run_after=2026-04-28 00:00:00+00:00
[2026-04-27T11:48:50.037+0000] {processor.py:183} INFO - Processing /opt/airflow/dags/training_pipeline_dag.py took 0.070 seconds
[2026-04-27T11:49:52.095+0000] {processor.py:161} INFO - Started process (PID=186) to work on /opt/airflow/dags/training_pipeline_dag.py
[2026-04-27T11:49:52.096+0000] {processor.py:830} INFO - Processing file /opt/airflow/dags/training_pipeline_dag.py for tasks to queue
[2026-04-27T11:49:52.097+0000] {logging_mixin.py:188} INFO - [2026-04-27T11:49:52.097+0000] {dagbag.py:545} INFO - Filling up the DagBag from /opt/airflow/dags/training_pipeline_dag.py
[2026-04-27T11:49:52.108+0000] {processor.py:840} INFO - DAG(s) 'training_pipeline' retrieved from /opt/airflow/dags/training_pipeline_dag.py
[2026-04-27T11:49:52.178+0000] {logging_mixin.py:188} INFO - [2026-04-27T11:49:52.178+0000] {override.py:1829} INFO - Created Permission View: can delete on DAG:training_pipeline
[2026-04-27T11:49:52.184+0000] {logging_mixin.py:188} INFO - [2026-04-27T11:49:52.184+0000] {override.py:1829} INFO - Created Permission View: can edit on DAG:training_pipeline
[2026-04-27T11:49:52.188+0000] {logging_mixin.py:188} INFO - [2026-04-27T11:49:52.188+0000] {override.py:1829} INFO - Created Permission View: can read on DAG:training_pipeline
[2026-04-27T11:49:52.189+0000] {logging_mixin.py:188} INFO - [2026-04-27T11:49:52.189+0000] {dag.py:3096} INFO - Sync 1 DAGs
[2026-04-27T11:49:52.195+0000] {logging_mixin.py:188} INFO - [2026-04-27T11:49:52.195+0000] {dag.py:3118} INFO - Creating ORM DAG for training_pipeline
[2026-04-27T11:49:52.202+0000] {logging_mixin.py:188} INFO - [2026-04-27T11:49:52.202+0000] {dag.py:3954} INFO - Setting next_dagrun for training_pipeline to 2026-04-26 00:00:00+00:00, run_after=2026-04-27 00:00:00+00:00
[2026-04-27T11:49:52.214+0000] {processor.py:183} INFO - Processing /opt/airflow/dags/training_pipeline_dag.py took 0.123 seconds
[2026-04-27T11:50:22.284+0000] {processor.py:161} INFO - Started process (PID=379) to work on /opt/airflow/dags/training_pipeline_dag.py
[2026-04-27T11:50:22.285+0000] {processor.py:830} INFO - Processing file /opt/airflow/dags/training_pipeline_dag.py for tasks to queue
[2026-04-27T11:50:22.286+0000] {logging_mixin.py:188} INFO - [2026-04-27T11:50:22.286+0000] {dagbag.py:545} INFO - Filling up the DagBag from /opt/airflow/dags/training_pipeline_dag.py
[2026-04-27T11:50:22.294+0000] {processor.py:840} INFO - DAG(s) 'training_pipeline' retrieved from /opt/airflow/dags/training_pipeline_dag.py
[2026-04-27T11:50:22.317+0000] {logging_mixin.py:188} INFO - [2026-04-27T11:50:22.317+0000] {dag.py:3096} INFO - Sync 1 DAGs
[2026-04-27T11:50:22.333+0000] {logging_mixin.py:188} INFO - [2026-04-27T11:50:22.332+0000] {dag.py:3954} INFO - Setting next_dagrun for training_pipeline to 2026-04-27 00:00:00+00:00, run_after=2026-04-28 00:00:00+00:00
[2026-04-27T11:50:22.347+0000] {processor.py:183} INFO - Processing /opt/airflow/dags/training_pipeline_dag.py took 0.068 seconds
[2026-04-27T11:50:52.523+0000] {processor.py:161} INFO - Started process (PID=434) to work on /opt/airflow/dags/training_pipeline_dag.py
[2026-04-27T11:50:52.524+0000] {processor.py:830} INFO - Processing file /opt/airflow/dags/training_pipeline_dag.py for tasks to queue
[2026-04-27T11:50:52.525+0000] {logging_mixin.py:188} INFO - [2026-04-27T11:50:52.525+0000] {dagbag.py:545} INFO - Filling up the DagBag from /opt/airflow/dags/training_pipeline_dag.py
[2026-04-27T11:50:52.534+0000] {processor.py:840} INFO - DAG(s) 'training_pipeline' retrieved from /opt/airflow/dags/training_pipeline_dag.py
[2026-04-27T11:50:52.554+0000] {logging_mixin.py:188} INFO - [2026-04-27T11:50:52.554+0000] {dag.py:3096} INFO - Sync 1 DAGs
[2026-04-27T11:50:52.570+0000] {logging_mixin.py:188} INFO - [2026-04-27T11:50:52.569+0000] {dag.py:3954} INFO - Setting next_dagrun for training_pipeline to 2026-04-27 00:00:00+00:00, run_after=2026-04-28 00:00:00+00:00
[2026-04-27T11:50:52.583+0000] {processor.py:183} INFO - Processing /opt/airflow/dags/training_pipeline_dag.py took 0.065 seconds
[2026-04-27T11:51:22.737+0000] {processor.py:161} INFO - Started process (PID=501) to work on /opt/airflow/dags/training_pipeline_dag.py
[2026-04-27T11:51:22.739+0000] {processor.py:830} INFO - Processing file /opt/airflow/dags/training_pipeline_dag.py for tasks to queue
[2026-04-27T11:51:22.742+0000] {logging_mixin.py:188} INFO - [2026-04-27T11:51:22.741+0000] {dagbag.py:545} INFO - Filling up the DagBag from /opt/airflow/dags/training_pipeline_dag.py
[2026-04-27T11:51:22.756+0000] {processor.py:840} INFO - DAG(s) 'training_pipeline' retrieved from /opt/airflow/dags/training_pipeline_dag.py
[2026-04-27T11:51:22.794+0000] {logging_mixin.py:188} INFO - [2026-04-27T11:51:22.794+0000] {dag.py:3096} INFO - Sync 1 DAGs
[2026-04-27T11:51:22.823+0000] {logging_mixin.py:188} INFO - [2026-04-27T11:51:22.823+0000] {dag.py:3954} INFO - Setting next_dagrun for training_pipeline to 2026-04-27 00:00:00+00:00, run_after=2026-04-28 00:00:00+00:00
[2026-04-27T11:51:22.841+0000] {processor.py:183} INFO - Processing /opt/airflow/dags/training_pipeline_dag.py took 0.109 seconds
[2026-04-27T11:51:52.969+0000] {processor.py:161} INFO - Started process (PID=668) to work on /opt/airflow/dags/training_pipeline_dag.py
[2026-04-27T11:51:52.970+0000] {processor.py:830} INFO - Processing file /opt/airflow/dags/training_pipeline_dag.py for tasks to queue
[2026-04-27T11:51:52.972+0000] {logging_mixin.py:188} INFO - [2026-04-27T11:51:52.971+0000] {dagbag.py:545} INFO - Filling up the DagBag from /opt/airflow/dags/training_pipeline_dag.py
[2026-04-27T11:51:52.980+0000] {processor.py:840} INFO - DAG(s) 'training_pipeline' retrieved from /opt/airflow/dags/training_pipeline_dag.py
[2026-04-27T11:51:53.002+0000] {logging_mixin.py:188} INFO - [2026-04-27T11:51:53.002+0000] {dag.py:3096} INFO - Sync 1 DAGs
[2026-04-27T11:51:53.017+0000] {logging_mixin.py:188} INFO - [2026-04-27T11:51:53.017+0000] {dag.py:3954} INFO - Setting next_dagrun for training_pipeline to 2026-04-27 00:00:00+00:00, run_after=2026-04-28 00:00:00+00:00
[2026-04-27T11:51:53.031+0000] {processor.py:183} INFO - Processing /opt/airflow/dags/training_pipeline_dag.py took 0.066 seconds
[2026-04-27T11:52:23.237+0000] {processor.py:161} INFO - Started process (PID=683) to work on /opt/airflow/dags/training_pipeline_dag.py
[2026-04-27T11:52:23.238+0000] {processor.py:830} INFO - Processing file /opt/airflow/dags/training_pipeline_dag.py for tasks to queue
[2026-04-27T11:52:23.239+0000] {logging_mixin.py:188} INFO - [2026-04-27T11:52:23.239+0000] {dagbag.py:545} INFO - Filling up the DagBag from /opt/airflow/dags/training_pipeline_dag.py
[2026-04-27T11:52:23.247+0000] {processor.py:840} INFO - DAG(s) 'training_pipeline' retrieved from /opt/airflow/dags/training_pipeline_dag.py
[2026-04-27T11:52:23.268+0000] {logging_mixin.py:188} INFO - [2026-04-27T11:52:23.268+0000] {dag.py:3096} INFO - Sync 1 DAGs
[2026-04-27T11:52:23.285+0000] {logging_mixin.py:188} INFO - [2026-04-27T11:52:23.285+0000] {dag.py:3954} INFO - Setting next_dagrun for training_pipeline to 2026-04-27 00:00:00+00:00, run_after=2026-04-28 00:00:00+00:00
[2026-04-27T11:52:23.298+0000] {processor.py:183} INFO - Processing /opt/airflow/dags/training_pipeline_dag.py took 0.067 seconds
[2026-04-27T11:52:53.500+0000] {processor.py:161} INFO - Started process (PID=698) to work on /opt/airflow/dags/training_pipeline_dag.py
[2026-04-27T11:52:53.502+0000] {processor.py:830} INFO - Processing file /opt/airflow/dags/training_pipeline_dag.py for tasks to queue
[2026-04-27T11:52:53.503+0000] {logging_mixin.py:188} INFO - [2026-04-27T11:52:53.503+0000] {dagbag.py:545} INFO - Filling up the DagBag from /opt/airflow/dags/training_pipeline_dag.py
[2026-04-27T11:52:53.511+0000] {processor.py:840} INFO - DAG(s) 'training_pipeline' retrieved from /opt/airflow/dags/training_pipeline_dag.py
[2026-04-27T11:52:53.531+0000] {logging_mixin.py:188} INFO - [2026-04-27T11:52:53.530+0000] {dag.py:3096} INFO - Sync 1 DAGs
[2026-04-27T11:52:53.546+0000] {logging_mixin.py:188} INFO - [2026-04-27T11:52:53.546+0000] {dag.py:3954} INFO - Setting next_dagrun for training_pipeline to 2026-04-27 00:00:00+00:00, run_after=2026-04-28 00:00:00+00:00
[2026-04-27T11:52:53.559+0000] {processor.py:183} INFO - Processing /opt/airflow/dags/training_pipeline_dag.py took 0.062 seconds
[2026-04-27T11:53:23.659+0000] {processor.py:161} INFO - Started process (PID=716) to work on /opt/airflow/dags/training_pipeline_dag.py
[2026-04-27T11:53:23.660+0000] {processor.py:830} INFO - Processing file /opt/airflow/dags/training_pipeline_dag.py for tasks to queue
[2026-04-27T11:53:23.662+0000] {logging_mixin.py:188} INFO - [2026-04-27T11:53:23.662+0000] {dagbag.py:545} INFO - Filling up the DagBag from /opt/airflow/dags/training_pipeline_dag.py
[2026-04-27T11:53:23.672+0000] {processor.py:840} INFO - DAG(s) 'training_pipeline' retrieved from /opt/airflow/dags/training_pipeline_dag.py
[2026-04-27T11:53:23.700+0000] {logging_mixin.py:188} INFO - [2026-04-27T11:53:23.700+0000] {dag.py:3096} INFO - Sync 1 DAGs
[2026-04-27T11:53:23.720+0000] {logging_mixin.py:188} INFO - [2026-04-27T11:53:23.720+0000] {dag.py:3954} INFO - Setting next_dagrun for training_pipeline to 2026-04-27 00:00:00+00:00, run_after=2026-04-28 00:00:00+00:00
[2026-04-27T11:53:23.735+0000] {processor.py:183} INFO - Processing /opt/airflow/dags/training_pipeline_dag.py took 0.081 seconds
[2026-04-27T11:53:53.893+0000] {processor.py:161} INFO - Started process (PID=795) to work on /opt/airflow/dags/training_pipeline_dag.py
[2026-04-27T11:53:53.895+0000] {processor.py:830} INFO - Processing file /opt/airflow/dags/training_pipeline_dag.py for tasks to queue
[2026-04-27T11:53:53.897+0000] {logging_mixin.py:188} INFO - [2026-04-27T11:53:53.897+0000] {dagbag.py:545} INFO - Filling up the DagBag from /opt/airflow/dags/training_pipeline_dag.py
[2026-04-27T11:53:53.908+0000] {processor.py:840} INFO - DAG(s) 'training_pipeline' retrieved from /opt/airflow/dags/training_pipeline_dag.py
[2026-04-27T11:53:53.933+0000] {logging_mixin.py:188} INFO - [2026-04-27T11:53:53.933+0000] {dag.py:3096} INFO - Sync 1 DAGs
[2026-04-27T11:53:53.953+0000] {logging_mixin.py:188} INFO - [2026-04-27T11:53:53.953+0000] {dag.py:3954} INFO - Setting next_dagrun for training_pipeline to 2026-04-27 00:00:00+00:00, run_after=2026-04-28 00:00:00+00:00
[2026-04-27T11:53:53.970+0000] {processor.py:183} INFO - Processing /opt/airflow/dags/training_pipeline_dag.py took 0.082 seconds
[2026-04-27T11:54:33.868+0000] {processor.py:161} INFO - Started process (PID=186) to work on /opt/airflow/dags/training_pipeline_dag.py
[2026-04-27T11:54:33.869+0000] {processor.py:830} INFO - Processing file /opt/airflow/dags/training_pipeline_dag.py for tasks to queue
[2026-04-27T11:54:33.870+0000] {logging_mixin.py:188} INFO - [2026-04-27T11:54:33.870+0000] {dagbag.py:545} INFO - Filling up the DagBag from /opt/airflow/dags/training_pipeline_dag.py
[2026-04-27T11:54:33.881+0000] {processor.py:840} INFO - DAG(s) 'training_pipeline' retrieved from /opt/airflow/dags/training_pipeline_dag.py
[2026-04-27T11:54:33.953+0000] {logging_mixin.py:188} INFO - [2026-04-27T11:54:33.953+0000] {override.py:1829} INFO - Created Permission View: can edit on DAG:training_pipeline
[2026-04-27T11:54:33.959+0000] {logging_mixin.py:188} INFO - [2026-04-27T11:54:33.959+0000] {override.py:1829} INFO - Created Permission View: can delete on DAG:training_pipeline
[2026-04-27T11:54:33.963+0000] {logging_mixin.py:188} INFO - [2026-04-27T11:54:33.963+0000] {override.py:1829} INFO - Created Permission View: can read on DAG:training_pipeline
[2026-04-27T11:54:33.963+0000] {logging_mixin.py:188} INFO - [2026-04-27T11:54:33.963+0000] {dag.py:3096} INFO - Sync 1 DAGs
[2026-04-27T11:54:33.970+0000] {logging_mixin.py:188} INFO - [2026-04-27T11:54:33.970+0000] {dag.py:3118} INFO - Creating ORM DAG for training_pipeline
[2026-04-27T11:54:33.977+0000] {logging_mixin.py:188} INFO - [2026-04-27T11:54:33.977+0000] {dag.py:3954} INFO - Setting next_dagrun for training_pipeline to 2026-04-26 00:00:00+00:00, run_after=2026-04-27 00:00:00+00:00
[2026-04-27T11:54:33.988+0000] {processor.py:183} INFO - Processing /opt/airflow/dags/training_pipeline_dag.py took 0.125 seconds
[2026-04-27T11:55:04.032+0000] {processor.py:161} INFO - Started process (PID=227) to work on /opt/airflow/dags/training_pipeline_dag.py
[2026-04-27T11:55:04.033+0000] {processor.py:830} INFO - Processing file /opt/airflow/dags/training_pipeline_dag.py for tasks to queue
[2026-04-27T11:55:04.034+0000] {logging_mixin.py:188} INFO - [2026-04-27T11:55:04.034+0000] {dagbag.py:545} INFO - Filling up the DagBag from /opt/airflow/dags/training_pipeline_dag.py
[2026-04-27T11:55:04.044+0000] {processor.py:840} INFO - DAG(s) 'training_pipeline' retrieved from /opt/airflow/dags/training_pipeline_dag.py
[2026-04-27T11:55:04.063+0000] {logging_mixin.py:188} INFO - [2026-04-27T11:55:04.063+0000] {dag.py:3096} INFO - Sync 1 DAGs
[2026-04-27T11:55:04.078+0000] {logging_mixin.py:188} INFO - [2026-04-27T11:55:04.078+0000] {dag.py:3954} INFO - Setting next_dagrun for training_pipeline to 2026-04-26 00:00:00+00:00, run_after=2026-04-27 00:00:00+00:00
[2026-04-27T11:55:04.091+0000] {processor.py:183} INFO - Processing /opt/airflow/dags/training_pipeline_dag.py took 0.062 seconds
[2026-04-27T11:55:34.216+0000] {processor.py:161} INFO - Started process (PID=509) to work on /opt/airflow/dags/training_pipeline_dag.py
[2026-04-27T11:55:34.217+0000] {processor.py:830} INFO - Processing file /opt/airflow/dags/training_pipeline_dag.py for tasks to queue
[2026-04-27T11:55:34.219+0000] {logging_mixin.py:188} INFO - [2026-04-27T11:55:34.218+0000] {dagbag.py:545} INFO - Filling up the DagBag from /opt/airflow/dags/training_pipeline_dag.py
[2026-04-27T11:55:34.227+0000] {processor.py:840} INFO - DAG(s) 'training_pipeline' retrieved from /opt/airflow/dags/training_pipeline_dag.py
[2026-04-27T11:55:34.245+0000] {logging_mixin.py:188} INFO - [2026-04-27T11:55:34.245+0000] {dag.py:3096} INFO - Sync 1 DAGs
[2026-04-27T11:55:34.259+0000] {logging_mixin.py:188} INFO - [2026-04-27T11:55:34.259+0000] {dag.py:3954} INFO - Setting next_dagrun for training_pipeline to 2026-04-26 00:00:00+00:00, run_after=2026-04-27 00:00:00+00:00
[2026-04-27T11:55:34.272+0000] {processor.py:183} INFO - Processing /opt/airflow/dags/training_pipeline_dag.py took 0.059 seconds
[2026-04-27T11:56:04.601+0000] {processor.py:161} INFO - Started process (PID=532) to work on /opt/airflow/dags/training_pipeline_dag.py
[2026-04-27T11:56:04.602+0000] {processor.py:830} INFO - Processing file /opt/airflow/dags/training_pipeline_dag.py for tasks to queue
[2026-04-27T11:56:04.604+0000] {logging_mixin.py:188} INFO - [2026-04-27T11:56:04.603+0000] {dagbag.py:545} INFO - Filling up the DagBag from /opt/airflow/dags/training_pipeline_dag.py
[2026-04-27T11:56:04.614+0000] {processor.py:840} INFO - DAG(s) 'training_pipeline' retrieved from /opt/airflow/dags/training_pipeline_dag.py
[2026-04-27T11:56:04.640+0000] {logging_mixin.py:188} INFO - [2026-04-27T11:56:04.640+0000] {dag.py:3096} INFO - Sync 1 DAGs
[2026-04-27T11:56:04.658+0000] {logging_mixin.py:188} INFO - [2026-04-27T11:56:04.658+0000] {dag.py:3954} INFO - Setting next_dagrun for training_pipeline to 2026-04-26 00:00:00+00:00, run_after=2026-04-27 00:00:00+00:00
[2026-04-27T11:56:04.673+0000] {processor.py:183} INFO - Processing /opt/airflow/dags/training_pipeline_dag.py took 0.076 seconds
[2026-04-27T11:56:49.060+0000] {processor.py:161} INFO - Started process (PID=186) to work on /opt/airflow/dags/training_pipeline_dag.py
[2026-04-27T11:56:49.061+0000] {processor.py:830} INFO - Processing file /opt/airflow/dags/training_pipeline_dag.py for tasks to queue
[2026-04-27T11:56:49.062+0000] {logging_mixin.py:188} INFO - [2026-04-27T11:56:49.062+0000] {dagbag.py:545} INFO - Filling up the DagBag from /opt/airflow/dags/training_pipeline_dag.py
[2026-04-27T11:56:49.074+0000] {processor.py:840} INFO - DAG(s) 'training_pipeline' retrieved from /opt/airflow/dags/training_pipeline_dag.py
[2026-04-27T11:56:49.144+0000] {logging_mixin.py:188} INFO - [2026-04-27T11:56:49.144+0000] {override.py:1829} INFO - Created Permission View: can edit on DAG:training_pipeline
[2026-04-27T11:56:49.151+0000] {logging_mixin.py:188} INFO - [2026-04-27T11:56:49.150+0000] {override.py:1829} INFO - Created Permission View: can read on DAG:training_pipeline
[2026-04-27T11:56:49.155+0000] {logging_mixin.py:188} INFO - [2026-04-27T11:56:49.155+0000] {override.py:1829} INFO - Created Permission View: can delete on DAG:training_pipeline
[2026-04-27T11:56:49.155+0000] {logging_mixin.py:188} INFO - [2026-04-27T11:56:49.155+0000] {dag.py:3096} INFO - Sync 1 DAGs
[2026-04-27T11:56:49.162+0000] {logging_mixin.py:188} INFO - [2026-04-27T11:56:49.162+0000] {dag.py:3118} INFO - Creating ORM DAG for training_pipeline
[2026-04-27T11:56:49.168+0000] {logging_mixin.py:188} INFO - [2026-04-27T11:56:49.168+0000] {dag.py:3954} INFO - Setting next_dagrun for training_pipeline to 2026-04-26 00:00:00+00:00, run_after=2026-04-27 00:00:00+00:00
[2026-04-27T11:56:49.180+0000] {processor.py:183} INFO - Processing /opt/airflow/dags/training_pipeline_dag.py took 0.124 seconds
[2026-04-27T11:57:19.302+0000] {processor.py:161} INFO - Started process (PID=201) to work on /opt/airflow/dags/training_pipeline_dag.py
[2026-04-27T11:57:19.303+0000] {processor.py:830} INFO - Processing file /opt/airflow/dags/training_pipeline_dag.py for tasks to queue
[2026-04-27T11:57:19.304+0000] {logging_mixin.py:188} INFO - [2026-04-27T11:57:19.304+0000] {dagbag.py:545} INFO - Filling up the DagBag from /opt/airflow/dags/training_pipeline_dag.py
[2026-04-27T11:57:19.312+0000] {processor.py:840} INFO - DAG(s) 'training_pipeline' retrieved from /opt/airflow/dags/training_pipeline_dag.py
[2026-04-27T11:57:19.331+0000] {logging_mixin.py:188} INFO - [2026-04-27T11:57:19.331+0000] {dag.py:3096} INFO - Sync 1 DAGs
[2026-04-27T11:57:19.345+0000] {logging_mixin.py:188} INFO - [2026-04-27T11:57:19.345+0000] {dag.py:3954} INFO - Setting next_dagrun for training_pipeline to 2026-04-26 00:00:00+00:00, run_after=2026-04-27 00:00:00+00:00
[2026-04-27T11:57:19.357+0000] {processor.py:183} INFO - Processing /opt/airflow/dags/training_pipeline_dag.py took 0.058 seconds
[2026-04-27T11:57:49.581+0000] {processor.py:161} INFO - Started process (PID=216) to work on /opt/airflow/dags/training_pipeline_dag.py
[2026-04-27T11:57:49.582+0000] {processor.py:830} INFO - Processing file /opt/airflow/dags/training_pipeline_dag.py for tasks to queue
[2026-04-27T11:57:49.584+0000] {logging_mixin.py:188} INFO - [2026-04-27T11:57:49.583+0000] {dagbag.py:545} INFO - Filling up the DagBag from /opt/airflow/dags/training_pipeline_dag.py
[2026-04-27T11:57:49.592+0000] {processor.py:840} INFO - DAG(s) 'training_pipeline' retrieved from /opt/airflow/dags/training_pipeline_dag.py
[2026-04-27T11:57:49.612+0000] {logging_mixin.py:188} INFO - [2026-04-27T11:57:49.612+0000] {dag.py:3096} INFO - Sync 1 DAGs
[2026-04-27T11:57:49.627+0000] {logging_mixin.py:188} INFO - [2026-04-27T11:57:49.626+0000] {dag.py:3954} INFO - Setting next_dagrun for training_pipeline to 2026-04-26 00:00:00+00:00, run_after=2026-04-27 00:00:00+00:00
[2026-04-27T11:57:49.639+0000] {processor.py:183} INFO - Processing /opt/airflow/dags/training_pipeline_dag.py took 0.063 seconds
[2026-04-27T11:58:19.811+0000] {processor.py:161} INFO - Started process (PID=349) to work on /opt/airflow/dags/training_pipeline_dag.py
[2026-04-27T11:58:19.811+0000] {processor.py:830} INFO - Processing file /opt/airflow/dags/training_pipeline_dag.py for tasks to queue
[2026-04-27T11:58:19.813+0000] {logging_mixin.py:188} INFO - [2026-04-27T11:58:19.813+0000] {dagbag.py:545} INFO - Filling up the DagBag from /opt/airflow/dags/training_pipeline_dag.py
[2026-04-27T11:58:19.822+0000] {processor.py:840} INFO - DAG(s) 'training_pipeline' retrieved from /opt/airflow/dags/training_pipeline_dag.py
[2026-04-27T11:58:19.842+0000] {logging_mixin.py:188} INFO - [2026-04-27T11:58:19.842+0000] {dag.py:3096} INFO - Sync 1 DAGs
[2026-04-27T11:58:19.858+0000] {logging_mixin.py:188} INFO - [2026-04-27T11:58:19.857+0000] {dag.py:3954} INFO - Setting next_dagrun for training_pipeline to 2026-04-26 00:00:00+00:00, run_after=2026-04-27 00:00:00+00:00
[2026-04-27T11:58:19.870+0000] {processor.py:183} INFO - Processing /opt/airflow/dags/training_pipeline_dag.py took 0.064 seconds
[2026-04-27T11:58:50.009+0000] {processor.py:161} INFO - Started process (PID=364) to work on /opt/airflow/dags/training_pipeline_dag.py
[2026-04-27T11:58:50.010+0000] {processor.py:830} INFO - Processing file /opt/airflow/dags/training_pipeline_dag.py for tasks to queue
[2026-04-27T11:58:50.011+0000] {logging_mixin.py:188} INFO - [2026-04-27T11:58:50.011+0000] {dagbag.py:545} INFO - Filling up the DagBag from /opt/airflow/dags/training_pipeline_dag.py
[2026-04-27T11:58:50.020+0000] {processor.py:840} INFO - DAG(s) 'training_pipeline' retrieved from /opt/airflow/dags/training_pipeline_dag.py
[2026-04-27T11:58:50.040+0000] {logging_mixin.py:188} INFO - [2026-04-27T11:58:50.040+0000] {dag.py:3096} INFO - Sync 1 DAGs
[2026-04-27T11:58:50.056+0000] {logging_mixin.py:188} INFO - [2026-04-27T11:58:50.056+0000] {dag.py:3954} INFO - Setting next_dagrun for training_pipeline to 2026-04-26 00:00:00+00:00, run_after=2026-04-27 00:00:00+00:00
[2026-04-27T11:58:50.069+0000] {processor.py:183} INFO - Processing /opt/airflow/dags/training_pipeline_dag.py took 0.064 seconds
[2026-04-27T11:59:20.227+0000] {processor.py:161} INFO - Started process (PID=379) to work on /opt/airflow/dags/training_pipeline_dag.py
[2026-04-27T11:59:20.228+0000] {processor.py:830} INFO - Processing file /opt/airflow/dags/training_pipeline_dag.py for tasks to queue
[2026-04-27T11:59:20.229+0000] {logging_mixin.py:188} INFO - [2026-04-27T11:59:20.229+0000] {dagbag.py:545} INFO - Filling up the DagBag from /opt/airflow/dags/training_pipeline_dag.py
[2026-04-27T11:59:20.237+0000] {processor.py:840} INFO - DAG(s) 'training_pipeline' retrieved from /opt/airflow/dags/training_pipeline_dag.py
[2026-04-27T11:59:20.258+0000] {logging_mixin.py:188} INFO - [2026-04-27T11:59:20.257+0000] {dag.py:3096} INFO - Sync 1 DAGs
[2026-04-27T11:59:20.272+0000] {logging_mixin.py:188} INFO - [2026-04-27T11:59:20.272+0000] {dag.py:3954} INFO - Setting next_dagrun for training_pipeline to 2026-04-26 00:00:00+00:00, run_after=2026-04-27 00:00:00+00:00
[2026-04-27T11:59:20.285+0000] {processor.py:183} INFO - Processing /opt/airflow/dags/training_pipeline_dag.py took 0.062 seconds
[2026-04-27T11:59:50.496+0000] {processor.py:161} INFO - Started process (PID=394) to work on /opt/airflow/dags/training_pipeline_dag.py
[2026-04-27T11:59:50.497+0000] {processor.py:830} INFO - Processing file /opt/airflow/dags/training_pipeline_dag.py for tasks to queue
[2026-04-27T11:59:50.499+0000] {logging_mixin.py:188} INFO - [2026-04-27T11:59:50.499+0000] {dagbag.py:545} INFO - Filling up the DagBag from /opt/airflow/dags/training_pipeline_dag.py
[2026-04-27T11:59:50.507+0000] {processor.py:840} INFO - DAG(s) 'training_pipeline' retrieved from /opt/airflow/dags/training_pipeline_dag.py
[2026-04-27T11:59:50.527+0000] {logging_mixin.py:188} INFO - [2026-04-27T11:59:50.526+0000] {dag.py:3096} INFO - Sync 1 DAGs
[2026-04-27T11:59:50.541+0000] {logging_mixin.py:188} INFO - [2026-04-27T11:59:50.541+0000] {dag.py:3954} INFO - Setting next_dagrun for training_pipeline to 2026-04-26 00:00:00+00:00, run_after=2026-04-27 00:00:00+00:00
[2026-04-27T11:59:50.553+0000] {processor.py:183} INFO - Processing /opt/airflow/dags/training_pipeline_dag.py took 0.061 seconds
[2026-04-27T12:00:20.744+0000] {processor.py:161} INFO - Started process (PID=409) to work on /opt/airflow/dags/training_pipeline_dag.py
[2026-04-27T12:00:20.745+0000] {processor.py:830} INFO - Processing file /opt/airflow/dags/training_pipeline_dag.py for tasks to queue
[2026-04-27T12:00:20.747+0000] {logging_mixin.py:188} INFO - [2026-04-27T12:00:20.746+0000] {dagbag.py:545} INFO - Filling up the DagBag from /opt/airflow/dags/training_pipeline_dag.py
[2026-04-27T12:00:20.755+0000] {processor.py:840} INFO - DAG(s) 'training_pipeline' retrieved from /opt/airflow/dags/training_pipeline_dag.py
[2026-04-27T12:00:20.774+0000] {logging_mixin.py:188} INFO - [2026-04-27T12:00:20.773+0000] {dag.py:3096} INFO - Sync 1 DAGs
[2026-04-27T12:00:20.788+0000] {logging_mixin.py:188} INFO - [2026-04-27T12:00:20.788+0000] {dag.py:3954} INFO - Setting next_dagrun for training_pipeline to 2026-04-26 00:00:00+00:00, run_after=2026-04-27 00:00:00+00:00
[2026-04-27T12:00:20.800+0000] {processor.py:183} INFO - Processing /opt/airflow/dags/training_pipeline_dag.py took 0.060 seconds
[2026-04-27T12:00:50.998+0000] {processor.py:161} INFO - Started process (PID=424) to work on /opt/airflow/dags/training_pipeline_dag.py
[2026-04-27T12:00:51.000+0000] {processor.py:830} INFO - Processing file /opt/airflow/dags/training_pipeline_dag.py for tasks to queue
[2026-04-27T12:00:51.001+0000] {logging_mixin.py:188} INFO - [2026-04-27T12:00:51.001+0000] {dagbag.py:545} INFO - Filling up the DagBag from /opt/airflow/dags/training_pipeline_dag.py
[2026-04-27T12:00:51.009+0000] {processor.py:840} INFO - DAG(s) 'training_pipeline' retrieved from /opt/airflow/dags/training_pipeline_dag.py
[2026-04-27T12:00:51.027+0000] {logging_mixin.py:188} INFO - [2026-04-27T12:00:51.027+0000] {dag.py:3096} INFO - Sync 1 DAGs
[2026-04-27T12:00:51.041+0000] {logging_mixin.py:188} INFO - [2026-04-27T12:00:51.041+0000] {dag.py:3954} INFO - Setting next_dagrun for training_pipeline to 2026-04-26 00:00:00+00:00, run_after=2026-04-27 00:00:00+00:00
[2026-04-27T12:00:51.053+0000] {processor.py:183} INFO - Processing /opt/airflow/dags/training_pipeline_dag.py took 0.059 seconds
[2026-04-27T12:01:21.275+0000] {processor.py:161} INFO - Started process (PID=439) to work on /opt/airflow/dags/training_pipeline_dag.py
[2026-04-27T12:01:21.277+0000] {processor.py:830} INFO - Processing file /opt/airflow/dags/training_pipeline_dag.py for tasks to queue
[2026-04-27T12:01:21.278+0000] {logging_mixin.py:188} INFO - [2026-04-27T12:01:21.278+0000] {dagbag.py:545} INFO - Filling up the DagBag from /opt/airflow/dags/training_pipeline_dag.py
[2026-04-27T12:01:21.287+0000] {processor.py:840} INFO - DAG(s) 'training_pipeline' retrieved from /opt/airflow/dags/training_pipeline_dag.py
[2026-04-27T12:01:21.308+0000] {logging_mixin.py:188} INFO - [2026-04-27T12:01:21.307+0000] {dag.py:3096} INFO - Sync 1 DAGs
[2026-04-27T12:01:21.324+0000] {logging_mixin.py:188} INFO - [2026-04-27T12:01:21.323+0000] {dag.py:3954} INFO - Setting next_dagrun for training_pipeline to 2026-04-26 00:00:00+00:00, run_after=2026-04-27 00:00:00+00:00
[2026-04-27T12:01:21.336+0000] {processor.py:183} INFO - Processing /opt/airflow/dags/training_pipeline_dag.py took 0.065 seconds
[2026-04-27T12:01:51.506+0000] {processor.py:161} INFO - Started process (PID=672) to work on /opt/airflow/dags/training_pipeline_dag.py
[2026-04-27T12:01:51.507+0000] {processor.py:830} INFO - Processing file /opt/airflow/dags/training_pipeline_dag.py for tasks to queue
[2026-04-27T12:01:51.509+0000] {logging_mixin.py:188} INFO - [2026-04-27T12:01:51.509+0000] {dagbag.py:545} INFO - Filling up the DagBag from /opt/airflow/dags/training_pipeline_dag.py
[2026-04-27T12:01:51.517+0000] {processor.py:840} INFO - DAG(s) 'training_pipeline' retrieved from /opt/airflow/dags/training_pipeline_dag.py
[2026-04-27T12:01:51.538+0000] {logging_mixin.py:188} INFO - [2026-04-27T12:01:51.538+0000] {dag.py:3096} INFO - Sync 1 DAGs
[2026-04-27T12:01:51.553+0000] {logging_mixin.py:188} INFO - [2026-04-27T12:01:51.553+0000] {dag.py:3954} INFO - Setting next_dagrun for training_pipeline to 2026-04-27 00:00:00+00:00, run_after=2026-04-28 00:00:00+00:00
[2026-04-27T12:01:51.566+0000] {processor.py:183} INFO - Processing /opt/airflow/dags/training_pipeline_dag.py took 0.064 seconds
[2026-04-27T12:02:21.786+0000] {processor.py:161} INFO - Started process (PID=687) to work on /opt/airflow/dags/training_pipeline_dag.py
[2026-04-27T12:02:21.787+0000] {processor.py:830} INFO - Processing file /opt/airflow/dags/training_pipeline_dag.py for tasks to queue
[2026-04-27T12:02:21.788+0000] {logging_mixin.py:188} INFO - [2026-04-27T12:02:21.787+0000] {dagbag.py:545} INFO - Filling up the DagBag from /opt/airflow/dags/training_pipeline_dag.py
[2026-04-27T12:02:21.797+0000] {processor.py:840} INFO - DAG(s) 'training_pipeline' retrieved from /opt/airflow/dags/training_pipeline_dag.py
[2026-04-27T12:02:21.819+0000] {logging_mixin.py:188} INFO - [2026-04-27T12:02:21.819+0000] {dag.py:3096} INFO - Sync 1 DAGs
[2026-04-27T12:02:21.835+0000] {logging_mixin.py:188} INFO - [2026-04-27T12:02:21.835+0000] {dag.py:3954} INFO - Setting next_dagrun for training_pipeline to 2026-04-27 00:00:00+00:00, run_after=2026-04-28 00:00:00+00:00
[2026-04-27T12:02:21.849+0000] {processor.py:183} INFO - Processing /opt/airflow/dags/training_pipeline_dag.py took 0.068 seconds
[2026-04-27T12:02:52.040+0000] {processor.py:161} INFO - Started process (PID=702) to work on /opt/airflow/dags/training_pipeline_dag.py
[2026-04-27T12:02:52.041+0000] {processor.py:830} INFO - Processing file /opt/airflow/dags/training_pipeline_dag.py for tasks to queue
[2026-04-27T12:02:52.042+0000] {logging_mixin.py:188} INFO - [2026-04-27T12:02:52.042+0000] {dagbag.py:545} INFO - Filling up the DagBag from /opt/airflow/dags/training_pipeline_dag.py
[2026-04-27T12:02:52.051+0000] {processor.py:840} INFO - DAG(s) 'training_pipeline' retrieved from /opt/airflow/dags/training_pipeline_dag.py
[2026-04-27T12:02:52.072+0000] {logging_mixin.py:188} INFO - [2026-04-27T12:02:52.071+0000] {dag.py:3096} INFO - Sync 1 DAGs
[2026-04-27T12:02:52.087+0000] {logging_mixin.py:188} INFO - [2026-04-27T12:02:52.086+0000] {dag.py:3954} INFO - Setting next_dagrun for training_pipeline to 2026-04-27 00:00:00+00:00, run_after=2026-04-28 00:00:00+00:00
[2026-04-27T12:02:52.098+0000] {processor.py:183} INFO - Processing /opt/airflow/dags/training_pipeline_dag.py took 0.063 seconds
[2026-04-27T12:03:22.246+0000] {processor.py:161} INFO - Started process (PID=717) to work on /opt/airflow/dags/training_pipeline_dag.py
[2026-04-27T12:03:22.247+0000] {processor.py:830} INFO - Processing file /opt/airflow/dags/training_pipeline_dag.py for tasks to queue
[2026-04-27T12:03:22.249+0000] {logging_mixin.py:188} INFO - [2026-04-27T12:03:22.248+0000] {dagbag.py:545} INFO - Filling up the DagBag from /opt/airflow/dags/training_pipeline_dag.py
[2026-04-27T12:03:22.257+0000] {processor.py:840} INFO - DAG(s) 'training_pipeline' retrieved from /opt/airflow/dags/training_pipeline_dag.py
[2026-04-27T12:03:22.278+0000] {logging_mixin.py:188} INFO - [2026-04-27T12:03:22.277+0000] {dag.py:3096} INFO - Sync 1 DAGs
[2026-04-27T12:03:22.292+0000] {logging_mixin.py:188} INFO - [2026-04-27T12:03:22.292+0000] {dag.py:3954} INFO - Setting next_dagrun for training_pipeline to 2026-04-27 00:00:00+00:00, run_after=2026-04-28 00:00:00+00:00
[2026-04-27T12:03:22.304+0000] {processor.py:183} INFO - Processing /opt/airflow/dags/training_pipeline_dag.py took 0.062 seconds
[2026-04-27T12:03:52.551+0000] {processor.py:161} INFO - Started process (PID=732) to work on /opt/airflow/dags/training_pipeline_dag.py
[2026-04-27T12:03:52.552+0000] {processor.py:830} INFO - Processing file /opt/airflow/dags/training_pipeline_dag.py for tasks to queue
[2026-04-27T12:03:52.553+0000] {logging_mixin.py:188} INFO - [2026-04-27T12:03:52.553+0000] {dagbag.py:545} INFO - Filling up the DagBag from /opt/airflow/dags/training_pipeline_dag.py
[2026-04-27T12:03:52.562+0000] {processor.py:840} INFO - DAG(s) 'training_pipeline' retrieved from /opt/airflow/dags/training_pipeline_dag.py
[2026-04-27T12:03:52.582+0000] {logging_mixin.py:188} INFO - [2026-04-27T12:03:52.582+0000] {dag.py:3096} INFO - Sync 1 DAGs
[2026-04-27T12:03:52.597+0000] {logging_mixin.py:188} INFO - [2026-04-27T12:03:52.597+0000] {dag.py:3954} INFO - Setting next_dagrun for training_pipeline to 2026-04-27 00:00:00+00:00, run_after=2026-04-28 00:00:00+00:00
[2026-04-27T12:03:52.609+0000] {processor.py:183} INFO - Processing /opt/airflow/dags/training_pipeline_dag.py took 0.062 seconds
[2026-04-27T12:04:22.762+0000] {processor.py:161} INFO - Started process (PID=747) to work on /opt/airflow/dags/training_pipeline_dag.py
[2026-04-27T12:04:22.764+0000] {processor.py:830} INFO - Processing file /opt/airflow/dags/training_pipeline_dag.py for tasks to queue
[2026-04-27T12:04:22.765+0000] {logging_mixin.py:188} INFO - [2026-04-27T12:04:22.765+0000] {dagbag.py:545} INFO - Filling up the DagBag from /opt/airflow/dags/training_pipeline_dag.py
[2026-04-27T12:04:22.773+0000] {processor.py:840} INFO - DAG(s) 'training_pipeline' retrieved from /opt/airflow/dags/training_pipeline_dag.py
[2026-04-27T12:04:22.795+0000] {logging_mixin.py:188} INFO - [2026-04-27T12:04:22.795+0000] {dag.py:3096} INFO - Sync 1 DAGs
[2026-04-27T12:04:22.810+0000] {logging_mixin.py:188} INFO - [2026-04-27T12:04:22.810+0000] {dag.py:3954} INFO - Setting next_dagrun for training_pipeline to 2026-04-27 00:00:00+00:00, run_after=2026-04-28 00:00:00+00:00
[2026-04-27T12:04:22.822+0000] {processor.py:183} INFO - Processing /opt/airflow/dags/training_pipeline_dag.py took 0.064 seconds
[2026-04-27T12:04:53.062+0000] {processor.py:161} INFO - Started process (PID=762) to work on /opt/airflow/dags/training_pipeline_dag.py
[2026-04-27T12:04:53.063+0000] {processor.py:830} INFO - Processing file /opt/airflow/dags/training_pipeline_dag.py for tasks to queue
[2026-04-27T12:04:53.065+0000] {logging_mixin.py:188} INFO - [2026-04-27T12:04:53.064+0000] {dagbag.py:545} INFO - Filling up the DagBag from /opt/airflow/dags/training_pipeline_dag.py
[2026-04-27T12:04:53.074+0000] {processor.py:840} INFO - DAG(s) 'training_pipeline' retrieved from /opt/airflow/dags/training_pipeline_dag.py
[2026-04-27T12:04:53.096+0000] {logging_mixin.py:188} INFO - [2026-04-27T12:04:53.096+0000] {dag.py:3096} INFO - Sync 1 DAGs
[2026-04-27T12:04:53.112+0000] {logging_mixin.py:188} INFO - [2026-04-27T12:04:53.112+0000] {dag.py:3954} INFO - Setting next_dagrun for training_pipeline to 2026-04-27 00:00:00+00:00, run_after=2026-04-28 00:00:00+00:00
[2026-04-27T12:04:53.126+0000] {processor.py:183} INFO - Processing /opt/airflow/dags/training_pipeline_dag.py took 0.069 seconds
[2026-04-27T12:05:23.296+0000] {processor.py:161} INFO - Started process (PID=777) to work on /opt/airflow/dags/training_pipeline_dag.py
[2026-04-27T12:05:23.297+0000] {processor.py:830} INFO - Processing file /opt/airflow/dags/training_pipeline_dag.py for tasks to queue
[2026-04-27T12:05:23.298+0000] {logging_mixin.py:188} INFO - [2026-04-27T12:05:23.298+0000] {dagbag.py:545} INFO - Filling up the DagBag from /opt/airflow/dags/training_pipeline_dag.py
[2026-04-27T12:05:23.307+0000] {processor.py:840} INFO - DAG(s) 'training_pipeline' retrieved from /opt/airflow/dags/training_pipeline_dag.py
[2026-04-27T12:05:23.327+0000] {logging_mixin.py:188} INFO - [2026-04-27T12:05:23.327+0000] {dag.py:3096} INFO - Sync 1 DAGs
[2026-04-27T12:05:23.342+0000] {logging_mixin.py:188} INFO - [2026-04-27T12:05:23.341+0000] {dag.py:3954} INFO - Setting next_dagrun for training_pipeline to 2026-04-27 00:00:00+00:00, run_after=2026-04-28 00:00:00+00:00
[2026-04-27T12:05:23.354+0000] {processor.py:183} INFO - Processing /opt/airflow/dags/training_pipeline_dag.py took 0.062 seconds
[2026-04-27T12:05:53.520+0000] {processor.py:161} INFO - Started process (PID=792) to work on /opt/airflow/dags/training_pipeline_dag.py
[2026-04-27T12:05:53.520+0000] {processor.py:830} INFO - Processing file /opt/airflow/dags/training_pipeline_dag.py for tasks to queue
[2026-04-27T12:05:53.522+0000] {logging_mixin.py:188} INFO - [2026-04-27T12:05:53.521+0000] {dagbag.py:545} INFO - Filling up the DagBag from /opt/airflow/dags/training_pipeline_dag.py
[2026-04-27T12:05:53.530+0000] {processor.py:840} INFO - DAG(s) 'training_pipeline' retrieved from /opt/airflow/dags/training_pipeline_dag.py
[2026-04-27T12:05:53.549+0000] {logging_mixin.py:188} INFO - [2026-04-27T12:05:53.549+0000] {dag.py:3096} INFO - Sync 1 DAGs
[2026-04-27T12:05:53.563+0000] {logging_mixin.py:188} INFO - [2026-04-27T12:05:53.563+0000] {dag.py:3954} INFO - Setting next_dagrun for training_pipeline to 2026-04-27 00:00:00+00:00, run_after=2026-04-28 00:00:00+00:00
[2026-04-27T12:05:53.575+0000] {processor.py:183} INFO - Processing /opt/airflow/dags/training_pipeline_dag.py took 0.059 seconds
[2026-04-27T12:06:23.750+0000] {processor.py:161} INFO - Started process (PID=807) to work on /opt/airflow/dags/training_pipeline_dag.py
[2026-04-27T12:06:23.751+0000] {processor.py:830} INFO - Processing file /opt/airflow/dags/training_pipeline_dag.py for tasks to queue
[2026-04-27T12:06:23.752+0000] {logging_mixin.py:188} INFO - [2026-04-27T12:06:23.752+0000] {dagbag.py:545} INFO - Filling up the DagBag from /opt/airflow/dags/training_pipeline_dag.py
[2026-04-27T12:06:23.760+0000] {processor.py:840} INFO - DAG(s) 'training_pipeline' retrieved from /opt/airflow/dags/training_pipeline_dag.py
[2026-04-27T12:06:23.780+0000] {logging_mixin.py:188} INFO - [2026-04-27T12:06:23.780+0000] {dag.py:3096} INFO - Sync 1 DAGs
[2026-04-27T12:06:23.795+0000] {logging_mixin.py:188} INFO - [2026-04-27T12:06:23.795+0000] {dag.py:3954} INFO - Setting next_dagrun for training_pipeline to 2026-04-27 00:00:00+00:00, run_after=2026-04-28 00:00:00+00:00
[2026-04-27T12:06:23.807+0000] {processor.py:183} INFO - Processing /opt/airflow/dags/training_pipeline_dag.py took 0.062 seconds
[2026-04-27T12:06:53.982+0000] {processor.py:161} INFO - Started process (PID=822) to work on /opt/airflow/dags/training_pipeline_dag.py
[2026-04-27T12:06:53.983+0000] {processor.py:830} INFO - Processing file /opt/airflow/dags/training_pipeline_dag.py for tasks to queue
[2026-04-27T12:06:53.984+0000] {logging_mixin.py:188} INFO - [2026-04-27T12:06:53.984+0000] {dagbag.py:545} INFO - Filling up the DagBag from /opt/airflow/dags/training_pipeline_dag.py
[2026-04-27T12:06:53.992+0000] {processor.py:840} INFO - DAG(s) 'training_pipeline' retrieved from /opt/airflow/dags/training_pipeline_dag.py
[2026-04-27T12:06:54.013+0000] {logging_mixin.py:188} INFO - [2026-04-27T12:06:54.013+0000] {dag.py:3096} INFO - Sync 1 DAGs
[2026-04-27T12:06:54.027+0000] {logging_mixin.py:188} INFO - [2026-04-27T12:06:54.027+0000] {dag.py:3954} INFO - Setting next_dagrun for training_pipeline to 2026-04-27 00:00:00+00:00, run_after=2026-04-28 00:00:00+00:00
[2026-04-27T12:06:54.039+0000] {processor.py:183} INFO - Processing /opt/airflow/dags/training_pipeline_dag.py took 0.062 seconds
[2026-04-27T12:07:24.202+0000] {processor.py:161} INFO - Started process (PID=837) to work on /opt/airflow/dags/training_pipeline_dag.py
[2026-04-27T12:07:24.203+0000] {processor.py:830} INFO - Processing file /opt/airflow/dags/training_pipeline_dag.py for tasks to queue
[2026-04-27T12:07:24.204+0000] {logging_mixin.py:188} INFO - [2026-04-27T12:07:24.204+0000] {dagbag.py:545} INFO - Filling up the DagBag from /opt/airflow/dags/training_pipeline_dag.py
[2026-04-27T12:07:24.212+0000] {processor.py:840} INFO - DAG(s) 'training_pipeline' retrieved from /opt/airflow/dags/training_pipeline_dag.py
[2026-04-27T12:07:24.231+0000] {logging_mixin.py:188} INFO - [2026-04-27T12:07:24.231+0000] {dag.py:3096} INFO - Sync 1 DAGs
[2026-04-27T12:07:24.246+0000] {logging_mixin.py:188} INFO - [2026-04-27T12:07:24.245+0000] {dag.py:3954} INFO - Setting next_dagrun for training_pipeline to 2026-04-27 00:00:00+00:00, run_after=2026-04-28 00:00:00+00:00
[2026-04-27T12:07:24.257+0000] {processor.py:183} INFO - Processing /opt/airflow/dags/training_pipeline_dag.py took 0.060 seconds
[2026-04-27T12:07:54.436+0000] {processor.py:161} INFO - Started process (PID=852) to work on /opt/airflow/dags/training_pipeline_dag.py
[2026-04-27T12:07:54.437+0000] {processor.py:830} INFO - Processing file /opt/airflow/dags/training_pipeline_dag.py for tasks to queue
[2026-04-27T12:07:54.439+0000] {logging_mixin.py:188} INFO - [2026-04-27T12:07:54.438+0000] {dagbag.py:545} INFO - Filling up the DagBag from /opt/airflow/dags/training_pipeline_dag.py
[2026-04-27T12:07:54.448+0000] {processor.py:840} INFO - DAG(s) 'training_pipeline' retrieved from /opt/airflow/dags/training_pipeline_dag.py
[2026-04-27T12:07:54.467+0000] {logging_mixin.py:188} INFO - [2026-04-27T12:07:54.467+0000] {dag.py:3096} INFO - Sync 1 DAGs
[2026-04-27T12:07:54.481+0000] {logging_mixin.py:188} INFO - [2026-04-27T12:07:54.481+0000] {dag.py:3954} INFO - Setting next_dagrun for training_pipeline to 2026-04-27 00:00:00+00:00, run_after=2026-04-28 00:00:00+00:00
[2026-04-27T12:07:54.493+0000] {processor.py:183} INFO - Processing /opt/airflow/dags/training_pipeline_dag.py took 0.060 seconds
[2026-04-27T12:08:23.699+0000] {processor.py:161} INFO - Started process (PID=867) to work on /opt/airflow/dags/training_pipeline_dag.py
[2026-04-27T12:08:23.700+0000] {processor.py:830} INFO - Processing file /opt/airflow/dags/training_pipeline_dag.py for tasks to queue
[2026-04-27T12:08:23.701+0000] {logging_mixin.py:188} INFO - [2026-04-27T12:08:23.701+0000] {dagbag.py:545} INFO - Filling up the DagBag from /opt/airflow/dags/training_pipeline_dag.py
[2026-04-27T12:08:23.709+0000] {processor.py:840} INFO - DAG(s) 'training_pipeline' retrieved from /opt/airflow/dags/training_pipeline_dag.py
[2026-04-27T12:08:23.729+0000] {logging_mixin.py:188} INFO - [2026-04-27T12:08:23.729+0000] {dag.py:3096} INFO - Sync 1 DAGs
[2026-04-27T12:08:23.744+0000] {logging_mixin.py:188} INFO - [2026-04-27T12:08:23.743+0000] {dag.py:3954} INFO - Setting next_dagrun for training_pipeline to 2026-04-27 00:00:00+00:00, run_after=2026-04-28 00:00:00+00:00
[2026-04-27T12:08:23.756+0000] {processor.py:183} INFO - Processing /opt/airflow/dags/training_pipeline_dag.py took 0.062 seconds
[2026-04-27T12:08:54.011+0000] {processor.py:161} INFO - Started process (PID=882) to work on /opt/airflow/dags/training_pipeline_dag.py
[2026-04-27T12:08:54.012+0000] {processor.py:830} INFO - Processing file /opt/airflow/dags/training_pipeline_dag.py for tasks to queue
[2026-04-27T12:08:54.013+0000] {logging_mixin.py:188} INFO - [2026-04-27T12:08:54.013+0000] {dagbag.py:545} INFO - Filling up the DagBag from /opt/airflow/dags/training_pipeline_dag.py
[2026-04-27T12:08:54.022+0000] {processor.py:840} INFO - DAG(s) 'training_pipeline' retrieved from /opt/airflow/dags/training_pipeline_dag.py
[2026-04-27T12:08:54.041+0000] {logging_mixin.py:188} INFO - [2026-04-27T12:08:54.041+0000] {dag.py:3096} INFO - Sync 1 DAGs
[2026-04-27T12:08:54.055+0000] {logging_mixin.py:188} INFO - [2026-04-27T12:08:54.055+0000] {dag.py:3954} INFO - Setting next_dagrun for training_pipeline to 2026-04-27 00:00:00+00:00, run_after=2026-04-28 00:00:00+00:00
[2026-04-27T12:08:54.067+0000] {processor.py:183} INFO - Processing /opt/airflow/dags/training_pipeline_dag.py took 0.060 seconds
[2026-04-27T12:09:24.303+0000] {processor.py:161} INFO - Started process (PID=897) to work on /opt/airflow/dags/training_pipeline_dag.py
[2026-04-27T12:09:24.304+0000] {processor.py:830} INFO - Processing file /opt/airflow/dags/training_pipeline_dag.py for tasks to queue
[2026-04-27T12:09:24.306+0000] {logging_mixin.py:188} INFO - [2026-04-27T12:09:24.306+0000] {dagbag.py:545} INFO - Filling up the DagBag from /opt/airflow/dags/training_pipeline_dag.py
[2026-04-27T12:09:24.314+0000] {processor.py:840} INFO - DAG(s) 'training_pipeline' retrieved from /opt/airflow/dags/training_pipeline_dag.py
[2026-04-27T12:09:24.336+0000] {logging_mixin.py:188} INFO - [2026-04-27T12:09:24.336+0000] {dag.py:3096} INFO - Sync 1 DAGs
[2026-04-27T12:09:24.350+0000] {logging_mixin.py:188} INFO - [2026-04-27T12:09:24.350+0000] {dag.py:3954} INFO - Setting next_dagrun for training_pipeline to 2026-04-27 00:00:00+00:00, run_after=2026-04-28 00:00:00+00:00
[2026-04-27T12:09:24.364+0000] {processor.py:183} INFO - Processing /opt/airflow/dags/training_pipeline_dag.py took 0.065 seconds
[2026-04-27T12:09:54.610+0000] {processor.py:161} INFO - Started process (PID=912) to work on /opt/airflow/dags/training_pipeline_dag.py
[2026-04-27T12:09:54.612+0000] {processor.py:830} INFO - Processing file /opt/airflow/dags/training_pipeline_dag.py for tasks to queue
[2026-04-27T12:09:54.613+0000] {logging_mixin.py:188} INFO - [2026-04-27T12:09:54.613+0000] {dagbag.py:545} INFO - Filling up the DagBag from /opt/airflow/dags/training_pipeline_dag.py
[2026-04-27T12:09:54.622+0000] {processor.py:840} INFO - DAG(s) 'training_pipeline' retrieved from /opt/airflow/dags/training_pipeline_dag.py
[2026-04-27T12:09:54.642+0000] {logging_mixin.py:188} INFO - [2026-04-27T12:09:54.642+0000] {dag.py:3096} INFO - Sync 1 DAGs
[2026-04-27T12:09:54.659+0000] {logging_mixin.py:188} INFO - [2026-04-27T12:09:54.658+0000] {dag.py:3954} INFO - Setting next_dagrun for training_pipeline to 2026-04-27 00:00:00+00:00, run_after=2026-04-28 00:00:00+00:00
[2026-04-27T12:09:54.671+0000] {processor.py:183} INFO - Processing /opt/airflow/dags/training_pipeline_dag.py took 0.065 seconds
[2026-04-27T12:10:24.883+0000] {processor.py:161} INFO - Started process (PID=927) to work on /opt/airflow/dags/training_pipeline_dag.py
[2026-04-27T12:10:24.884+0000] {processor.py:830} INFO - Processing file /opt/airflow/dags/training_pipeline_dag.py for tasks to queue
[2026-04-27T12:10:24.885+0000] {logging_mixin.py:188} INFO - [2026-04-27T12:10:24.885+0000] {dagbag.py:545} INFO - Filling up the DagBag from /opt/airflow/dags/training_pipeline_dag.py
[2026-04-27T12:10:24.893+0000] {processor.py:840} INFO - DAG(s) 'training_pipeline' retrieved from /opt/airflow/dags/training_pipeline_dag.py
[2026-04-27T12:10:24.913+0000] {logging_mixin.py:188} INFO - [2026-04-27T12:10:24.913+0000] {dag.py:3096} INFO - Sync 1 DAGs
[2026-04-27T12:10:24.928+0000] {logging_mixin.py:188} INFO - [2026-04-27T12:10:24.928+0000] {dag.py:3954} INFO - Setting next_dagrun for training_pipeline to 2026-04-27 00:00:00+00:00, run_after=2026-04-28 00:00:00+00:00
[2026-04-27T12:10:24.939+0000] {processor.py:183} INFO - Processing /opt/airflow/dags/training_pipeline_dag.py took 0.060 seconds
[2026-04-27T12:10:55.216+0000] {processor.py:161} INFO - Started process (PID=942) to work on /opt/airflow/dags/training_pipeline_dag.py
[2026-04-27T12:10:55.217+0000] {processor.py:830} INFO - Processing file /opt/airflow/dags/training_pipeline_dag.py for tasks to queue
[2026-04-27T12:10:55.219+0000] {logging_mixin.py:188} INFO - [2026-04-27T12:10:55.218+0000] {dagbag.py:545} INFO - Filling up the DagBag from /opt/airflow/dags/training_pipeline_dag.py
[2026-04-27T12:10:55.227+0000] {processor.py:840} INFO - DAG(s) 'training_pipeline' retrieved from /opt/airflow/dags/training_pipeline_dag.py
[2026-04-27T12:10:55.248+0000] {logging_mixin.py:188} INFO - [2026-04-27T12:10:55.247+0000] {dag.py:3096} INFO - Sync 1 DAGs
[2026-04-27T12:10:55.262+0000] {logging_mixin.py:188} INFO - [2026-04-27T12:10:55.262+0000] {dag.py:3954} INFO - Setting next_dagrun for training_pipeline to 2026-04-27 00:00:00+00:00, run_after=2026-04-28 00:00:00+00:00
[2026-04-27T12:10:55.275+0000] {processor.py:183} INFO - Processing /opt/airflow/dags/training_pipeline_dag.py took 0.063 seconds
[2026-04-27T12:11:25.493+0000] {processor.py:161} INFO - Started process (PID=957) to work on /opt/airflow/dags/training_pipeline_dag.py
[2026-04-27T12:11:25.494+0000] {processor.py:830} INFO - Processing file /opt/airflow/dags/training_pipeline_dag.py for tasks to queue
[2026-04-27T12:11:25.496+0000] {logging_mixin.py:188} INFO - [2026-04-27T12:11:25.496+0000] {dagbag.py:545} INFO - Filling up the DagBag from /opt/airflow/dags/training_pipeline_dag.py
[2026-04-27T12:11:25.507+0000] {processor.py:840} INFO - DAG(s) 'training_pipeline' retrieved from /opt/airflow/dags/training_pipeline_dag.py
[2026-04-27T12:11:25.532+0000] {logging_mixin.py:188} INFO - [2026-04-27T12:11:25.531+0000] {dag.py:3096} INFO - Sync 1 DAGs
[2026-04-27T12:11:25.550+0000] {logging_mixin.py:188} INFO - [2026-04-27T12:11:25.550+0000] {dag.py:3954} INFO - Setting next_dagrun for training_pipeline to 2026-04-27 00:00:00+00:00, run_after=2026-04-28 00:00:00+00:00
[2026-04-27T12:11:25.568+0000] {processor.py:183} INFO - Processing /opt/airflow/dags/training_pipeline_dag.py took 0.080 seconds
[2026-04-27T12:11:55.804+0000] {processor.py:161} INFO - Started process (PID=972) to work on /opt/airflow/dags/training_pipeline_dag.py
[2026-04-27T12:11:55.806+0000] {processor.py:830} INFO - Processing file /opt/airflow/dags/training_pipeline_dag.py for tasks to queue
[2026-04-27T12:11:55.807+0000] {logging_mixin.py:188} INFO - [2026-04-27T12:11:55.807+0000] {dagbag.py:545} INFO - Filling up the DagBag from /opt/airflow/dags/training_pipeline_dag.py
[2026-04-27T12:11:55.816+0000] {processor.py:840} INFO - DAG(s) 'training_pipeline' retrieved from /opt/airflow/dags/training_pipeline_dag.py
[2026-04-27T12:11:55.840+0000] {logging_mixin.py:188} INFO - [2026-04-27T12:11:55.839+0000] {dag.py:3096} INFO - Sync 1 DAGs
[2026-04-27T12:11:55.857+0000] {logging_mixin.py:188} INFO - [2026-04-27T12:11:55.857+0000] {dag.py:3954} INFO - Setting next_dagrun for training_pipeline to 2026-04-27 00:00:00+00:00, run_after=2026-04-28 00:00:00+00:00
[2026-04-27T12:11:55.874+0000] {processor.py:183} INFO - Processing /opt/airflow/dags/training_pipeline_dag.py took 0.075 seconds
[2026-04-27T12:12:26.065+0000] {processor.py:161} INFO - Started process (PID=987) to work on /opt/airflow/dags/training_pipeline_dag.py
[2026-04-27T12:12:26.066+0000] {processor.py:830} INFO - Processing file /opt/airflow/dags/training_pipeline_dag.py for tasks to queue
[2026-04-27T12:12:26.067+0000] {logging_mixin.py:188} INFO - [2026-04-27T12:12:26.067+0000] {dagbag.py:545} INFO - Filling up the DagBag from /opt/airflow/dags/training_pipeline_dag.py
[2026-04-27T12:12:26.076+0000] {processor.py:840} INFO - DAG(s) 'training_pipeline' retrieved from /opt/airflow/dags/training_pipeline_dag.py
[2026-04-27T12:12:26.096+0000] {logging_mixin.py:188} INFO - [2026-04-27T12:12:26.096+0000] {dag.py:3096} INFO - Sync 1 DAGs
[2026-04-27T12:12:26.111+0000] {logging_mixin.py:188} INFO - [2026-04-27T12:12:26.111+0000] {dag.py:3954} INFO - Setting next_dagrun for training_pipeline to 2026-04-27 00:00:00+00:00, run_after=2026-04-28 00:00:00+00:00
[2026-04-27T12:12:26.124+0000] {processor.py:183} INFO - Processing /opt/airflow/dags/training_pipeline_dag.py took 0.064 seconds
[2026-04-27T12:12:56.394+0000] {processor.py:161} INFO - Started process (PID=1002) to work on /opt/airflow/dags/training_pipeline_dag.py
[2026-04-27T12:12:56.395+0000] {processor.py:830} INFO - Processing file /opt/airflow/dags/training_pipeline_dag.py for tasks to queue
[2026-04-27T12:12:56.396+0000] {logging_mixin.py:188} INFO - [2026-04-27T12:12:56.396+0000] {dagbag.py:545} INFO - Filling up the DagBag from /opt/airflow/dags/training_pipeline_dag.py
[2026-04-27T12:12:56.405+0000] {processor.py:840} INFO - DAG(s) 'training_pipeline' retrieved from /opt/airflow/dags/training_pipeline_dag.py
[2026-04-27T12:12:56.429+0000] {logging_mixin.py:188} INFO - [2026-04-27T12:12:56.429+0000] {dag.py:3096} INFO - Sync 1 DAGs
[2026-04-27T12:12:56.448+0000] {logging_mixin.py:188} INFO - [2026-04-27T12:12:56.448+0000] {dag.py:3954} INFO - Setting next_dagrun for training_pipeline to 2026-04-27 00:00:00+00:00, run_after=2026-04-28 00:00:00+00:00
[2026-04-27T12:12:56.463+0000] {processor.py:183} INFO - Processing /opt/airflow/dags/training_pipeline_dag.py took 0.074 seconds
[2026-04-27T12:13:26.661+0000] {processor.py:161} INFO - Started process (PID=1017) to work on /opt/airflow/dags/training_pipeline_dag.py
[2026-04-27T12:13:26.662+0000] {processor.py:830} INFO - Processing file /opt/airflow/dags/training_pipeline_dag.py for tasks to queue
[2026-04-27T12:13:26.664+0000] {logging_mixin.py:188} INFO - [2026-04-27T12:13:26.663+0000] {dagbag.py:545} INFO - Filling up the DagBag from /opt/airflow/dags/training_pipeline_dag.py
[2026-04-27T12:13:26.672+0000] {processor.py:840} INFO - DAG(s) 'training_pipeline' retrieved from /opt/airflow/dags/training_pipeline_dag.py
[2026-04-27T12:13:26.692+0000] {logging_mixin.py:188} INFO - [2026-04-27T12:13:26.692+0000] {dag.py:3096} INFO - Sync 1 DAGs
[2026-04-27T12:13:26.706+0000] {logging_mixin.py:188} INFO - [2026-04-27T12:13:26.706+0000] {dag.py:3954} INFO - Setting next_dagrun for training_pipeline to 2026-04-27 00:00:00+00:00, run_after=2026-04-28 00:00:00+00:00
[2026-04-27T12:13:26.720+0000] {processor.py:183} INFO - Processing /opt/airflow/dags/training_pipeline_dag.py took 0.063 seconds
[2026-04-27T12:13:56.896+0000] {processor.py:161} INFO - Started process (PID=1032) to work on /opt/airflow/dags/training_pipeline_dag.py
[2026-04-27T12:13:56.897+0000] {processor.py:830} INFO - Processing file /opt/airflow/dags/training_pipeline_dag.py for tasks to queue
[2026-04-27T12:13:56.899+0000] {logging_mixin.py:188} INFO - [2026-04-27T12:13:56.898+0000] {dagbag.py:545} INFO - Filling up the DagBag from /opt/airflow/dags/training_pipeline_dag.py
[2026-04-27T12:13:56.907+0000] {processor.py:840} INFO - DAG(s) 'training_pipeline' retrieved from /opt/airflow/dags/training_pipeline_dag.py
[2026-04-27T12:13:56.928+0000] {logging_mixin.py:188} INFO - [2026-04-27T12:13:56.928+0000] {dag.py:3096} INFO - Sync 1 DAGs
[2026-04-27T12:13:56.943+0000] {logging_mixin.py:188} INFO - [2026-04-27T12:13:56.943+0000] {dag.py:3954} INFO - Setting next_dagrun for training_pipeline to 2026-04-27 00:00:00+00:00, run_after=2026-04-28 00:00:00+00:00
[2026-04-27T12:13:56.956+0000] {processor.py:183} INFO - Processing /opt/airflow/dags/training_pipeline_dag.py took 0.065 seconds
[2026-04-27T12:14:27.134+0000] {processor.py:161} INFO - Started process (PID=1047) to work on /opt/airflow/dags/training_pipeline_dag.py
[2026-04-27T12:14:27.135+0000] {processor.py:830} INFO - Processing file /opt/airflow/dags/training_pipeline_dag.py for tasks to queue
[2026-04-27T12:14:27.137+0000] {logging_mixin.py:188} INFO - [2026-04-27T12:14:27.136+0000] {dagbag.py:545} INFO - Filling up the DagBag from /opt/airflow/dags/training_pipeline_dag.py
[2026-04-27T12:14:27.145+0000] {processor.py:840} INFO - DAG(s) 'training_pipeline' retrieved from /opt/airflow/dags/training_pipeline_dag.py
[2026-04-27T12:14:27.166+0000] {logging_mixin.py:188} INFO - [2026-04-27T12:14:27.166+0000] {dag.py:3096} INFO - Sync 1 DAGs
[2026-04-27T12:14:27.182+0000] {logging_mixin.py:188} INFO - [2026-04-27T12:14:27.182+0000] {dag.py:3954} INFO - Setting next_dagrun for training_pipeline to 2026-04-27 00:00:00+00:00, run_after=2026-04-28 00:00:00+00:00
[2026-04-27T12:14:27.197+0000] {processor.py:183} INFO - Processing /opt/airflow/dags/training_pipeline_dag.py took 0.067 seconds
[2026-04-27T12:14:57.420+0000] {processor.py:161} INFO - Started process (PID=1062) to work on /opt/airflow/dags/training_pipeline_dag.py
[2026-04-27T12:14:57.422+0000] {processor.py:830} INFO - Processing file /opt/airflow/dags/training_pipeline_dag.py for tasks to queue
[2026-04-27T12:14:57.423+0000] {logging_mixin.py:188} INFO - [2026-04-27T12:14:57.423+0000] {dagbag.py:545} INFO - Filling up the DagBag from /opt/airflow/dags/training_pipeline_dag.py
[2026-04-27T12:14:57.430+0000] {processor.py:840} INFO - DAG(s) 'training_pipeline' retrieved from /opt/airflow/dags/training_pipeline_dag.py
[2026-04-27T12:14:57.451+0000] {logging_mixin.py:188} INFO - [2026-04-27T12:14:57.451+0000] {dag.py:3096} INFO - Sync 1 DAGs
[2026-04-27T12:14:57.465+0000] {logging_mixin.py:188} INFO - [2026-04-27T12:14:57.465+0000] {dag.py:3954} INFO - Setting next_dagrun for training_pipeline to 2026-04-27 00:00:00+00:00, run_after=2026-04-28 00:00:00+00:00
[2026-04-27T12:14:57.481+0000] {processor.py:183} INFO - Processing /opt/airflow/dags/training_pipeline_dag.py took 0.065 seconds
[2026-04-27T12:15:27.684+0000] {processor.py:161} INFO - Started process (PID=1077) to work on /opt/airflow/dags/training_pipeline_dag.py
[2026-04-27T12:15:27.685+0000] {processor.py:830} INFO - Processing file /opt/airflow/dags/training_pipeline_dag.py for tasks to queue
[2026-04-27T12:15:27.686+0000] {logging_mixin.py:188} INFO - [2026-04-27T12:15:27.686+0000] {dagbag.py:545} INFO - Filling up the DagBag from /opt/airflow/dags/training_pipeline_dag.py
[2026-04-27T12:15:27.695+0000] {processor.py:840} INFO - DAG(s) 'training_pipeline' retrieved from /opt/airflow/dags/training_pipeline_dag.py
[2026-04-27T12:15:27.715+0000] {logging_mixin.py:188} INFO - [2026-04-27T12:15:27.714+0000] {dag.py:3096} INFO - Sync 1 DAGs
[2026-04-27T12:15:27.730+0000] {logging_mixin.py:188} INFO - [2026-04-27T12:15:27.730+0000] {dag.py:3954} INFO - Setting next_dagrun for training_pipeline to 2026-04-27 00:00:00+00:00, run_after=2026-04-28 00:00:00+00:00
[2026-04-27T12:15:27.743+0000] {processor.py:183} INFO - Processing /opt/airflow/dags/training_pipeline_dag.py took 0.063 seconds
[2026-04-27T12:15:57.936+0000] {processor.py:161} INFO - Started process (PID=1092) to work on /opt/airflow/dags/training_pipeline_dag.py
[2026-04-27T12:15:57.938+0000] {processor.py:830} INFO - Processing file /opt/airflow/dags/training_pipeline_dag.py for tasks to queue
[2026-04-27T12:15:57.939+0000] {logging_mixin.py:188} INFO - [2026-04-27T12:15:57.939+0000] {dagbag.py:545} INFO - Filling up the DagBag from /opt/airflow/dags/training_pipeline_dag.py
[2026-04-27T12:15:57.948+0000] {processor.py:840} INFO - DAG(s) 'training_pipeline' retrieved from /opt/airflow/dags/training_pipeline_dag.py
[2026-04-27T12:15:57.969+0000] {logging_mixin.py:188} INFO - [2026-04-27T12:15:57.969+0000] {dag.py:3096} INFO - Sync 1 DAGs
[2026-04-27T12:15:57.984+0000] {logging_mixin.py:188} INFO - [2026-04-27T12:15:57.984+0000] {dag.py:3954} INFO - Setting next_dagrun for training_pipeline to 2026-04-27 00:00:00+00:00, run_after=2026-04-28 00:00:00+00:00
[2026-04-27T12:15:57.997+0000] {processor.py:183} INFO - Processing /opt/airflow/dags/training_pipeline_dag.py took 0.066 seconds
[2026-04-27T12:16:28.164+0000] {processor.py:161} INFO - Started process (PID=1107) to work on /opt/airflow/dags/training_pipeline_dag.py
[2026-04-27T12:16:28.165+0000] {processor.py:830} INFO - Processing file /opt/airflow/dags/training_pipeline_dag.py for tasks to queue
[2026-04-27T12:16:28.166+0000] {logging_mixin.py:188} INFO - [2026-04-27T12:16:28.166+0000] {dagbag.py:545} INFO - Filling up the DagBag from /opt/airflow/dags/training_pipeline_dag.py
[2026-04-27T12:16:28.175+0000] {processor.py:840} INFO - DAG(s) 'training_pipeline' retrieved from /opt/airflow/dags/training_pipeline_dag.py
[2026-04-27T12:16:28.196+0000] {logging_mixin.py:188} INFO - [2026-04-27T12:16:28.196+0000] {dag.py:3096} INFO - Sync 1 DAGs
[2026-04-27T12:16:28.211+0000] {logging_mixin.py:188} INFO - [2026-04-27T12:16:28.211+0000] {dag.py:3954} INFO - Setting next_dagrun for training_pipeline to 2026-04-27 00:00:00+00:00, run_after=2026-04-28 00:00:00+00:00
[2026-04-27T12:16:28.225+0000] {processor.py:183} INFO - Processing /opt/airflow/dags/training_pipeline_dag.py took 0.065 seconds
[2026-04-27T12:16:58.449+0000] {processor.py:161} INFO - Started process (PID=1122) to work on /opt/airflow/dags/training_pipeline_dag.py
[2026-04-27T12:16:58.450+0000] {processor.py:830} INFO - Processing file /opt/airflow/dags/training_pipeline_dag.py for tasks to queue
[2026-04-27T12:16:58.451+0000] {logging_mixin.py:188} INFO - [2026-04-27T12:16:58.451+0000] {dagbag.py:545} INFO - Filling up the DagBag from /opt/airflow/dags/training_pipeline_dag.py
[2026-04-27T12:16:58.460+0000] {processor.py:840} INFO - DAG(s) 'training_pipeline' retrieved from /opt/airflow/dags/training_pipeline_dag.py
[2026-04-27T12:16:58.479+0000] {logging_mixin.py:188} INFO - [2026-04-27T12:16:58.479+0000] {dag.py:3096} INFO - Sync 1 DAGs
[2026-04-27T12:16:58.495+0000] {logging_mixin.py:188} INFO - [2026-04-27T12:16:58.494+0000] {dag.py:3954} INFO - Setting next_dagrun for training_pipeline to 2026-04-27 00:00:00+00:00, run_after=2026-04-28 00:00:00+00:00
[2026-04-27T12:16:58.507+0000] {processor.py:183} INFO - Processing /opt/airflow/dags/training_pipeline_dag.py took 0.063 seconds
[2026-04-27T12:17:28.673+0000] {processor.py:161} INFO - Started process (PID=1137) to work on /opt/airflow/dags/training_pipeline_dag.py
[2026-04-27T12:17:28.674+0000] {processor.py:830} INFO - Processing file /opt/airflow/dags/training_pipeline_dag.py for tasks to queue
[2026-04-27T12:17:28.675+0000] {logging_mixin.py:188} INFO - [2026-04-27T12:17:28.675+0000] {dagbag.py:545} INFO - Filling up the DagBag from /opt/airflow/dags/training_pipeline_dag.py
[2026-04-27T12:17:28.684+0000] {processor.py:840} INFO - DAG(s) 'training_pipeline' retrieved from /opt/airflow/dags/training_pipeline_dag.py
[2026-04-27T12:17:28.705+0000] {logging_mixin.py:188} INFO - [2026-04-27T12:17:28.705+0000] {dag.py:3096} INFO - Sync 1 DAGs
[2026-04-27T12:17:28.721+0000] {logging_mixin.py:188} INFO - [2026-04-27T12:17:28.721+0000] {dag.py:3954} INFO - Setting next_dagrun for training_pipeline to 2026-04-27 00:00:00+00:00, run_after=2026-04-28 00:00:00+00:00
[2026-04-27T12:17:28.733+0000] {processor.py:183} INFO - Processing /opt/airflow/dags/training_pipeline_dag.py took 0.064 seconds
[2026-04-27T12:17:58.898+0000] {processor.py:161} INFO - Started process (PID=1152) to work on /opt/airflow/dags/training_pipeline_dag.py
[2026-04-27T12:17:58.899+0000] {processor.py:830} INFO - Processing file /opt/airflow/dags/training_pipeline_dag.py for tasks to queue
[2026-04-27T12:17:58.900+0000] {logging_mixin.py:188} INFO - [2026-04-27T12:17:58.900+0000] {dagbag.py:545} INFO - Filling up the DagBag from /opt/airflow/dags/training_pipeline_dag.py
[2026-04-27T12:17:58.909+0000] {processor.py:840} INFO - DAG(s) 'training_pipeline' retrieved from /opt/airflow/dags/training_pipeline_dag.py
[2026-04-27T12:17:58.928+0000] {logging_mixin.py:188} INFO - [2026-04-27T12:17:58.928+0000] {dag.py:3096} INFO - Sync 1 DAGs
[2026-04-27T12:17:58.943+0000] {logging_mixin.py:188} INFO - [2026-04-27T12:17:58.943+0000] {dag.py:3954} INFO - Setting next_dagrun for training_pipeline to 2026-04-27 00:00:00+00:00, run_after=2026-04-28 00:00:00+00:00
[2026-04-27T12:17:58.957+0000] {processor.py:183} INFO - Processing /opt/airflow/dags/training_pipeline_dag.py took 0.063 seconds
[2026-04-27T12:18:29.126+0000] {processor.py:161} INFO - Started process (PID=1167) to work on /opt/airflow/dags/training_pipeline_dag.py
[2026-04-27T12:18:29.127+0000] {processor.py:830} INFO - Processing file /opt/airflow/dags/training_pipeline_dag.py for tasks to queue
[2026-04-27T12:18:29.128+0000] {logging_mixin.py:188} INFO - [2026-04-27T12:18:29.128+0000] {dagbag.py:545} INFO - Filling up the DagBag from /opt/airflow/dags/training_pipeline_dag.py
[2026-04-27T12:18:29.136+0000] {processor.py:840} INFO - DAG(s) 'training_pipeline' retrieved from /opt/airflow/dags/training_pipeline_dag.py
[2026-04-27T12:18:29.157+0000] {logging_mixin.py:188} INFO - [2026-04-27T12:18:29.157+0000] {dag.py:3096} INFO - Sync 1 DAGs
[2026-04-27T12:18:29.171+0000] {logging_mixin.py:188} INFO - [2026-04-27T12:18:29.171+0000] {dag.py:3954} INFO - Setting next_dagrun for training_pipeline to 2026-04-27 00:00:00+00:00, run_after=2026-04-28 00:00:00+00:00
[2026-04-27T12:18:29.183+0000] {processor.py:183} INFO - Processing /opt/airflow/dags/training_pipeline_dag.py took 0.062 seconds
[2026-04-27T12:18:59.376+0000] {processor.py:161} INFO - Started process (PID=1182) to work on /opt/airflow/dags/training_pipeline_dag.py
[2026-04-27T12:18:59.377+0000] {processor.py:830} INFO - Processing file /opt/airflow/dags/training_pipeline_dag.py for tasks to queue
[2026-04-27T12:18:59.378+0000] {logging_mixin.py:188} INFO - [2026-04-27T12:18:59.378+0000] {dagbag.py:545} INFO - Filling up the DagBag from /opt/airflow/dags/training_pipeline_dag.py
[2026-04-27T12:18:59.386+0000] {processor.py:840} INFO - DAG(s) 'training_pipeline' retrieved from /opt/airflow/dags/training_pipeline_dag.py
[2026-04-27T12:18:59.406+0000] {logging_mixin.py:188} INFO - [2026-04-27T12:18:59.405+0000] {dag.py:3096} INFO - Sync 1 DAGs
[2026-04-27T12:18:59.421+0000] {logging_mixin.py:188} INFO - [2026-04-27T12:18:59.421+0000] {dag.py:3954} INFO - Setting next_dagrun for training_pipeline to 2026-04-27 00:00:00+00:00, run_after=2026-04-28 00:00:00+00:00
[2026-04-27T12:18:59.433+0000] {processor.py:183} INFO - Processing /opt/airflow/dags/training_pipeline_dag.py took 0.061 seconds
[2026-04-27T12:19:29.660+0000] {processor.py:161} INFO - Started process (PID=1197) to work on /opt/airflow/dags/training_pipeline_dag.py
[2026-04-27T12:19:29.661+0000] {processor.py:830} INFO - Processing file /opt/airflow/dags/training_pipeline_dag.py for tasks to queue
[2026-04-27T12:19:29.663+0000] {logging_mixin.py:188} INFO - [2026-04-27T12:19:29.662+0000] {dagbag.py:545} INFO - Filling up the DagBag from /opt/airflow/dags/training_pipeline_dag.py
[2026-04-27T12:19:29.671+0000] {processor.py:840} INFO - DAG(s) 'training_pipeline' retrieved from /opt/airflow/dags/training_pipeline_dag.py
[2026-04-27T12:19:29.691+0000] {logging_mixin.py:188} INFO - [2026-04-27T12:19:29.691+0000] {dag.py:3096} INFO - Sync 1 DAGs
[2026-04-27T12:19:29.705+0000] {logging_mixin.py:188} INFO - [2026-04-27T12:19:29.705+0000] {dag.py:3954} INFO - Setting next_dagrun for training_pipeline to 2026-04-27 00:00:00+00:00, run_after=2026-04-28 00:00:00+00:00
[2026-04-27T12:19:29.717+0000] {processor.py:183} INFO - Processing /opt/airflow/dags/training_pipeline_dag.py took 0.061 seconds
[2026-04-27T12:19:59.864+0000] {processor.py:161} INFO - Started process (PID=1212) to work on /opt/airflow/dags/training_pipeline_dag.py
[2026-04-27T12:19:59.865+0000] {processor.py:830} INFO - Processing file /opt/airflow/dags/training_pipeline_dag.py for tasks to queue
[2026-04-27T12:19:59.867+0000] {logging_mixin.py:188} INFO - [2026-04-27T12:19:59.866+0000] {dagbag.py:545} INFO - Filling up the DagBag from /opt/airflow/dags/training_pipeline_dag.py
[2026-04-27T12:19:59.875+0000] {processor.py:840} INFO - DAG(s) 'training_pipeline' retrieved from /opt/airflow/dags/training_pipeline_dag.py
[2026-04-27T12:19:59.895+0000] {logging_mixin.py:188} INFO - [2026-04-27T12:19:59.894+0000] {dag.py:3096} INFO - Sync 1 DAGs
[2026-04-27T12:19:59.908+0000] {logging_mixin.py:188} INFO - [2026-04-27T12:19:59.908+0000] {dag.py:3954} INFO - Setting next_dagrun for training_pipeline to 2026-04-27 00:00:00+00:00, run_after=2026-04-28 00:00:00+00:00
[2026-04-27T12:19:59.920+0000] {processor.py:183} INFO - Processing /opt/airflow/dags/training_pipeline_dag.py took 0.059 seconds
[2026-04-27T12:20:30.156+0000] {processor.py:161} INFO - Started process (PID=1227) to work on /opt/airflow/dags/training_pipeline_dag.py
[2026-04-27T12:20:30.157+0000] {processor.py:830} INFO - Processing file /opt/airflow/dags/training_pipeline_dag.py for tasks to queue
[2026-04-27T12:20:30.158+0000] {logging_mixin.py:188} INFO - [2026-04-27T12:20:30.158+0000] {dagbag.py:545} INFO - Filling up the DagBag from /opt/airflow/dags/training_pipeline_dag.py
[2026-04-27T12:20:30.167+0000] {processor.py:840} INFO - DAG(s) 'training_pipeline' retrieved from /opt/airflow/dags/training_pipeline_dag.py
[2026-04-27T12:20:30.191+0000] {logging_mixin.py:188} INFO - [2026-04-27T12:20:30.190+0000] {dag.py:3096} INFO - Sync 1 DAGs
[2026-04-27T12:20:30.207+0000] {logging_mixin.py:188} INFO - [2026-04-27T12:20:30.207+0000] {dag.py:3954} INFO - Setting next_dagrun for training_pipeline to 2026-04-27 00:00:00+00:00, run_after=2026-04-28 00:00:00+00:00
[2026-04-27T12:20:30.224+0000] {processor.py:183} INFO - Processing /opt/airflow/dags/training_pipeline_dag.py took 0.074 seconds
[2026-04-27T12:21:00.404+0000] {processor.py:161} INFO - Started process (PID=1242) to work on /opt/airflow/dags/training_pipeline_dag.py
[2026-04-27T12:21:00.405+0000] {processor.py:830} INFO - Processing file /opt/airflow/dags/training_pipeline_dag.py for tasks to queue
[2026-04-27T12:21:00.406+0000] {logging_mixin.py:188} INFO - [2026-04-27T12:21:00.406+0000] {dagbag.py:545} INFO - Filling up the DagBag from /opt/airflow/dags/training_pipeline_dag.py
[2026-04-27T12:21:00.416+0000] {processor.py:840} INFO - DAG(s) 'training_pipeline' retrieved from /opt/airflow/dags/training_pipeline_dag.py
[2026-04-27T12:21:00.437+0000] {logging_mixin.py:188} INFO - [2026-04-27T12:21:00.437+0000] {dag.py:3096} INFO - Sync 1 DAGs
[2026-04-27T12:21:00.453+0000] {logging_mixin.py:188} INFO - [2026-04-27T12:21:00.453+0000] {dag.py:3954} INFO - Setting next_dagrun for training_pipeline to 2026-04-27 00:00:00+00:00, run_after=2026-04-28 00:00:00+00:00
[2026-04-27T12:21:00.468+0000] {processor.py:183} INFO - Processing /opt/airflow/dags/training_pipeline_dag.py took 0.069 seconds
[2026-04-27T12:21:30.597+0000] {processor.py:161} INFO - Started process (PID=1257) to work on /opt/airflow/dags/training_pipeline_dag.py
[2026-04-27T12:21:30.598+0000] {processor.py:830} INFO - Processing file /opt/airflow/dags/training_pipeline_dag.py for tasks to queue
[2026-04-27T12:21:30.599+0000] {logging_mixin.py:188} INFO - [2026-04-27T12:21:30.599+0000] {dagbag.py:545} INFO - Filling up the DagBag from /opt/airflow/dags/training_pipeline_dag.py
[2026-04-27T12:21:30.607+0000] {processor.py:840} INFO - DAG(s) 'training_pipeline' retrieved from /opt/airflow/dags/training_pipeline_dag.py
[2026-04-27T12:21:30.628+0000] {logging_mixin.py:188} INFO - [2026-04-27T12:21:30.628+0000] {dag.py:3096} INFO - Sync 1 DAGs
[2026-04-27T12:21:30.643+0000] {logging_mixin.py:188} INFO - [2026-04-27T12:21:30.643+0000] {dag.py:3954} INFO - Setting next_dagrun for training_pipeline to 2026-04-27 00:00:00+00:00, run_after=2026-04-28 00:00:00+00:00
[2026-04-27T12:21:30.656+0000] {processor.py:183} INFO - Processing /opt/airflow/dags/training_pipeline_dag.py took 0.064 seconds
[2026-04-27T12:22:00.788+0000] {processor.py:161} INFO - Started process (PID=1272) to work on /opt/airflow/dags/training_pipeline_dag.py
[2026-04-27T12:22:00.789+0000] {processor.py:830} INFO - Processing file /opt/airflow/dags/training_pipeline_dag.py for tasks to queue
[2026-04-27T12:22:00.791+0000] {logging_mixin.py:188} INFO - [2026-04-27T12:22:00.791+0000] {dagbag.py:545} INFO - Filling up the DagBag from /opt/airflow/dags/training_pipeline_dag.py
[2026-04-27T12:22:00.800+0000] {processor.py:840} INFO - DAG(s) 'training_pipeline' retrieved from /opt/airflow/dags/training_pipeline_dag.py
[2026-04-27T12:22:00.821+0000] {logging_mixin.py:188} INFO - [2026-04-27T12:22:00.821+0000] {dag.py:3096} INFO - Sync 1 DAGs
[2026-04-27T12:22:00.837+0000] {logging_mixin.py:188} INFO - [2026-04-27T12:22:00.837+0000] {dag.py:3954} INFO - Setting next_dagrun for training_pipeline to 2026-04-27 00:00:00+00:00, run_after=2026-04-28 00:00:00+00:00
[2026-04-27T12:22:00.852+0000] {processor.py:183} INFO - Processing /opt/airflow/dags/training_pipeline_dag.py took 0.067 seconds
[2026-04-27T12:22:31.034+0000] {processor.py:161} INFO - Started process (PID=1287) to work on /opt/airflow/dags/training_pipeline_dag.py
[2026-04-27T12:22:31.035+0000] {processor.py:830} INFO - Processing file /opt/airflow/dags/training_pipeline_dag.py for tasks to queue
[2026-04-27T12:22:31.037+0000] {logging_mixin.py:188} INFO - [2026-04-27T12:22:31.036+0000] {dagbag.py:545} INFO - Filling up the DagBag from /opt/airflow/dags/training_pipeline_dag.py
[2026-04-27T12:22:31.046+0000] {processor.py:840} INFO - DAG(s) 'training_pipeline' retrieved from /opt/airflow/dags/training_pipeline_dag.py
[2026-04-27T12:22:31.069+0000] {logging_mixin.py:188} INFO - [2026-04-27T12:22:31.069+0000] {dag.py:3096} INFO - Sync 1 DAGs
[2026-04-27T12:22:31.085+0000] {logging_mixin.py:188} INFO - [2026-04-27T12:22:31.085+0000] {dag.py:3954} INFO - Setting next_dagrun for training_pipeline to 2026-04-27 00:00:00+00:00, run_after=2026-04-28 00:00:00+00:00
[2026-04-27T12:22:31.099+0000] {processor.py:183} INFO - Processing /opt/airflow/dags/training_pipeline_dag.py took 0.069 seconds
[2026-04-27T12:23:01.311+0000] {processor.py:161} INFO - Started process (PID=1302) to work on /opt/airflow/dags/training_pipeline_dag.py
[2026-04-27T12:23:01.312+0000] {processor.py:830} INFO - Processing file /opt/airflow/dags/training_pipeline_dag.py for tasks to queue
[2026-04-27T12:23:01.313+0000] {logging_mixin.py:188} INFO - [2026-04-27T12:23:01.313+0000] {dagbag.py:545} INFO - Filling up the DagBag from /opt/airflow/dags/training_pipeline_dag.py
[2026-04-27T12:23:01.327+0000] {processor.py:840} INFO - DAG(s) 'training_pipeline' retrieved from /opt/airflow/dags/training_pipeline_dag.py
[2026-04-27T12:23:01.351+0000] {logging_mixin.py:188} INFO - [2026-04-27T12:23:01.351+0000] {dag.py:3096} INFO - Sync 1 DAGs
[2026-04-27T12:23:01.367+0000] {logging_mixin.py:188} INFO - [2026-04-27T12:23:01.367+0000] {dag.py:3954} INFO - Setting next_dagrun for training_pipeline to 2026-04-27 00:00:00+00:00, run_after=2026-04-28 00:00:00+00:00
[2026-04-27T12:23:01.381+0000] {processor.py:183} INFO - Processing /opt/airflow/dags/training_pipeline_dag.py took 0.075 seconds
[2026-04-27T12:23:31.568+0000] {processor.py:161} INFO - Started process (PID=1317) to work on /opt/airflow/dags/training_pipeline_dag.py
[2026-04-27T12:23:31.569+0000] {processor.py:830} INFO - Processing file /opt/airflow/dags/training_pipeline_dag.py for tasks to queue
[2026-04-27T12:23:31.570+0000] {logging_mixin.py:188} INFO - [2026-04-27T12:23:31.570+0000] {dagbag.py:545} INFO - Filling up the DagBag from /opt/airflow/dags/training_pipeline_dag.py
[2026-04-27T12:23:31.580+0000] {processor.py:840} INFO - DAG(s) 'training_pipeline' retrieved from /opt/airflow/dags/training_pipeline_dag.py
[2026-04-27T12:23:31.601+0000] {logging_mixin.py:188} INFO - [2026-04-27T12:23:31.600+0000] {dag.py:3096} INFO - Sync 1 DAGs
[2026-04-27T12:23:31.616+0000] {logging_mixin.py:188} INFO - [2026-04-27T12:23:31.615+0000] {dag.py:3954} INFO - Setting next_dagrun for training_pipeline to 2026-04-27 00:00:00+00:00, run_after=2026-04-28 00:00:00+00:00
[2026-04-27T12:23:31.629+0000] {processor.py:183} INFO - Processing /opt/airflow/dags/training_pipeline_dag.py took 0.065 seconds
[2026-04-27T12:24:01.785+0000] {processor.py:161} INFO - Started process (PID=1332) to work on /opt/airflow/dags/training_pipeline_dag.py
[2026-04-27T12:24:01.786+0000] {processor.py:830} INFO - Processing file /opt/airflow/dags/training_pipeline_dag.py for tasks to queue
[2026-04-27T12:24:01.788+0000] {logging_mixin.py:188} INFO - [2026-04-27T12:24:01.787+0000] {dagbag.py:545} INFO - Filling up the DagBag from /opt/airflow/dags/training_pipeline_dag.py
[2026-04-27T12:24:01.796+0000] {processor.py:840} INFO - DAG(s) 'training_pipeline' retrieved from /opt/airflow/dags/training_pipeline_dag.py
[2026-04-27T12:24:01.816+0000] {logging_mixin.py:188} INFO - [2026-04-27T12:24:01.816+0000] {dag.py:3096} INFO - Sync 1 DAGs
[2026-04-27T12:24:01.830+0000] {logging_mixin.py:188} INFO - [2026-04-27T12:24:01.830+0000] {dag.py:3954} INFO - Setting next_dagrun for training_pipeline to 2026-04-27 00:00:00+00:00, run_after=2026-04-28 00:00:00+00:00
[2026-04-27T12:24:01.844+0000] {processor.py:183} INFO - Processing /opt/airflow/dags/training_pipeline_dag.py took 0.062 seconds
[2026-04-27T12:24:32.061+0000] {processor.py:161} INFO - Started process (PID=1347) to work on /opt/airflow/dags/training_pipeline_dag.py
[2026-04-27T12:24:32.063+0000] {processor.py:830} INFO - Processing file /opt/airflow/dags/training_pipeline_dag.py for tasks to queue
[2026-04-27T12:24:32.064+0000] {logging_mixin.py:188} INFO - [2026-04-27T12:24:32.064+0000] {dagbag.py:545} INFO - Filling up the DagBag from /opt/airflow/dags/training_pipeline_dag.py
[2026-04-27T12:24:32.072+0000] {processor.py:840} INFO - DAG(s) 'training_pipeline' retrieved from /opt/airflow/dags/training_pipeline_dag.py
[2026-04-27T12:24:31.043+0000] {logging_mixin.py:188} INFO - [2026-04-27T12:24:31.043+0000] {dag.py:3096} INFO - Sync 1 DAGs
[2026-04-27T12:24:31.059+0000] {logging_mixin.py:188} INFO - [2026-04-27T12:24:31.059+0000] {dag.py:3954} INFO - Setting next_dagrun for training_pipeline to 2026-04-27 00:00:00+00:00, run_after=2026-04-28 00:00:00+00:00
[2026-04-27T12:24:31.073+0000] {processor.py:183} INFO - Processing /opt/airflow/dags/training_pipeline_dag.py took 0.066 seconds
[2026-04-27T12:25:01.199+0000] {processor.py:161} INFO - Started process (PID=1352) to work on /opt/airflow/dags/training_pipeline_dag.py
[2026-04-27T12:25:01.201+0000] {processor.py:830} INFO - Processing file /opt/airflow/dags/training_pipeline_dag.py for tasks to queue
[2026-04-27T12:25:01.202+0000] {logging_mixin.py:188} INFO - [2026-04-27T12:25:01.202+0000] {dagbag.py:545} INFO - Filling up the DagBag from /opt/airflow/dags/training_pipeline_dag.py
[2026-04-27T12:25:01.211+0000] {processor.py:840} INFO - DAG(s) 'training_pipeline' retrieved from /opt/airflow/dags/training_pipeline_dag.py
[2026-04-27T12:25:01.232+0000] {logging_mixin.py:188} INFO - [2026-04-27T12:25:01.232+0000] {dag.py:3096} INFO - Sync 1 DAGs
[2026-04-27T12:25:01.249+0000] {logging_mixin.py:188} INFO - [2026-04-27T12:25:01.248+0000] {dag.py:3954} INFO - Setting next_dagrun for training_pipeline to 2026-04-27 00:00:00+00:00, run_after=2026-04-28 00:00:00+00:00
[2026-04-27T12:25:01.263+0000] {processor.py:183} INFO - Processing /opt/airflow/dags/training_pipeline_dag.py took 0.069 seconds
[2026-04-27T12:25:31.401+0000] {processor.py:161} INFO - Started process (PID=1367) to work on /opt/airflow/dags/training_pipeline_dag.py
[2026-04-27T12:25:31.404+0000] {processor.py:830} INFO - Processing file /opt/airflow/dags/training_pipeline_dag.py for tasks to queue
[2026-04-27T12:25:31.405+0000] {logging_mixin.py:188} INFO - [2026-04-27T12:25:31.405+0000] {dagbag.py:545} INFO - Filling up the DagBag from /opt/airflow/dags/training_pipeline_dag.py
[2026-04-27T12:25:31.413+0000] {processor.py:840} INFO - DAG(s) 'training_pipeline' retrieved from /opt/airflow/dags/training_pipeline_dag.py
[2026-04-27T12:25:31.435+0000] {logging_mixin.py:188} INFO - [2026-04-27T12:25:31.435+0000] {dag.py:3096} INFO - Sync 1 DAGs
[2026-04-27T12:25:31.450+0000] {logging_mixin.py:188} INFO - [2026-04-27T12:25:31.450+0000] {dag.py:3954} INFO - Setting next_dagrun for training_pipeline to 2026-04-27 00:00:00+00:00, run_after=2026-04-28 00:00:00+00:00
[2026-04-27T12:25:31.463+0000] {processor.py:183} INFO - Processing /opt/airflow/dags/training_pipeline_dag.py took 0.066 seconds
[2026-04-27T12:26:01.622+0000] {processor.py:161} INFO - Started process (PID=1382) to work on /opt/airflow/dags/training_pipeline_dag.py
[2026-04-27T12:26:01.624+0000] {processor.py:830} INFO - Processing file /opt/airflow/dags/training_pipeline_dag.py for tasks to queue
[2026-04-27T12:26:01.626+0000] {logging_mixin.py:188} INFO - [2026-04-27T12:26:01.626+0000] {dagbag.py:545} INFO - Filling up the DagBag from /opt/airflow/dags/training_pipeline_dag.py
[2026-04-27T12:26:01.634+0000] {processor.py:840} INFO - DAG(s) 'training_pipeline' retrieved from /opt/airflow/dags/training_pipeline_dag.py
[2026-04-27T12:26:01.657+0000] {logging_mixin.py:188} INFO - [2026-04-27T12:26:01.657+0000] {dag.py:3096} INFO - Sync 1 DAGs
[2026-04-27T12:26:01.671+0000] {logging_mixin.py:188} INFO - [2026-04-27T12:26:01.671+0000] {dag.py:3954} INFO - Setting next_dagrun for training_pipeline to 2026-04-27 00:00:00+00:00, run_after=2026-04-28 00:00:00+00:00
[2026-04-27T12:26:01.684+0000] {processor.py:183} INFO - Processing /opt/airflow/dags/training_pipeline_dag.py took 0.066 seconds
[2026-04-27T12:26:31.856+0000] {processor.py:161} INFO - Started process (PID=1397) to work on /opt/airflow/dags/training_pipeline_dag.py
[2026-04-27T12:26:31.859+0000] {processor.py:830} INFO - Processing file /opt/airflow/dags/training_pipeline_dag.py for tasks to queue
[2026-04-27T12:26:31.860+0000] {logging_mixin.py:188} INFO - [2026-04-27T12:26:31.860+0000] {dagbag.py:545} INFO - Filling up the DagBag from /opt/airflow/dags/training_pipeline_dag.py
[2026-04-27T12:26:31.868+0000] {processor.py:840} INFO - DAG(s) 'training_pipeline' retrieved from /opt/airflow/dags/training_pipeline_dag.py
[2026-04-27T12:26:31.888+0000] {logging_mixin.py:188} INFO - [2026-04-27T12:26:31.887+0000] {dag.py:3096} INFO - Sync 1 DAGs
[2026-04-27T12:26:31.902+0000] {logging_mixin.py:188} INFO - [2026-04-27T12:26:31.902+0000] {dag.py:3954} INFO - Setting next_dagrun for training_pipeline to 2026-04-27 00:00:00+00:00, run_after=2026-04-28 00:00:00+00:00
[2026-04-27T12:26:31.915+0000] {processor.py:183} INFO - Processing /opt/airflow/dags/training_pipeline_dag.py took 0.064 seconds
[2026-04-27T12:27:02.123+0000] {processor.py:161} INFO - Started process (PID=1412) to work on /opt/airflow/dags/training_pipeline_dag.py
[2026-04-27T12:27:02.125+0000] {processor.py:830} INFO - Processing file /opt/airflow/dags/training_pipeline_dag.py for tasks to queue
[2026-04-27T12:27:02.127+0000] {logging_mixin.py:188} INFO - [2026-04-27T12:27:02.127+0000] {dagbag.py:545} INFO - Filling up the DagBag from /opt/airflow/dags/training_pipeline_dag.py
[2026-04-27T12:27:02.134+0000] {processor.py:840} INFO - DAG(s) 'training_pipeline' retrieved from /opt/airflow/dags/training_pipeline_dag.py
[2026-04-27T12:27:02.156+0000] {logging_mixin.py:188} INFO - [2026-04-27T12:27:02.156+0000] {dag.py:3096} INFO - Sync 1 DAGs
[2026-04-27T12:27:02.171+0000] {logging_mixin.py:188} INFO - [2026-04-27T12:27:02.171+0000] {dag.py:3954} INFO - Setting next_dagrun for training_pipeline to 2026-04-27 00:00:00+00:00, run_after=2026-04-28 00:00:00+00:00
[2026-04-27T12:27:02.186+0000] {processor.py:183} INFO - Processing /opt/airflow/dags/training_pipeline_dag.py took 0.067 seconds
[2026-04-27T12:27:32.376+0000] {processor.py:161} INFO - Started process (PID=1427) to work on /opt/airflow/dags/training_pipeline_dag.py
[2026-04-27T12:27:32.378+0000] {processor.py:830} INFO - Processing file /opt/airflow/dags/training_pipeline_dag.py for tasks to queue
[2026-04-27T12:27:32.380+0000] {logging_mixin.py:188} INFO - [2026-04-27T12:27:32.380+0000] {dagbag.py:545} INFO - Filling up the DagBag from /opt/airflow/dags/training_pipeline_dag.py
[2026-04-27T12:27:32.387+0000] {processor.py:840} INFO - DAG(s) 'training_pipeline' retrieved from /opt/airflow/dags/training_pipeline_dag.py
[2026-04-27T12:27:32.408+0000] {logging_mixin.py:188} INFO - [2026-04-27T12:27:32.408+0000] {dag.py:3096} INFO - Sync 1 DAGs
[2026-04-27T12:27:32.424+0000] {logging_mixin.py:188} INFO - [2026-04-27T12:27:32.424+0000] {dag.py:3954} INFO - Setting next_dagrun for training_pipeline to 2026-04-27 00:00:00+00:00, run_after=2026-04-28 00:00:00+00:00
[2026-04-27T12:27:32.436+0000] {processor.py:183} INFO - Processing /opt/airflow/dags/training_pipeline_dag.py took 0.065 seconds
[2026-04-27T12:28:02.590+0000] {processor.py:161} INFO - Started process (PID=1442) to work on /opt/airflow/dags/training_pipeline_dag.py
[2026-04-27T12:28:02.593+0000] {processor.py:830} INFO - Processing file /opt/airflow/dags/training_pipeline_dag.py for tasks to queue
[2026-04-27T12:28:02.594+0000] {logging_mixin.py:188} INFO - [2026-04-27T12:28:02.594+0000] {dagbag.py:545} INFO - Filling up the DagBag from /opt/airflow/dags/training_pipeline_dag.py
[2026-04-27T12:28:02.602+0000] {processor.py:840} INFO - DAG(s) 'training_pipeline' retrieved from /opt/airflow/dags/training_pipeline_dag.py
[2026-04-27T12:28:02.624+0000] {logging_mixin.py:188} INFO - [2026-04-27T12:28:02.624+0000] {dag.py:3096} INFO - Sync 1 DAGs
[2026-04-27T12:28:02.640+0000] {logging_mixin.py:188} INFO - [2026-04-27T12:28:02.639+0000] {dag.py:3954} INFO - Setting next_dagrun for training_pipeline to 2026-04-27 00:00:00+00:00, run_after=2026-04-28 00:00:00+00:00
[2026-04-27T12:28:02.653+0000] {processor.py:183} INFO - Processing /opt/airflow/dags/training_pipeline_dag.py took 0.067 seconds
[2026-04-27T12:28:32.814+0000] {processor.py:161} INFO - Started process (PID=1457) to work on /opt/airflow/dags/training_pipeline_dag.py
[2026-04-27T12:28:32.817+0000] {processor.py:830} INFO - Processing file /opt/airflow/dags/training_pipeline_dag.py for tasks to queue
[2026-04-27T12:28:32.818+0000] {logging_mixin.py:188} INFO - [2026-04-27T12:28:32.818+0000] {dagbag.py:545} INFO - Filling up the DagBag from /opt/airflow/dags/training_pipeline_dag.py
[2026-04-27T12:28:32.827+0000] {processor.py:840} INFO - DAG(s) 'training_pipeline' retrieved from /opt/airflow/dags/training_pipeline_dag.py
[2026-04-27T12:28:32.850+0000] {logging_mixin.py:188} INFO - [2026-04-27T12:28:32.850+0000] {dag.py:3096} INFO - Sync 1 DAGs
[2026-04-27T12:28:32.866+0000] {logging_mixin.py:188} INFO - [2026-04-27T12:28:32.866+0000] {dag.py:3954} INFO - Setting next_dagrun for training_pipeline to 2026-04-27 00:00:00+00:00, run_after=2026-04-28 00:00:00+00:00
[2026-04-27T12:28:32.881+0000] {processor.py:183} INFO - Processing /opt/airflow/dags/training_pipeline_dag.py took 0.071 seconds
[2026-04-27T12:29:03.047+0000] {processor.py:161} INFO - Started process (PID=1472) to work on /opt/airflow/dags/training_pipeline_dag.py
[2026-04-27T12:29:03.050+0000] {processor.py:830} INFO - Processing file /opt/airflow/dags/training_pipeline_dag.py for tasks to queue
[2026-04-27T12:29:03.051+0000] {logging_mixin.py:188} INFO - [2026-04-27T12:29:03.051+0000] {dagbag.py:545} INFO - Filling up the DagBag from /opt/airflow/dags/training_pipeline_dag.py
[2026-04-27T12:29:03.059+0000] {processor.py:840} INFO - DAG(s) 'training_pipeline' retrieved from /opt/airflow/dags/training_pipeline_dag.py
[2026-04-27T12:29:03.080+0000] {logging_mixin.py:188} INFO - [2026-04-27T12:29:03.080+0000] {dag.py:3096} INFO - Sync 1 DAGs
[2026-04-27T12:29:03.096+0000] {logging_mixin.py:188} INFO - [2026-04-27T12:29:03.096+0000] {dag.py:3954} INFO - Setting next_dagrun for training_pipeline to 2026-04-27 00:00:00+00:00, run_after=2026-04-28 00:00:00+00:00
[2026-04-27T12:29:03.110+0000] {processor.py:183} INFO - Processing /opt/airflow/dags/training_pipeline_dag.py took 0.067 seconds
[2026-04-27T12:29:33.262+0000] {processor.py:161} INFO - Started process (PID=1487) to work on /opt/airflow/dags/training_pipeline_dag.py
[2026-04-27T12:29:33.263+0000] {processor.py:830} INFO - Processing file /opt/airflow/dags/training_pipeline_dag.py for tasks to queue
[2026-04-27T12:29:33.265+0000] {logging_mixin.py:188} INFO - [2026-04-27T12:29:33.264+0000] {dagbag.py:545} INFO - Filling up the DagBag from /opt/airflow/dags/training_pipeline_dag.py
[2026-04-27T12:29:33.272+0000] {processor.py:840} INFO - DAG(s) 'training_pipeline' retrieved from /opt/airflow/dags/training_pipeline_dag.py
[2026-04-27T12:29:33.293+0000] {logging_mixin.py:188} INFO - [2026-04-27T12:29:33.292+0000] {dag.py:3096} INFO - Sync 1 DAGs
[2026-04-27T12:29:33.308+0000] {logging_mixin.py:188} INFO - [2026-04-27T12:29:33.308+0000] {dag.py:3954} INFO - Setting next_dagrun for training_pipeline to 2026-04-27 00:00:00+00:00, run_after=2026-04-28 00:00:00+00:00
[2026-04-27T12:29:33.325+0000] {processor.py:183} INFO - Processing /opt/airflow/dags/training_pipeline_dag.py took 0.066 seconds
[2026-04-27T12:30:03.489+0000] {processor.py:161} INFO - Started process (PID=1502) to work on /opt/airflow/dags/training_pipeline_dag.py
[2026-04-27T12:30:03.491+0000] {processor.py:830} INFO - Processing file /opt/airflow/dags/training_pipeline_dag.py for tasks to queue
[2026-04-27T12:30:03.493+0000] {logging_mixin.py:188} INFO - [2026-04-27T12:30:03.493+0000] {dagbag.py:545} INFO - Filling up the DagBag from /opt/airflow/dags/training_pipeline_dag.py
[2026-04-27T12:30:03.501+0000] {processor.py:840} INFO - DAG(s) 'training_pipeline' retrieved from /opt/airflow/dags/training_pipeline_dag.py
[2026-04-27T12:30:03.521+0000] {logging_mixin.py:188} INFO - [2026-04-27T12:30:03.521+0000] {dag.py:3096} INFO - Sync 1 DAGs
[2026-04-27T12:30:03.536+0000] {logging_mixin.py:188} INFO - [2026-04-27T12:30:03.536+0000] {dag.py:3954} INFO - Setting next_dagrun for training_pipeline to 2026-04-27 00:00:00+00:00, run_after=2026-04-28 00:00:00+00:00
[2026-04-27T12:30:03.551+0000] {processor.py:183} INFO - Processing /opt/airflow/dags/training_pipeline_dag.py took 0.066 seconds
[2026-04-27T12:30:33.696+0000] {processor.py:161} INFO - Started process (PID=1517) to work on /opt/airflow/dags/training_pipeline_dag.py
[2026-04-27T12:30:33.698+0000] {processor.py:830} INFO - Processing file /opt/airflow/dags/training_pipeline_dag.py for tasks to queue
[2026-04-27T12:30:33.700+0000] {logging_mixin.py:188} INFO - [2026-04-27T12:30:33.699+0000] {dagbag.py:545} INFO - Filling up the DagBag from /opt/airflow/dags/training_pipeline_dag.py
[2026-04-27T12:30:33.708+0000] {processor.py:840} INFO - DAG(s) 'training_pipeline' retrieved from /opt/airflow/dags/training_pipeline_dag.py
[2026-04-27T12:30:33.730+0000] {logging_mixin.py:188} INFO - [2026-04-27T12:30:33.729+0000] {dag.py:3096} INFO - Sync 1 DAGs
[2026-04-27T12:30:33.744+0000] {logging_mixin.py:188} INFO - [2026-04-27T12:30:33.744+0000] {dag.py:3954} INFO - Setting next_dagrun for training_pipeline to 2026-04-27 00:00:00+00:00, run_after=2026-04-28 00:00:00+00:00
[2026-04-27T12:30:33.758+0000] {processor.py:183} INFO - Processing /opt/airflow/dags/training_pipeline_dag.py took 0.066 seconds
[2026-04-27T12:31:03.956+0000] {processor.py:161} INFO - Started process (PID=1532) to work on /opt/airflow/dags/training_pipeline_dag.py
[2026-04-27T12:31:03.958+0000] {processor.py:830} INFO - Processing file /opt/airflow/dags/training_pipeline_dag.py for tasks to queue
[2026-04-27T12:31:03.959+0000] {logging_mixin.py:188} INFO - [2026-04-27T12:31:03.959+0000] {dagbag.py:545} INFO - Filling up the DagBag from /opt/airflow/dags/training_pipeline_dag.py
[2026-04-27T12:31:03.967+0000] {processor.py:840} INFO - DAG(s) 'training_pipeline' retrieved from /opt/airflow/dags/training_pipeline_dag.py
[2026-04-27T12:31:03.988+0000] {logging_mixin.py:188} INFO - [2026-04-27T12:31:03.988+0000] {dag.py:3096} INFO - Sync 1 DAGs
[2026-04-27T12:31:04.004+0000] {logging_mixin.py:188} INFO - [2026-04-27T12:31:04.003+0000] {dag.py:3954} INFO - Setting next_dagrun for training_pipeline to 2026-04-27 00:00:00+00:00, run_after=2026-04-28 00:00:00+00:00
[2026-04-27T12:31:04.016+0000] {processor.py:183} INFO - Processing /opt/airflow/dags/training_pipeline_dag.py took 0.064 seconds
[2026-04-27T12:31:34.189+0000] {processor.py:161} INFO - Started process (PID=1547) to work on /opt/airflow/dags/training_pipeline_dag.py
[2026-04-27T12:31:34.191+0000] {processor.py:830} INFO - Processing file /opt/airflow/dags/training_pipeline_dag.py for tasks to queue
[2026-04-27T12:31:34.193+0000] {logging_mixin.py:188} INFO - [2026-04-27T12:31:34.193+0000] {dagbag.py:545} INFO - Filling up the DagBag from /opt/airflow/dags/training_pipeline_dag.py
[2026-04-27T12:31:34.201+0000] {processor.py:840} INFO - DAG(s) 'training_pipeline' retrieved from /opt/airflow/dags/training_pipeline_dag.py
[2026-04-27T12:31:34.221+0000] {logging_mixin.py:188} INFO - [2026-04-27T12:31:34.221+0000] {dag.py:3096} INFO - Sync 1 DAGs
[2026-04-27T12:31:34.237+0000] {logging_mixin.py:188} INFO - [2026-04-27T12:31:34.237+0000] {dag.py:3954} INFO - Setting next_dagrun for training_pipeline to 2026-04-27 00:00:00+00:00, run_after=2026-04-28 00:00:00+00:00
[2026-04-27T12:31:34.251+0000] {processor.py:183} INFO - Processing /opt/airflow/dags/training_pipeline_dag.py took 0.066 seconds
[2026-04-27T12:32:04.468+0000] {processor.py:161} INFO - Started process (PID=1562) to work on /opt/airflow/dags/training_pipeline_dag.py
[2026-04-27T12:32:04.470+0000] {processor.py:830} INFO - Processing file /opt/airflow/dags/training_pipeline_dag.py for tasks to queue
[2026-04-27T12:32:04.472+0000] {logging_mixin.py:188} INFO - [2026-04-27T12:32:04.472+0000] {dagbag.py:545} INFO - Filling up the DagBag from /opt/airflow/dags/training_pipeline_dag.py
[2026-04-27T12:32:04.480+0000] {processor.py:840} INFO - DAG(s) 'training_pipeline' retrieved from /opt/airflow/dags/training_pipeline_dag.py
[2026-04-27T12:32:04.500+0000] {logging_mixin.py:188} INFO - [2026-04-27T12:32:04.499+0000] {dag.py:3096} INFO - Sync 1 DAGs
[2026-04-27T12:32:04.516+0000] {logging_mixin.py:188} INFO - [2026-04-27T12:32:04.515+0000] {dag.py:3954} INFO - Setting next_dagrun for training_pipeline to 2026-04-27 00:00:00+00:00, run_after=2026-04-28 00:00:00+00:00
[2026-04-27T12:32:04.531+0000] {processor.py:183} INFO - Processing /opt/airflow/dags/training_pipeline_dag.py took 0.067 seconds
[2026-04-27T12:32:34.755+0000] {processor.py:161} INFO - Started process (PID=1577) to work on /opt/airflow/dags/training_pipeline_dag.py
[2026-04-27T12:32:34.757+0000] {processor.py:830} INFO - Processing file /opt/airflow/dags/training_pipeline_dag.py for tasks to queue
[2026-04-27T12:32:34.758+0000] {logging_mixin.py:188} INFO - [2026-04-27T12:32:34.758+0000] {dagbag.py:545} INFO - Filling up the DagBag from /opt/airflow/dags/training_pipeline_dag.py
[2026-04-27T12:32:34.767+0000] {processor.py:840} INFO - DAG(s) 'training_pipeline' retrieved from /opt/airflow/dags/training_pipeline_dag.py
[2026-04-27T12:32:34.787+0000] {logging_mixin.py:188} INFO - [2026-04-27T12:32:34.786+0000] {dag.py:3096} INFO - Sync 1 DAGs
[2026-04-27T12:32:34.801+0000] {logging_mixin.py:188} INFO - [2026-04-27T12:32:34.801+0000] {dag.py:3954} INFO - Setting next_dagrun for training_pipeline to 2026-04-27 00:00:00+00:00, run_after=2026-04-28 00:00:00+00:00
[2026-04-27T12:32:34.815+0000] {processor.py:183} INFO - Processing /opt/airflow/dags/training_pipeline_dag.py took 0.065 seconds
[2026-04-27T12:33:04.972+0000] {processor.py:161} INFO - Started process (PID=1592) to work on /opt/airflow/dags/training_pipeline_dag.py
[2026-04-27T12:33:04.974+0000] {processor.py:830} INFO - Processing file /opt/airflow/dags/training_pipeline_dag.py for tasks to queue
[2026-04-27T12:33:04.975+0000] {logging_mixin.py:188} INFO - [2026-04-27T12:33:04.975+0000] {dagbag.py:545} INFO - Filling up the DagBag from /opt/airflow/dags/training_pipeline_dag.py
[2026-04-27T12:33:04.983+0000] {processor.py:840} INFO - DAG(s) 'training_pipeline' retrieved from /opt/airflow/dags/training_pipeline_dag.py
[2026-04-27T12:33:05.004+0000] {logging_mixin.py:188} INFO - [2026-04-27T12:33:05.004+0000] {dag.py:3096} INFO - Sync 1 DAGs
[2026-04-27T12:33:05.019+0000] {logging_mixin.py:188} INFO - [2026-04-27T12:33:05.019+0000] {dag.py:3954} INFO - Setting next_dagrun for training_pipeline to 2026-04-27 00:00:00+00:00, run_after=2026-04-28 00:00:00+00:00
[2026-04-27T12:33:05.033+0000] {processor.py:183} INFO - Processing /opt/airflow/dags/training_pipeline_dag.py took 0.065 seconds
[2026-04-27T12:33:35.324+0000] {processor.py:161} INFO - Started process (PID=1607) to work on /opt/airflow/dags/training_pipeline_dag.py
[2026-04-27T12:33:35.327+0000] {processor.py:830} INFO - Processing file /opt/airflow/dags/training_pipeline_dag.py for tasks to queue
[2026-04-27T12:33:35.328+0000] {logging_mixin.py:188} INFO - [2026-04-27T12:33:35.328+0000] {dagbag.py:545} INFO - Filling up the DagBag from /opt/airflow/dags/training_pipeline_dag.py
[2026-04-27T12:33:35.336+0000] {processor.py:840} INFO - DAG(s) 'training_pipeline' retrieved from /opt/airflow/dags/training_pipeline_dag.py
[2026-04-27T12:33:35.359+0000] {logging_mixin.py:188} INFO - [2026-04-27T12:33:35.358+0000] {dag.py:3096} INFO - Sync 1 DAGs
[2026-04-27T12:33:35.373+0000] {logging_mixin.py:188} INFO - [2026-04-27T12:33:35.373+0000] {dag.py:3954} INFO - Setting next_dagrun for training_pipeline to 2026-04-27 00:00:00+00:00, run_after=2026-04-28 00:00:00+00:00
[2026-04-27T12:33:35.386+0000] {processor.py:183} INFO - Processing /opt/airflow/dags/training_pipeline_dag.py took 0.066 seconds
[2026-04-27T12:34:05.591+0000] {processor.py:161} INFO - Started process (PID=1622) to work on /opt/airflow/dags/training_pipeline_dag.py
[2026-04-27T12:34:05.594+0000] {processor.py:830} INFO - Processing file /opt/airflow/dags/training_pipeline_dag.py for tasks to queue
[2026-04-27T12:34:05.596+0000] {logging_mixin.py:188} INFO - [2026-04-27T12:34:05.596+0000] {dagbag.py:545} INFO - Filling up the DagBag from /opt/airflow/dags/training_pipeline_dag.py
[2026-04-27T12:34:05.604+0000] {processor.py:840} INFO - DAG(s) 'training_pipeline' retrieved from /opt/airflow/dags/training_pipeline_dag.py
[2026-04-27T12:34:05.626+0000] {logging_mixin.py:188} INFO - [2026-04-27T12:34:05.626+0000] {dag.py:3096} INFO - Sync 1 DAGs
[2026-04-27T12:34:05.641+0000] {logging_mixin.py:188} INFO - [2026-04-27T12:34:05.641+0000] {dag.py:3954} INFO - Setting next_dagrun for training_pipeline to 2026-04-27 00:00:00+00:00, run_after=2026-04-28 00:00:00+00:00
[2026-04-27T12:34:05.656+0000] {processor.py:183} INFO - Processing /opt/airflow/dags/training_pipeline_dag.py took 0.068 seconds
[2026-04-27T12:34:35.901+0000] {processor.py:161} INFO - Started process (PID=1637) to work on /opt/airflow/dags/training_pipeline_dag.py
[2026-04-27T12:34:35.904+0000] {processor.py:830} INFO - Processing file /opt/airflow/dags/training_pipeline_dag.py for tasks to queue
[2026-04-27T12:34:35.905+0000] {logging_mixin.py:188} INFO - [2026-04-27T12:34:35.905+0000] {dagbag.py:545} INFO - Filling up the DagBag from /opt/airflow/dags/training_pipeline_dag.py
[2026-04-27T12:34:35.914+0000] {processor.py:840} INFO - DAG(s) 'training_pipeline' retrieved from /opt/airflow/dags/training_pipeline_dag.py
[2026-04-27T12:34:35.934+0000] {logging_mixin.py:188} INFO - [2026-04-27T12:34:35.934+0000] {dag.py:3096} INFO - Sync 1 DAGs
[2026-04-27T12:34:35.949+0000] {logging_mixin.py:188} INFO - [2026-04-27T12:34:35.949+0000] {dag.py:3954} INFO - Setting next_dagrun for training_pipeline to 2026-04-27 00:00:00+00:00, run_after=2026-04-28 00:00:00+00:00
[2026-04-27T12:34:35.963+0000] {processor.py:183} INFO - Processing /opt/airflow/dags/training_pipeline_dag.py took 0.066 seconds
[2026-04-27T12:35:06.177+0000] {processor.py:161} INFO - Started process (PID=1652) to work on /opt/airflow/dags/training_pipeline_dag.py
[2026-04-27T12:35:06.179+0000] {processor.py:830} INFO - Processing file /opt/airflow/dags/training_pipeline_dag.py for tasks to queue
[2026-04-27T12:35:06.181+0000] {logging_mixin.py:188} INFO - [2026-04-27T12:35:06.180+0000] {dagbag.py:545} INFO - Filling up the DagBag from /opt/airflow/dags/training_pipeline_dag.py
[2026-04-27T12:35:06.189+0000] {processor.py:840} INFO - DAG(s) 'training_pipeline' retrieved from /opt/airflow/dags/training_pipeline_dag.py
[2026-04-27T12:35:06.210+0000] {logging_mixin.py:188} INFO - [2026-04-27T12:35:06.209+0000] {dag.py:3096} INFO - Sync 1 DAGs
[2026-04-27T12:35:06.224+0000] {logging_mixin.py:188} INFO - [2026-04-27T12:35:06.224+0000] {dag.py:3954} INFO - Setting next_dagrun for training_pipeline to 2026-04-27 00:00:00+00:00, run_after=2026-04-28 00:00:00+00:00
[2026-04-27T12:35:06.239+0000] {processor.py:183} INFO - Processing /opt/airflow/dags/training_pipeline_dag.py took 0.066 seconds
[2026-04-27T12:35:36.444+0000] {processor.py:161} INFO - Started process (PID=1667) to work on /opt/airflow/dags/training_pipeline_dag.py
[2026-04-27T12:35:36.447+0000] {processor.py:830} INFO - Processing file /opt/airflow/dags/training_pipeline_dag.py for tasks to queue
[2026-04-27T12:35:36.448+0000] {logging_mixin.py:188} INFO - [2026-04-27T12:35:36.448+0000] {dagbag.py:545} INFO - Filling up the DagBag from /opt/airflow/dags/training_pipeline_dag.py
[2026-04-27T12:35:36.457+0000] {processor.py:840} INFO - DAG(s) 'training_pipeline' retrieved from /opt/airflow/dags/training_pipeline_dag.py
[2026-04-27T12:35:36.476+0000] {logging_mixin.py:188} INFO - [2026-04-27T12:35:36.476+0000] {dag.py:3096} INFO - Sync 1 DAGs
[2026-04-27T12:35:36.492+0000] {logging_mixin.py:188} INFO - [2026-04-27T12:35:36.492+0000] {dag.py:3954} INFO - Setting next_dagrun for training_pipeline to 2026-04-27 00:00:00+00:00, run_after=2026-04-28 00:00:00+00:00
[2026-04-27T12:35:36.508+0000] {processor.py:183} INFO - Processing /opt/airflow/dags/training_pipeline_dag.py took 0.068 seconds
[2026-04-27T12:36:06.689+0000] {processor.py:161} INFO - Started process (PID=1682) to work on /opt/airflow/dags/training_pipeline_dag.py
[2026-04-27T12:36:06.691+0000] {processor.py:830} INFO - Processing file /opt/airflow/dags/training_pipeline_dag.py for tasks to queue
[2026-04-27T12:36:06.693+0000] {logging_mixin.py:188} INFO - [2026-04-27T12:36:06.692+0000] {dagbag.py:545} INFO - Filling up the DagBag from /opt/airflow/dags/training_pipeline_dag.py
[2026-04-27T12:36:06.700+0000] {processor.py:840} INFO - DAG(s) 'training_pipeline' retrieved from /opt/airflow/dags/training_pipeline_dag.py
[2026-04-27T12:36:06.721+0000] {logging_mixin.py:188} INFO - [2026-04-27T12:36:06.721+0000] {dag.py:3096} INFO - Sync 1 DAGs
[2026-04-27T12:36:06.737+0000] {logging_mixin.py:188} INFO - [2026-04-27T12:36:06.736+0000] {dag.py:3954} INFO - Setting next_dagrun for training_pipeline to 2026-04-27 00:00:00+00:00, run_after=2026-04-28 00:00:00+00:00
[2026-04-27T12:36:06.753+0000] {processor.py:183} INFO - Processing /opt/airflow/dags/training_pipeline_dag.py took 0.068 seconds
[2026-04-27T12:36:36.966+0000] {processor.py:161} INFO - Started process (PID=1697) to work on /opt/airflow/dags/training_pipeline_dag.py
[2026-04-27T12:36:36.968+0000] {processor.py:830} INFO - Processing file /opt/airflow/dags/training_pipeline_dag.py for tasks to queue
[2026-04-27T12:36:36.970+0000] {logging_mixin.py:188} INFO - [2026-04-27T12:36:36.970+0000] {dagbag.py:545} INFO - Filling up the DagBag from /opt/airflow/dags/training_pipeline_dag.py
[2026-04-27T12:36:36.979+0000] {processor.py:840} INFO - DAG(s) 'training_pipeline' retrieved from /opt/airflow/dags/training_pipeline_dag.py
[2026-04-27T12:36:37.000+0000] {logging_mixin.py:188} INFO - [2026-04-27T12:36:37.000+0000] {dag.py:3096} INFO - Sync 1 DAGs
[2026-04-27T12:36:37.016+0000] {logging_mixin.py:188} INFO - [2026-04-27T12:36:37.016+0000] {dag.py:3954} INFO - Setting next_dagrun for training_pipeline to 2026-04-27 00:00:00+00:00, run_after=2026-04-28 00:00:00+00:00
[2026-04-27T12:36:37.031+0000] {processor.py:183} INFO - Processing /opt/airflow/dags/training_pipeline_dag.py took 0.069 seconds
[2026-04-27T12:37:07.239+0000] {processor.py:161} INFO - Started process (PID=1712) to work on /opt/airflow/dags/training_pipeline_dag.py
[2026-04-27T12:37:07.241+0000] {processor.py:830} INFO - Processing file /opt/airflow/dags/training_pipeline_dag.py for tasks to queue
[2026-04-27T12:37:07.242+0000] {logging_mixin.py:188} INFO - [2026-04-27T12:37:07.242+0000] {dagbag.py:545} INFO - Filling up the DagBag from /opt/airflow/dags/training_pipeline_dag.py
[2026-04-27T12:37:07.250+0000] {processor.py:840} INFO - DAG(s) 'training_pipeline' retrieved from /opt/airflow/dags/training_pipeline_dag.py
[2026-04-27T12:37:07.271+0000] {logging_mixin.py:188} INFO - [2026-04-27T12:37:07.271+0000] {dag.py:3096} INFO - Sync 1 DAGs
[2026-04-27T12:37:07.285+0000] {logging_mixin.py:188} INFO - [2026-04-27T12:37:07.285+0000] {dag.py:3954} INFO - Setting next_dagrun for training_pipeline to 2026-04-27 00:00:00+00:00, run_after=2026-04-28 00:00:00+00:00
[2026-04-27T12:37:07.299+0000] {processor.py:183} INFO - Processing /opt/airflow/dags/training_pipeline_dag.py took 0.065 seconds
[2026-04-27T12:37:37.470+0000] {processor.py:161} INFO - Started process (PID=1727) to work on /opt/airflow/dags/training_pipeline_dag.py
[2026-04-27T12:37:37.472+0000] {processor.py:830} INFO - Processing file /opt/airflow/dags/training_pipeline_dag.py for tasks to queue
[2026-04-27T12:37:37.474+0000] {logging_mixin.py:188} INFO - [2026-04-27T12:37:37.473+0000] {dagbag.py:545} INFO - Filling up the DagBag from /opt/airflow/dags/training_pipeline_dag.py
[2026-04-27T12:37:37.482+0000] {processor.py:840} INFO - DAG(s) 'training_pipeline' retrieved from /opt/airflow/dags/training_pipeline_dag.py
[2026-04-27T12:37:37.504+0000] {logging_mixin.py:188} INFO - [2026-04-27T12:37:37.504+0000] {dag.py:3096} INFO - Sync 1 DAGs
[2026-04-27T12:37:37.521+0000] {logging_mixin.py:188} INFO - [2026-04-27T12:37:37.520+0000] {dag.py:3954} INFO - Setting next_dagrun for training_pipeline to 2026-04-27 00:00:00+00:00, run_after=2026-04-28 00:00:00+00:00
[2026-04-27T12:37:37.535+0000] {processor.py:183} INFO - Processing /opt/airflow/dags/training_pipeline_dag.py took 0.069 seconds
[2026-04-27T12:38:07.748+0000] {processor.py:161} INFO - Started process (PID=1742) to work on /opt/airflow/dags/training_pipeline_dag.py
[2026-04-27T12:38:07.751+0000] {processor.py:830} INFO - Processing file /opt/airflow/dags/training_pipeline_dag.py for tasks to queue
[2026-04-27T12:38:07.752+0000] {logging_mixin.py:188} INFO - [2026-04-27T12:38:07.752+0000] {dagbag.py:545} INFO - Filling up the DagBag from /opt/airflow/dags/training_pipeline_dag.py
[2026-04-27T12:38:07.761+0000] {processor.py:840} INFO - DAG(s) 'training_pipeline' retrieved from /opt/airflow/dags/training_pipeline_dag.py
[2026-04-27T12:38:07.782+0000] {logging_mixin.py:188} INFO - [2026-04-27T12:38:07.782+0000] {dag.py:3096} INFO - Sync 1 DAGs
[2026-04-27T12:38:07.797+0000] {logging_mixin.py:188} INFO - [2026-04-27T12:38:07.797+0000] {dag.py:3954} INFO - Setting next_dagrun for training_pipeline to 2026-04-27 00:00:00+00:00, run_after=2026-04-28 00:00:00+00:00
[2026-04-27T12:38:07.811+0000] {processor.py:183} INFO - Processing /opt/airflow/dags/training_pipeline_dag.py took 0.067 seconds
[2026-04-27T12:38:38.009+0000] {processor.py:161} INFO - Started process (PID=1757) to work on /opt/airflow/dags/training_pipeline_dag.py
[2026-04-27T12:38:38.012+0000] {processor.py:830} INFO - Processing file /opt/airflow/dags/training_pipeline_dag.py for tasks to queue
[2026-04-27T12:38:38.013+0000] {logging_mixin.py:188} INFO - [2026-04-27T12:38:38.013+0000] {dagbag.py:545} INFO - Filling up the DagBag from /opt/airflow/dags/training_pipeline_dag.py
[2026-04-27T12:38:38.021+0000] {processor.py:840} INFO - DAG(s) 'training_pipeline' retrieved from /opt/airflow/dags/training_pipeline_dag.py
[2026-04-27T12:38:38.041+0000] {logging_mixin.py:188} INFO - [2026-04-27T12:38:38.041+0000] {dag.py:3096} INFO - Sync 1 DAGs
[2026-04-27T12:38:38.060+0000] {logging_mixin.py:188} INFO - [2026-04-27T12:38:38.060+0000] {dag.py:3954} INFO - Setting next_dagrun for training_pipeline to 2026-04-27 00:00:00+00:00, run_after=2026-04-28 00:00:00+00:00
[2026-04-27T12:38:38.076+0000] {processor.py:183} INFO - Processing /opt/airflow/dags/training_pipeline_dag.py took 0.071 seconds
[2026-04-27T12:39:08.312+0000] {processor.py:161} INFO - Started process (PID=1772) to work on /opt/airflow/dags/training_pipeline_dag.py
[2026-04-27T12:39:08.314+0000] {processor.py:830} INFO - Processing file /opt/airflow/dags/training_pipeline_dag.py for tasks to queue
[2026-04-27T12:39:08.315+0000] {logging_mixin.py:188} INFO - [2026-04-27T12:39:08.315+0000] {dagbag.py:545} INFO - Filling up the DagBag from /opt/airflow/dags/training_pipeline_dag.py
[2026-04-27T12:39:08.323+0000] {processor.py:840} INFO - DAG(s) 'training_pipeline' retrieved from /opt/airflow/dags/training_pipeline_dag.py
[2026-04-27T12:39:08.346+0000] {logging_mixin.py:188} INFO - [2026-04-27T12:39:08.346+0000] {dag.py:3096} INFO - Sync 1 DAGs
[2026-04-27T12:39:08.362+0000] {logging_mixin.py:188} INFO - [2026-04-27T12:39:08.362+0000] {dag.py:3954} INFO - Setting next_dagrun for training_pipeline to 2026-04-27 00:00:00+00:00, run_after=2026-04-28 00:00:00+00:00
[2026-04-27T12:39:08.374+0000] {processor.py:183} INFO - Processing /opt/airflow/dags/training_pipeline_dag.py took 0.066 seconds
[2026-04-27T12:39:38.610+0000] {processor.py:161} INFO - Started process (PID=1787) to work on /opt/airflow/dags/training_pipeline_dag.py
[2026-04-27T12:39:38.611+0000] {processor.py:830} INFO - Processing file /opt/airflow/dags/training_pipeline_dag.py for tasks to queue
[2026-04-27T12:39:38.612+0000] {logging_mixin.py:188} INFO - [2026-04-27T12:39:38.612+0000] {dagbag.py:545} INFO - Filling up the DagBag from /opt/airflow/dags/training_pipeline_dag.py
[2026-04-27T12:39:38.621+0000] {processor.py:840} INFO - DAG(s) 'training_pipeline' retrieved from /opt/airflow/dags/training_pipeline_dag.py
[2026-04-27T12:39:38.643+0000] {logging_mixin.py:188} INFO - [2026-04-27T12:39:38.642+0000] {dag.py:3096} INFO - Sync 1 DAGs
[2026-04-27T12:39:38.658+0000] {logging_mixin.py:188} INFO - [2026-04-27T12:39:38.658+0000] {dag.py:3954} INFO - Setting next_dagrun for training_pipeline to 2026-04-27 00:00:00+00:00, run_after=2026-04-28 00:00:00+00:00
[2026-04-27T12:39:38.671+0000] {processor.py:183} INFO - Processing /opt/airflow/dags/training_pipeline_dag.py took 0.066 seconds
[2026-04-27T12:40:08.883+0000] {processor.py:161} INFO - Started process (PID=1802) to work on /opt/airflow/dags/training_pipeline_dag.py
[2026-04-27T12:40:08.886+0000] {processor.py:830} INFO - Processing file /opt/airflow/dags/training_pipeline_dag.py for tasks to queue
[2026-04-27T12:40:08.887+0000] {logging_mixin.py:188} INFO - [2026-04-27T12:40:08.887+0000] {dagbag.py:545} INFO - Filling up the DagBag from /opt/airflow/dags/training_pipeline_dag.py
[2026-04-27T12:40:08.894+0000] {processor.py:840} INFO - DAG(s) 'training_pipeline' retrieved from /opt/airflow/dags/training_pipeline_dag.py
[2026-04-27T12:40:08.916+0000] {logging_mixin.py:188} INFO - [2026-04-27T12:40:08.915+0000] {dag.py:3096} INFO - Sync 1 DAGs
[2026-04-27T12:40:08.930+0000] {logging_mixin.py:188} INFO - [2026-04-27T12:40:08.930+0000] {dag.py:3954} INFO - Setting next_dagrun for training_pipeline to 2026-04-27 00:00:00+00:00, run_after=2026-04-28 00:00:00+00:00
[2026-04-27T12:40:08.945+0000] {processor.py:183} INFO - Processing /opt/airflow/dags/training_pipeline_dag.py took 0.066 seconds
[2026-04-27T12:40:39.161+0000] {processor.py:161} INFO - Started process (PID=1817) to work on /opt/airflow/dags/training_pipeline_dag.py
[2026-04-27T12:40:39.163+0000] {processor.py:830} INFO - Processing file /opt/airflow/dags/training_pipeline_dag.py for tasks to queue
[2026-04-27T12:40:39.165+0000] {logging_mixin.py:188} INFO - [2026-04-27T12:40:39.164+0000] {dagbag.py:545} INFO - Filling up the DagBag from /opt/airflow/dags/training_pipeline_dag.py
[2026-04-27T12:40:39.173+0000] {processor.py:840} INFO - DAG(s) 'training_pipeline' retrieved from /opt/airflow/dags/training_pipeline_dag.py
[2026-04-27T12:40:39.195+0000] {logging_mixin.py:188} INFO - [2026-04-27T12:40:39.195+0000] {dag.py:3096} INFO - Sync 1 DAGs
[2026-04-27T12:40:39.210+0000] {logging_mixin.py:188} INFO - [2026-04-27T12:40:39.210+0000] {dag.py:3954} INFO - Setting next_dagrun for training_pipeline to 2026-04-27 00:00:00+00:00, run_after=2026-04-28 00:00:00+00:00
[2026-04-27T12:40:39.224+0000] {processor.py:183} INFO - Processing /opt/airflow/dags/training_pipeline_dag.py took 0.067 seconds
[2026-04-27T12:41:09.519+0000] {processor.py:161} INFO - Started process (PID=1832) to work on /opt/airflow/dags/training_pipeline_dag.py
[2026-04-27T12:41:09.519+0000] {processor.py:830} INFO - Processing file /opt/airflow/dags/training_pipeline_dag.py for tasks to queue
[2026-04-27T12:41:09.521+0000] {logging_mixin.py:188} INFO - [2026-04-27T12:41:09.521+0000] {dagbag.py:545} INFO - Filling up the DagBag from /opt/airflow/dags/training_pipeline_dag.py
[2026-04-27T12:41:09.529+0000] {processor.py:840} INFO - DAG(s) 'training_pipeline' retrieved from /opt/airflow/dags/training_pipeline_dag.py
[2026-04-27T12:41:09.550+0000] {logging_mixin.py:188} INFO - [2026-04-27T12:41:09.550+0000] {dag.py:3096} INFO - Sync 1 DAGs
[2026-04-27T12:41:09.565+0000] {logging_mixin.py:188} INFO - [2026-04-27T12:41:09.565+0000] {dag.py:3954} INFO - Setting next_dagrun for training_pipeline to 2026-04-27 00:00:00+00:00, run_after=2026-04-28 00:00:00+00:00
[2026-04-27T12:41:09.579+0000] {processor.py:183} INFO - Processing /opt/airflow/dags/training_pipeline_dag.py took 0.065 seconds
[2026-04-27T12:41:39.868+0000] {processor.py:161} INFO - Started process (PID=1847) to work on /opt/airflow/dags/training_pipeline_dag.py
[2026-04-27T12:41:39.870+0000] {processor.py:830} INFO - Processing file /opt/airflow/dags/training_pipeline_dag.py for tasks to queue
[2026-04-27T12:41:39.872+0000] {logging_mixin.py:188} INFO - [2026-04-27T12:41:39.872+0000] {dagbag.py:545} INFO - Filling up the DagBag from /opt/airflow/dags/training_pipeline_dag.py
[2026-04-27T12:41:39.880+0000] {processor.py:840} INFO - DAG(s) 'training_pipeline' retrieved from /opt/airflow/dags/training_pipeline_dag.py
[2026-04-27T12:41:39.901+0000] {logging_mixin.py:188} INFO - [2026-04-27T12:41:39.901+0000] {dag.py:3096} INFO - Sync 1 DAGs
[2026-04-27T12:41:39.917+0000] {logging_mixin.py:188} INFO - [2026-04-27T12:41:39.916+0000] {dag.py:3954} INFO - Setting next_dagrun for training_pipeline to 2026-04-27 00:00:00+00:00, run_after=2026-04-28 00:00:00+00:00
[2026-04-27T12:41:39.930+0000] {processor.py:183} INFO - Processing /opt/airflow/dags/training_pipeline_dag.py took 0.066 seconds
[2026-04-27T12:42:10.163+0000] {processor.py:161} INFO - Started process (PID=1862) to work on /opt/airflow/dags/training_pipeline_dag.py
[2026-04-27T12:42:10.163+0000] {processor.py:830} INFO - Processing file /opt/airflow/dags/training_pipeline_dag.py for tasks to queue
[2026-04-27T12:42:10.165+0000] {logging_mixin.py:188} INFO - [2026-04-27T12:42:10.164+0000] {dagbag.py:545} INFO - Filling up the DagBag from /opt/airflow/dags/training_pipeline_dag.py
[2026-04-27T12:42:10.173+0000] {processor.py:840} INFO - DAG(s) 'training_pipeline' retrieved from /opt/airflow/dags/training_pipeline_dag.py
[2026-04-27T12:42:10.195+0000] {logging_mixin.py:188} INFO - [2026-04-27T12:42:10.195+0000] {dag.py:3096} INFO - Sync 1 DAGs
[2026-04-27T12:42:10.209+0000] {logging_mixin.py:188} INFO - [2026-04-27T12:42:10.209+0000] {dag.py:3954} INFO - Setting next_dagrun for training_pipeline to 2026-04-27 00:00:00+00:00, run_after=2026-04-28 00:00:00+00:00
[2026-04-27T12:42:10.224+0000] {processor.py:183} INFO - Processing /opt/airflow/dags/training_pipeline_dag.py took 0.066 seconds
[2026-04-27T12:42:40.654+0000] {processor.py:161} INFO - Started process (PID=1877) to work on /opt/airflow/dags/training_pipeline_dag.py
[2026-04-27T12:42:40.656+0000] {processor.py:830} INFO - Processing file /opt/airflow/dags/training_pipeline_dag.py for tasks to queue
[2026-04-27T12:42:40.658+0000] {logging_mixin.py:188} INFO - [2026-04-27T12:42:40.658+0000] {dagbag.py:545} INFO - Filling up the DagBag from /opt/airflow/dags/training_pipeline_dag.py
[2026-04-27T12:42:40.667+0000] {processor.py:840} INFO - DAG(s) 'training_pipeline' retrieved from /opt/airflow/dags/training_pipeline_dag.py
[2026-04-27T12:42:40.688+0000] {logging_mixin.py:188} INFO - [2026-04-27T12:42:40.688+0000] {dag.py:3096} INFO - Sync 1 DAGs
[2026-04-27T12:42:40.705+0000] {logging_mixin.py:188} INFO - [2026-04-27T12:42:40.704+0000] {dag.py:3954} INFO - Setting next_dagrun for training_pipeline to 2026-04-27 00:00:00+00:00, run_after=2026-04-28 00:00:00+00:00
[2026-04-27T12:42:40.719+0000] {processor.py:183} INFO - Processing /opt/airflow/dags/training_pipeline_dag.py took 0.070 seconds
[2026-04-27T12:43:11.094+0000] {processor.py:161} INFO - Started process (PID=1892) to work on /opt/airflow/dags/training_pipeline_dag.py
[2026-04-27T12:43:11.095+0000] {processor.py:830} INFO - Processing file /opt/airflow/dags/training_pipeline_dag.py for tasks to queue
[2026-04-27T12:43:11.096+0000] {logging_mixin.py:188} INFO - [2026-04-27T12:43:11.096+0000] {dagbag.py:545} INFO - Filling up the DagBag from /opt/airflow/dags/training_pipeline_dag.py
[2026-04-27T12:43:11.105+0000] {processor.py:840} INFO - DAG(s) 'training_pipeline' retrieved from /opt/airflow/dags/training_pipeline_dag.py
[2026-04-27T12:43:11.124+0000] {logging_mixin.py:188} INFO - [2026-04-27T12:43:11.124+0000] {dag.py:3096} INFO - Sync 1 DAGs
[2026-04-27T12:43:11.139+0000] {logging_mixin.py:188} INFO - [2026-04-27T12:43:11.139+0000] {dag.py:3954} INFO - Setting next_dagrun for training_pipeline to 2026-04-27 00:00:00+00:00, run_after=2026-04-28 00:00:00+00:00
[2026-04-27T12:43:11.152+0000] {processor.py:183} INFO - Processing /opt/airflow/dags/training_pipeline_dag.py took 0.063 seconds
[2026-04-27T12:43:41.439+0000] {processor.py:161} INFO - Started process (PID=1907) to work on /opt/airflow/dags/training_pipeline_dag.py
[2026-04-27T12:43:41.441+0000] {processor.py:830} INFO - Processing file /opt/airflow/dags/training_pipeline_dag.py for tasks to queue
[2026-04-27T12:43:41.442+0000] {logging_mixin.py:188} INFO - [2026-04-27T12:43:41.442+0000] {dagbag.py:545} INFO - Filling up the DagBag from /opt/airflow/dags/training_pipeline_dag.py
[2026-04-27T12:43:41.450+0000] {processor.py:840} INFO - DAG(s) 'training_pipeline' retrieved from /opt/airflow/dags/training_pipeline_dag.py
[2026-04-27T12:43:41.471+0000] {logging_mixin.py:188} INFO - [2026-04-27T12:43:41.471+0000] {dag.py:3096} INFO - Sync 1 DAGs
[2026-04-27T12:43:41.486+0000] {logging_mixin.py:188} INFO - [2026-04-27T12:43:41.486+0000] {dag.py:3954} INFO - Setting next_dagrun for training_pipeline to 2026-04-27 00:00:00+00:00, run_after=2026-04-28 00:00:00+00:00
[2026-04-27T12:43:41.499+0000] {processor.py:183} INFO - Processing /opt/airflow/dags/training_pipeline_dag.py took 0.064 seconds
[2026-04-27T12:44:11.829+0000] {processor.py:161} INFO - Started process (PID=1922) to work on /opt/airflow/dags/training_pipeline_dag.py
[2026-04-27T12:44:11.829+0000] {processor.py:830} INFO - Processing file /opt/airflow/dags/training_pipeline_dag.py for tasks to queue
[2026-04-27T12:44:11.831+0000] {logging_mixin.py:188} INFO - [2026-04-27T12:44:11.830+0000] {dagbag.py:545} INFO - Filling up the DagBag from /opt/airflow/dags/training_pipeline_dag.py
[2026-04-27T12:44:11.839+0000] {processor.py:840} INFO - DAG(s) 'training_pipeline' retrieved from /opt/airflow/dags/training_pipeline_dag.py
[2026-04-27T12:44:11.861+0000] {logging_mixin.py:188} INFO - [2026-04-27T12:44:11.861+0000] {dag.py:3096} INFO - Sync 1 DAGs
[2026-04-27T12:44:11.878+0000] {logging_mixin.py:188} INFO - [2026-04-27T12:44:11.878+0000] {dag.py:3954} INFO - Setting next_dagrun for training_pipeline to 2026-04-27 00:00:00+00:00, run_after=2026-04-28 00:00:00+00:00
[2026-04-27T12:44:11.892+0000] {processor.py:183} INFO - Processing /opt/airflow/dags/training_pipeline_dag.py took 0.068 seconds
[2026-04-27T12:44:42.201+0000] {processor.py:161} INFO - Started process (PID=1937) to work on /opt/airflow/dags/training_pipeline_dag.py
[2026-04-27T12:44:42.204+0000] {processor.py:830} INFO - Processing file /opt/airflow/dags/training_pipeline_dag.py for tasks to queue
[2026-04-27T12:44:42.205+0000] {logging_mixin.py:188} INFO - [2026-04-27T12:44:42.205+0000] {dagbag.py:545} INFO - Filling up the DagBag from /opt/airflow/dags/training_pipeline_dag.py
[2026-04-27T12:44:42.213+0000] {processor.py:840} INFO - DAG(s) 'training_pipeline' retrieved from /opt/airflow/dags/training_pipeline_dag.py
[2026-04-27T12:44:42.232+0000] {logging_mixin.py:188} INFO - [2026-04-27T12:44:42.232+0000] {dag.py:3096} INFO - Sync 1 DAGs
[2026-04-27T12:44:42.247+0000] {logging_mixin.py:188} INFO - [2026-04-27T12:44:42.247+0000] {dag.py:3954} INFO - Setting next_dagrun for training_pipeline to 2026-04-27 00:00:00+00:00, run_after=2026-04-28 00:00:00+00:00
[2026-04-27T12:44:42.262+0000] {processor.py:183} INFO - Processing /opt/airflow/dags/training_pipeline_dag.py took 0.064 seconds
[2026-04-27T12:45:12.465+0000] {processor.py:161} INFO - Started process (PID=1952) to work on /opt/airflow/dags/training_pipeline_dag.py
[2026-04-27T12:45:12.465+0000] {processor.py:830} INFO - Processing file /opt/airflow/dags/training_pipeline_dag.py for tasks to queue
[2026-04-27T12:45:12.467+0000] {logging_mixin.py:188} INFO - [2026-04-27T12:45:12.467+0000] {dagbag.py:545} INFO - Filling up the DagBag from /opt/airflow/dags/training_pipeline_dag.py
[2026-04-27T12:45:12.475+0000] {processor.py:840} INFO - DAG(s) 'training_pipeline' retrieved from /opt/airflow/dags/training_pipeline_dag.py
[2026-04-27T12:45:12.495+0000] {logging_mixin.py:188} INFO - [2026-04-27T12:45:12.495+0000] {dag.py:3096} INFO - Sync 1 DAGs
[2026-04-27T12:45:12.511+0000] {logging_mixin.py:188} INFO - [2026-04-27T12:45:12.511+0000] {dag.py:3954} INFO - Setting next_dagrun for training_pipeline to 2026-04-27 00:00:00+00:00, run_after=2026-04-28 00:00:00+00:00
[2026-04-27T12:45:12.525+0000] {processor.py:183} INFO - Processing /opt/airflow/dags/training_pipeline_dag.py took 0.064 seconds
[2026-04-27T12:45:42.763+0000] {processor.py:161} INFO - Started process (PID=1967) to work on /opt/airflow/dags/training_pipeline_dag.py
[2026-04-27T12:45:42.765+0000] {processor.py:830} INFO - Processing file /opt/airflow/dags/training_pipeline_dag.py for tasks to queue
[2026-04-27T12:45:42.766+0000] {logging_mixin.py:188} INFO - [2026-04-27T12:45:42.766+0000] {dagbag.py:545} INFO - Filling up the DagBag from /opt/airflow/dags/training_pipeline_dag.py
[2026-04-27T12:45:42.773+0000] {processor.py:840} INFO - DAG(s) 'training_pipeline' retrieved from /opt/airflow/dags/training_pipeline_dag.py
[2026-04-27T12:45:42.793+0000] {logging_mixin.py:188} INFO - [2026-04-27T12:45:42.793+0000] {dag.py:3096} INFO - Sync 1 DAGs
[2026-04-27T12:45:42.808+0000] {logging_mixin.py:188} INFO - [2026-04-27T12:45:42.808+0000] {dag.py:3954} INFO - Setting next_dagrun for training_pipeline to 2026-04-27 00:00:00+00:00, run_after=2026-04-28 00:00:00+00:00
[2026-04-27T12:45:42.824+0000] {processor.py:183} INFO - Processing /opt/airflow/dags/training_pipeline_dag.py took 0.066 seconds
[2026-04-27T12:46:13.056+0000] {processor.py:161} INFO - Started process (PID=1982) to work on /opt/airflow/dags/training_pipeline_dag.py
[2026-04-27T12:46:13.057+0000] {processor.py:830} INFO - Processing file /opt/airflow/dags/training_pipeline_dag.py for tasks to queue
[2026-04-27T12:46:13.058+0000] {logging_mixin.py:188} INFO - [2026-04-27T12:46:13.058+0000] {dagbag.py:545} INFO - Filling up the DagBag from /opt/airflow/dags/training_pipeline_dag.py
[2026-04-27T12:46:13.068+0000] {processor.py:840} INFO - DAG(s) 'training_pipeline' retrieved from /opt/airflow/dags/training_pipeline_dag.py
[2026-04-27T12:46:13.088+0000] {logging_mixin.py:188} INFO - [2026-04-27T12:46:13.088+0000] {dag.py:3096} INFO - Sync 1 DAGs
[2026-04-27T12:46:13.104+0000] {logging_mixin.py:188} INFO - [2026-04-27T12:46:13.103+0000] {dag.py:3954} INFO - Setting next_dagrun for training_pipeline to 2026-04-27 00:00:00+00:00, run_after=2026-04-28 00:00:00+00:00
[2026-04-27T12:46:13.116+0000] {processor.py:183} INFO - Processing /opt/airflow/dags/training_pipeline_dag.py took 0.065 seconds
[2026-04-27T12:46:43.397+0000] {processor.py:161} INFO - Started process (PID=1997) to work on /opt/airflow/dags/training_pipeline_dag.py
[2026-04-27T12:46:43.399+0000] {processor.py:830} INFO - Processing file /opt/airflow/dags/training_pipeline_dag.py for tasks to queue
[2026-04-27T12:46:43.400+0000] {logging_mixin.py:188} INFO - [2026-04-27T12:46:43.400+0000] {dagbag.py:545} INFO - Filling up the DagBag from /opt/airflow/dags/training_pipeline_dag.py
[2026-04-27T12:46:43.408+0000] {processor.py:840} INFO - DAG(s) 'training_pipeline' retrieved from /opt/airflow/dags/training_pipeline_dag.py
[2026-04-27T12:46:43.429+0000] {logging_mixin.py:188} INFO - [2026-04-27T12:46:43.428+0000] {dag.py:3096} INFO - Sync 1 DAGs
[2026-04-27T12:46:43.444+0000] {logging_mixin.py:188} INFO - [2026-04-27T12:46:43.444+0000] {dag.py:3954} INFO - Setting next_dagrun for training_pipeline to 2026-04-27 00:00:00+00:00, run_after=2026-04-28 00:00:00+00:00
[2026-04-27T12:46:43.459+0000] {processor.py:183} INFO - Processing /opt/airflow/dags/training_pipeline_dag.py took 0.067 seconds
[2026-04-27T12:47:13.690+0000] {processor.py:161} INFO - Started process (PID=2012) to work on /opt/airflow/dags/training_pipeline_dag.py
[2026-04-27T12:47:13.693+0000] {processor.py:830} INFO - Processing file /opt/airflow/dags/training_pipeline_dag.py for tasks to queue
[2026-04-27T12:47:13.694+0000] {logging_mixin.py:188} INFO - [2026-04-27T12:47:13.694+0000] {dagbag.py:545} INFO - Filling up the DagBag from /opt/airflow/dags/training_pipeline_dag.py
[2026-04-27T12:47:13.702+0000] {processor.py:840} INFO - DAG(s) 'training_pipeline' retrieved from /opt/airflow/dags/training_pipeline_dag.py
[2026-04-27T12:47:13.723+0000] {logging_mixin.py:188} INFO - [2026-04-27T12:47:13.723+0000] {dag.py:3096} INFO - Sync 1 DAGs
[2026-04-27T12:47:13.739+0000] {logging_mixin.py:188} INFO - [2026-04-27T12:47:13.739+0000] {dag.py:3954} INFO - Setting next_dagrun for training_pipeline to 2026-04-27 00:00:00+00:00, run_after=2026-04-28 00:00:00+00:00
[2026-04-27T12:47:13.753+0000] {processor.py:183} INFO - Processing /opt/airflow/dags/training_pipeline_dag.py took 0.067 seconds
[2026-04-27T12:47:43.976+0000] {processor.py:161} INFO - Started process (PID=2027) to work on /opt/airflow/dags/training_pipeline_dag.py
[2026-04-27T12:47:43.979+0000] {processor.py:830} INFO - Processing file /opt/airflow/dags/training_pipeline_dag.py for tasks to queue
[2026-04-27T12:47:43.980+0000] {logging_mixin.py:188} INFO - [2026-04-27T12:47:43.980+0000] {dagbag.py:545} INFO - Filling up the DagBag from /opt/airflow/dags/training_pipeline_dag.py
[2026-04-27T12:47:43.988+0000] {processor.py:840} INFO - DAG(s) 'training_pipeline' retrieved from /opt/airflow/dags/training_pipeline_dag.py
[2026-04-27T12:47:44.010+0000] {logging_mixin.py:188} INFO - [2026-04-27T12:47:44.010+0000] {dag.py:3096} INFO - Sync 1 DAGs
[2026-04-27T12:47:44.025+0000] {logging_mixin.py:188} INFO - [2026-04-27T12:47:44.025+0000] {dag.py:3954} INFO - Setting next_dagrun for training_pipeline to 2026-04-27 00:00:00+00:00, run_after=2026-04-28 00:00:00+00:00
[2026-04-27T12:47:44.039+0000] {processor.py:183} INFO - Processing /opt/airflow/dags/training_pipeline_dag.py took 0.067 seconds
[2026-04-27T12:48:14.280+0000] {processor.py:161} INFO - Started process (PID=2042) to work on /opt/airflow/dags/training_pipeline_dag.py
[2026-04-27T12:48:14.280+0000] {processor.py:830} INFO - Processing file /opt/airflow/dags/training_pipeline_dag.py for tasks to queue
[2026-04-27T12:48:14.282+0000] {logging_mixin.py:188} INFO - [2026-04-27T12:48:14.281+0000] {dagbag.py:545} INFO - Filling up the DagBag from /opt/airflow/dags/training_pipeline_dag.py
[2026-04-27T12:48:14.291+0000] {processor.py:840} INFO - DAG(s) 'training_pipeline' retrieved from /opt/airflow/dags/training_pipeline_dag.py
[2026-04-27T12:48:14.313+0000] {logging_mixin.py:188} INFO - [2026-04-27T12:48:14.313+0000] {dag.py:3096} INFO - Sync 1 DAGs
[2026-04-27T12:48:14.329+0000] {logging_mixin.py:188} INFO - [2026-04-27T12:48:14.329+0000] {dag.py:3954} INFO - Setting next_dagrun for training_pipeline to 2026-04-27 00:00:00+00:00, run_after=2026-04-28 00:00:00+00:00
[2026-04-27T12:48:14.343+0000] {processor.py:183} INFO - Processing /opt/airflow/dags/training_pipeline_dag.py took 0.068 seconds
[2026-04-27T12:48:44.545+0000] {processor.py:161} INFO - Started process (PID=2057) to work on /opt/airflow/dags/training_pipeline_dag.py
[2026-04-27T12:48:44.548+0000] {processor.py:830} INFO - Processing file /opt/airflow/dags/training_pipeline_dag.py for tasks to queue
[2026-04-27T12:48:44.549+0000] {logging_mixin.py:188} INFO - [2026-04-27T12:48:44.549+0000] {dagbag.py:545} INFO - Filling up the DagBag from /opt/airflow/dags/training_pipeline_dag.py
[2026-04-27T12:48:44.557+0000] {processor.py:840} INFO - DAG(s) 'training_pipeline' retrieved from /opt/airflow/dags/training_pipeline_dag.py
[2026-04-27T12:48:44.580+0000] {logging_mixin.py:188} INFO - [2026-04-27T12:48:44.580+0000] {dag.py:3096} INFO - Sync 1 DAGs
[2026-04-27T12:48:44.595+0000] {logging_mixin.py:188} INFO - [2026-04-27T12:48:44.595+0000] {dag.py:3954} INFO - Setting next_dagrun for training_pipeline to 2026-04-27 00:00:00+00:00, run_after=2026-04-28 00:00:00+00:00
[2026-04-27T12:48:44.609+0000] {processor.py:183} INFO - Processing /opt/airflow/dags/training_pipeline_dag.py took 0.069 seconds
[2026-04-27T12:49:14.801+0000] {processor.py:161} INFO - Started process (PID=2072) to work on /opt/airflow/dags/training_pipeline_dag.py
[2026-04-27T12:49:14.802+0000] {processor.py:830} INFO - Processing file /opt/airflow/dags/training_pipeline_dag.py for tasks to queue
[2026-04-27T12:49:14.803+0000] {logging_mixin.py:188} INFO - [2026-04-27T12:49:14.803+0000] {dagbag.py:545} INFO - Filling up the DagBag from /opt/airflow/dags/training_pipeline_dag.py
[2026-04-27T12:49:14.811+0000] {processor.py:840} INFO - DAG(s) 'training_pipeline' retrieved from /opt/airflow/dags/training_pipeline_dag.py
[2026-04-27T12:49:14.833+0000] {logging_mixin.py:188} INFO - [2026-04-27T12:49:14.833+0000] {dag.py:3096} INFO - Sync 1 DAGs
[2026-04-27T12:49:14.849+0000] {logging_mixin.py:188} INFO - [2026-04-27T12:49:14.849+0000] {dag.py:3954} INFO - Setting next_dagrun for training_pipeline to 2026-04-27 00:00:00+00:00, run_after=2026-04-28 00:00:00+00:00
[2026-04-27T12:49:14.863+0000] {processor.py:183} INFO - Processing /opt/airflow/dags/training_pipeline_dag.py took 0.066 seconds
[2026-04-27T12:49:45.067+0000] {processor.py:161} INFO - Started process (PID=2087) to work on /opt/airflow/dags/training_pipeline_dag.py
[2026-04-27T12:49:45.068+0000] {processor.py:830} INFO - Processing file /opt/airflow/dags/training_pipeline_dag.py for tasks to queue
[2026-04-27T12:49:45.070+0000] {logging_mixin.py:188} INFO - [2026-04-27T12:49:45.070+0000] {dagbag.py:545} INFO - Filling up the DagBag from /opt/airflow/dags/training_pipeline_dag.py
[2026-04-27T12:49:45.078+0000] {processor.py:840} INFO - DAG(s) 'training_pipeline' retrieved from /opt/airflow/dags/training_pipeline_dag.py
[2026-04-27T12:49:45.097+0000] {logging_mixin.py:188} INFO - [2026-04-27T12:49:45.097+0000] {dag.py:3096} INFO - Sync 1 DAGs
[2026-04-27T12:49:45.112+0000] {logging_mixin.py:188} INFO - [2026-04-27T12:49:45.112+0000] {dag.py:3954} INFO - Setting next_dagrun for training_pipeline to 2026-04-27 00:00:00+00:00, run_after=2026-04-28 00:00:00+00:00
[2026-04-27T12:49:45.126+0000] {processor.py:183} INFO - Processing /opt/airflow/dags/training_pipeline_dag.py took 0.062 seconds
[2026-04-27T12:50:15.664+0000] {processor.py:161} INFO - Started process (PID=2102) to work on /opt/airflow/dags/training_pipeline_dag.py
[2026-04-27T12:50:15.665+0000] {processor.py:830} INFO - Processing file /opt/airflow/dags/training_pipeline_dag.py for tasks to queue
[2026-04-27T12:50:15.666+0000] {logging_mixin.py:188} INFO - [2026-04-27T12:50:15.666+0000] {dagbag.py:545} INFO - Filling up the DagBag from /opt/airflow/dags/training_pipeline_dag.py
[2026-04-27T12:50:15.675+0000] {processor.py:840} INFO - DAG(s) 'training_pipeline' retrieved from /opt/airflow/dags/training_pipeline_dag.py
[2026-04-27T12:50:15.697+0000] {logging_mixin.py:188} INFO - [2026-04-27T12:50:15.696+0000] {dag.py:3096} INFO - Sync 1 DAGs
[2026-04-27T12:50:15.714+0000] {logging_mixin.py:188} INFO - [2026-04-27T12:50:15.714+0000] {dag.py:3954} INFO - Setting next_dagrun for training_pipeline to 2026-04-27 00:00:00+00:00, run_after=2026-04-28 00:00:00+00:00
[2026-04-27T12:50:15.728+0000] {processor.py:183} INFO - Processing /opt/airflow/dags/training_pipeline_dag.py took 0.068 seconds
[2026-04-27T12:50:46.231+0000] {processor.py:161} INFO - Started process (PID=2117) to work on /opt/airflow/dags/training_pipeline_dag.py
[2026-04-27T12:50:46.234+0000] {processor.py:830} INFO - Processing file /opt/airflow/dags/training_pipeline_dag.py for tasks to queue
[2026-04-27T12:50:46.235+0000] {logging_mixin.py:188} INFO - [2026-04-27T12:50:46.234+0000] {dagbag.py:545} INFO - Filling up the DagBag from /opt/airflow/dags/training_pipeline_dag.py
[2026-04-27T12:50:46.242+0000] {processor.py:840} INFO - DAG(s) 'training_pipeline' retrieved from /opt/airflow/dags/training_pipeline_dag.py
[2026-04-27T12:50:46.263+0000] {logging_mixin.py:188} INFO - [2026-04-27T12:50:46.263+0000] {dag.py:3096} INFO - Sync 1 DAGs
[2026-04-27T12:50:46.277+0000] {logging_mixin.py:188} INFO - [2026-04-27T12:50:46.277+0000] {dag.py:3954} INFO - Setting next_dagrun for training_pipeline to 2026-04-27 00:00:00+00:00, run_after=2026-04-28 00:00:00+00:00
[2026-04-27T12:50:46.291+0000] {processor.py:183} INFO - Processing /opt/airflow/dags/training_pipeline_dag.py took 0.064 seconds
[2026-04-27T12:51:16.626+0000] {processor.py:161} INFO - Started process (PID=2132) to work on /opt/airflow/dags/training_pipeline_dag.py
[2026-04-27T12:51:16.627+0000] {processor.py:830} INFO - Processing file /opt/airflow/dags/training_pipeline_dag.py for tasks to queue
[2026-04-27T12:51:16.628+0000] {logging_mixin.py:188} INFO - [2026-04-27T12:51:16.628+0000] {dagbag.py:545} INFO - Filling up the DagBag from /opt/airflow/dags/training_pipeline_dag.py
[2026-04-27T12:51:16.636+0000] {processor.py:840} INFO - DAG(s) 'training_pipeline' retrieved from /opt/airflow/dags/training_pipeline_dag.py
[2026-04-27T12:51:16.657+0000] {logging_mixin.py:188} INFO - [2026-04-27T12:51:16.657+0000] {dag.py:3096} INFO - Sync 1 DAGs
[2026-04-27T12:51:16.672+0000] {logging_mixin.py:188} INFO - [2026-04-27T12:51:16.672+0000] {dag.py:3954} INFO - Setting next_dagrun for training_pipeline to 2026-04-27 00:00:00+00:00, run_after=2026-04-28 00:00:00+00:00
[2026-04-27T12:51:16.688+0000] {processor.py:183} INFO - Processing /opt/airflow/dags/training_pipeline_dag.py took 0.066 seconds
[2026-04-27T12:51:46.889+0000] {processor.py:161} INFO - Started process (PID=2147) to work on /opt/airflow/dags/training_pipeline_dag.py
[2026-04-27T12:51:46.892+0000] {processor.py:830} INFO - Processing file /opt/airflow/dags/training_pipeline_dag.py for tasks to queue
[2026-04-27T12:51:46.893+0000] {logging_mixin.py:188} INFO - [2026-04-27T12:51:46.893+0000] {dagbag.py:545} INFO - Filling up the DagBag from /opt/airflow/dags/training_pipeline_dag.py
[2026-04-27T12:51:46.902+0000] {processor.py:840} INFO - DAG(s) 'training_pipeline' retrieved from /opt/airflow/dags/training_pipeline_dag.py
[2026-04-27T12:51:46.921+0000] {logging_mixin.py:188} INFO - [2026-04-27T12:51:46.921+0000] {dag.py:3096} INFO - Sync 1 DAGs
[2026-04-27T12:51:46.935+0000] {logging_mixin.py:188} INFO - [2026-04-27T12:51:46.935+0000] {dag.py:3954} INFO - Setting next_dagrun for training_pipeline to 2026-04-27 00:00:00+00:00, run_after=2026-04-28 00:00:00+00:00
[2026-04-27T12:51:46.949+0000] {processor.py:183} INFO - Processing /opt/airflow/dags/training_pipeline_dag.py took 0.064 seconds
[2026-04-27T12:52:17.141+0000] {processor.py:161} INFO - Started process (PID=2162) to work on /opt/airflow/dags/training_pipeline_dag.py
[2026-04-27T12:52:17.142+0000] {processor.py:830} INFO - Processing file /opt/airflow/dags/training_pipeline_dag.py for tasks to queue
[2026-04-27T12:52:17.143+0000] {logging_mixin.py:188} INFO - [2026-04-27T12:52:17.143+0000] {dagbag.py:545} INFO - Filling up the DagBag from /opt/airflow/dags/training_pipeline_dag.py
[2026-04-27T12:52:17.152+0000] {processor.py:840} INFO - DAG(s) 'training_pipeline' retrieved from /opt/airflow/dags/training_pipeline_dag.py
[2026-04-27T12:52:17.174+0000] {logging_mixin.py:188} INFO - [2026-04-27T12:52:17.174+0000] {dag.py:3096} INFO - Sync 1 DAGs
[2026-04-27T12:52:17.190+0000] {logging_mixin.py:188} INFO - [2026-04-27T12:52:17.190+0000] {dag.py:3954} INFO - Setting next_dagrun for training_pipeline to 2026-04-27 00:00:00+00:00, run_after=2026-04-28 00:00:00+00:00
[2026-04-27T12:52:17.206+0000] {processor.py:183} INFO - Processing /opt/airflow/dags/training_pipeline_dag.py took 0.069 seconds
[2026-04-27T12:52:47.406+0000] {processor.py:161} INFO - Started process (PID=2177) to work on /opt/airflow/dags/training_pipeline_dag.py
[2026-04-27T12:52:47.408+0000] {processor.py:830} INFO - Processing file /opt/airflow/dags/training_pipeline_dag.py for tasks to queue
[2026-04-27T12:52:47.409+0000] {logging_mixin.py:188} INFO - [2026-04-27T12:52:47.409+0000] {dagbag.py:545} INFO - Filling up the DagBag from /opt/airflow/dags/training_pipeline_dag.py
[2026-04-27T12:52:47.417+0000] {processor.py:840} INFO - DAG(s) 'training_pipeline' retrieved from /opt/airflow/dags/training_pipeline_dag.py
[2026-04-27T12:52:47.438+0000] {logging_mixin.py:188} INFO - [2026-04-27T12:52:47.437+0000] {dag.py:3096} INFO - Sync 1 DAGs
[2026-04-27T12:52:47.453+0000] {logging_mixin.py:188} INFO - [2026-04-27T12:52:47.453+0000] {dag.py:3954} INFO - Setting next_dagrun for training_pipeline to 2026-04-27 00:00:00+00:00, run_after=2026-04-28 00:00:00+00:00
[2026-04-27T12:52:47.468+0000] {processor.py:183} INFO - Processing /opt/airflow/dags/training_pipeline_dag.py took 0.067 seconds
[2026-04-27T12:53:17.685+0000] {processor.py:161} INFO - Started process (PID=2192) to work on /opt/airflow/dags/training_pipeline_dag.py
[2026-04-27T12:53:17.686+0000] {processor.py:830} INFO - Processing file /opt/airflow/dags/training_pipeline_dag.py for tasks to queue
[2026-04-27T12:53:17.688+0000] {logging_mixin.py:188} INFO - [2026-04-27T12:53:17.687+0000] {dagbag.py:545} INFO - Filling up the DagBag from /opt/airflow/dags/training_pipeline_dag.py
[2026-04-27T12:53:17.695+0000] {processor.py:840} INFO - DAG(s) 'training_pipeline' retrieved from /opt/airflow/dags/training_pipeline_dag.py
[2026-04-27T12:53:17.716+0000] {logging_mixin.py:188} INFO - [2026-04-27T12:53:17.716+0000] {dag.py:3096} INFO - Sync 1 DAGs
[2026-04-27T12:53:17.731+0000] {logging_mixin.py:188} INFO - [2026-04-27T12:53:17.731+0000] {dag.py:3954} INFO - Setting next_dagrun for training_pipeline to 2026-04-27 00:00:00+00:00, run_after=2026-04-28 00:00:00+00:00
[2026-04-27T12:53:17.745+0000] {processor.py:183} INFO - Processing /opt/airflow/dags/training_pipeline_dag.py took 0.063 seconds
[2026-04-27T12:53:47.971+0000] {processor.py:161} INFO - Started process (PID=2207) to work on /opt/airflow/dags/training_pipeline_dag.py
[2026-04-27T12:53:47.974+0000] {processor.py:830} INFO - Processing file /opt/airflow/dags/training_pipeline_dag.py for tasks to queue
[2026-04-27T12:53:47.975+0000] {logging_mixin.py:188} INFO - [2026-04-27T12:53:47.975+0000] {dagbag.py:545} INFO - Filling up the DagBag from /opt/airflow/dags/training_pipeline_dag.py
[2026-04-27T12:53:47.983+0000] {processor.py:840} INFO - DAG(s) 'training_pipeline' retrieved from /opt/airflow/dags/training_pipeline_dag.py
[2026-04-27T12:53:48.004+0000] {logging_mixin.py:188} INFO - [2026-04-27T12:53:48.004+0000] {dag.py:3096} INFO - Sync 1 DAGs
[2026-04-27T12:53:48.019+0000] {logging_mixin.py:188} INFO - [2026-04-27T12:53:48.018+0000] {dag.py:3954} INFO - Setting next_dagrun for training_pipeline to 2026-04-27 00:00:00+00:00, run_after=2026-04-28 00:00:00+00:00
[2026-04-27T12:53:48.030+0000] {processor.py:183} INFO - Processing /opt/airflow/dags/training_pipeline_dag.py took 0.064 seconds
[2026-04-27T12:54:18.252+0000] {processor.py:161} INFO - Started process (PID=2222) to work on /opt/airflow/dags/training_pipeline_dag.py
[2026-04-27T12:54:18.254+0000] {processor.py:830} INFO - Processing file /opt/airflow/dags/training_pipeline_dag.py for tasks to queue
[2026-04-27T12:54:18.256+0000] {logging_mixin.py:188} INFO - [2026-04-27T12:54:18.256+0000] {dagbag.py:545} INFO - Filling up the DagBag from /opt/airflow/dags/training_pipeline_dag.py
[2026-04-27T12:54:18.264+0000] {processor.py:840} INFO - DAG(s) 'training_pipeline' retrieved from /opt/airflow/dags/training_pipeline_dag.py
[2026-04-27T12:54:18.284+0000] {logging_mixin.py:188} INFO - [2026-04-27T12:54:18.284+0000] {dag.py:3096} INFO - Sync 1 DAGs
[2026-04-27T12:54:18.300+0000] {logging_mixin.py:188} INFO - [2026-04-27T12:54:18.299+0000] {dag.py:3954} INFO - Setting next_dagrun for training_pipeline to 2026-04-27 00:00:00+00:00, run_after=2026-04-28 00:00:00+00:00
[2026-04-27T12:54:18.313+0000] {processor.py:183} INFO - Processing /opt/airflow/dags/training_pipeline_dag.py took 0.065 seconds
[2026-04-27T12:54:48.547+0000] {processor.py:161} INFO - Started process (PID=2237) to work on /opt/airflow/dags/training_pipeline_dag.py
[2026-04-27T12:54:48.548+0000] {processor.py:830} INFO - Processing file /opt/airflow/dags/training_pipeline_dag.py for tasks to queue
[2026-04-27T12:54:48.549+0000] {logging_mixin.py:188} INFO - [2026-04-27T12:54:48.549+0000] {dagbag.py:545} INFO - Filling up the DagBag from /opt/airflow/dags/training_pipeline_dag.py
[2026-04-27T12:54:48.557+0000] {processor.py:840} INFO - DAG(s) 'training_pipeline' retrieved from /opt/airflow/dags/training_pipeline_dag.py
[2026-04-27T12:54:48.578+0000] {logging_mixin.py:188} INFO - [2026-04-27T12:54:48.578+0000] {dag.py:3096} INFO - Sync 1 DAGs
[2026-04-27T12:54:48.593+0000] {logging_mixin.py:188} INFO - [2026-04-27T12:54:48.593+0000] {dag.py:3954} INFO - Setting next_dagrun for training_pipeline to 2026-04-27 00:00:00+00:00, run_after=2026-04-28 00:00:00+00:00
[2026-04-27T12:54:48.608+0000] {processor.py:183} INFO - Processing /opt/airflow/dags/training_pipeline_dag.py took 0.065 seconds
[2026-04-27T12:55:18.814+0000] {processor.py:161} INFO - Started process (PID=2252) to work on /opt/airflow/dags/training_pipeline_dag.py
[2026-04-27T12:55:18.817+0000] {processor.py:830} INFO - Processing file /opt/airflow/dags/training_pipeline_dag.py for tasks to queue
[2026-04-27T12:55:18.818+0000] {logging_mixin.py:188} INFO - [2026-04-27T12:55:18.818+0000] {dagbag.py:545} INFO - Filling up the DagBag from /opt/airflow/dags/training_pipeline_dag.py
[2026-04-27T12:55:18.826+0000] {processor.py:840} INFO - DAG(s) 'training_pipeline' retrieved from /opt/airflow/dags/training_pipeline_dag.py
[2026-04-27T12:55:18.850+0000] {logging_mixin.py:188} INFO - [2026-04-27T12:55:18.850+0000] {dag.py:3096} INFO - Sync 1 DAGs
[2026-04-27T12:55:18.868+0000] {logging_mixin.py:188} INFO - [2026-04-27T12:55:18.868+0000] {dag.py:3954} INFO - Setting next_dagrun for training_pipeline to 2026-04-27 00:00:00+00:00, run_after=2026-04-28 00:00:00+00:00
[2026-04-27T12:55:18.885+0000] {processor.py:183} INFO - Processing /opt/airflow/dags/training_pipeline_dag.py took 0.075 seconds
[2026-04-27T12:55:49.128+0000] {processor.py:161} INFO - Started process (PID=2267) to work on /opt/airflow/dags/training_pipeline_dag.py
[2026-04-27T12:55:49.129+0000] {processor.py:830} INFO - Processing file /opt/airflow/dags/training_pipeline_dag.py for tasks to queue
[2026-04-27T12:55:49.130+0000] {logging_mixin.py:188} INFO - [2026-04-27T12:55:49.130+0000] {dagbag.py:545} INFO - Filling up the DagBag from /opt/airflow/dags/training_pipeline_dag.py
[2026-04-27T12:55:49.138+0000] {processor.py:840} INFO - DAG(s) 'training_pipeline' retrieved from /opt/airflow/dags/training_pipeline_dag.py
[2026-04-27T12:55:49.158+0000] {logging_mixin.py:188} INFO - [2026-04-27T12:55:49.157+0000] {dag.py:3096} INFO - Sync 1 DAGs
[2026-04-27T12:55:49.173+0000] {logging_mixin.py:188} INFO - [2026-04-27T12:55:49.173+0000] {dag.py:3954} INFO - Setting next_dagrun for training_pipeline to 2026-04-27 00:00:00+00:00, run_after=2026-04-28 00:00:00+00:00
[2026-04-27T12:55:49.186+0000] {processor.py:183} INFO - Processing /opt/airflow/dags/training_pipeline_dag.py took 0.062 seconds
[2026-04-27T12:56:19.383+0000] {processor.py:161} INFO - Started process (PID=2282) to work on /opt/airflow/dags/training_pipeline_dag.py
[2026-04-27T12:56:19.385+0000] {processor.py:830} INFO - Processing file /opt/airflow/dags/training_pipeline_dag.py for tasks to queue
[2026-04-27T12:56:19.387+0000] {logging_mixin.py:188} INFO - [2026-04-27T12:56:19.387+0000] {dagbag.py:545} INFO - Filling up the DagBag from /opt/airflow/dags/training_pipeline_dag.py
[2026-04-27T12:56:19.396+0000] {processor.py:840} INFO - DAG(s) 'training_pipeline' retrieved from /opt/airflow/dags/training_pipeline_dag.py
[2026-04-27T12:56:19.419+0000] {logging_mixin.py:188} INFO - [2026-04-27T12:56:19.419+0000] {dag.py:3096} INFO - Sync 1 DAGs
[2026-04-27T12:56:19.436+0000] {logging_mixin.py:188} INFO - [2026-04-27T12:56:19.436+0000] {dag.py:3954} INFO - Setting next_dagrun for training_pipeline to 2026-04-27 00:00:00+00:00, run_after=2026-04-28 00:00:00+00:00
[2026-04-27T12:56:19.453+0000] {processor.py:183} INFO - Processing /opt/airflow/dags/training_pipeline_dag.py took 0.075 seconds
[2026-04-27T12:56:49.831+0000] {processor.py:161} INFO - Started process (PID=2297) to work on /opt/airflow/dags/training_pipeline_dag.py
[2026-04-27T12:56:49.831+0000] {processor.py:830} INFO - Processing file /opt/airflow/dags/training_pipeline_dag.py for tasks to queue
[2026-04-27T12:56:49.833+0000] {logging_mixin.py:188} INFO - [2026-04-27T12:56:49.832+0000] {dagbag.py:545} INFO - Filling up the DagBag from /opt/airflow/dags/training_pipeline_dag.py
[2026-04-27T12:56:49.841+0000] {processor.py:840} INFO - DAG(s) 'training_pipeline' retrieved from /opt/airflow/dags/training_pipeline_dag.py
[2026-04-27T12:56:49.863+0000] {logging_mixin.py:188} INFO - [2026-04-27T12:56:49.863+0000] {dag.py:3096} INFO - Sync 1 DAGs
[2026-04-27T12:56:49.879+0000] {logging_mixin.py:188} INFO - [2026-04-27T12:56:49.879+0000] {dag.py:3954} INFO - Setting next_dagrun for training_pipeline to 2026-04-27 00:00:00+00:00, run_after=2026-04-28 00:00:00+00:00
[2026-04-27T12:56:49.894+0000] {processor.py:183} INFO - Processing /opt/airflow/dags/training_pipeline_dag.py took 0.068 seconds
[2026-04-27T12:57:20.575+0000] {processor.py:161} INFO - Started process (PID=2312) to work on /opt/airflow/dags/training_pipeline_dag.py
[2026-04-27T12:57:20.577+0000] {processor.py:830} INFO - Processing file /opt/airflow/dags/training_pipeline_dag.py for tasks to queue
[2026-04-27T12:57:20.579+0000] {logging_mixin.py:188} INFO - [2026-04-27T12:57:20.578+0000] {dagbag.py:545} INFO - Filling up the DagBag from /opt/airflow/dags/training_pipeline_dag.py
[2026-04-27T12:57:20.586+0000] {processor.py:840} INFO - DAG(s) 'training_pipeline' retrieved from /opt/airflow/dags/training_pipeline_dag.py
[2026-04-27T12:57:20.607+0000] {logging_mixin.py:188} INFO - [2026-04-27T12:57:20.607+0000] {dag.py:3096} INFO - Sync 1 DAGs
[2026-04-27T12:57:20.621+0000] {logging_mixin.py:188} INFO - [2026-04-27T12:57:20.621+0000] {dag.py:3954} INFO - Setting next_dagrun for training_pipeline to 2026-04-27 00:00:00+00:00, run_after=2026-04-28 00:00:00+00:00
[2026-04-27T12:57:20.638+0000] {processor.py:183} INFO - Processing /opt/airflow/dags/training_pipeline_dag.py took 0.068 seconds
[2026-04-27T12:57:51.411+0000] {processor.py:161} INFO - Started process (PID=2327) to work on /opt/airflow/dags/training_pipeline_dag.py
[2026-04-27T12:57:51.411+0000] {processor.py:830} INFO - Processing file /opt/airflow/dags/training_pipeline_dag.py for tasks to queue
[2026-04-27T12:57:51.413+0000] {logging_mixin.py:188} INFO - [2026-04-27T12:57:51.413+0000] {dagbag.py:545} INFO - Filling up the DagBag from /opt/airflow/dags/training_pipeline_dag.py
[2026-04-27T12:57:51.421+0000] {processor.py:840} INFO - DAG(s) 'training_pipeline' retrieved from /opt/airflow/dags/training_pipeline_dag.py
[2026-04-27T12:57:51.443+0000] {logging_mixin.py:188} INFO - [2026-04-27T12:57:51.443+0000] {dag.py:3096} INFO - Sync 1 DAGs
[2026-04-27T12:57:51.458+0000] {logging_mixin.py:188} INFO - [2026-04-27T12:57:51.458+0000] {dag.py:3954} INFO - Setting next_dagrun for training_pipeline to 2026-04-27 00:00:00+00:00, run_after=2026-04-28 00:00:00+00:00
[2026-04-27T12:57:51.472+0000] {processor.py:183} INFO - Processing /opt/airflow/dags/training_pipeline_dag.py took 0.065 seconds
[2026-04-27T12:58:22.186+0000] {processor.py:161} INFO - Started process (PID=2342) to work on /opt/airflow/dags/training_pipeline_dag.py
[2026-04-27T12:58:22.188+0000] {processor.py:830} INFO - Processing file /opt/airflow/dags/training_pipeline_dag.py for tasks to queue
[2026-04-27T12:58:22.190+0000] {logging_mixin.py:188} INFO - [2026-04-27T12:58:22.190+0000] {dagbag.py:545} INFO - Filling up the DagBag from /opt/airflow/dags/training_pipeline_dag.py
[2026-04-27T12:58:22.198+0000] {processor.py:840} INFO - DAG(s) 'training_pipeline' retrieved from /opt/airflow/dags/training_pipeline_dag.py
[2026-04-27T12:58:22.217+0000] {logging_mixin.py:188} INFO - [2026-04-27T12:58:22.217+0000] {dag.py:3096} INFO - Sync 1 DAGs
[2026-04-27T12:58:22.232+0000] {logging_mixin.py:188} INFO - [2026-04-27T12:58:22.232+0000] {dag.py:3954} INFO - Setting next_dagrun for training_pipeline to 2026-04-27 00:00:00+00:00, run_after=2026-04-28 00:00:00+00:00
[2026-04-27T12:58:22.246+0000] {processor.py:183} INFO - Processing /opt/airflow/dags/training_pipeline_dag.py took 0.064 seconds
[2026-04-27T12:58:52.792+0000] {processor.py:161} INFO - Started process (PID=2357) to work on /opt/airflow/dags/training_pipeline_dag.py
[2026-04-27T12:58:52.792+0000] {processor.py:830} INFO - Processing file /opt/airflow/dags/training_pipeline_dag.py for tasks to queue
[2026-04-27T12:58:52.794+0000] {logging_mixin.py:188} INFO - [2026-04-27T12:58:52.793+0000] {dagbag.py:545} INFO - Filling up the DagBag from /opt/airflow/dags/training_pipeline_dag.py
[2026-04-27T12:58:52.802+0000] {processor.py:840} INFO - DAG(s) 'training_pipeline' retrieved from /opt/airflow/dags/training_pipeline_dag.py
[2026-04-27T12:58:52.823+0000] {logging_mixin.py:188} INFO - [2026-04-27T12:58:52.823+0000] {dag.py:3096} INFO - Sync 1 DAGs
[2026-04-27T12:58:52.839+0000] {logging_mixin.py:188} INFO - [2026-04-27T12:58:52.839+0000] {dag.py:3954} INFO - Setting next_dagrun for training_pipeline to 2026-04-27 00:00:00+00:00, run_after=2026-04-28 00:00:00+00:00
[2026-04-27T12:58:52.853+0000] {processor.py:183} INFO - Processing /opt/airflow/dags/training_pipeline_dag.py took 0.066 seconds
[2026-04-27T12:59:23.437+0000] {processor.py:161} INFO - Started process (PID=2372) to work on /opt/airflow/dags/training_pipeline_dag.py
[2026-04-27T12:59:23.439+0000] {processor.py:830} INFO - Processing file /opt/airflow/dags/training_pipeline_dag.py for tasks to queue
[2026-04-27T12:59:23.441+0000] {logging_mixin.py:188} INFO - [2026-04-27T12:59:23.440+0000] {dagbag.py:545} INFO - Filling up the DagBag from /opt/airflow/dags/training_pipeline_dag.py
[2026-04-27T12:59:23.450+0000] {processor.py:840} INFO - DAG(s) 'training_pipeline' retrieved from /opt/airflow/dags/training_pipeline_dag.py
[2026-04-27T12:59:23.472+0000] {logging_mixin.py:188} INFO - [2026-04-27T12:59:23.472+0000] {dag.py:3096} INFO - Sync 1 DAGs
[2026-04-27T12:59:23.487+0000] {logging_mixin.py:188} INFO - [2026-04-27T12:59:23.487+0000] {dag.py:3954} INFO - Setting next_dagrun for training_pipeline to 2026-04-27 00:00:00+00:00, run_after=2026-04-28 00:00:00+00:00
[2026-04-27T12:59:23.500+0000] {processor.py:183} INFO - Processing /opt/airflow/dags/training_pipeline_dag.py took 0.068 seconds
[2026-04-27T12:59:54.187+0000] {processor.py:161} INFO - Started process (PID=2397) to work on /opt/airflow/dags/training_pipeline_dag.py
[2026-04-27T12:59:54.188+0000] {processor.py:830} INFO - Processing file /opt/airflow/dags/training_pipeline_dag.py for tasks to queue
[2026-04-27T12:59:54.189+0000] {logging_mixin.py:188} INFO - [2026-04-27T12:59:54.189+0000] {dagbag.py:545} INFO - Filling up the DagBag from /opt/airflow/dags/training_pipeline_dag.py
[2026-04-27T12:59:54.197+0000] {processor.py:840} INFO - DAG(s) 'training_pipeline' retrieved from /opt/airflow/dags/training_pipeline_dag.py
[2026-04-27T12:59:54.220+0000] {logging_mixin.py:188} INFO - [2026-04-27T12:59:54.219+0000] {dag.py:3096} INFO - Sync 1 DAGs
[2026-04-27T12:59:54.236+0000] {logging_mixin.py:188} INFO - [2026-04-27T12:59:54.236+0000] {dag.py:3954} INFO - Setting next_dagrun for training_pipeline to 2026-04-27 00:00:00+00:00, run_after=2026-04-28 00:00:00+00:00
[2026-04-27T12:59:54.251+0000] {processor.py:183} INFO - Processing /opt/airflow/dags/training_pipeline_dag.py took 0.068 seconds
[2026-04-27T13:00:24.931+0000] {processor.py:161} INFO - Started process (PID=2412) to work on /opt/airflow/dags/training_pipeline_dag.py
[2026-04-27T13:00:24.932+0000] {processor.py:830} INFO - Processing file /opt/airflow/dags/training_pipeline_dag.py for tasks to queue
[2026-04-27T13:00:24.933+0000] {logging_mixin.py:188} INFO - [2026-04-27T13:00:24.933+0000] {dagbag.py:545} INFO - Filling up the DagBag from /opt/airflow/dags/training_pipeline_dag.py
[2026-04-27T13:00:24.941+0000] {processor.py:840} INFO - DAG(s) 'training_pipeline' retrieved from /opt/airflow/dags/training_pipeline_dag.py
[2026-04-27T13:00:24.963+0000] {logging_mixin.py:188} INFO - [2026-04-27T13:00:24.963+0000] {dag.py:3096} INFO - Sync 1 DAGs
[2026-04-27T13:00:24.979+0000] {logging_mixin.py:188} INFO - [2026-04-27T13:00:24.979+0000] {dag.py:3954} INFO - Setting next_dagrun for training_pipeline to 2026-04-27 00:00:00+00:00, run_after=2026-04-28 00:00:00+00:00
[2026-04-27T13:00:24.993+0000] {processor.py:183} INFO - Processing /opt/airflow/dags/training_pipeline_dag.py took 0.068 seconds
[2026-04-27T13:00:55.478+0000] {processor.py:161} INFO - Started process (PID=2427) to work on /opt/airflow/dags/training_pipeline_dag.py
[2026-04-27T13:00:55.479+0000] {processor.py:830} INFO - Processing file /opt/airflow/dags/training_pipeline_dag.py for tasks to queue
[2026-04-27T13:00:55.480+0000] {logging_mixin.py:188} INFO - [2026-04-27T13:00:55.480+0000] {dagbag.py:545} INFO - Filling up the DagBag from /opt/airflow/dags/training_pipeline_dag.py
[2026-04-27T13:00:55.488+0000] {processor.py:840} INFO - DAG(s) 'training_pipeline' retrieved from /opt/airflow/dags/training_pipeline_dag.py
[2026-04-27T13:00:55.509+0000] {logging_mixin.py:188} INFO - [2026-04-27T13:00:55.509+0000] {dag.py:3096} INFO - Sync 1 DAGs
[2026-04-27T13:00:55.524+0000] {logging_mixin.py:188} INFO - [2026-04-27T13:00:55.524+0000] {dag.py:3954} INFO - Setting next_dagrun for training_pipeline to 2026-04-27 00:00:00+00:00, run_after=2026-04-28 00:00:00+00:00
[2026-04-27T13:00:55.537+0000] {processor.py:183} INFO - Processing /opt/airflow/dags/training_pipeline_dag.py took 0.063 seconds
[2026-04-27T13:01:25.932+0000] {processor.py:161} INFO - Started process (PID=2442) to work on /opt/airflow/dags/training_pipeline_dag.py
[2026-04-27T13:01:25.933+0000] {processor.py:830} INFO - Processing file /opt/airflow/dags/training_pipeline_dag.py for tasks to queue
[2026-04-27T13:01:25.935+0000] {logging_mixin.py:188} INFO - [2026-04-27T13:01:25.934+0000] {dagbag.py:545} INFO - Filling up the DagBag from /opt/airflow/dags/training_pipeline_dag.py
[2026-04-27T13:01:25.944+0000] {processor.py:840} INFO - DAG(s) 'training_pipeline' retrieved from /opt/airflow/dags/training_pipeline_dag.py
[2026-04-27T13:01:25.964+0000] {logging_mixin.py:188} INFO - [2026-04-27T13:01:25.964+0000] {dag.py:3096} INFO - Sync 1 DAGs
[2026-04-27T13:01:25.980+0000] {logging_mixin.py:188} INFO - [2026-04-27T13:01:25.980+0000] {dag.py:3954} INFO - Setting next_dagrun for training_pipeline to 2026-04-27 00:00:00+00:00, run_after=2026-04-28 00:00:00+00:00
[2026-04-27T13:01:25.993+0000] {processor.py:183} INFO - Processing /opt/airflow/dags/training_pipeline_dag.py took 0.065 seconds
[2026-04-27T13:01:56.343+0000] {processor.py:161} INFO - Started process (PID=2457) to work on /opt/airflow/dags/training_pipeline_dag.py
[2026-04-27T13:01:56.343+0000] {processor.py:830} INFO - Processing file /opt/airflow/dags/training_pipeline_dag.py for tasks to queue
[2026-04-27T13:01:56.345+0000] {logging_mixin.py:188} INFO - [2026-04-27T13:01:56.345+0000] {dagbag.py:545} INFO - Filling up the DagBag from /opt/airflow/dags/training_pipeline_dag.py
[2026-04-27T13:01:56.352+0000] {processor.py:840} INFO - DAG(s) 'training_pipeline' retrieved from /opt/airflow/dags/training_pipeline_dag.py
[2026-04-27T13:01:56.372+0000] {logging_mixin.py:188} INFO - [2026-04-27T13:01:56.372+0000] {dag.py:3096} INFO - Sync 1 DAGs
[2026-04-27T13:01:56.386+0000] {logging_mixin.py:188} INFO - [2026-04-27T13:01:56.386+0000] {dag.py:3954} INFO - Setting next_dagrun for training_pipeline to 2026-04-27 00:00:00+00:00, run_after=2026-04-28 00:00:00+00:00
[2026-04-27T13:01:56.400+0000] {processor.py:183} INFO - Processing /opt/airflow/dags/training_pipeline_dag.py took 0.061 seconds
[2026-04-27T13:02:26.600+0000] {processor.py:161} INFO - Started process (PID=2472) to work on /opt/airflow/dags/training_pipeline_dag.py
[2026-04-27T13:02:26.602+0000] {processor.py:830} INFO - Processing file /opt/airflow/dags/training_pipeline_dag.py for tasks to queue
[2026-04-27T13:02:26.603+0000] {logging_mixin.py:188} INFO - [2026-04-27T13:02:26.603+0000] {dagbag.py:545} INFO - Filling up the DagBag from /opt/airflow/dags/training_pipeline_dag.py
[2026-04-27T13:02:26.611+0000] {processor.py:840} INFO - DAG(s) 'training_pipeline' retrieved from /opt/airflow/dags/training_pipeline_dag.py
[2026-04-27T13:02:26.631+0000] {logging_mixin.py:188} INFO - [2026-04-27T13:02:26.631+0000] {dag.py:3096} INFO - Sync 1 DAGs
[2026-04-27T13:02:26.646+0000] {logging_mixin.py:188} INFO - [2026-04-27T13:02:26.646+0000] {dag.py:3954} INFO - Setting next_dagrun for training_pipeline to 2026-04-27 00:00:00+00:00, run_after=2026-04-28 00:00:00+00:00
[2026-04-27T13:02:26.659+0000] {processor.py:183} INFO - Processing /opt/airflow/dags/training_pipeline_dag.py took 0.063 seconds
[2026-04-27T13:02:56.870+0000] {processor.py:161} INFO - Started process (PID=2487) to work on /opt/airflow/dags/training_pipeline_dag.py
[2026-04-27T13:02:56.871+0000] {processor.py:830} INFO - Processing file /opt/airflow/dags/training_pipeline_dag.py for tasks to queue
[2026-04-27T13:02:56.872+0000] {logging_mixin.py:188} INFO - [2026-04-27T13:02:56.872+0000] {dagbag.py:545} INFO - Filling up the DagBag from /opt/airflow/dags/training_pipeline_dag.py
[2026-04-27T13:02:56.881+0000] {processor.py:840} INFO - DAG(s) 'training_pipeline' retrieved from /opt/airflow/dags/training_pipeline_dag.py
[2026-04-27T13:02:56.902+0000] {logging_mixin.py:188} INFO - [2026-04-27T13:02:56.901+0000] {dag.py:3096} INFO - Sync 1 DAGs
[2026-04-27T13:02:56.917+0000] {logging_mixin.py:188} INFO - [2026-04-27T13:02:56.917+0000] {dag.py:3954} INFO - Setting next_dagrun for training_pipeline to 2026-04-27 00:00:00+00:00, run_after=2026-04-28 00:00:00+00:00
[2026-04-27T13:02:56.932+0000] {processor.py:183} INFO - Processing /opt/airflow/dags/training_pipeline_dag.py took 0.067 seconds
[2026-04-27T13:03:27.309+0000] {processor.py:161} INFO - Started process (PID=2502) to work on /opt/airflow/dags/training_pipeline_dag.py
[2026-04-27T13:03:27.310+0000] {processor.py:830} INFO - Processing file /opt/airflow/dags/training_pipeline_dag.py for tasks to queue
[2026-04-27T13:03:27.311+0000] {logging_mixin.py:188} INFO - [2026-04-27T13:03:27.311+0000] {dagbag.py:545} INFO - Filling up the DagBag from /opt/airflow/dags/training_pipeline_dag.py
[2026-04-27T13:03:27.320+0000] {processor.py:840} INFO - DAG(s) 'training_pipeline' retrieved from /opt/airflow/dags/training_pipeline_dag.py
[2026-04-27T13:03:27.341+0000] {logging_mixin.py:188} INFO - [2026-04-27T13:03:27.341+0000] {dag.py:3096} INFO - Sync 1 DAGs
[2026-04-27T13:03:27.356+0000] {logging_mixin.py:188} INFO - [2026-04-27T13:03:27.356+0000] {dag.py:3954} INFO - Setting next_dagrun for training_pipeline to 2026-04-27 00:00:00+00:00, run_after=2026-04-28 00:00:00+00:00
[2026-04-27T13:03:27.369+0000] {processor.py:183} INFO - Processing /opt/airflow/dags/training_pipeline_dag.py took 0.065 seconds
[2026-04-27T13:03:57.766+0000] {processor.py:161} INFO - Started process (PID=2517) to work on /opt/airflow/dags/training_pipeline_dag.py
[2026-04-27T13:03:57.767+0000] {processor.py:830} INFO - Processing file /opt/airflow/dags/training_pipeline_dag.py for tasks to queue
[2026-04-27T13:03:57.768+0000] {logging_mixin.py:188} INFO - [2026-04-27T13:03:57.768+0000] {dagbag.py:545} INFO - Filling up the DagBag from /opt/airflow/dags/training_pipeline_dag.py
[2026-04-27T13:03:57.777+0000] {processor.py:840} INFO - DAG(s) 'training_pipeline' retrieved from /opt/airflow/dags/training_pipeline_dag.py
[2026-04-27T13:03:57.798+0000] {logging_mixin.py:188} INFO - [2026-04-27T13:03:57.798+0000] {dag.py:3096} INFO - Sync 1 DAGs
[2026-04-27T13:03:57.816+0000] {logging_mixin.py:188} INFO - [2026-04-27T13:03:57.815+0000] {dag.py:3954} INFO - Setting next_dagrun for training_pipeline to 2026-04-27 00:00:00+00:00, run_after=2026-04-28 00:00:00+00:00
[2026-04-27T13:03:57.831+0000] {processor.py:183} INFO - Processing /opt/airflow/dags/training_pipeline_dag.py took 0.070 seconds
[2026-04-27T13:04:28.144+0000] {processor.py:161} INFO - Started process (PID=2532) to work on /opt/airflow/dags/training_pipeline_dag.py
[2026-04-27T13:04:28.145+0000] {processor.py:830} INFO - Processing file /opt/airflow/dags/training_pipeline_dag.py for tasks to queue
[2026-04-27T13:04:28.146+0000] {logging_mixin.py:188} INFO - [2026-04-27T13:04:28.146+0000] {dagbag.py:545} INFO - Filling up the DagBag from /opt/airflow/dags/training_pipeline_dag.py
[2026-04-27T13:04:28.154+0000] {processor.py:840} INFO - DAG(s) 'training_pipeline' retrieved from /opt/airflow/dags/training_pipeline_dag.py
[2026-04-27T13:04:28.173+0000] {logging_mixin.py:188} INFO - [2026-04-27T13:04:28.173+0000] {dag.py:3096} INFO - Sync 1 DAGs
[2026-04-27T13:04:28.188+0000] {logging_mixin.py:188} INFO - [2026-04-27T13:04:28.188+0000] {dag.py:3954} INFO - Setting next_dagrun for training_pipeline to 2026-04-27 00:00:00+00:00, run_after=2026-04-28 00:00:00+00:00
[2026-04-27T13:04:28.201+0000] {processor.py:183} INFO - Processing /opt/airflow/dags/training_pipeline_dag.py took 0.061 seconds
[2026-04-27T13:04:58.409+0000] {processor.py:161} INFO - Started process (PID=2547) to work on /opt/airflow/dags/training_pipeline_dag.py
[2026-04-27T13:04:58.409+0000] {processor.py:830} INFO - Processing file /opt/airflow/dags/training_pipeline_dag.py for tasks to queue
[2026-04-27T13:04:58.411+0000] {logging_mixin.py:188} INFO - [2026-04-27T13:04:58.410+0000] {dagbag.py:545} INFO - Filling up the DagBag from /opt/airflow/dags/training_pipeline_dag.py
[2026-04-27T13:04:58.418+0000] {processor.py:840} INFO - DAG(s) 'training_pipeline' retrieved from /opt/airflow/dags/training_pipeline_dag.py
[2026-04-27T13:04:58.439+0000] {logging_mixin.py:188} INFO - [2026-04-27T13:04:58.438+0000] {dag.py:3096} INFO - Sync 1 DAGs
[2026-04-27T13:04:58.454+0000] {logging_mixin.py:188} INFO - [2026-04-27T13:04:58.454+0000] {dag.py:3954} INFO - Setting next_dagrun for training_pipeline to 2026-04-27 00:00:00+00:00, run_after=2026-04-28 00:00:00+00:00
[2026-04-27T13:04:58.467+0000] {processor.py:183} INFO - Processing /opt/airflow/dags/training_pipeline_dag.py took 0.063 seconds
[2026-04-27T13:05:28.669+0000] {processor.py:161} INFO - Started process (PID=2562) to work on /opt/airflow/dags/training_pipeline_dag.py
[2026-04-27T13:05:28.670+0000] {processor.py:830} INFO - Processing file /opt/airflow/dags/training_pipeline_dag.py for tasks to queue
[2026-04-27T13:05:28.671+0000] {logging_mixin.py:188} INFO - [2026-04-27T13:05:28.671+0000] {dagbag.py:545} INFO - Filling up the DagBag from /opt/airflow/dags/training_pipeline_dag.py
[2026-04-27T13:05:28.679+0000] {processor.py:840} INFO - DAG(s) 'training_pipeline' retrieved from /opt/airflow/dags/training_pipeline_dag.py
[2026-04-27T13:05:28.700+0000] {logging_mixin.py:188} INFO - [2026-04-27T13:05:28.700+0000] {dag.py:3096} INFO - Sync 1 DAGs
[2026-04-27T13:05:28.717+0000] {logging_mixin.py:188} INFO - [2026-04-27T13:05:28.717+0000] {dag.py:3954} INFO - Setting next_dagrun for training_pipeline to 2026-04-27 00:00:00+00:00, run_after=2026-04-28 00:00:00+00:00
[2026-04-27T13:05:28.732+0000] {processor.py:183} INFO - Processing /opt/airflow/dags/training_pipeline_dag.py took 0.068 seconds
[2026-04-27T13:05:58.926+0000] {processor.py:161} INFO - Started process (PID=2577) to work on /opt/airflow/dags/training_pipeline_dag.py
[2026-04-27T13:05:58.926+0000] {processor.py:830} INFO - Processing file /opt/airflow/dags/training_pipeline_dag.py for tasks to queue
[2026-04-27T13:05:58.929+0000] {logging_mixin.py:188} INFO - [2026-04-27T13:05:58.928+0000] {dagbag.py:545} INFO - Filling up the DagBag from /opt/airflow/dags/training_pipeline_dag.py
[2026-04-27T13:05:58.937+0000] {processor.py:840} INFO - DAG(s) 'training_pipeline' retrieved from /opt/airflow/dags/training_pipeline_dag.py
[2026-04-27T13:05:58.957+0000] {logging_mixin.py:188} INFO - [2026-04-27T13:05:58.957+0000] {dag.py:3096} INFO - Sync 1 DAGs
[2026-04-27T13:05:58.972+0000] {logging_mixin.py:188} INFO - [2026-04-27T13:05:58.971+0000] {dag.py:3954} INFO - Setting next_dagrun for training_pipeline to 2026-04-27 00:00:00+00:00, run_after=2026-04-28 00:00:00+00:00
[2026-04-27T13:05:58.984+0000] {processor.py:183} INFO - Processing /opt/airflow/dags/training_pipeline_dag.py took 0.062 seconds
[2026-04-27T13:06:29.191+0000] {processor.py:161} INFO - Started process (PID=2592) to work on /opt/airflow/dags/training_pipeline_dag.py
[2026-04-27T13:06:29.192+0000] {processor.py:830} INFO - Processing file /opt/airflow/dags/training_pipeline_dag.py for tasks to queue
[2026-04-27T13:06:29.194+0000] {logging_mixin.py:188} INFO - [2026-04-27T13:06:29.193+0000] {dagbag.py:545} INFO - Filling up the DagBag from /opt/airflow/dags/training_pipeline_dag.py
[2026-04-27T13:06:29.202+0000] {processor.py:840} INFO - DAG(s) 'training_pipeline' retrieved from /opt/airflow/dags/training_pipeline_dag.py
[2026-04-27T13:06:29.224+0000] {logging_mixin.py:188} INFO - [2026-04-27T13:06:29.224+0000] {dag.py:3096} INFO - Sync 1 DAGs
[2026-04-27T13:06:29.239+0000] {logging_mixin.py:188} INFO - [2026-04-27T13:06:29.238+0000] {dag.py:3954} INFO - Setting next_dagrun for training_pipeline to 2026-04-27 00:00:00+00:00, run_after=2026-04-28 00:00:00+00:00
[2026-04-27T13:06:29.253+0000] {processor.py:183} INFO - Processing /opt/airflow/dags/training_pipeline_dag.py took 0.066 seconds
[2026-04-27T13:06:59.441+0000] {processor.py:161} INFO - Started process (PID=2607) to work on /opt/airflow/dags/training_pipeline_dag.py
[2026-04-27T13:06:59.442+0000] {processor.py:830} INFO - Processing file /opt/airflow/dags/training_pipeline_dag.py for tasks to queue
[2026-04-27T13:06:59.444+0000] {logging_mixin.py:188} INFO - [2026-04-27T13:06:59.443+0000] {dagbag.py:545} INFO - Filling up the DagBag from /opt/airflow/dags/training_pipeline_dag.py
[2026-04-27T13:06:59.452+0000] {processor.py:840} INFO - DAG(s) 'training_pipeline' retrieved from /opt/airflow/dags/training_pipeline_dag.py
[2026-04-27T13:06:59.471+0000] {logging_mixin.py:188} INFO - [2026-04-27T13:06:59.471+0000] {dag.py:3096} INFO - Sync 1 DAGs
[2026-04-27T13:06:59.486+0000] {logging_mixin.py:188} INFO - [2026-04-27T13:06:59.485+0000] {dag.py:3954} INFO - Setting next_dagrun for training_pipeline to 2026-04-27 00:00:00+00:00, run_after=2026-04-28 00:00:00+00:00
[2026-04-27T13:06:59.498+0000] {processor.py:183} INFO - Processing /opt/airflow/dags/training_pipeline_dag.py took 0.061 seconds
[2026-04-27T13:07:29.717+0000] {processor.py:161} INFO - Started process (PID=2622) to work on /opt/airflow/dags/training_pipeline_dag.py
[2026-04-27T13:07:29.718+0000] {processor.py:830} INFO - Processing file /opt/airflow/dags/training_pipeline_dag.py for tasks to queue
[2026-04-27T13:07:29.719+0000] {logging_mixin.py:188} INFO - [2026-04-27T13:07:29.719+0000] {dagbag.py:545} INFO - Filling up the DagBag from /opt/airflow/dags/training_pipeline_dag.py
[2026-04-27T13:07:29.727+0000] {processor.py:840} INFO - DAG(s) 'training_pipeline' retrieved from /opt/airflow/dags/training_pipeline_dag.py
[2026-04-27T13:07:29.748+0000] {logging_mixin.py:188} INFO - [2026-04-27T13:07:29.748+0000] {dag.py:3096} INFO - Sync 1 DAGs
[2026-04-27T13:07:29.764+0000] {logging_mixin.py:188} INFO - [2026-04-27T13:07:29.763+0000] {dag.py:3954} INFO - Setting next_dagrun for training_pipeline to 2026-04-27 00:00:00+00:00, run_after=2026-04-28 00:00:00+00:00
[2026-04-27T13:07:29.776+0000] {processor.py:183} INFO - Processing /opt/airflow/dags/training_pipeline_dag.py took 0.064 seconds
[2026-04-27T13:07:59.986+0000] {processor.py:161} INFO - Started process (PID=2637) to work on /opt/airflow/dags/training_pipeline_dag.py
[2026-04-27T13:07:59.987+0000] {processor.py:830} INFO - Processing file /opt/airflow/dags/training_pipeline_dag.py for tasks to queue
[2026-04-27T13:07:59.988+0000] {logging_mixin.py:188} INFO - [2026-04-27T13:07:59.988+0000] {dagbag.py:545} INFO - Filling up the DagBag from /opt/airflow/dags/training_pipeline_dag.py
[2026-04-27T13:07:59.997+0000] {processor.py:840} INFO - DAG(s) 'training_pipeline' retrieved from /opt/airflow/dags/training_pipeline_dag.py
[2026-04-27T13:08:00.019+0000] {logging_mixin.py:188} INFO - [2026-04-27T13:08:00.019+0000] {dag.py:3096} INFO - Sync 1 DAGs
[2026-04-27T13:08:00.034+0000] {logging_mixin.py:188} INFO - [2026-04-27T13:08:00.034+0000] {dag.py:3954} INFO - Setting next_dagrun for training_pipeline to 2026-04-27 00:00:00+00:00, run_after=2026-04-28 00:00:00+00:00
[2026-04-27T13:08:00.046+0000] {processor.py:183} INFO - Processing /opt/airflow/dags/training_pipeline_dag.py took 0.065 seconds
[2026-04-27T13:08:30.289+0000] {processor.py:161} INFO - Started process (PID=2652) to work on /opt/airflow/dags/training_pipeline_dag.py
[2026-04-27T13:08:30.290+0000] {processor.py:830} INFO - Processing file /opt/airflow/dags/training_pipeline_dag.py for tasks to queue
[2026-04-27T13:08:30.291+0000] {logging_mixin.py:188} INFO - [2026-04-27T13:08:30.291+0000] {dagbag.py:545} INFO - Filling up the DagBag from /opt/airflow/dags/training_pipeline_dag.py
[2026-04-27T13:08:30.299+0000] {processor.py:840} INFO - DAG(s) 'training_pipeline' retrieved from /opt/airflow/dags/training_pipeline_dag.py
[2026-04-27T13:08:30.319+0000] {logging_mixin.py:188} INFO - [2026-04-27T13:08:30.319+0000] {dag.py:3096} INFO - Sync 1 DAGs
[2026-04-27T13:08:30.334+0000] {logging_mixin.py:188} INFO - [2026-04-27T13:08:30.334+0000] {dag.py:3954} INFO - Setting next_dagrun for training_pipeline to 2026-04-27 00:00:00+00:00, run_after=2026-04-28 00:00:00+00:00
[2026-04-27T13:08:30.346+0000] {processor.py:183} INFO - Processing /opt/airflow/dags/training_pipeline_dag.py took 0.062 seconds
[2026-04-27T13:09:00.555+0000] {processor.py:161} INFO - Started process (PID=2667) to work on /opt/airflow/dags/training_pipeline_dag.py
[2026-04-27T13:09:00.556+0000] {processor.py:830} INFO - Processing file /opt/airflow/dags/training_pipeline_dag.py for tasks to queue
[2026-04-27T13:09:00.557+0000] {logging_mixin.py:188} INFO - [2026-04-27T13:09:00.557+0000] {dagbag.py:545} INFO - Filling up the DagBag from /opt/airflow/dags/training_pipeline_dag.py
[2026-04-27T13:09:00.567+0000] {processor.py:840} INFO - DAG(s) 'training_pipeline' retrieved from /opt/airflow/dags/training_pipeline_dag.py
[2026-04-27T13:09:00.587+0000] {logging_mixin.py:188} INFO - [2026-04-27T13:09:00.587+0000] {dag.py:3096} INFO - Sync 1 DAGs
[2026-04-27T13:09:00.603+0000] {logging_mixin.py:188} INFO - [2026-04-27T13:09:00.602+0000] {dag.py:3954} INFO - Setting next_dagrun for training_pipeline to 2026-04-27 00:00:00+00:00, run_after=2026-04-28 00:00:00+00:00
[2026-04-27T13:09:00.616+0000] {processor.py:183} INFO - Processing /opt/airflow/dags/training_pipeline_dag.py took 0.065 seconds
[2026-04-27T13:09:30.824+0000] {processor.py:161} INFO - Started process (PID=2682) to work on /opt/airflow/dags/training_pipeline_dag.py
[2026-04-27T13:09:30.826+0000] {processor.py:830} INFO - Processing file /opt/airflow/dags/training_pipeline_dag.py for tasks to queue
[2026-04-27T13:09:30.827+0000] {logging_mixin.py:188} INFO - [2026-04-27T13:09:30.827+0000] {dagbag.py:545} INFO - Filling up the DagBag from /opt/airflow/dags/training_pipeline_dag.py
[2026-04-27T13:09:30.836+0000] {processor.py:840} INFO - DAG(s) 'training_pipeline' retrieved from /opt/airflow/dags/training_pipeline_dag.py
[2026-04-27T13:09:30.859+0000] {logging_mixin.py:188} INFO - [2026-04-27T13:09:30.859+0000] {dag.py:3096} INFO - Sync 1 DAGs
[2026-04-27T13:09:30.874+0000] {logging_mixin.py:188} INFO - [2026-04-27T13:09:30.874+0000] {dag.py:3954} INFO - Setting next_dagrun for training_pipeline to 2026-04-27 00:00:00+00:00, run_after=2026-04-28 00:00:00+00:00
[2026-04-27T13:09:30.886+0000] {processor.py:183} INFO - Processing /opt/airflow/dags/training_pipeline_dag.py took 0.067 seconds
[2026-04-27T13:10:01.106+0000] {processor.py:161} INFO - Started process (PID=2697) to work on /opt/airflow/dags/training_pipeline_dag.py
[2026-04-27T13:10:01.106+0000] {processor.py:830} INFO - Processing file /opt/airflow/dags/training_pipeline_dag.py for tasks to queue
[2026-04-27T13:10:01.108+0000] {logging_mixin.py:188} INFO - [2026-04-27T13:10:01.107+0000] {dagbag.py:545} INFO - Filling up the DagBag from /opt/airflow/dags/training_pipeline_dag.py
[2026-04-27T13:10:01.117+0000] {processor.py:840} INFO - DAG(s) 'training_pipeline' retrieved from /opt/airflow/dags/training_pipeline_dag.py
[2026-04-27T13:10:01.137+0000] {logging_mixin.py:188} INFO - [2026-04-27T13:10:01.136+0000] {dag.py:3096} INFO - Sync 1 DAGs
[2026-04-27T13:10:01.152+0000] {logging_mixin.py:188} INFO - [2026-04-27T13:10:01.151+0000] {dag.py:3954} INFO - Setting next_dagrun for training_pipeline to 2026-04-27 00:00:00+00:00, run_after=2026-04-28 00:00:00+00:00
[2026-04-27T13:10:01.163+0000] {processor.py:183} INFO - Processing /opt/airflow/dags/training_pipeline_dag.py took 0.062 seconds
[2026-04-27T13:10:31.400+0000] {processor.py:161} INFO - Started process (PID=2712) to work on /opt/airflow/dags/training_pipeline_dag.py
[2026-04-27T13:10:31.401+0000] {processor.py:830} INFO - Processing file /opt/airflow/dags/training_pipeline_dag.py for tasks to queue
[2026-04-27T13:10:31.403+0000] {logging_mixin.py:188} INFO - [2026-04-27T13:10:31.402+0000] {dagbag.py:545} INFO - Filling up the DagBag from /opt/airflow/dags/training_pipeline_dag.py
[2026-04-27T13:10:31.412+0000] {processor.py:840} INFO - DAG(s) 'training_pipeline' retrieved from /opt/airflow/dags/training_pipeline_dag.py
[2026-04-27T13:10:31.432+0000] {logging_mixin.py:188} INFO - [2026-04-27T13:10:31.432+0000] {dag.py:3096} INFO - Sync 1 DAGs
[2026-04-27T13:10:31.448+0000] {logging_mixin.py:188} INFO - [2026-04-27T13:10:31.448+0000] {dag.py:3954} INFO - Setting next_dagrun for training_pipeline to 2026-04-27 00:00:00+00:00, run_after=2026-04-28 00:00:00+00:00
[2026-04-27T13:10:31.460+0000] {processor.py:183} INFO - Processing /opt/airflow/dags/training_pipeline_dag.py took 0.065 seconds
[2026-04-27T13:11:01.706+0000] {processor.py:161} INFO - Started process (PID=2727) to work on /opt/airflow/dags/training_pipeline_dag.py
[2026-04-27T13:11:01.707+0000] {processor.py:830} INFO - Processing file /opt/airflow/dags/training_pipeline_dag.py for tasks to queue
[2026-04-27T13:11:01.708+0000] {logging_mixin.py:188} INFO - [2026-04-27T13:11:01.708+0000] {dagbag.py:545} INFO - Filling up the DagBag from /opt/airflow/dags/training_pipeline_dag.py
[2026-04-27T13:11:01.717+0000] {processor.py:840} INFO - DAG(s) 'training_pipeline' retrieved from /opt/airflow/dags/training_pipeline_dag.py
[2026-04-27T13:11:01.737+0000] {logging_mixin.py:188} INFO - [2026-04-27T13:11:01.737+0000] {dag.py:3096} INFO - Sync 1 DAGs
[2026-04-27T13:11:01.752+0000] {logging_mixin.py:188} INFO - [2026-04-27T13:11:01.752+0000] {dag.py:3954} INFO - Setting next_dagrun for training_pipeline to 2026-04-27 00:00:00+00:00, run_after=2026-04-28 00:00:00+00:00
[2026-04-27T13:11:01.765+0000] {processor.py:183} INFO - Processing /opt/airflow/dags/training_pipeline_dag.py took 0.062 seconds
[2026-04-27T13:11:31.969+0000] {processor.py:161} INFO - Started process (PID=2742) to work on /opt/airflow/dags/training_pipeline_dag.py
[2026-04-27T13:11:31.971+0000] {processor.py:830} INFO - Processing file /opt/airflow/dags/training_pipeline_dag.py for tasks to queue
[2026-04-27T13:11:31.972+0000] {logging_mixin.py:188} INFO - [2026-04-27T13:11:31.972+0000] {dagbag.py:545} INFO - Filling up the DagBag from /opt/airflow/dags/training_pipeline_dag.py
[2026-04-27T13:11:31.980+0000] {processor.py:840} INFO - DAG(s) 'training_pipeline' retrieved from /opt/airflow/dags/training_pipeline_dag.py
[2026-04-27T13:11:32.001+0000] {logging_mixin.py:188} INFO - [2026-04-27T13:11:32.001+0000] {dag.py:3096} INFO - Sync 1 DAGs
[2026-04-27T13:11:32.016+0000] {logging_mixin.py:188} INFO - [2026-04-27T13:11:32.016+0000] {dag.py:3954} INFO - Setting next_dagrun for training_pipeline to 2026-04-27 00:00:00+00:00, run_after=2026-04-28 00:00:00+00:00
[2026-04-27T13:11:32.028+0000] {processor.py:183} INFO - Processing /opt/airflow/dags/training_pipeline_dag.py took 0.064 seconds
[2026-04-27T13:12:02.290+0000] {processor.py:161} INFO - Started process (PID=2757) to work on /opt/airflow/dags/training_pipeline_dag.py
[2026-04-27T13:12:02.291+0000] {processor.py:830} INFO - Processing file /opt/airflow/dags/training_pipeline_dag.py for tasks to queue
[2026-04-27T13:12:02.293+0000] {logging_mixin.py:188} INFO - [2026-04-27T13:12:02.292+0000] {dagbag.py:545} INFO - Filling up the DagBag from /opt/airflow/dags/training_pipeline_dag.py
[2026-04-27T13:12:02.301+0000] {processor.py:840} INFO - DAG(s) 'training_pipeline' retrieved from /opt/airflow/dags/training_pipeline_dag.py
[2026-04-27T13:12:02.321+0000] {logging_mixin.py:188} INFO - [2026-04-27T13:12:02.320+0000] {dag.py:3096} INFO - Sync 1 DAGs
[2026-04-27T13:12:02.335+0000] {logging_mixin.py:188} INFO - [2026-04-27T13:12:02.335+0000] {dag.py:3954} INFO - Setting next_dagrun for training_pipeline to 2026-04-27 00:00:00+00:00, run_after=2026-04-28 00:00:00+00:00
[2026-04-27T13:12:02.347+0000] {processor.py:183} INFO - Processing /opt/airflow/dags/training_pipeline_dag.py took 0.061 seconds
[2026-04-27T13:12:32.575+0000] {processor.py:161} INFO - Started process (PID=2772) to work on /opt/airflow/dags/training_pipeline_dag.py
[2026-04-27T13:12:32.576+0000] {processor.py:830} INFO - Processing file /opt/airflow/dags/training_pipeline_dag.py for tasks to queue
[2026-04-27T13:12:32.577+0000] {logging_mixin.py:188} INFO - [2026-04-27T13:12:32.577+0000] {dagbag.py:545} INFO - Filling up the DagBag from /opt/airflow/dags/training_pipeline_dag.py
[2026-04-27T13:12:32.585+0000] {processor.py:840} INFO - DAG(s) 'training_pipeline' retrieved from /opt/airflow/dags/training_pipeline_dag.py
[2026-04-27T13:12:32.604+0000] {logging_mixin.py:188} INFO - [2026-04-27T13:12:32.604+0000] {dag.py:3096} INFO - Sync 1 DAGs
[2026-04-27T13:12:32.618+0000] {logging_mixin.py:188} INFO - [2026-04-27T13:12:32.618+0000] {dag.py:3954} INFO - Setting next_dagrun for training_pipeline to 2026-04-27 00:00:00+00:00, run_after=2026-04-28 00:00:00+00:00
[2026-04-27T13:12:32.631+0000] {processor.py:183} INFO - Processing /opt/airflow/dags/training_pipeline_dag.py took 0.060 seconds
[2026-04-27T13:13:02.874+0000] {processor.py:161} INFO - Started process (PID=2787) to work on /opt/airflow/dags/training_pipeline_dag.py
[2026-04-27T13:13:02.875+0000] {processor.py:830} INFO - Processing file /opt/airflow/dags/training_pipeline_dag.py for tasks to queue
[2026-04-27T13:13:02.876+0000] {logging_mixin.py:188} INFO - [2026-04-27T13:13:02.876+0000] {dagbag.py:545} INFO - Filling up the DagBag from /opt/airflow/dags/training_pipeline_dag.py
[2026-04-27T13:13:02.885+0000] {processor.py:840} INFO - DAG(s) 'training_pipeline' retrieved from /opt/airflow/dags/training_pipeline_dag.py
[2026-04-27T13:13:02.905+0000] {logging_mixin.py:188} INFO - [2026-04-27T13:13:02.905+0000] {dag.py:3096} INFO - Sync 1 DAGs
[2026-04-27T13:13:02.920+0000] {logging_mixin.py:188} INFO - [2026-04-27T13:13:02.920+0000] {dag.py:3954} INFO - Setting next_dagrun for training_pipeline to 2026-04-27 00:00:00+00:00, run_after=2026-04-28 00:00:00+00:00
[2026-04-27T13:13:02.933+0000] {processor.py:183} INFO - Processing /opt/airflow/dags/training_pipeline_dag.py took 0.063 seconds
[2026-04-27T13:13:33.140+0000] {processor.py:161} INFO - Started process (PID=2802) to work on /opt/airflow/dags/training_pipeline_dag.py
[2026-04-27T13:13:33.141+0000] {processor.py:830} INFO - Processing file /opt/airflow/dags/training_pipeline_dag.py for tasks to queue
[2026-04-27T13:13:33.142+0000] {logging_mixin.py:188} INFO - [2026-04-27T13:13:33.142+0000] {dagbag.py:545} INFO - Filling up the DagBag from /opt/airflow/dags/training_pipeline_dag.py
[2026-04-27T13:13:33.151+0000] {processor.py:840} INFO - DAG(s) 'training_pipeline' retrieved from /opt/airflow/dags/training_pipeline_dag.py
[2026-04-27T13:13:33.171+0000] {logging_mixin.py:188} INFO - [2026-04-27T13:13:33.171+0000] {dag.py:3096} INFO - Sync 1 DAGs
[2026-04-27T13:13:33.186+0000] {logging_mixin.py:188} INFO - [2026-04-27T13:13:33.186+0000] {dag.py:3954} INFO - Setting next_dagrun for training_pipeline to 2026-04-27 00:00:00+00:00, run_after=2026-04-28 00:00:00+00:00
[2026-04-27T13:13:33.197+0000] {processor.py:183} INFO - Processing /opt/airflow/dags/training_pipeline_dag.py took 0.061 seconds
[2026-04-27T13:14:03.480+0000] {processor.py:161} INFO - Started process (PID=2817) to work on /opt/airflow/dags/training_pipeline_dag.py
[2026-04-27T13:14:03.481+0000] {processor.py:830} INFO - Processing file /opt/airflow/dags/training_pipeline_dag.py for tasks to queue
[2026-04-27T13:14:03.482+0000] {logging_mixin.py:188} INFO - [2026-04-27T13:14:03.482+0000] {dagbag.py:545} INFO - Filling up the DagBag from /opt/airflow/dags/training_pipeline_dag.py
[2026-04-27T13:14:03.491+0000] {processor.py:840} INFO - DAG(s) 'training_pipeline' retrieved from /opt/airflow/dags/training_pipeline_dag.py
[2026-04-27T13:14:03.514+0000] {logging_mixin.py:188} INFO - [2026-04-27T13:14:03.514+0000] {dag.py:3096} INFO - Sync 1 DAGs
[2026-04-27T13:14:03.533+0000] {logging_mixin.py:188} INFO - [2026-04-27T13:14:03.533+0000] {dag.py:3954} INFO - Setting next_dagrun for training_pipeline to 2026-04-27 00:00:00+00:00, run_after=2026-04-28 00:00:00+00:00
[2026-04-27T13:14:03.547+0000] {processor.py:183} INFO - Processing /opt/airflow/dags/training_pipeline_dag.py took 0.073 seconds
